Project,Study Area,Transect Name,Point Name,Protocol,Date,Start Time,End Time,Sample Number,Sample Distance,Sample Bearing,Ring Infiltrometer Diameter,Water Volume,Bulk Density Diameter,Bulk Density Height,Carbon 0-10 cm,Clay 0-10 cm,Sand 0-10 cm,Silt 0-10 cm,Carbon 10-40 cm,Clay 10-40 cm,Sand 10-40 cm,Silt 10-40 cm,Grazed This Year,Bare Ground,Litter Depth,Catenal Position,Water Infiltration Time 1,Water Infiltration Time 2,Water Infiltration Time 3,Water Infiltration Time 4,Extrapolated,Bulk Density Wet Wt,Bulk Density Dry Wt,Bulk Density Rock Wt,Bulk Density Rock Vol,Max Depth,Researcher,Other Observers Count,Other Observers Names,Event Remarks,Observation Remarks,Status
TOMKAT,SMA-11-01,TOKA,TOKA-001,RMN_SOIL_SAMPLE_V1,2/25/2015,NA,NA,1,554606,4124485,15.2,450,5.1,7.5,2.6,0,0,0,1.6,21.5,55,23.8,1,3,2.5,,0:02:56,0:10:23,0:00:00,NA,0,0,0,0,0,37,"Preston, Mel",0,NA,SCRUB; Bulk densities not processed b/c PO oil; distance from pt is in GPS coords as impossible to pace or take a bearing in scrub.,,RAW
TOMKAT,SMA-11-01,TOKA,TOKA-001,RMN_SOIL_SAMPLE_V1,2/25/2015,NA,NA,2,554586,4124501,15.2,450,5.1,7.5,2.6,0,0,0,1.6,21.5,55,23.8,1,0,3.5,,0:01:44,0:05:02,0:00:00,NA,0,0,0,0,0,37,"Preston, Mel",0,NA,SCRUB; Bulk densities not processed b/c PO oil; distance from pt is in GPS coords as impossible to pace or take a bearing in scrub.,,RAW
TOMKAT,SMA-11-01,TOKA,TOKA-001,RMN_SOIL_SAMPLE_V1,2/25/2015,NA,NA,3,554604,4124465,15.2,450,5.1,7.5,2.6,0,0,0,1.6,21.5,55,23.8,1,8,2,,0:00:39,0:01:46,0:00:00,NA,0,0,0,0,0,38,"Preston, Mel",0,NA,SCRUB; Bulk densities not processed b/c PO oil; distance from pt is in GPS coords as impossible to pace or take a bearing in scrub.,,RAW
TOMKAT,SMA-11-01,TOKA,TOKA-001,RMN_SOIL_SAMPLE_V1,2/25/2015,NA,NA,4,554579,4124470,15.2,450,5.1,7.5,2.6,0,0,0,1.6,21.5,55,23.8,1,0,7,,0:00:05,0:00:10,0:00:00,NA,0,0,0,0,0,36,"Preston, Mel",0,NA,SCRUB; Bulk densities not processed b/c PO oil; distance from pt is in GPS coords as impossible to pace or take a bearing in scrub.,,RAW
TOMKAT,SMA-11-01,TOKA,TOKA-001,RMN_SOIL_SAMPLE_V1,2/25/2015,NA,NA,5,554556,4124487,15.2,450,5.1,7.5,2.6,0,0,0,1.6,21.5,55,23.8,1,0,3,,0:00:40,0:02:04,0:00:00,NA,0,0,0,0,0,37,"Preston, Mel",0,NA,SCRUB; Bulk densities not processed b/c PO oil; distance from pt is in GPS coords as impossible to pace or take a bearing in scrub.,,RAW
TOMKAT,SMA-11-01,TOKA,TOKA-001,RMN_SOIL_SAMPLE_V1,1/18/2018,NA,NA,1,554606,4124485,15.2,450,5.1,7.5,2.2,0,0,0,1.5,20,60,20,0,6,0.3,SH,0:00:52,,,NA,0,207,167.7,0,0,40,"Rubenthaler, Rya",0,NA,"At property boundary on west side, fenced out--ungrazed. Thick blackberry at bottom of hill, opens into grass and coyote brush at top.",,RAW
TOMKAT,SMA-11-01,TOKA,TOKA-001,RMN_SOIL_SAMPLE_V1,1/18/2018,NA,NA,2,554586,4124501,15.2,450,5.1,7.5,2.2,0,0,0,1.5,20,60,20,0,10,0.3,MS,0:03:11,,,NA,0,232.5,194.4,0,0,40,"Rubenthaler, Rya",0,NA,"At property boundary on west side, fenced out--ungrazed. Thick blackberry at bottom of hill, opens into grass and coyote brush at top.",,RAW
TOMKAT,SMA-11-01,TOKA,TOKA-001,RMN_SOIL_SAMPLE_V1,1/18/2018,NA,NA,3,554604,4124465,15.2,450,5.1,7.5,2.2,0,0,0,1.5,20,60,20,0,0,5,MS,0:01:35,,,NA,0,241.5,192.5,0,0,40,"Rubenthaler, Rya",0,NA,"At property boundary on west side, fenced out--ungrazed. Thick blackberry at bottom of hill, opens into grass and coyote brush at top.",,RAW
TOMKAT,SMA-11-01,TOKA,TOKA-001,RMN_SOIL_SAMPLE_V1,1/18/2018,NA,NA,4,554579,4124470,15.2,450,5.1,7.5,2.2,0,0,0,1.5,20,60,20,0,1,0.5,SH,0:00:31,,,NA,0,256,211.6,0,0,40,"Rubenthaler, Rya",0,NA,"At property boundary on west side, fenced out--ungrazed. Thick blackberry at bottom of hill, opens into grass and coyote brush at top.",,RAW
TOMKAT,SMA-11-01,TOKA,TOKA-001,RMN_SOIL_SAMPLE_V1,1/18/2018,NA,NA,5,554556,4124487,15.2,450,5.1,7.5,2.2,0,0,0,1.5,20,60,20,0,1,2,MS,0:00:09,,,NA,0,233.4,189.1,0,0,40,"Rubenthaler, Rya",0,NA,"At property boundary on west side, fenced out--ungrazed. Thick blackberry at bottom of hill, opens into grass and coyote brush at top.",,RAW
TOMKAT,SMA-11-01,TOKA,TOKA-006,RMN_SOIL_SAMPLE_V1,1/7/2015,NA,NA,1,9,98,15.2,450,5.1,7.5,2.9,17.5,36.2,46.2,2,22.5,33.8,43.8,1,0,1.2,,0:00:49,0:02:43,0:00:00,NA,0,248.2,193.4,0.7,3,35,"Preston, Mel",0,NA,,,RAW
TOMKAT,SMA-11-01,TOKA,TOKA-006,RMN_SOIL_SAMPLE_V1,1/7/2015,NA,NA,2,3,274,15.2,450,5.1,7.5,2.9,17.5,36.2,46.2,2,22.5,33.8,43.8,1,0,0.5,,0:00:29,0:02:34,0:00:00,NA,0,249.5,203.2,0.8,2,38,"Preston, Mel",0,NA,,,RAW
TOMKAT,SMA-11-01,TOKA,TOKA-006,RMN_SOIL_SAMPLE_V1,1/7/2015,NA,NA,3,37,337,15.2,450,5.1,7.5,2.9,17.5,36.2,46.2,2,22.5,33.8,43.8,1,2,1.5,,0:06:42,0:16:56,0:00:00,NA,0,245.8,186.3,1.1,3,37,"Preston, Mel",0,NA,,,RAW
TOMKAT,SMA-11-01,TOKA,TOKA-006,RMN_SOIL_SAMPLE_V1,1/7/2015,NA,NA,4,15,4,15.2,450,5.1,7.5,2.9,17.5,36.2,46.2,2,22.5,33.8,43.8,1,10,0.8,,0:01:44,0:07:53,0:00:00,NA,0,241.2,186.5,4.3,6,37,"Preston, Mel",0,NA,,,RAW
TOMKAT,SMA-11-01,TOKA,TOKA-006,RMN_SOIL_SAMPLE_V1,1/7/2015,NA,NA,5,42,218,15.2,450,5.1,7.5,2.9,17.5,36.2,46.2,2,22.5,33.8,43.8,1,0,7.5,,0:02:51,0:08:54,0:00:00,NA,0,253.6,195.4,2.1,5,36,"Preston, Mel",0,NA,,,RAW
TOMKAT,SMA-11-01,TOKA,TOKA-006,RMN_SOIL_SAMPLE_V1,1/18/2018,NA,NA,1,9,98,15.2,450,5.1,7.5,3.1,0,0,0,2.2,22.5,33.8,43.8,1,0,3,SH,0:01:31,,,NA,0,195.3,130.9,0,0,40,"Weverka, Jacob",0,NA,"Southwest facing, mild slope. Grassland w/ scattered coyote brush. Evidence of recent grazing by cattle",,RAW
TOMKAT,SMA-11-01,TOKA,TOKA-006,RMN_SOIL_SAMPLE_V1,1/18/2018,NA,NA,2,3,274,15.2,450,5.1,7.5,3.1,0,0,0,2.2,22.5,33.8,43.8,1,0,4,SH,0:05:32,,,NA,0,258,198.6,0,0,40,"Weverka, Jacob",0,NA,"Southwest facing, mild slope. Grassland w/ scattered coyote brush. Evidence of recent grazing by cattle",,RAW
TOMKAT,SMA-11-01,TOKA,TOKA-006,RMN_SOIL_SAMPLE_V1,1/18/2018,NA,NA,3,37,337,15.2,450,5.1,7.5,3.1,0,0,0,2.2,22.5,33.8,43.8,1,1,4,SH,1:14:24,,,NA,1,294.4,232.5,0,0,40,"Weverka, Jacob",0,NA,"Southwest facing, mild slope. Grassland w/ scattered coyote brush. Evidence of recent grazing by cattle",,RAW
TOMKAT,SMA-11-01,TOKA,TOKA-006,RMN_SOIL_SAMPLE_V1,1/18/2018,NA,NA,4,15,4,15.2,450,5.1,7.5,3.1,0,0,0,2.2,22.5,33.8,43.8,1,0,5,SH,0:02:34,,,NA,0,247.3,187.5,0,0,40,"Weverka, Jacob",0,NA,"Southwest facing, mild slope. Grassland w/ scattered coyote brush. Evidence of recent grazing by cattle",,RAW
TOMKAT,SMA-11-01,TOKA,TOKA-006,RMN_SOIL_SAMPLE_V1,1/18/2018,NA,NA,5,42,218,15.2,450,5.1,7.5,3.1,0,0,0,2.2,22.5,33.8,43.8,1,0,0,SH,0:03:26,,,NA,0,257.5,200.5,1.6,1,40,"Weverka, Jacob",0,NA,"Southwest facing, mild slope. Grassland w/ scattered coyote brush. Evidence of recent grazing by cattle",,RAW
TOMKAT,SMA-11-01,TOKA,TOKA-006,RMN_SOIL_SAMPLE_V1,2/1/2021,NA,NA,1,9,98,15.2,450,5.1,7.5,3.1,0,0,0,2,25,30,45,1,0,3,SH,0:01:50,,,NA,0,210.4,156,0,0,35,"Preston, Mel",0,NA,"SW over pond; Harding short and less thatchy, some CB, recent rains all infiltrated - soils at field capacity, nice.",,RAW
TOMKAT,SMA-11-01,TOKA,TOKA-006,RMN_SOIL_SAMPLE_V1,2/1/2021,NA,NA,2,3,274,15.2,450,5.1,7.5,3.1,0,0,0,2,25,30,45,1,0,2,SH,0:09:42,,,NA,0,231.8,176.7,0,0,40,"Preston, Mel",0,NA,"SW over pond; Harding short and less thatchy, some CB, recent rains all infiltrated - soils at field capacity, nice.",,RAW
TOMKAT,SMA-11-01,TOKA,TOKA-006,RMN_SOIL_SAMPLE_V1,2/1/2021,NA,NA,3,37,337,15.2,450,5.1,7.5,3.1,0,0,0,2,25,30,45,1,0,2,SH,0:01:28,,,NA,0,227.9,170.1,3.3,1,40,"Preston, Mel",0,NA,"SW over pond; Harding short and less thatchy, some CB, recent rains all infiltrated - soils at field capacity, nice.",,RAW
TOMKAT,SMA-11-01,TOKA,TOKA-006,RMN_SOIL_SAMPLE_V1,2/1/2021,NA,NA,4,15,4,15.2,450,5.1,7.5,3.1,0,0,0,2,25,30,45,1,0,3,SH,0:03:08,,,NA,0,237.4,184.7,0,0,38,"Preston, Mel",0,NA,"SW over pond; Harding short and less thatchy, some CB, recent rains all infiltrated - soils at field capacity, nice.",,RAW
TOMKAT,SMA-11-01,TOKA,TOKA-006,RMN_SOIL_SAMPLE_V1,2/1/2021,NA,NA,5,42,218,15.2,450,5.1,7.5,3.1,0,0,0,2,25,30,45,1,6,2,MS,0:13:33,,,NA,0,257.8,205.1,1.1,0,40,"Preston, Mel",0,NA,"SW over pond; Harding short and less thatchy, some CB, recent rains all infiltrated - soils at field capacity, nice.",,RAW
TOMKAT,SMA-11-01,TOKA,TOKA-006,RMN_SOIL_SAMPLE_V1,3/18/2024,NA,NA,1,9,98,15.2,450,5.1,7.5,2.6,0,0,0,1.7,22.5,35,42.5,0,0,0,MS,0:19:26,,,NA,0,190,136.3,0,0,40,"Fanucchi, Krista",0,NA,"scrub, hillside, gopher activity. Re-sampled 1ME",,RAW
TOMKAT,SMA-11-01,TOKA,TOKA-006,RMN_SOIL_SAMPLE_V1,3/18/2024,NA,NA,2,3,274,15.2,450,5.1,7.5,2.6,0,0,0,1.7,22.5,35,42.5,0,1,1.5,MS,0:38:00,,,NA,0,236.8,165,0,0,40,"Fanucchi, Krista",0,NA,"scrub, hillside, gopher activity. Re-sampled 1ME",,RAW
TOMKAT,SMA-11-01,TOKA,TOKA-006,RMN_SOIL_SAMPLE_V1,3/18/2024,NA,NA,3,37,337,15.2,450,5.1,7.5,2.6,0,0,0,1.7,22.5,35,42.5,0,0,0,MS,1:11:18,,,NA,1,270,207.3,0,0,40,"Fanucchi, Krista",0,NA,"scrub, hillside, gopher activity. Re-sampled 1ME",,RAW
TOMKAT,SMA-11-01,TOKA,TOKA-006,RMN_SOIL_SAMPLE_V1,3/18/2024,NA,NA,4,15,4,15.2,450,5.1,7.5,2.6,0,0,0,1.7,22.5,35,42.5,0,1,0.5,MS,0:32:05,,,NA,0,250.8,179.3,0,0,40,"Fanucchi, Krista",0,NA,"scrub, hillside, gopher activity. Re-sampled 1ME",,RAW
TOMKAT,SMA-11-01,TOKA,TOKA-006,RMN_SOIL_SAMPLE_V1,3/18/2024,NA,NA,5,42,218,15.2,450,5.1,7.5,2.6,0,0,0,1.7,22.5,35,42.5,0,4,0,MS,0:39:15,,,NA,0,263.7,219.1,0.2,0,40,"Fanucchi, Krista",0,NA,"scrub, hillside, gopher activity. Re-sampled 1ME",,RAW
TOMKAT,SMA-11-01,TOKA,TOKA-007,RMN_SOIL_SAMPLE_V1,1/6/2015,NA,NA,1,50,171,15.2,450,5.1,7.5,2,20,41.2,38.8,1.4,27.5,33.8,38.8,1,7,1.5,,0:01:23,0:13:21,0:00:00,NA,0,265.7,211.9,1.7,2,36,"Preston, Mel",0,NA,,,RAW
TOMKAT,SMA-11-01,TOKA,TOKA-007,RMN_SOIL_SAMPLE_V1,1/6/2015,NA,NA,2,32,89,15.2,450,5.1,7.5,2,20,41.2,38.8,1.4,27.5,33.8,38.8,1,4,1,,0:01:25,0:03:46,0:00:00,NA,0,264.6,214.2,7.1,4,33,"Preston, Mel",0,NA,,,RAW
TOMKAT,SMA-11-01,TOKA,TOKA-007,RMN_SOIL_SAMPLE_V1,1/6/2015,NA,NA,3,32,67,15.2,450,5.1,7.5,2,20,41.2,38.8,1.4,27.5,33.8,38.8,1,1,2.5,,0:10:42,0:38:50,0:00:00,NA,0,233.4,211.9,4.6,4,29,"Preston, Mel",0,NA,,,RAW
TOMKAT,SMA-11-01,TOKA,TOKA-007,RMN_SOIL_SAMPLE_V1,1/6/2015,NA,NA,4,27,120,15.2,450,5.1,7.5,2,20,41.2,38.8,1.4,27.5,33.8,38.8,1,1,2,,0:04:26,0:17:23,0:00:00,NA,0,275,223.3,2.2,2,32,"Preston, Mel",0,NA,,,RAW
TOMKAT,SMA-11-01,TOKA,TOKA-007,RMN_SOIL_SAMPLE_V1,1/6/2015,NA,NA,5,14,170,15.2,450,5.1,7.5,2,20,41.2,38.8,1.4,27.5,33.8,38.8,1,4,1,,0:02:34,0:14:07,0:00:00,NA,0,297.9,244.4,3.7,3,32,"Preston, Mel",0,NA,,,RAW
TOMKAT,SMA-11-01,TOKA,TOKA-007,RMN_SOIL_SAMPLE_V1,1/18/2018,NA,NA,1,50,171,15.2,450,5.1,7.5,2.3,0,0,0,1.4,27.5,32.5,40,1,0,3,MS,0:10:13,,,NA,0,235.8,180,0,0,40,"Weverka, Jacob",0,NA,"W-facing slope above eroded gully. Colonized somewhat with BAPI, all below waist height. Lots of juncus in point as well, mix of annual and perennial grasses.",,RAW
TOMKAT,SMA-11-01,TOKA,TOKA-007,RMN_SOIL_SAMPLE_V1,1/18/2018,NA,NA,2,32,89,15.2,450,5.1,7.5,2.3,0,0,0,1.4,27.5,32.5,40,1,0,4,SH,0:01:15,,,NA,0,267.6,208,10.6,6,40,"Weverka, Jacob",0,NA,"W-facing slope above eroded gully. Colonized somewhat with BAPI, all below waist height. Lots of juncus in point as well, mix of annual and perennial grasses.",,RAW
TOMKAT,SMA-11-01,TOKA,TOKA-007,RMN_SOIL_SAMPLE_V1,1/18/2018,NA,NA,3,32,67,15.2,450,5.1,7.5,2.3,0,0,0,1.4,27.5,32.5,40,1,0,3,SH,0:11:51,,,NA,0,286.7,226.8,3.1,3,40,"Weverka, Jacob",0,NA,"W-facing slope above eroded gully. Colonized somewhat with BAPI, all below waist height. Lots of juncus in point as well, mix of annual and perennial grasses.",,RAW
TOMKAT,SMA-11-01,TOKA,TOKA-007,RMN_SOIL_SAMPLE_V1,1/18/2018,NA,NA,4,27,120,15.2,450,5.1,7.5,2.3,0,0,0,1.4,27.5,32.5,40,1,0,2,SH,0:07:54,,,NA,0,253.5,196.9,3.7,2,40,"Weverka, Jacob",0,NA,"W-facing slope above eroded gully. Colonized somewhat with BAPI, all below waist height. Lots of juncus in point as well, mix of annual and perennial grasses.",,RAW
TOMKAT,SMA-11-01,TOKA,TOKA-007,RMN_SOIL_SAMPLE_V1,1/18/2018,NA,NA,5,14,170,15.2,450,5.1,7.5,2.3,0,0,0,1.4,27.5,32.5,40,1,0,3,MS,0:01:20,,,NA,0,262.4,207.3,1.5,1,40,"Weverka, Jacob",0,NA,"W-facing slope above eroded gully. Colonized somewhat with BAPI, all below waist height. Lots of juncus in point as well, mix of annual and perennial grasses.",,RAW
TOMKAT,SMA-11-01,TOKA,TOKA-007,RMN_SOIL_SAMPLE_V1,1/11/2021,NA,NA,1,50,171,15.2,450,5.1,7.5,2.4,0,0,0,1.3,32.5,30,37.5,1,0,1,MS,0:01:37,,,NA,0,260.6,201.5,0.9,0,30,"Preston, Mel",0,NA,"First soil point of the season. 2nd resample (2015,18). Step 1m South. Mostly brown, green up barely visible (lots of oatgrass).",dry clay bedrock,RAW
TOMKAT,SMA-11-01,TOKA,TOKA-007,RMN_SOIL_SAMPLE_V1,1/11/2021,NA,NA,2,32,89,15.2,450,5.1,7.5,2.4,0,0,0,1.3,32.5,30,37.5,1,0,1,MS,0:40:03,,,NA,0,253.4,197.9,2.5,2,38,"Preston, Mel",0,NA,"First soil point of the season. 2nd resample (2015,18). Step 1m South. Mostly brown, green up barely visible (lots of oatgrass).",,RAW
TOMKAT,SMA-11-01,TOKA,TOKA-007,RMN_SOIL_SAMPLE_V1,1/11/2021,NA,NA,3,32,67,15.2,450,5.1,7.5,2.4,0,0,0,1.3,32.5,30,37.5,1,0,2,MS,0:01:32,,,NA,0,269.6,212.2,5.6,3,30,"Preston, Mel",0,NA,"First soil point of the season. 2nd resample (2015,18). Step 1m South. Mostly brown, green up barely visible (lots of oatgrass).",dry clay bedrock,RAW
TOMKAT,SMA-11-01,TOKA,TOKA-007,RMN_SOIL_SAMPLE_V1,1/11/2021,NA,NA,4,27,120,15.2,450,5.1,7.5,2.4,0,0,0,1.3,32.5,30,37.5,1,0,1,MS,0:01:08,,,NA,0,272.5,218.3,1.9,1,30,"Preston, Mel",0,NA,"First soil point of the season. 2nd resample (2015,18). Step 1m South. Mostly brown, green up barely visible (lots of oatgrass).",dry clay bedrock,RAW
TOMKAT,SMA-11-01,TOKA,TOKA-007,RMN_SOIL_SAMPLE_V1,1/11/2021,NA,NA,5,14,170,15.2,450,5.1,7.5,2.4,0,0,0,1.3,32.5,30,37.5,1,0,1,MS,0:02:56,,,NA,0,243.8,192,1.2,1,40,"Preston, Mel",0,NA,"First soil point of the season. 2nd resample (2015,18). Step 1m South. Mostly brown, green up barely visible (lots of oatgrass).",,RAW
TOMKAT,SMA-11-01,TOKA,TOKA-007,RMN_SOIL_SAMPLE_V1,3/18/2024,NA,NA,1,50,171,15.2,450,5.1,7.5,2.1,0,0,0,1.1,30,31.2,38.8,1,5,1,MS,0:29:50,,,NA,0,237,185.3,1,0,40,"Fanucchi, Krista",0,NA,"scrubby SW facing slope, above drainage with some erosion. Just below old road, re-sampled 1 M east. ",,RAW
TOMKAT,SMA-11-01,TOKA,TOKA-007,RMN_SOIL_SAMPLE_V1,3/18/2024,NA,NA,2,32,89,15.2,450,5.1,7.5,2.1,0,0,0,1.1,30,31.2,38.8,1,0,0,MS,0:53:00,,,NA,1,265.5,204.9,5,2,40,"Fanucchi, Krista",0,NA,"scrubby SW facing slope, above drainage with some erosion. Just below old road, re-sampled 1 M east. ",,RAW
TOMKAT,SMA-11-01,TOKA,TOKA-007,RMN_SOIL_SAMPLE_V1,3/18/2024,NA,NA,3,32,67,15.2,450,5.1,7.5,2.1,0,0,0,1.1,30,31.2,38.8,1,0,1,MS,1:09:43,,,NA,1,230.4,174.4,2.1,1,40,"Fanucchi, Krista",0,NA,"scrubby SW facing slope, above drainage with some erosion. Just below old road, re-sampled 1 M east. ",,RAW
TOMKAT,SMA-11-01,TOKA,TOKA-007,RMN_SOIL_SAMPLE_V1,3/18/2024,NA,NA,4,27,120,15.2,450,5.1,7.5,2.1,0,0,0,1.1,30,31.2,38.8,1,2,0.5,MS,0:53:00,,,NA,1,265.4,206.9,1.2,0,40,"Fanucchi, Krista",0,NA,"scrubby SW facing slope, above drainage with some erosion. Just below old road, re-sampled 1 M east. ",,RAW
TOMKAT,SMA-11-01,TOKA,TOKA-007,RMN_SOIL_SAMPLE_V1,3/18/2024,NA,NA,5,14,170,15.2,450,5.1,7.5,2.1,0,0,0,1.1,30,31.2,38.8,1,2,0,MS,1:32:58,,,NA,1,251.2,195,1,0,32,"Fanucchi, Krista",0,NA,"scrubby SW facing slope, above drainage with some erosion. Just below old road, re-sampled 1 M east. ",,RAW
TOMKAT,SMA-11-01,TOKA,TOKA-013,RMN_SOIL_SAMPLE_V1,1/14/2015,NA,NA,1,37,350,15.2,450,5.1,7.5,0,0,0,0,0,0,0,0,1,1,2,,0:00:05,0:00:16,0:00:00,NA,0,200.5,146.1,0.6,1,37,"Preston, Mel",0,NA,"NO LAB DATA. UNKNOWN WHAT HAPPENED, HAVE CHECKED U OF IDAHO RESULTS.",,RAW
TOMKAT,SMA-11-01,TOKA,TOKA-013,RMN_SOIL_SAMPLE_V1,1/14/2015,NA,NA,2,48,136,15.2,450,5.1,7.5,0,0,0,0,0,0,0,0,1,0,2.5,,0:00:08,0:00:27,0:00:00,NA,0,213,162.8,1.1,1,36,"Preston, Mel",0,NA,"NO LAB DATA. UNKNOWN WHAT HAPPENED, HAVE CHECKED U OF IDAHO RESULTS.",,RAW
TOMKAT,SMA-11-01,TOKA,TOKA-013,RMN_SOIL_SAMPLE_V1,1/14/2015,NA,NA,3,38,223,15.2,450,5.1,7.5,0,0,0,0,0,0,0,0,1,0,2,,0:00:59,0:04:47,0:00:00,NA,0,230.4,174.6,2.9,2,36,"Preston, Mel",0,NA,"NO LAB DATA. UNKNOWN WHAT HAPPENED, HAVE CHECKED U OF IDAHO RESULTS.",,RAW
TOMKAT,SMA-11-01,TOKA,TOKA-013,RMN_SOIL_SAMPLE_V1,1/14/2015,NA,NA,4,46,290,15.2,450,5.1,7.5,0,0,0,0,0,0,0,0,1,0,3.5,,0:02:58,0:05:48,0:00:00,NA,0,234.2,171.1,1.2,2,37,"Preston, Mel",0,NA,"NO LAB DATA. UNKNOWN WHAT HAPPENED, HAVE CHECKED U OF IDAHO RESULTS.",,RAW
TOMKAT,SMA-11-01,TOKA,TOKA-013,RMN_SOIL_SAMPLE_V1,1/14/2015,NA,NA,5,6,17,15.2,450,5.1,7.5,0,0,0,0,0,0,0,0,1,0,1,,0:00:12,0:00:34,0:00:00,NA,0,221.9,174.7,0.7,1,37,"Preston, Mel",0,NA,"NO LAB DATA. UNKNOWN WHAT HAPPENED, HAVE CHECKED U OF IDAHO RESULTS.",,RAW
TOMKAT,SMA-11-01,TOKA,TOKA-013,RMN_SOIL_SAMPLE_V1,2/13/2018,NA,NA,1,37,350,15.2,450,5.1,7.5,4.1,0,0,0,2.8,40,18.8,41.2,0,0,5,MS,0:00:10,,,NA,0,235.8,170.4,0,0,40,"Weverka, Jacob",0,NA,North facing moderate slope with BAPI in some areas. Lots of DAGL throughout point. Point above Eucalyptus grove over ravine. Subpoints located with GPS,,RAW
TOMKAT,SMA-11-01,TOKA,TOKA-013,RMN_SOIL_SAMPLE_V1,2/13/2018,NA,NA,2,48,136,15.2,450,5.1,7.5,4.1,0,0,0,2.8,40,18.8,41.2,0,2,2,MS,0:02:32,,,NA,0,226,169.6,0,0,40,"Weverka, Jacob",0,NA,North facing moderate slope with BAPI in some areas. Lots of DAGL throughout point. Point above Eucalyptus grove over ravine. Subpoints located with GPS,,RAW
TOMKAT,SMA-11-01,TOKA,TOKA-013,RMN_SOIL_SAMPLE_V1,2/13/2018,NA,NA,3,38,223,15.2,450,5.1,7.5,4.1,0,0,0,2.8,40,18.8,41.2,0,1,2,MS,0:00:22,,,NA,0,241.6,182.4,0,0,40,"Weverka, Jacob",0,NA,North facing moderate slope with BAPI in some areas. Lots of DAGL throughout point. Point above Eucalyptus grove over ravine. Subpoints located with GPS,,RAW
TOMKAT,SMA-11-01,TOKA,TOKA-013,RMN_SOIL_SAMPLE_V1,2/13/2018,NA,NA,4,46,290,15.2,450,5.1,7.5,4.1,0,0,0,2.8,40,18.8,41.2,0,0,2,MS,0:00:50,,,NA,0,222.8,168.4,0,0,40,"Weverka, Jacob",0,NA,North facing moderate slope with BAPI in some areas. Lots of DAGL throughout point. Point above Eucalyptus grove over ravine. Subpoints located with GPS,,RAW
TOMKAT,SMA-11-01,TOKA,TOKA-013,RMN_SOIL_SAMPLE_V1,2/13/2018,NA,NA,5,6,17,15.2,450,5.1,7.5,4.1,0,0,0,2.8,40,18.8,41.2,0,0,8,MS,0:00:27,,,NA,0,194.9,144.5,0,0,40,"Weverka, Jacob",0,NA,North facing moderate slope with BAPI in some areas. Lots of DAGL throughout point. Point above Eucalyptus grove over ravine. Subpoints located with GPS,,RAW
TOMKAT,SMA-11-01,TOKA,TOKA-013,RMN_SOIL_SAMPLE_V1,2/25/2022,NA,NA,1,37,350,15.2,450,5.1,7.5,4.4,0,0,0,2.8,43.8,17.5,38.8,1,4,0,MS,0:05:22,,,NA,0,209.1,162.7,0,0,40,"Noda, Sophie",0,NA,,,RAW
TOMKAT,SMA-11-01,TOKA,TOKA-013,RMN_SOIL_SAMPLE_V1,2/25/2022,NA,NA,2,48,136,15.2,450,5.1,7.5,4.4,0,0,0,2.8,43.8,17.5,38.8,1,6,0.3,SH,0:00:13,,,NA,0,230.1,184.7,0,0,40,"Noda, Sophie",0,NA,,,RAW
TOMKAT,SMA-11-01,TOKA,TOKA-013,RMN_SOIL_SAMPLE_V1,2/25/2022,NA,NA,3,38,223,15.2,450,5.1,7.5,4.4,0,0,0,2.8,43.8,17.5,38.8,1,4,0.1,MS,0:00:30,,,NA,0,159.6,119.6,0,0,40,"Noda, Sophie",0,NA,,,RAW
TOMKAT,SMA-11-01,TOKA,TOKA-013,RMN_SOIL_SAMPLE_V1,2/25/2022,NA,NA,4,46,290,15.2,450,5.1,7.5,4.4,0,0,0,2.8,43.8,17.5,38.8,1,1,0.8,MS,0:00:17,,,NA,0,165.4,124,0,0,40,"Noda, Sophie",0,NA,,,RAW
TOMKAT,SMA-11-01,TOKA,TOKA-013,RMN_SOIL_SAMPLE_V1,2/25/2022,NA,NA,5,6,17,15.2,450,5.1,7.5,4.4,0,0,0,2.8,43.8,17.5,38.8,1,1,0.4,MS,0:00:04,,,NA,0,213.1,161.2,0.1,0,40,"Noda, Sophie",0,NA,,5 is at 10m because of a large coyotebrush shrub,RAW
TOMKAT,SMA-11-01,TOKA,TOKA-013,RMN_SOIL_SAMPLE_V1,2/27/2025,NA,NA,1,37,350,15.2,450,5.1,7.5,3.6,0,0,0,2.8,31.2,33.8,35,1,0,3.5,MS,0:00:05,,,NA,0,156.5,114,0.5,0,40,"Fanucchi, Krista",0,NA,"Scrubby point, mid slope above Eucalyptus grove. Dense and tall BAPI, difficult to navigate to subpoints",,RAW
TOMKAT,SMA-11-01,TOKA,TOKA-013,RMN_SOIL_SAMPLE_V1,2/27/2025,NA,NA,2,48,136,15.2,450,5.1,7.5,3.6,0,0,0,2.8,31.2,33.8,35,1,2,2,MS,0:24:22,,,NA,0,194.5,136.4,0.4,0,40,"Fanucchi, Krista",0,NA,"Scrubby point, mid slope above Eucalyptus grove. Dense and tall BAPI, difficult to navigate to subpoints",on cattle trail,RAW
TOMKAT,SMA-11-01,TOKA,TOKA-013,RMN_SOIL_SAMPLE_V1,2/27/2025,NA,NA,3,38,223,15.2,450,5.1,7.5,3.6,0,0,0,2.8,31.2,33.8,35,1,0,3,MS,0:01:05,,,NA,0,237.9,174.5,0,0,40,"Fanucchi, Krista",0,NA,"Scrubby point, mid slope above Eucalyptus grove. Dense and tall BAPI, difficult to navigate to subpoints",,RAW
TOMKAT,SMA-11-01,TOKA,TOKA-013,RMN_SOIL_SAMPLE_V1,2/27/2025,NA,NA,4,46,290,15.2,450,5.1,7.5,3.6,0,0,0,2.8,31.2,33.8,35,1,0,2,MS,0:00:04,,,NA,0,198.1,147.8,0.1,0,40,"Fanucchi, Krista",0,NA,"Scrubby point, mid slope above Eucalyptus grove. Dense and tall BAPI, difficult to navigate to subpoints",,RAW
TOMKAT,SMA-11-01,TOKA,TOKA-013,RMN_SOIL_SAMPLE_V1,2/27/2025,NA,NA,5,6,17,15.2,450,5.1,7.5,3.6,0,0,0,2.8,31.2,33.8,35,1,0,4,MS,0:00:34,,,NA,0,212.4,157.8,0.1,0,40,"Fanucchi, Krista",0,NA,"Scrubby point, mid slope above Eucalyptus grove. Dense and tall BAPI, difficult to navigate to subpoints",,RAW
TOMKAT,SMA-11-01,TOKA,TOKA-016,RMN_SOIL_SAMPLE_V1,1/14/2015,NA,NA,1,14,22,15.2,450,5.1,7.5,3.6,35,23.8,41.2,2.2,35,25,40,1,3,0.8,,0:00:27,0:01:03,0:00:00,NA,0,221.5,175.8,3.4,3,37,"Preston, Mel",0,NA,,,RAW
TOMKAT,SMA-11-01,TOKA,TOKA-016,RMN_SOIL_SAMPLE_V1,1/14/2015,NA,NA,2,40,117,15.2,450,5.1,7.5,3.6,35,23.8,41.2,2.2,35,25,40,1,0,1,,0:00:11,0:00:36,0:00:00,NA,0,214.8,166.4,3.6,3,37,"Preston, Mel",0,NA,,,RAW
TOMKAT,SMA-11-01,TOKA,TOKA-016,RMN_SOIL_SAMPLE_V1,1/14/2015,NA,NA,3,20,214,15.2,450,5.1,7.5,3.6,35,23.8,41.2,2.2,35,25,40,1,21,0.5,,0:00:18,0:00:11,0:00:00,NA,0,206,158.1,4.6,4,37,"Preston, Mel",0,NA,,,RAW
TOMKAT,SMA-11-01,TOKA,TOKA-016,RMN_SOIL_SAMPLE_V1,1/14/2015,NA,NA,4,43,302,15.2,450,5.1,7.5,3.6,35,23.8,41.2,2.2,35,25,40,1,17,0.5,,0:00:05,0:00:07,0:00:00,NA,0,211.1,170.7,0.6,1,37,"Preston, Mel",0,NA,,,RAW
TOMKAT,SMA-11-01,TOKA,TOKA-016,RMN_SOIL_SAMPLE_V1,1/14/2015,NA,NA,5,45,295,15.2,450,5.1,7.5,3.6,35,23.8,41.2,2.2,35,25,40,1,30,0.5,,0:00:11,0:00:48,0:00:00,NA,0,170,134.8,3,4,36,"Preston, Mel",0,NA,,,RAW
TOMKAT,SMA-11-01,TOKA,TOKA-016,RMN_SOIL_SAMPLE_V1,2/6/2018,NA,NA,1,14,22,15.2,450,5.1,7.5,2.8,0,0,0,1.4,31.2,52.5,16.2,1,0,2,CR,0:03:47,,,NA,0,180.4,134.3,0,0,40,"Weverka, Jacob",0,NA,"Point center is on crest of hill, subpoints on crest and on S and W-facing slopes. Lots of low, knee-high BAPI.",,RAW
TOMKAT,SMA-11-01,TOKA,TOKA-016,RMN_SOIL_SAMPLE_V1,2/6/2018,NA,NA,2,40,117,15.2,450,5.1,7.5,2.8,0,0,0,1.4,31.2,52.5,16.2,1,2,1,SH,0:00:25,,,NA,0,229.7,191.1,0,0,40,"Weverka, Jacob",0,NA,"Point center is on crest of hill, subpoints on crest and on S and W-facing slopes. Lots of low, knee-high BAPI.",,RAW
TOMKAT,SMA-11-01,TOKA,TOKA-016,RMN_SOIL_SAMPLE_V1,2/6/2018,NA,NA,3,20,214,15.2,450,5.1,7.5,2.8,0,0,0,1.4,31.2,52.5,16.2,1,0,3,SH,0:06:19,,,NA,0,195,146.9,0,0,40,"Weverka, Jacob",0,NA,"Point center is on crest of hill, subpoints on crest and on S and W-facing slopes. Lots of low, knee-high BAPI.",,RAW
TOMKAT,SMA-11-01,TOKA,TOKA-016,RMN_SOIL_SAMPLE_V1,2/6/2018,NA,NA,4,43,302,15.2,450,5.1,7.5,2.8,0,0,0,1.4,31.2,52.5,16.2,1,0,3,MS,0:04:24,,,NA,0,217.8,167.4,0,0,40,"Weverka, Jacob",0,NA,"Point center is on crest of hill, subpoints on crest and on S and W-facing slopes. Lots of low, knee-high BAPI.",,RAW
TOMKAT,SMA-11-01,TOKA,TOKA-016,RMN_SOIL_SAMPLE_V1,2/6/2018,NA,NA,5,45,295,15.2,450,5.1,7.5,2.8,0,0,0,1.4,31.2,52.5,16.2,1,0,3,MS,0:00:22,,,NA,0,215.7,162.1,0,0,40,"Weverka, Jacob",0,NA,"Point center is on crest of hill, subpoints on crest and on S and W-facing slopes. Lots of low, knee-high BAPI.",,RAW
TOMKAT,SMA-11-01,TOKA,TOKA-016,RMN_SOIL_SAMPLE_V1,2/16/2021,NA,NA,1,14,22,15.2,450,5.1,7.5,2.9,0,0,0,1.6,35,20,45,1,1,2,CR,0:00:47,,,NA,0,212.5,144.7,0.3,0,40,"Preston, Mel",0,NA,"Top of hill above Elk Pond. Very stingy brome fescue, CB looking stunted.",,RAW
TOMKAT,SMA-11-01,TOKA,TOKA-016,RMN_SOIL_SAMPLE_V1,2/16/2021,NA,NA,2,40,117,15.2,450,5.1,7.5,2.9,0,0,0,1.6,35,20,45,1,21,0,SH,0:00:08,,,NA,0,186.9,128.2,0.7,0,40,"Preston, Mel",0,NA,"Top of hill above Elk Pond. Very stingy brome fescue, CB looking stunted.",,RAW
TOMKAT,SMA-11-01,TOKA,TOKA-016,RMN_SOIL_SAMPLE_V1,2/16/2021,NA,NA,3,20,214,15.2,450,5.1,7.5,2.9,0,0,0,1.6,35,20,45,1,0,0.1,SH,0:17:18,,,NA,0,207.5,149.2,0.1,0,40,"Preston, Mel",0,NA,"Top of hill above Elk Pond. Very stingy brome fescue, CB looking stunted.",,RAW
TOMKAT,SMA-11-01,TOKA,TOKA-016,RMN_SOIL_SAMPLE_V1,2/16/2021,NA,NA,4,43,302,15.2,450,5.1,7.5,2.9,0,0,0,1.6,35,20,45,1,8,0,SH,0:00:07,,,NA,0,220.4,143.9,4,2,40,"Preston, Mel",0,NA,"Top of hill above Elk Pond. Very stingy brome fescue, CB looking stunted.",,RAW
TOMKAT,SMA-11-01,TOKA,TOKA-016,RMN_SOIL_SAMPLE_V1,2/16/2021,NA,NA,5,45,295,15.2,450,5.1,7.5,2.9,0,0,0,1.6,35,20,45,1,0,1,SH,0:00:13,,,NA,0,193.3,137.6,0.1,0,40,"Preston, Mel",0,NA,"Top of hill above Elk Pond. Very stingy brome fescue, CB looking stunted.",,RAW
TOMKAT,SMA-11-01,TOKA,TOKA-016,RMN_SOIL_SAMPLE_V1,3/18/2024,NA,NA,1,14,22,15.2,450,5.1,7.5,2.9,0,0,0,1.3,29.4,30,40.6,1,0,2.5,CR,0:04:03,,,NA,0,193.7,147.2,0,0,40,"Fanucchi, Krista",0,NA,"scrubby hilltop, lots of gopher activity. re-sampled 1 meter east. ",,RAW
TOMKAT,SMA-11-01,TOKA,TOKA-016,RMN_SOIL_SAMPLE_V1,3/18/2024,NA,NA,2,40,117,15.2,450,5.1,7.5,2.9,0,0,0,1.3,29.4,30,40.6,1,0,1,SH,0:01:35,,,NA,0,227.2,169,0,0,40,"Fanucchi, Krista",0,NA,"scrubby hilltop, lots of gopher activity. re-sampled 1 meter east. ",,RAW
TOMKAT,SMA-11-01,TOKA,TOKA-016,RMN_SOIL_SAMPLE_V1,3/18/2024,NA,NA,3,20,214,15.2,450,5.1,7.5,2.9,0,0,0,1.3,29.4,30,40.6,1,0,0.5,SH,0:50:42,,,NA,1,222.5,170.4,0,0,40,"Fanucchi, Krista",0,NA,"scrubby hilltop, lots of gopher activity. re-sampled 1 meter east. ",,RAW
TOMKAT,SMA-11-01,TOKA,TOKA-016,RMN_SOIL_SAMPLE_V1,3/18/2024,NA,NA,4,43,302,15.2,450,5.1,7.5,2.9,0,0,0,1.3,29.4,30,40.6,1,1,1,MS,0:00:26,,,NA,0,208,156.7,0,0,40,"Fanucchi, Krista",0,NA,"scrubby hilltop, lots of gopher activity. re-sampled 1 meter east. ",,RAW
TOMKAT,SMA-11-01,TOKA,TOKA-016,RMN_SOIL_SAMPLE_V1,3/18/2024,NA,NA,5,45,295,15.2,450,5.1,7.5,2.9,0,0,0,1.3,29.4,30,40.6,1,2,0.5,MS,0:09:03,,,NA,0,212.1,158.4,0,0,40,"Fanucchi, Krista",0,NA,"scrubby hilltop, lots of gopher activity. re-sampled 1 meter east. ",,RAW
TOMKAT,SMA-11-01,TOKA,TOKA-018,RMN_SOIL_SAMPLE_V1,1/7/2015,NA,NA,1,49,39,15.2,450,5.1,7.5,3.3,35,25,40,2.4,38.1,21.9,40,1,9,2,,0:00:21,0:01:50,0:00:00,NA,0,250.5,206.9,0,0,36,"Preston, Mel",0,NA,,,RAW
TOMKAT,SMA-11-01,TOKA,TOKA-018,RMN_SOIL_SAMPLE_V1,1/7/2015,NA,NA,2,13,195,15.2,450,5.1,7.5,3.3,35,25,40,2.4,38.1,21.9,40,1,39,0.3,,0:00:56,0:08:34,0:00:00,NA,0,259,209.8,0.4,0,34,"Preston, Mel",0,NA,,,RAW
TOMKAT,SMA-11-01,TOKA,TOKA-018,RMN_SOIL_SAMPLE_V1,1/7/2015,NA,NA,3,7,205,15.2,450,5.1,7.5,3.3,35,25,40,2.4,38.1,21.9,40,1,19,2,,0:15:40,0:45:00,0:00:00,NA,1,274.6,220.5,0.5,0,34,"Preston, Mel",0,NA,,2.5cm water,RAW
TOMKAT,SMA-11-01,TOKA,TOKA-018,RMN_SOIL_SAMPLE_V1,1/7/2015,NA,NA,4,32,89,15.2,450,5.1,7.5,3.3,35,25,40,2.4,38.1,21.9,40,1,0,3,,0:00:10,0:00:23,0:00:00,NA,0,260.1,205.4,0.9,1,33,"Preston, Mel",0,NA,,,RAW
TOMKAT,SMA-11-01,TOKA,TOKA-018,RMN_SOIL_SAMPLE_V1,1/7/2015,NA,NA,5,32,67,15.2,450,5.1,7.5,3.3,35,25,40,2.4,38.1,21.9,40,1,7,2,,0:00:08,0:00:12,0:00:00,NA,0,267.8,213.4,0.2,0,37,"Preston, Mel",0,NA,,,RAW
TOMKAT,SMA-11-01,TOKA,TOKA-018,RMN_SOIL_SAMPLE_V1,2/6/2018,NA,NA,1,49,39,15.2,450,5.1,7.5,3.1,0,0,0,2.2,36.2,22.5,41.2,1,0,3,MS,0:00:28,,,NA,0,224.6,181.5,0,0,40,"Weverka, Jacob",0,NA,"W-facing slope above a Eucalyptus grove. Some thicker scrub and low BAPI mixed into grassland. Grassland a mix of annuals/perennials with a lot of PNG, some cow paths and erosion gullys in point.",,RAW
TOMKAT,SMA-11-01,TOKA,TOKA-018,RMN_SOIL_SAMPLE_V1,2/6/2018,NA,NA,2,13,195,15.2,450,5.1,7.5,3.1,0,0,0,2.2,36.2,22.5,41.2,1,6,3,MS,0:00:58,,,NA,0,257.8,205,0,0,40,"Weverka, Jacob",0,NA,"W-facing slope above a Eucalyptus grove. Some thicker scrub and low BAPI mixed into grassland. Grassland a mix of annuals/perennials with a lot of PNG, some cow paths and erosion gullys in point.",on cow path,RAW
TOMKAT,SMA-11-01,TOKA,TOKA-018,RMN_SOIL_SAMPLE_V1,2/6/2018,NA,NA,3,7,205,15.2,450,5.1,7.5,3.1,0,0,0,2.2,36.2,22.5,41.2,1,3,3,MS,0:07:12,,,NA,0,233.1,191.8,0,0,40,"Weverka, Jacob",0,NA,"W-facing slope above a Eucalyptus grove. Some thicker scrub and low BAPI mixed into grassland. Grassland a mix of annuals/perennials with a lot of PNG, some cow paths and erosion gullys in point.",on cow path,RAW
TOMKAT,SMA-11-01,TOKA,TOKA-018,RMN_SOIL_SAMPLE_V1,2/6/2018,NA,NA,4,32,89,15.2,450,5.1,7.5,3.1,0,0,0,2.2,36.2,22.5,41.2,1,0,6,MS,0:00:28,,,NA,0,217.9,174.5,0,0,40,"Weverka, Jacob",0,NA,"W-facing slope above a Eucalyptus grove. Some thicker scrub and low BAPI mixed into grassland. Grassland a mix of annuals/perennials with a lot of PNG, some cow paths and erosion gullys in point.",,RAW
TOMKAT,SMA-11-01,TOKA,TOKA-018,RMN_SOIL_SAMPLE_V1,2/6/2018,NA,NA,5,37,67,15.2,450,5.1,7.5,3.1,0,0,0,2.2,36.2,22.5,41.2,1,0,8,MS,0:00:10,,,NA,0,174.4,137.7,0,0,40,"Weverka, Jacob",0,NA,"W-facing slope above a Eucalyptus grove. Some thicker scrub and low BAPI mixed into grassland. Grassland a mix of annuals/perennials with a lot of PNG, some cow paths and erosion gullys in point.",Distance does not make sense,RAW
TOMKAT,SMA-11-01,TOKA,TOKA-018,RMN_SOIL_SAMPLE_V1,2/9/2021,NA,NA,1,49,39,15.2,450,5.1,7.5,3.5,0,0,0,2.3,40,20,40,0,0,1,MS,0:00:45,,,NA,0,233.5,182.4,0,0,40,"Preston, Mel",0,NA,"2nd resample, Fertility Flats. Lots of brome fescue thatch. Address #5 dist/degree errors (2015+18).",,RAW
TOMKAT,SMA-11-01,TOKA,TOKA-018,RMN_SOIL_SAMPLE_V1,2/9/2021,NA,NA,2,13,195,15.2,450,5.1,7.5,3.5,0,0,0,2.3,40,20,40,0,0,1,MS,0:12:49,,,NA,0,247.6,191.7,0,0,40,"Preston, Mel",0,NA,"2nd resample, Fertility Flats. Lots of brome fescue thatch. Address #5 dist/degree errors (2015+18).",,RAW
TOMKAT,SMA-11-01,TOKA,TOKA-018,RMN_SOIL_SAMPLE_V1,2/9/2021,NA,NA,3,7,205,15.2,450,5.1,7.5,3.5,0,0,0,2.3,40,20,40,0,0,2,MS,0:02:43,,,NA,0,262,203.7,0,0,40,"Preston, Mel",0,NA,"2nd resample, Fertility Flats. Lots of brome fescue thatch. Address #5 dist/degree errors (2015+18).",,RAW
TOMKAT,SMA-11-01,TOKA,TOKA-018,RMN_SOIL_SAMPLE_V1,2/9/2021,NA,NA,4,32,89,15.2,450,5.1,7.5,3.5,0,0,0,2.3,40,20,40,0,0,1,MS,0:01:43,,,NA,0,190.6,144.3,0.2,0,40,"Preston, Mel",0,NA,"2nd resample, Fertility Flats. Lots of brome fescue thatch. Address #5 dist/degree errors (2015+18).",,RAW
TOMKAT,SMA-11-01,TOKA,TOKA-018,RMN_SOIL_SAMPLE_V1,2/9/2021,NA,NA,5,37,67,15.2,450,5.1,7.5,3.5,0,0,0,2.3,40,20,40,0,5,1,MS,0:00:30,,,NA,0,194.2,145.8,0,0,40,"Preston, Mel",0,NA,"2nd resample, Fertility Flats. Lots of brome fescue thatch. Address #5 dist/degree errors (2015+18).",,RAW
TOMKAT,SMA-11-01,TOKA,TOKA-018,RMN_SOIL_SAMPLE_V1,3/14/2024,NA,NA,1,49,39,15.2,450,5.1,7.5,2.9,0,0,0,2.1,36.2,22.5,41.2,1,0,0.5,MS,0:19:42,,,NA,0,223.7,164.9,0,0,40,"Fanucchi, Krista",0,NA,sctubby slope S facing. Above eucalyptus grove. Sub points 2 and 3 along main cattle trail (saturated from recent rain). Re-sampled 1 meter east. ,,RAW
TOMKAT,SMA-11-01,TOKA,TOKA-018,RMN_SOIL_SAMPLE_V1,3/14/2024,NA,NA,2,13,195,15.2,450,5.1,7.5,2.9,0,0,0,2.1,36.2,22.5,41.2,1,0,2,MS,1:32:59,,,NA,1,245.9,174.8,0,0,40,"Fanucchi, Krista",0,NA,sctubby slope S facing. Above eucalyptus grove. Sub points 2 and 3 along main cattle trail (saturated from recent rain). Re-sampled 1 meter east. ,,RAW
TOMKAT,SMA-11-01,TOKA,TOKA-018,RMN_SOIL_SAMPLE_V1,3/14/2024,NA,NA,3,7,205,15.2,450,5.1,7.5,2.9,0,0,0,2.1,36.2,22.5,41.2,1,1,2.5,MS,2:04:10,,,NA,1,253.9,186.3,0,0,35,"Fanucchi, Krista",0,NA,sctubby slope S facing. Above eucalyptus grove. Sub points 2 and 3 along main cattle trail (saturated from recent rain). Re-sampled 1 meter east. ,,RAW
TOMKAT,SMA-11-01,TOKA,TOKA-018,RMN_SOIL_SAMPLE_V1,3/14/2024,NA,NA,4,32,89,15.2,450,5.1,7.5,2.9,0,0,0,2.1,36.2,22.5,41.2,1,1,1.5,MS,0:00:51,,,NA,0,212.4,156.8,0,0,32,"Fanucchi, Krista",0,NA,sctubby slope S facing. Above eucalyptus grove. Sub points 2 and 3 along main cattle trail (saturated from recent rain). Re-sampled 1 meter east. ,,RAW
TOMKAT,SMA-11-01,TOKA,TOKA-018,RMN_SOIL_SAMPLE_V1,3/14/2024,NA,NA,5,37,67,15.2,450,5.1,7.5,2.9,0,0,0,2.1,36.2,22.5,41.2,1,2,0.5,MS,0:02:14,,,NA,0,213.2,163.6,0,0,40,"Fanucchi, Krista",0,NA,sctubby slope S facing. Above eucalyptus grove. Sub points 2 and 3 along main cattle trail (saturated from recent rain). Re-sampled 1 meter east. ,,RAW
TOMKAT,SMA-11-01,TOKA,TOKA-020,RMN_SOIL_SAMPLE_V1,2/17/2015,NA,NA,1,555924,4125662,15.2,450,5.1,7.5,4.6,0,0,0,2,31.2,33.8,35,1,36,0.1,,0:00:48,0:03:27,0:00:00,NA,0,233.3,0,0,0,36,"Preston, Mel",0,NA,"SCRUB; Bulk densities not processed b/c PO oil; distance from pt is in 
GPS coords as impossible to pace or take a bearing in scrub.",,RAW
TOMKAT,SMA-11-01,TOKA,TOKA-020,RMN_SOIL_SAMPLE_V1,2/17/2015,NA,NA,2,555934,4125708,15.2,450,5.1,7.5,4.6,0,0,0,2,31.2,33.8,35,1,13,1,,0:00:09,0:00:23,0:00:00,NA,0,189.8,0,0,0,36,"Preston, Mel",0,NA,"SCRUB; Bulk densities not processed b/c PO oil; distance from pt is in 
GPS coords as impossible to pace or take a bearing in scrub.",,RAW
TOMKAT,SMA-11-01,TOKA,TOKA-020,RMN_SOIL_SAMPLE_V1,2/17/2015,NA,NA,3,555943,4125657,15.2,450,5.1,7.5,4.6,0,0,0,2,31.2,33.8,35,1,35,0.5,,0:01:06,0:04:36,0:00:00,NA,0,245.2,0,0,0,36,"Preston, Mel",0,NA,"SCRUB; Bulk densities not processed b/c PO oil; distance from pt is in 
GPS coords as impossible to pace or take a bearing in scrub.",,RAW
TOMKAT,SMA-11-01,TOKA,TOKA-020,RMN_SOIL_SAMPLE_V1,2/17/2015,NA,NA,4,555994,4125669,15.2,450,5.1,7.5,4.6,0,0,0,2,31.2,33.8,35,1,0,10,,0:00:41,0:02:32,0:00:00,NA,0,230.9,0,0,0,38,"Preston, Mel",0,NA,"SCRUB; Bulk densities not processed b/c PO oil; distance from pt is in 
GPS coords as impossible to pace or take a bearing in scrub.",,RAW
TOMKAT,SMA-11-01,TOKA,TOKA-020,RMN_SOIL_SAMPLE_V1,2/17/2015,NA,NA,5,555958,4125678,15.2,450,5.1,7.5,4.6,0,0,0,2,31.2,33.8,35,1,3,1.5,,0:00:32,0:01:10,0:00:00,NA,0,223.4,0,0,0,37,"Preston, Mel",0,NA,"SCRUB; Bulk densities not processed b/c PO oil; distance from pt is in 
GPS coords as impossible to pace or take a bearing in scrub.",,RAW
TOMKAT,SMA-11-01,TOKA,TOKA-020,RMN_SOIL_SAMPLE_V1,1/23/2018,NA,NA,1,555924,4125662,15.2,450,5.1,7.5,3.9,0,0,0,2.6,36.2,27.5,36.2,0,14,0,MS,0:00:08,,,NA,0,198,140.1,0,0,40,"Rubenthaler, Rya",0,NA,,,RAW
TOMKAT,SMA-11-01,TOKA,TOKA-020,RMN_SOIL_SAMPLE_V1,1/23/2018,NA,NA,2,555934,40125708,15.2,450,5.1,7.5,3.9,0,0,0,2.6,36.2,27.5,36.2,0,0,3,MS,0:00:59,,,NA,0,200.3,137.7,0,0,40,"Rubenthaler, Rya",0,NA,,,RAW
TOMKAT,SMA-11-01,TOKA,TOKA-020,RMN_SOIL_SAMPLE_V1,1/23/2018,NA,NA,3,555943,4125657,15.2,450,5.1,7.5,3.9,0,0,0,2.6,36.2,27.5,36.2,0,1,0.3,MS,0:00:07,,,NA,0,196.3,143.8,0,0,40,"Rubenthaler, Rya",0,NA,,,RAW
TOMKAT,SMA-11-01,TOKA,TOKA-020,RMN_SOIL_SAMPLE_V1,1/23/2018,NA,NA,4,555994,4125669,15.2,450,5.1,7.5,3.9,0,0,0,2.6,36.2,27.5,36.2,0,0,1,SH,0:05:57,,,NA,0,248.1,181.8,0,0,40,"Rubenthaler, Rya",0,NA,,,RAW
TOMKAT,SMA-11-01,TOKA,TOKA-020,RMN_SOIL_SAMPLE_V1,1/23/2018,NA,NA,5,555958,4125678,15.2,450,5.1,7.5,3.9,0,0,0,2.6,36.2,27.5,36.2,0,1,0.5,SH,0:01:15,0:00:00,,NA,0,250.6,171.8,0,0,40,"Rubenthaler, Rya",0,NA,,,RAW
TOMKAT,SMA-11-01,TOKA,TOKA-022,RMN_SOIL_SAMPLE_V1,1/8/2015,NA,NA,1,38,185,15.2,450,5.1,7.5,3.1,41.2,22.5,36.2,2.1,43.8,21.2,35,1,8,0.2,,0:01:01,0:02:24,0:00:00,NA,0,236,193.9,0,0,34,"Preston, Mel",0,NA,,,RAW
TOMKAT,SMA-11-01,TOKA,TOKA-022,RMN_SOIL_SAMPLE_V1,1/8/2015,NA,NA,2,7,155,15.2,450,5.1,7.5,3.1,41.2,22.5,36.2,2.1,43.8,21.2,35,1,5,0.2,,0:00:28,0:04:20,0:00:00,NA,0,213.5,168.3,0,0,38,"Preston, Mel",0,NA,,,RAW
TOMKAT,SMA-11-01,TOKA,TOKA-022,RMN_SOIL_SAMPLE_V1,1/8/2015,NA,NA,3,35,307,15.2,450,5.1,7.5,3.1,41.2,22.5,36.2,2.1,43.8,21.2,35,1,25,0.5,,0:00:10,0:01:04,0:00:00,NA,0,168.7,139.9,0,0,34,"Preston, Mel",0,NA,,,RAW
TOMKAT,SMA-11-01,TOKA,TOKA-022,RMN_SOIL_SAMPLE_V1,1/8/2015,NA,NA,4,21,297,15.2,450,5.1,7.5,3.1,41.2,22.5,36.2,2.1,43.8,21.2,35,1,12,0.2,,0:01:01,0:08:35,0:00:00,NA,0,255.8,205,0,0,28,"Preston, Mel",0,NA,,"Orange rock/clay right under top soil. Impossible to get a good core sample, cannot dig into",RAW
TOMKAT,SMA-11-01,TOKA,TOKA-022,RMN_SOIL_SAMPLE_V1,1/8/2015,NA,NA,5,39,70,15.2,450,5.1,7.5,3.1,41.2,22.5,36.2,2.1,43.8,21.2,35,1,6,1,,0:01:15,0:06:43,0:00:00,NA,0,256.6,206.4,0,0,35,"Preston, Mel",0,NA,,,RAW
TOMKAT,SMA-11-01,TOKA,TOKA-022,RMN_SOIL_SAMPLE_V1,2/5/2018,NA,NA,1,38,185,15.2,450,5.1,7.5,3.6,0,0,0,2.1,38.8,25,36.2,1,6,1,SH,0:13:36,,,NA,0,216.6,172.6,0,0,40,"Weverka, Jacob",0,NA,S shoulder of Lone tree Hill. Sparse BAPI grazed by horses. Lots of gopher activity. Dominated by annual grasses and annual forbs. FEHA flew over point!,,RAW
TOMKAT,SMA-11-01,TOKA,TOKA-022,RMN_SOIL_SAMPLE_V1,2/5/2018,NA,NA,2,7,155,15.2,450,5.1,7.5,3.6,0,0,0,2.1,38.8,25,36.2,1,28,0,MS,0:01:37,,,NA,0,185.1,148.4,0,0,40,"Weverka, Jacob",0,NA,S shoulder of Lone tree Hill. Sparse BAPI grazed by horses. Lots of gopher activity. Dominated by annual grasses and annual forbs. FEHA flew over point!,,RAW
TOMKAT,SMA-11-01,TOKA,TOKA-022,RMN_SOIL_SAMPLE_V1,2/5/2018,NA,NA,3,35,307,15.2,450,5.1,7.5,3.6,0,0,0,2.1,38.8,25,36.2,1,0,5,SH,0:00:12,,,NA,0,206.8,166.1,0,0,40,"Weverka, Jacob",0,NA,S shoulder of Lone tree Hill. Sparse BAPI grazed by horses. Lots of gopher activity. Dominated by annual grasses and annual forbs. FEHA flew over point!,,RAW
TOMKAT,SMA-11-01,TOKA,TOKA-022,RMN_SOIL_SAMPLE_V1,2/5/2018,NA,NA,4,21,297,15.2,450,5.1,7.5,3.6,0,0,0,2.1,38.8,25,36.2,1,0,2,SH,0:01:48,,,NA,0,169.8,123.9,8.4,3,40,"Weverka, Jacob",0,NA,S shoulder of Lone tree Hill. Sparse BAPI grazed by horses. Lots of gopher activity. Dominated by annual grasses and annual forbs. FEHA flew over point!,,RAW
TOMKAT,SMA-11-01,TOKA,TOKA-022,RMN_SOIL_SAMPLE_V1,2/5/2018,NA,NA,5,39,70,15.2,450,5.1,7.5,3.6,0,0,0,2.1,38.8,25,36.2,1,0,5,MS,0:00:25,,,NA,0,249.8,190.3,0,0,40,"Weverka, Jacob",0,NA,S shoulder of Lone tree Hill. Sparse BAPI grazed by horses. Lots of gopher activity. Dominated by annual grasses and annual forbs. FEHA flew over point!,,RAW
TOMKAT,SMA-11-01,TOKA,TOKA-022,RMN_SOIL_SAMPLE_V1,1/14/2021,NA,NA,1,38,185,15.2,450,5.1,7.5,3.7,0,0,0,2.4,41.2,21.2,37.5,1,6,2,SH,0:02:02,,,NA,0,219.6,142.5,28.1,11,40,"Preston, Mel",0,NA,Fed bales here fairly recently. CB pounded out quite a bit. NRCS compost trial point. Soils pretty dry and very hard to dig/probe.,,RAW
TOMKAT,SMA-11-01,TOKA,TOKA-022,RMN_SOIL_SAMPLE_V1,1/14/2021,NA,NA,2,7,155,15.2,450,5.1,7.5,3.7,0,0,0,2.4,41.2,21.2,37.5,1,0,1,SH,0:01:05,,,NA,0,211.2,157.6,0.3,0,40,"Preston, Mel",0,NA,Fed bales here fairly recently. CB pounded out quite a bit. NRCS compost trial point. Soils pretty dry and very hard to dig/probe.,,RAW
TOMKAT,SMA-11-01,TOKA,TOKA-022,RMN_SOIL_SAMPLE_V1,1/14/2021,NA,NA,3,35,307,15.2,450,5.1,7.5,3.7,0,0,0,2.4,41.2,21.2,37.5,1,1,2,CR,0:00:36,,,NA,0,208.3,149.2,2.3,1,40,"Preston, Mel",0,NA,Fed bales here fairly recently. CB pounded out quite a bit. NRCS compost trial point. Soils pretty dry and very hard to dig/probe.,,RAW
TOMKAT,SMA-11-01,TOKA,TOKA-022,RMN_SOIL_SAMPLE_V1,1/14/2021,NA,NA,4,21,297,15.2,450,5.1,7.5,3.7,0,0,0,2.4,41.2,21.2,37.5,1,1,1,CR,0:01:17,,,NA,0,227.7,166.8,0.8,0,40,"Preston, Mel",0,NA,Fed bales here fairly recently. CB pounded out quite a bit. NRCS compost trial point. Soils pretty dry and very hard to dig/probe.,,RAW
TOMKAT,SMA-11-01,TOKA,TOKA-022,RMN_SOIL_SAMPLE_V1,1/14/2021,NA,NA,5,39,70,15.2,450,5.1,7.5,3.7,0,0,0,2.4,41.2,21.2,37.5,1,0,1,MS,0:02:30,,,NA,0,227.5,180.1,0.4,0,40,"Preston, Mel",0,NA,Fed bales here fairly recently. CB pounded out quite a bit. NRCS compost trial point. Soils pretty dry and very hard to dig/probe.,,RAW
TOMKAT,SMA-11-01,TOKA,TOKA-022,RMN_SOIL_SAMPLE_V1,3/14/2024,NA,NA,1,38,185,15.2,450,5.1,7.5,3.8,0,0,0,2.3,37.5,36.2,26.2,1,0,2.5,CR,0:12:23,,,NA,0,248.9,160.3,24.5,14,40,"Fanucchi, Krista",0,NA,scrubby hilltop/summit. Re-sampled 1 meter east. ,,RAW
TOMKAT,SMA-11-01,TOKA,TOKA-022,RMN_SOIL_SAMPLE_V1,3/14/2024,NA,NA,2,7,155,15.2,450,5.1,7.5,3.8,0,0,0,2.3,37.5,36.2,26.2,1,0,2,SH,0:34:49,,,NA,0,207.7,149.5,1.6,0,40,"Fanucchi, Krista",0,NA,scrubby hilltop/summit. Re-sampled 1 meter east. ,,RAW
TOMKAT,SMA-11-01,TOKA,TOKA-022,RMN_SOIL_SAMPLE_V1,3/14/2024,NA,NA,3,35,307,15.2,450,5.1,7.5,3.8,0,0,0,2.3,37.5,36.2,26.2,1,1,3.5,CR,0:10:30,,,NA,0,218.1,158.2,2.4,1,40,"Fanucchi, Krista",0,NA,scrubby hilltop/summit. Re-sampled 1 meter east. ,,RAW
TOMKAT,SMA-11-01,TOKA,TOKA-022,RMN_SOIL_SAMPLE_V1,3/14/2024,NA,NA,4,21,297,15.2,450,5.1,7.5,3.8,0,0,0,2.3,37.5,36.2,26.2,1,0,3,CR,0:09:50,,,NA,0,239.4,172.5,0.1,0,40,"Fanucchi, Krista",0,NA,scrubby hilltop/summit. Re-sampled 1 meter east. ,,RAW
TOMKAT,SMA-11-01,TOKA,TOKA-022,RMN_SOIL_SAMPLE_V1,3/14/2024,NA,NA,5,39,70,15.2,450,5.1,7.5,3.8,0,0,0,2.3,37.5,36.2,26.2,1,1,0.5,SH,0:04:22,,,NA,0,240.7,181.6,0.4,0,40,"Fanucchi, Krista",0,NA,scrubby hilltop/summit. Re-sampled 1 meter east. ,,RAW
TOMKAT,SMA-11-01,TOKA,TOKA-029,RMN_SOIL_SAMPLE_V1,12/10/2014,NA,NA,1,43,235,15.2,450,5.1,7.5,3.7,36.5,20,43.8,2.7,40,20,40,1,2,1.5,,0:00:33,0:01:09,0:00:00,NA,0,0,146.3,1,2,30,"Preston, Mel",0,NA,Wet wts not taken.,,RAW
TOMKAT,SMA-11-01,TOKA,TOKA-029,RMN_SOIL_SAMPLE_V1,12/10/2014,NA,NA,2,27,22,15.2,450,5.1,7.5,3.7,36.5,20,43.8,2.7,40,20,40,1,3,1,,0:00:08,0:00:16,0:00:00,NA,0,0,174.1,1.2,1,22,"Preston, Mel",0,NA,Wet wts not taken.,soil very compacted in probe; took 10cm at a time,RAW
TOMKAT,SMA-11-01,TOKA,TOKA-029,RMN_SOIL_SAMPLE_V1,12/10/2014,NA,NA,3,41,281,15.2,450,5.1,7.5,3.7,36.5,20,43.8,2.7,40,20,40,1,8,1,,0:00:29,0:01:16,0:00:00,NA,0,0,145,0.7,1,35,"Preston, Mel",0,NA,Wet wts not taken.,,RAW
TOMKAT,SMA-11-01,TOKA,TOKA-029,RMN_SOIL_SAMPLE_V1,12/10/2014,NA,NA,4,16,145,15.2,450,5.1,7.5,3.7,36.5,20,43.8,2.7,40,20,40,1,2,1,,0:00:09,0:00:20,0:00:00,NA,0,0,162.8,0.9,1,34,"Preston, Mel",0,NA,Wet wts not taken.,,RAW
TOMKAT,SMA-11-01,TOKA,TOKA-029,RMN_SOIL_SAMPLE_V1,12/10/2014,NA,NA,5,13,17,15.2,450,5.1,7.5,3.7,36.5,20,43.8,2.7,40,20,40,1,0,1,,0:00:39,0:01:55,0:00:00,NA,0,0,150.9,0.6,2,36,"Preston, Mel",0,NA,Wet wts not taken.,,RAW
TOMKAT,SMA-11-01,TOKA,TOKA-029,RMN_SOIL_SAMPLE_V1,2/6/2018,NA,NA,1,43,235,15.2,450,5.1,7.5,3.7,0,0,0,2.3,36.2,20,43.8,1,0,2,FS,0:00:52,,,NA,0,211.7,163.7,0,0,40,"Rubenthaler, Rya",0,NA,SE facing slope. Road runs thru point. At edge of thick TODI/BAPI shrubland and TODI and BAPI interspersed throughout point. A couple small fir trees.,,RAW
TOMKAT,SMA-11-01,TOKA,TOKA-029,RMN_SOIL_SAMPLE_V1,2/6/2018,NA,NA,2,27,22,15.2,450,5.1,7.5,3.7,0,0,0,2.3,36.2,20,43.8,1,1,1.5,MS,0:00:27,,,NA,0,230.6,171.7,0,0,40,"Rubenthaler, Rya",0,NA,SE facing slope. Road runs thru point. At edge of thick TODI/BAPI shrubland and TODI and BAPI interspersed throughout point. A couple small fir trees.,moved 6m west out of solid TODI thicket,RAW
TOMKAT,SMA-11-01,TOKA,TOKA-029,RMN_SOIL_SAMPLE_V1,2/6/2018,NA,NA,3,1,281,15.2,450,5.1,7.5,3.7,0,0,0,2.3,36.2,20,43.8,1,1,0.8,MS,0:00:19,,,NA,0,225.5,179.8,0,0,40,"Rubenthaler, Rya",0,NA,SE facing slope. Road runs thru point. At edge of thick TODI/BAPI shrubland and TODI and BAPI interspersed throughout point. A couple small fir trees.,,RAW
TOMKAT,SMA-11-01,TOKA,TOKA-029,RMN_SOIL_SAMPLE_V1,2/6/2018,NA,NA,4,16,145,15.2,450,5.1,7.5,3.7,0,0,0,2.3,36.2,20,43.8,1,1,0.5,MS,0:00:15,,,NA,0,206.9,170.8,0,0,40,"Rubenthaler, Rya",0,NA,SE facing slope. Road runs thru point. At edge of thick TODI/BAPI shrubland and TODI and BAPI interspersed throughout point. A couple small fir trees.,,RAW
TOMKAT,SMA-11-01,TOKA,TOKA-029,RMN_SOIL_SAMPLE_V1,2/6/2018,NA,NA,5,13,17,15.2,450,5.1,7.5,3.7,0,0,0,2.3,36.2,20,43.8,1,2,3,MS,0:01:17,,,NA,0,221,179,0,0,40,"Rubenthaler, Rya",0,NA,SE facing slope. Road runs thru point. At edge of thick TODI/BAPI shrubland and TODI and BAPI interspersed throughout point. A couple small fir trees.,,RAW
TOMKAT,SMA-11-01,TOKA,TOKA-030,RMN_SOIL_SAMPLE_V1,1/8/2015,NA,NA,1,30,234,15.2,450,5.1,7.5,4.5,35,22.5,42.5,2.8,37.5,21.2,41.2,1,5,2,,0:00:07,0:00:14,0:00:00,NA,0,197.2,155.4,0.6,1,31,"Preston, Mel",0,NA,,,RAW
TOMKAT,SMA-11-01,TOKA,TOKA-030,RMN_SOIL_SAMPLE_V1,1/8/2015,NA,NA,2,40,233,15.2,450,5.1,7.5,4.5,35,22.5,42.5,2.8,37.5,21.2,41.2,1,3,3.5,,0:00:08,0:00:13,0:00:00,NA,0,220.8,170.6,1.1,3,36,"Preston, Mel",0,NA,,,RAW
TOMKAT,SMA-11-01,TOKA,TOKA-030,RMN_SOIL_SAMPLE_V1,1/8/2015,NA,NA,3,21,8,15.2,450,5.1,7.5,4.5,35,22.5,42.5,2.8,37.5,21.2,41.2,1,5,1.5,,0:00:43,0:01:46,0:00:00,NA,0,225.1,177.3,0.2,1,37,"Preston, Mel",0,NA,,,RAW
TOMKAT,SMA-11-01,TOKA,TOKA-030,RMN_SOIL_SAMPLE_V1,1/8/2015,NA,NA,4,17,195,15.2,450,5.1,7.5,4.5,35,22.5,42.5,2.8,37.5,21.2,41.2,1,3,2,,0:00:29,0:01:09,0:00:00,NA,0,241.5,191.7,0.1,1,37,"Preston, Mel",0,NA,,,RAW
TOMKAT,SMA-11-01,TOKA,TOKA-030,RMN_SOIL_SAMPLE_V1,1/8/2015,NA,NA,5,14,197,15.2,450,5.1,7.5,4.5,35,22.5,42.5,2.8,37.5,21.2,41.2,1,0,4,,0:00:33,0:01:19,0:00:00,NA,0,236.4,182.2,0.3,2,31,"Preston, Mel",0,NA,,,RAW
TOMKAT,SMA-11-01,TOKA,TOKA-030,RMN_SOIL_SAMPLE_V1,2/5/2018,NA,NA,1,5556333,4124666,15.2,450,5.1,7.5,4.1,0,0,0,2.5,35,20,45,1,0,4,MS,0:00:17,,,NA,0,241.5,184,0,0,40,"Weverka, Jacob",0,NA,"Near crest of SE-facing slope, lots of BAPI, Poison oak. A few doug firs in point. Used GPS to navigate to points",,RAW
TOMKAT,SMA-11-01,TOKA,TOKA-030,RMN_SOIL_SAMPLE_V1,2/5/2018,NA,NA,2,5556324,4124661,15.2,450,5.1,7.5,4.1,0,0,0,2.5,35,20,45,1,2,2.5,MS,0:09:32,,,NA,0,252.5,191.7,0,0,40,"Weverka, Jacob",0,NA,"Near crest of SE-facing slope, lots of BAPI, Poison oak. A few doug firs in point. Used GPS to navigate to points",,RAW
TOMKAT,SMA-11-01,TOKA,TOKA-030,RMN_SOIL_SAMPLE_V1,2/5/2018,NA,NA,3,5556369,4124697,15.2,450,5.1,7.5,4.1,0,0,0,2.5,35,20,45,1,8,1,SH,0:00:11,,,NA,0,221.5,167.7,0,0,40,"Weverka, Jacob",0,NA,"Near crest of SE-facing slope, lots of BAPI, Poison oak. A few doug firs in point. Used GPS to navigate to points",,RAW
TOMKAT,SMA-11-01,TOKA,TOKA-030,RMN_SOIL_SAMPLE_V1,2/5/2018,NA,NA,4,5556352,4124662,15.2,450,5.1,7.5,4.1,0,0,0,2.5,35,20,45,1,2,2,SH,0:01:22,,,NA,0,244.4,192.4,0,0,40,"Weverka, Jacob",0,NA,"Near crest of SE-facing slope, lots of BAPI, Poison oak. A few doug firs in point. Used GPS to navigate to points",,RAW
TOMKAT,SMA-11-01,TOKA,TOKA-030,RMN_SOIL_SAMPLE_V1,2/5/2018,NA,NA,5,5556353,4124665,15.2,450,5.1,7.5,4.1,0,0,0,2.5,35,20,45,1,4,1,SH,0:01:09,,,NA,0,188,150.3,0,0,40,"Weverka, Jacob",0,NA,"Near crest of SE-facing slope, lots of BAPI, Poison oak. A few doug firs in point. Used GPS to navigate to points",,RAW
TOMKAT,SMA-11-01,TOKA,TOKA-034,RMN_SOIL_SAMPLE_V1,12/10/2014,NA,NA,1,38,272,15.2,450,5.1,7.5,5,38.8,23.8,37.5,2.9,16.2,41.2,42.5,1,5,0.5,,0:00:45,0:03:10,0:00:00,NA,0,0,134.3,2.1,2,35,"Preston, Mel",0,NA,No wet wts taken.,,RAW
TOMKAT,SMA-11-01,TOKA,TOKA-034,RMN_SOIL_SAMPLE_V1,12/10/2014,NA,NA,2,12,330,15.2,450,5.1,7.5,5,38.8,23.8,37.5,2.9,16.2,41.2,42.5,1,0,1,,0:00:14,0:01:39,0:00:00,NA,0,0,143.1,0.2,1,36,"Preston, Mel",0,NA,No wet wts taken.,,RAW
TOMKAT,SMA-11-01,TOKA,TOKA-034,RMN_SOIL_SAMPLE_V1,12/10/2014,NA,NA,3,34,23,15.2,450,5.1,7.5,5,38.8,23.8,37.5,2.9,16.2,41.2,42.5,1,0,1.5,,0:00:22,0:01:29,0:00:00,NA,0,0,132.4,0.1,1,36,"Preston, Mel",0,NA,No wet wts taken.,,RAW
TOMKAT,SMA-11-01,TOKA,TOKA-034,RMN_SOIL_SAMPLE_V1,12/10/2014,NA,NA,4,7,233,15.2,450,5.1,7.5,5,38.8,23.8,37.5,2.9,16.2,41.2,42.5,1,0,1,,0:01:06,0:04:54,0:00:00,NA,0,0,138.9,0.4,1,40,"Preston, Mel",0,NA,No wet wts taken.,,RAW
TOMKAT,SMA-11-01,TOKA,TOKA-034,RMN_SOIL_SAMPLE_V1,12/10/2014,NA,NA,5,3,274,15.2,450,5.1,7.5,5,38.8,23.8,37.5,2.9,16.2,41.2,42.5,1,1,2,,0:01:11,0:05:36,0:00:00,NA,0,0,141.5,0.5,1,39,"Preston, Mel",0,NA,No wet wts taken.,,RAW
TOMKAT,SMA-11-01,TOKA,TOKA-034,RMN_SOIL_SAMPLE_V1,2/9/2018,NA,NA,1,38,272,15.2,450,5.1,7.5,4.9,0,0,0,2.9,42.5,21.2,36.2,0,0,0,BO,0:03:10,,,NA,0,200.9,139.4,1.2,0,40,"Weverka, Jacob",0,NA,"Front Pasture E of Rd. into ranch. Lots of Harding grass, ungrazed this season. Point at edge of riparian zone along Honsinger Creek. Used GPS to locate subpoints.",,RAW
TOMKAT,SMA-11-01,TOKA,TOKA-034,RMN_SOIL_SAMPLE_V1,2/9/2018,NA,NA,2,12,330,15.2,450,5.1,7.5,4.9,0,0,0,2.9,42.5,21.2,36.2,0,0,3,BO,0:00:23,,,NA,0,213.6,155.1,0,0,40,"Weverka, Jacob",0,NA,"Front Pasture E of Rd. into ranch. Lots of Harding grass, ungrazed this season. Point at edge of riparian zone along Honsinger Creek. Used GPS to locate subpoints.",,RAW
TOMKAT,SMA-11-01,TOKA,TOKA-034,RMN_SOIL_SAMPLE_V1,2/9/2018,NA,NA,3,34,23,15.2,450,5.1,7.5,4.9,0,0,0,2.9,42.5,21.2,36.2,0,0,0,BO,0:00:15,,,NA,0,207.9,162.6,1.3,0,40,"Weverka, Jacob",0,NA,"Front Pasture E of Rd. into ranch. Lots of Harding grass, ungrazed this season. Point at edge of riparian zone along Honsinger Creek. Used GPS to locate subpoints.",,RAW
TOMKAT,SMA-11-01,TOKA,TOKA-034,RMN_SOIL_SAMPLE_V1,2/9/2018,NA,NA,4,7,233,15.2,450,5.1,7.5,4.9,0,0,0,2.9,42.5,21.2,36.2,0,1,4,BO,0:17:19,,,NA,0,259.2,205.9,0,0,40,"Weverka, Jacob",0,NA,"Front Pasture E of Rd. into ranch. Lots of Harding grass, ungrazed this season. Point at edge of riparian zone along Honsinger Creek. Used GPS to locate subpoints.",,RAW
TOMKAT,SMA-11-01,TOKA,TOKA-034,RMN_SOIL_SAMPLE_V1,2/9/2018,NA,NA,5,3,274,15.2,450,5.1,7.5,4.9,0,0,0,2.9,42.5,21.2,36.2,0,0,3,BO,3:43:11,,,NA,1,232.2,125.2,1.5,1,40,"Weverka, Jacob",0,NA,"Front Pasture E of Rd. into ranch. Lots of Harding grass, ungrazed this season. Point at edge of riparian zone along Honsinger Creek. Used GPS to locate subpoints.",,RAW
TOMKAT,SMA-11-01,TOKA,TOKA-035,RMN_SOIL_SAMPLE_V1,2/20/2015,NA,NA,1,556570,4125908,15.2,450,5.1,7.5,3.5,0,0,0,1.8,26.2,48.8,25,0,18,0.5,,0:00:05,0:00:07,0:00:00,NA,0,136.7,0,0,0,35,"Preston, Mel",0,NA,"SCRUB; Bulk densities not processed b/c PO oil; distance from pt is in 
GPS coords as impossible to pace or take a bearing in scrub.",,RAW
TOMKAT,SMA-11-01,TOKA,TOKA-035,RMN_SOIL_SAMPLE_V1,2/20/2015,NA,NA,2,556565,4125883,15.2,450,5.1,7.5,3.5,0,0,0,1.8,26.2,48.8,25,0,7,0.5,,0:00:13,0:00:32,0:00:00,NA,0,187.4,0,0,0,35,"Preston, Mel",0,NA,"SCRUB; Bulk densities not processed b/c PO oil; distance from pt is in 
GPS coords as impossible to pace or take a bearing in scrub.",,RAW
TOMKAT,SMA-11-01,TOKA,TOKA-035,RMN_SOIL_SAMPLE_V1,2/20/2015,NA,NA,3,556592,4125886,15.2,450,5.1,7.5,3.5,0,0,0,1.8,26.2,48.8,25,0,0,2,,0:00:05,0:00:11,0:00:00,NA,0,172.1,0,0,0,35,"Preston, Mel",0,NA,"SCRUB; Bulk densities not processed b/c PO oil; distance from pt is in 
GPS coords as impossible to pace or take a bearing in scrub.",,RAW
TOMKAT,SMA-11-01,TOKA,TOKA-035,RMN_SOIL_SAMPLE_V1,2/20/2015,NA,NA,4,556597,4125863,15.2,450,5.1,7.5,3.5,0,0,0,1.8,26.2,48.8,25,0,9,2,,0:00:23,0:02:36,0:00:00,NA,0,189,0,0,0,27,"Preston, Mel",0,NA,"SCRUB; Bulk densities not processed b/c PO oil; distance from pt is in 
GPS coords as impossible to pace or take a bearing in scrub.",solid rock/sandstone; dig with trowel,RAW
TOMKAT,SMA-11-01,TOKA,TOKA-035,RMN_SOIL_SAMPLE_V1,2/20/2015,NA,NA,5,556576,4125861,15.2,450,5.1,7.5,3.5,0,0,0,1.8,26.2,48.8,25,0,30,0.5,,0:00:19,0:01:02,0:00:00,NA,0,207.5,0,0,0,35,"Preston, Mel",0,NA,"SCRUB; Bulk densities not processed b/c PO oil; distance from pt is in 
GPS coords as impossible to pace or take a bearing in scrub.",,RAW
TOMKAT,SMA-11-01,TOKA,TOKA-035,RMN_SOIL_SAMPLE_V1,1/22/2018,NA,NA,1,556570,4125908,15.2,450,5.1,7.5,4.1,0,0,0,2.3,25,51.9,23.1,1,8,0.5,SH,0:00:03,,,NA,0,134.7,92.1,NA,NA,40,"Rubenthaler, Rya",0,NA,,,RAW
TOMKAT,SMA-11-01,TOKA,TOKA-035,RMN_SOIL_SAMPLE_V1,1/22/2018,NA,NA,2,556565,4125883,15.2,450,5.1,7.5,4.1,0,0,0,2.3,25,51.9,23.1,1,0,1.5,SH,0:00:23,,,NA,0,192.1,138.5,NA,NA,22,"Rubenthaler, Rya",0,NA,,Sandstone layer @22cm,RAW
TOMKAT,SMA-11-01,TOKA,TOKA-035,RMN_SOIL_SAMPLE_V1,1/22/2018,NA,NA,3,556592,4125886,15.2,450,5.1,7.5,4.1,0,0,0,2.3,25,51.9,23.1,1,8,0.3,SH,0:00:09,,,NA,0,189.3,138.6,NA,NA,40,"Rubenthaler, Rya",0,NA,,,RAW
TOMKAT,SMA-11-01,TOKA,TOKA-035,RMN_SOIL_SAMPLE_V1,1/22/2018,NA,NA,4,556597,4125863,15.2,450,5.1,7.5,4.1,0,0,0,2.3,25,51.9,23.1,1,49,1,MS,0:00:25,,,NA,0,231.8,189.5,NA,NA,40,"Rubenthaler, Rya",0,NA,,,RAW
TOMKAT,SMA-11-01,TOKA,TOKA-035,RMN_SOIL_SAMPLE_V1,1/22/2018,NA,NA,5,556576,4125861,15.2,450,5.1,7.5,4.1,0,0,0,2.3,25,51.9,23.1,1,72,0.3,MS,0:00:04,,,NA,0,205.8,150.9,NA,NA,20,"Rubenthaler, Rya",0,NA,,Hard clay layer wont enter probe,RAW
TOMKAT,SMA-11-01,TOKA,TOKA-041,RMN_SOIL_SAMPLE_V1,1/12/2015,NA,NA,1,38,185,15.2,450,5.1,7.5,3.8,33.8,26.2,40,2.7,35,23.8,41.2,1,0,5,,0:01:15,0:07:04,0:00:00,NA,0,236.9,184.6,0.6,1,37,"Henneman, Carlene",0,NA,,,RAW
TOMKAT,SMA-11-01,TOKA,TOKA-041,RMN_SOIL_SAMPLE_V1,1/12/2015,NA,NA,2,7,155,15.2,450,5.1,7.5,3.8,33.8,26.2,40,2.7,35,23.8,41.2,1,1,4,,0:00:42,0:02:25,0:00:00,NA,0,224.4,172.5,2.4,4,38,"Henneman, Carlene",0,NA,,,RAW
TOMKAT,SMA-11-01,TOKA,TOKA-041,RMN_SOIL_SAMPLE_V1,1/12/2015,NA,NA,3,21,297,15.2,450,5.1,7.5,3.8,33.8,26.2,40,2.7,35,23.8,41.2,1,0,3,,0:00:24,0:01:32,0:00:00,NA,0,225,167.7,0.9,1,38,"Henneman, Carlene",0,NA,,,RAW
TOMKAT,SMA-11-01,TOKA,TOKA-041,RMN_SOIL_SAMPLE_V1,1/12/2015,NA,NA,4,39,70,15.2,450,5.1,7.5,3.8,33.8,26.2,40,2.7,35,23.8,41.2,1,3,1,,0:00:41,0:01:34,0:00:00,NA,0,245.1,183.7,0.8,1,38,"Henneman, Carlene",0,NA,,,RAW
TOMKAT,SMA-11-01,TOKA,TOKA-041,RMN_SOIL_SAMPLE_V1,1/12/2015,NA,NA,5,30,234,15.2,450,5.1,7.5,3.8,33.8,26.2,40,2.7,35,23.8,41.2,1,2,2,,0:00:29,0:01:55,0:00:00,NA,0,246.5,191.2,0.5,1,38,"Henneman, Carlene",0,NA,,,RAW
TOMKAT,SMA-11-01,TOKA,TOKA-041,RMN_SOIL_SAMPLE_V1,1/30/2018,NA,NA,1,38,185,15.2,450,5.1,7.5,3,0,0,0,2.2,32.5,22.5,45,1,3,5,MS,0:00:46,,,NA,0,248.6,188.7,0,0,40,"Weverka, Jacob",0,NA,"NW facing slope with BAPI, blackberry,hemlock. Used GPS to access points due to thickets/cannot pace",,RAW
TOMKAT,SMA-11-01,TOKA,TOKA-041,RMN_SOIL_SAMPLE_V1,1/30/2018,NA,NA,2,7,155,15.2,450,5.1,7.5,3,0,0,0,2.2,32.5,22.5,45,1,0,1.5,MS,0:01:16,,,NA,0,256.7,189.9,0,0,40,"Weverka, Jacob",0,NA,"NW facing slope with BAPI, blackberry,hemlock. Used GPS to access points due to thickets/cannot pace",,RAW
TOMKAT,SMA-11-01,TOKA,TOKA-041,RMN_SOIL_SAMPLE_V1,1/30/2018,NA,NA,3,21,297,15.2,450,5.1,7.5,3,0,0,0,2.2,32.5,22.5,45,1,9,1,MS,0:00:05,,,NA,0,220,161,0,0,40,"Weverka, Jacob",0,NA,"NW facing slope with BAPI, blackberry,hemlock. Used GPS to access points due to thickets/cannot pace",,RAW
TOMKAT,SMA-11-01,TOKA,TOKA-041,RMN_SOIL_SAMPLE_V1,1/30/2018,NA,NA,4,39,70,15.2,450,5.1,7.5,3,0,0,0,2.2,32.5,22.5,45,1,0,3,MS,0:00:05,,,NA,0,268.4,198.5,0,0,40,"Weverka, Jacob",0,NA,"NW facing slope with BAPI, blackberry,hemlock. Used GPS to access points due to thickets/cannot pace",,RAW
TOMKAT,SMA-11-01,TOKA,TOKA-041,RMN_SOIL_SAMPLE_V1,1/30/2018,NA,NA,5,30,234,15.2,450,5.1,7.5,3,0,0,0,2.2,32.5,22.5,45,1,2,2,MS,0:01:32,,,NA,0,177,124.5,0,0,40,"Weverka, Jacob",0,NA,"NW facing slope with BAPI, blackberry,hemlock. Used GPS to access points due to thickets/cannot pace",,RAW
TOMKAT,SMA-11-01,TOKA,TOKA-041,RMN_SOIL_SAMPLE_V1,2/25/2022,NA,NA,1,38,185,15.2,450,5.1,7.5,3.2,0,0,0,2.5,36.2,22.5,41.2,1,7,3.5,MS,0:00:15,,,NA,0,211.9,166.8,0,0,40,"Garcia, Dabid",0,NA,west facing hill dominated by Baccharis spp.,,RAW
TOMKAT,SMA-11-01,TOKA,TOKA-041,RMN_SOIL_SAMPLE_V1,2/25/2022,NA,NA,2,7,155,15.2,450,5.1,7.5,3.2,0,0,0,2.5,36.2,22.5,41.2,1,1,2,MS,0:00:05,,,NA,0,184,143.2,0,0,40,"Garcia, Dabid",0,NA,west facing hill dominated by Baccharis spp.,,RAW
TOMKAT,SMA-11-01,TOKA,TOKA-041,RMN_SOIL_SAMPLE_V1,2/25/2022,NA,NA,3,21,297,15.2,450,5.1,7.5,3.2,0,0,0,2.5,36.2,22.5,41.2,1,0,4.5,MS,0:00:18,,,NA,0,156.9,116.1,0,0,40,"Garcia, Dabid",0,NA,west facing hill dominated by Baccharis spp.,,RAW
TOMKAT,SMA-11-01,TOKA,TOKA-041,RMN_SOIL_SAMPLE_V1,2/25/2022,NA,NA,4,39,70,15.2,450,5.1,7.5,3.2,0,0,0,2.5,36.2,22.5,41.2,1,16,1.5,MS,0:00:07,,,NA,0,284.6,213.5,0,0,40,"Garcia, Dabid",0,NA,west facing hill dominated by Baccharis spp.,,RAW
TOMKAT,SMA-11-01,TOKA,TOKA-041,RMN_SOIL_SAMPLE_V1,2/25/2022,NA,NA,5,30,234,15.2,450,5.1,7.5,3.2,0,0,0,2.5,36.2,22.5,41.2,1,0,5,MS,0:02:04,,,NA,0,214.9,169,0,0,40,"Garcia, Dabid",0,NA,west facing hill dominated by Baccharis spp.,,RAW
TOMKAT,SMA-11-01,TOKA,TOKA-041,RMN_SOIL_SAMPLE_V1,1/30/2025,NA,NA,1,38,185,15.2,450,5.1,7.5,3.1,0,0,0,2.3,32.5,21.2,46.2,1,0,3,MS,0:00:22,,,NA,0,244.5,185.7,0,0,40,"Fanucchi, Krista",0,NA,North facing hillside. Very dense and tall BAPI and TODI. Difficult to navigate to subpoint. ,,RAW
TOMKAT,SMA-11-01,TOKA,TOKA-041,RMN_SOIL_SAMPLE_V1,1/30/2025,NA,NA,2,7,155,15.2,450,5.1,7.5,3.1,0,0,0,2.3,32.5,21.2,46.2,1,0,2,MS,0:00:26,,,NA,0,213,162.9,0.3,0,35,"Fanucchi, Krista",0,NA,North facing hillside. Very dense and tall BAPI and TODI. Difficult to navigate to subpoint. ,,RAW
TOMKAT,SMA-11-01,TOKA,TOKA-041,RMN_SOIL_SAMPLE_V1,1/30/2025,NA,NA,3,21,297,15.2,450,5.1,7.5,3.1,0,0,0,2.3,32.5,21.2,46.2,1,0,6,FS,0:00:20,,,NA,0,229.3,183.6,0,0,40,"Fanucchi, Krista",0,NA,North facing hillside. Very dense and tall BAPI and TODI. Difficult to navigate to subpoint. ,,RAW
TOMKAT,SMA-11-01,TOKA,TOKA-041,RMN_SOIL_SAMPLE_V1,1/30/2025,NA,NA,4,39,70,15.2,450,5.1,7.5,3.1,0,0,0,2.3,32.5,21.2,46.2,1,11,0,MS,0:02:03,,,NA,0,220.1,163.1,0.1,0,21,"Fanucchi, Krista",0,NA,North facing hillside. Very dense and tall BAPI and TODI. Difficult to navigate to subpoint. ,,RAW
TOMKAT,SMA-11-01,TOKA,TOKA-041,RMN_SOIL_SAMPLE_V1,1/30/2025,NA,NA,5,30,234,15.2,450,5.1,7.5,3.1,0,0,0,2.3,32.5,21.2,46.2,1,0,3,FS,0:00:29,,,NA,0,184.7,138.5,0,0,40,"Fanucchi, Krista",0,NA,North facing hillside. Very dense and tall BAPI and TODI. Difficult to navigate to subpoint. ,,RAW
TOMKAT,SMA-11-01,TOKA,TOKA-045,RMN_SOIL_SAMPLE_V1,2/24/2015,NA,NA,1,556782,4125035,15.2,450,5.1,7.5,3.7,0,0,0,2.1,36.2,32.5,31.2,0,7,1.5,,0:00:19,0:01:16,0:00:00,NA,0,199.5,0,0,0,35,"Preston, Mel",0,NA,"SCRUB; Bulk densities not processed b/c PO oil; distance from pt is in 
GPS coords as impossible to pace or take a bearing in scrub.",,RAW
TOMKAT,SMA-11-01,TOKA,TOKA-045,RMN_SOIL_SAMPLE_V1,2/24/2015,NA,NA,2,556782,4125065,15.2,450,5.1,7.5,3.7,0,0,0,2.1,36.2,32.5,31.2,0,0,4,,0:00:05,0:00:07,0:00:00,NA,0,218.9,0,0,0,35,"Preston, Mel",0,NA,"SCRUB; Bulk densities not processed b/c PO oil; distance from pt is in 
GPS coords as impossible to pace or take a bearing in scrub.",,RAW
TOMKAT,SMA-11-01,TOKA,TOKA-045,RMN_SOIL_SAMPLE_V1,2/24/2015,NA,NA,3,556810,4125129,15.2,450,5.1,7.5,3.7,0,0,0,2.1,36.2,32.5,31.2,0,0,4,,0:00:11,0:00:13,0:00:00,NA,0,187.8,0,0,0,37,"Preston, Mel",0,NA,"SCRUB; Bulk densities not processed b/c PO oil; distance from pt is in 
GPS coords as impossible to pace or take a bearing in scrub.",,RAW
TOMKAT,SMA-11-01,TOKA,TOKA-045,RMN_SOIL_SAMPLE_V1,2/24/2015,NA,NA,4,556804,4125101,15.2,450,5.1,7.5,3.7,0,0,0,2.1,36.2,32.5,31.2,0,1,5,,0:00:04,0:00:03,0:00:00,NA,0,211.6,0,0,0,29,"Preston, Mel",0,NA,"SCRUB; Bulk densities not processed b/c PO oil; distance from pt is in 
GPS coords as impossible to pace or take a bearing in scrub.",,RAW
TOMKAT,SMA-11-01,TOKA,TOKA-045,RMN_SOIL_SAMPLE_V1,2/24/2015,NA,NA,5,556785,4125089,15.2,450,5.1,7.5,3.7,0,0,0,2.1,36.2,32.5,31.2,0,0,5,,0:00:07,0:00:10,0:00:00,NA,0,174,0,0,0,39,"Preston, Mel",0,NA,"SCRUB; Bulk densities not processed b/c PO oil; distance from pt is in 
GPS coords as impossible to pace or take a bearing in scrub.",,RAW
TOMKAT,SMA-11-01,TOKA,TOKA-045,RMN_SOIL_SAMPLE_V1,1/23/2018,NA,NA,1,556782,4125035,15.2,450,5.1,7.5,4.6,0,0,0,2.3,38.8,28.8,32.5,0,31,0.5,MS,0:00:18,,,NA,0,182.3,117.8,0,0,40,"Rubenthaler, Rya ",0,NA,,,RAW
TOMKAT,SMA-11-01,TOKA,TOKA-045,RMN_SOIL_SAMPLE_V1,1/23/2018,NA,NA,2,556782,4125065,15.2,450,5.1,7.5,4.6,0,0,0,2.3,38.8,28.8,32.5,0,3,2,MS,0:00:03,,,NA,0,195.4,143.1,0,0,40,"Rubenthaler, Rya ",0,NA,,,RAW
TOMKAT,SMA-11-01,TOKA,TOKA-045,RMN_SOIL_SAMPLE_V1,1/23/2018,NA,NA,3,556810,4125129,15.2,450,5.1,7.5,4.6,0,0,0,2.3,38.8,28.8,32.5,0,1,1,MS,0:00:30,,,NA,0,189.8,139.4,0,0,40,"Rubenthaler, Rya ",0,NA,,,RAW
TOMKAT,SMA-11-01,TOKA,TOKA-045,RMN_SOIL_SAMPLE_V1,1/23/2018,NA,NA,4,556804,4125101,15.2,450,5.1,7.5,4.6,0,0,0,2.3,38.8,28.8,32.5,0,9,0.3,MS,0:00:07,,,NA,0,188.8,143.5,0,0,32,"Rubenthaler, Rya ",0,NA,,,RAW
TOMKAT,SMA-11-01,TOKA,TOKA-045,RMN_SOIL_SAMPLE_V1,1/23/2018,NA,NA,5,556785,4125089,15.2,450,5.1,7.5,4.6,0,0,0,2.3,38.8,28.8,32.5,0,0,0.5,MS,0:00:07,,,NA,0,182.9,140.3,0,0,40,"Rubenthaler, Rya ",0,NA,,,RAW
TOMKAT,SMA-11-01,TOKA,TOKA-055,RMN_SOIL_SAMPLE_V1,1/14/2015,NA,NA,1,29,75,15.2,450,5.1,7.5,3.2,36.2,26.2,37.5,2.5,38.8,25,36.2,1,4,2,,0:05:05,0:08:04,0:00:00,NA,0,235.8,186.9,3.9,3,40,"Henneman, Carlene",0,NA,,,RAW
TOMKAT,SMA-11-01,TOKA,TOKA-055,RMN_SOIL_SAMPLE_V1,1/14/2015,NA,NA,2,36,236,15.2,450,5.1,7.5,3.2,36.2,26.2,37.5,2.5,38.8,25,36.2,1,21,0,,0:10:12,0:32:16,0:00:00,NA,0,246.9,194.6,12.7,8,37,"Henneman, Carlene",0,NA,,,RAW
TOMKAT,SMA-11-01,TOKA,TOKA-055,RMN_SOIL_SAMPLE_V1,1/14/2015,NA,NA,3,18,249,15.2,450,5.1,7.5,3.2,36.2,26.2,37.5,2.5,38.8,25,36.2,1,9,0,,0:19:41,0:26:14,0:00:00,NA,0,239,129.4,77.6,40,37,"Henneman, Carlene",0,NA,,,RAW
TOMKAT,SMA-11-01,TOKA,TOKA-055,RMN_SOIL_SAMPLE_V1,1/14/2015,NA,NA,4,27,257,15.2,450,5.1,7.5,3.2,36.2,26.2,37.5,2.5,38.8,25,36.2,1,9,0,,0:03:34,0:16:13,0:00:00,NA,0,222.9,169.8,18.1,10,38,"Henneman, Carlene",0,NA,,,RAW
TOMKAT,SMA-11-01,TOKA,TOKA-055,RMN_SOIL_SAMPLE_V1,1/14/2015,NA,NA,5,21,51,15.2,450,5.1,7.5,3.2,36.2,26.2,37.5,2.5,38.8,25,36.2,1,2,0,,0:03:10,0:05:46,0:00:00,NA,0,244.3,194.9,3.2,2,38,"Henneman, Carlene",0,NA,,,RAW
TOMKAT,SMA-11-01,TOKA,TOKA-055,RMN_SOIL_SAMPLE_V1,1/30/2018,NA,NA,1,29,75,15.2,450,5.1,7.5,3.4,0,0,0,2.5,35,25,40,1,0,4,MS,0:04:27,,,NA,0,231.9,169.7,0,0,40,"Rubenthaler, Rya",0,NA,"""Bull"" pasture. Cows were in here during wet season; ATV ""road"" with compaction down hill--previously not. Lots of tall Coyote brush, near shrub ravine.",,RAW
TOMKAT,SMA-11-01,TOKA,TOKA-055,RMN_SOIL_SAMPLE_V1,1/30/2018,NA,NA,2,36,236,15.2,450,5.1,7.5,3.4,0,0,0,2.5,35,25,40,1,0,3,MS,0:00:10,,,NA,0,222.4,161.7,2.4,1,40,"Rubenthaler, Rya",0,NA,"""Bull"" pasture. Cows were in here during wet season; ATV ""road"" with compaction down hill--previously not. Lots of tall Coyote brush, near shrub ravine.",,RAW
TOMKAT,SMA-11-01,TOKA,TOKA-055,RMN_SOIL_SAMPLE_V1,1/30/2018,NA,NA,3,18,249,15.2,450,5.1,7.5,3.4,0,0,0,2.5,35,25,40,1,0,0.5,MS,0:02:34,,,NA,0,277.3,182.4,36.6,23,19,"Rubenthaler, Rya",0,NA,"""Bull"" pasture. Cows were in here during wet season; ATV ""road"" with compaction down hill--previously not. Lots of tall Coyote brush, near shrub ravine.",Clay/bedrock,RAW
TOMKAT,SMA-11-01,TOKA,TOKA-055,RMN_SOIL_SAMPLE_V1,1/30/2018,NA,NA,4,27,257,15.2,450,5.1,7.5,3.4,0,0,0,2.5,35,25,40,1,0,1,MS,0:00:21,,,NA,0,257,173.2,26.9,12,40,"Rubenthaler, Rya",0,NA,"""Bull"" pasture. Cows were in here during wet season; ATV ""road"" with compaction down hill--previously not. Lots of tall Coyote brush, near shrub ravine.",,RAW
TOMKAT,SMA-11-01,TOKA,TOKA-055,RMN_SOIL_SAMPLE_V1,1/30/2018,NA,NA,5,21,51,15.2,450,5.1,7.5,3.4,0,0,0,2.5,35,25,40,1,0,3,MS,0:00:11,,,NA,0,251,188,1.3,1,40,"Rubenthaler, Rya",0,NA,"""Bull"" pasture. Cows were in here during wet season; ATV ""road"" with compaction down hill--previously not. Lots of tall Coyote brush, near shrub ravine.",,RAW
TOMKAT,SMA-11-01,TOKA,TOKA-057,RMN_SOIL_SAMPLE_V1,1/6/2015,NA,NA,1,48,155,15.2,450,5.1,7.5,3.1,37.5,23.8,38.8,2.2,40,21.2,38.8,1,0,4,,0:00:05,0:00:16,0:00:00,NA,0,249.2,203.2,0.1,1,35,"Preston, Mel",0,NA,,,RAW
TOMKAT,SMA-11-01,TOKA,TOKA-057,RMN_SOIL_SAMPLE_V1,1/6/2015,NA,NA,2,36,53,15.2,450,5.1,7.5,3.1,37.5,23.8,38.8,2.2,40,21.2,38.8,1,2,2.1,,0:00:10,0:00:18,0:00:00,NA,0,210.2,169.6,1.7,6,39,"Preston, Mel",0,NA,,,RAW
TOMKAT,SMA-11-01,TOKA,TOKA-057,RMN_SOIL_SAMPLE_V1,1/6/2015,NA,NA,3,45,162,15.2,450,5.1,7.5,3.1,37.5,23.8,38.8,2.2,40,21.2,38.8,1,3,2.5,,0:00:09,0:00:25,0:00:00,NA,0,257.9,204.4,0.4,1,34,"Preston, Mel",0,NA,,,RAW
TOMKAT,SMA-11-01,TOKA,TOKA-057,RMN_SOIL_SAMPLE_V1,1/6/2015,NA,NA,4,33,242,15.2,450,5.1,7.5,3.1,37.5,23.8,38.8,2.2,40,21.2,38.8,1,3,1.5,,0:00:04,0:00:09,0:00:00,NA,0,208.6,163.2,0,0,32,"Preston, Mel",0,NA,,,RAW
TOMKAT,SMA-11-01,TOKA,TOKA-057,RMN_SOIL_SAMPLE_V1,1/6/2015,NA,NA,5,44,196,15.2,450,5.1,7.5,3.1,37.5,23.8,38.8,2.2,40,21.2,38.8,1,1,1.5,,0:00:19,0:00:52,0:00:00,NA,0,251.2,197.6,0.1,1,35,"Preston, Mel",0,NA,,,RAW
TOMKAT,SMA-11-01,TOKA,TOKA-057,RMN_SOIL_SAMPLE_V1,1/12/2018,NA,NA,1,48,155,15.2,450,5.2,7.5,3,0,0,0,2.1,41.2,17.5,41.2,1,0,4,MS,0:00:47,,,NA,0,248.6,185.9,0,0,40,"Rubenthaler, Rya",0,NA,"SW facing slope, lots of orchard grass, lots of standing dead and thatch, rodent activity, dont know when last grazed. Resample 1m west of dist/degree.",,RAW
TOMKAT,SMA-11-01,TOKA,TOKA-057,RMN_SOIL_SAMPLE_V1,1/12/2018,NA,NA,2,36,53,15.2,450,5.2,7.5,3,0,0,0,2.1,41.2,17.5,41.2,1,0,6,MS,0:00:30,,,NA,0,228.4,170.4,0,0,40,"Rubenthaler, Rya",0,NA,"SW facing slope, lots of orchard grass, lots of standing dead and thatch, rodent activity, dont know when last grazed. Resample 1m west of dist/degree.",,RAW
TOMKAT,SMA-11-01,TOKA,TOKA-057,RMN_SOIL_SAMPLE_V1,1/12/2018,NA,NA,3,45,162,15.2,450,5.2,7.5,3,0,0,0,2.1,41.2,17.5,41.2,1,2,3,MS,0:00:18,,,NA,0,242.9,182.1,0,0,40,"Rubenthaler, Rya",0,NA,"SW facing slope, lots of orchard grass, lots of standing dead and thatch, rodent activity, dont know when last grazed. Resample 1m west of dist/degree.",,RAW
TOMKAT,SMA-11-01,TOKA,TOKA-057,RMN_SOIL_SAMPLE_V1,1/12/2018,NA,NA,4,33,242,15.2,450,5.2,7.5,3,0,0,0,2.1,41.2,17.5,41.2,1,0,3,MS,0:12:46,,,NA,0,218.3,160.7,0,0,40,"Rubenthaler, Rya",0,NA,"SW facing slope, lots of orchard grass, lots of standing dead and thatch, rodent activity, dont know when last grazed. Resample 1m west of dist/degree.",,RAW
TOMKAT,SMA-11-01,TOKA,TOKA-057,RMN_SOIL_SAMPLE_V1,1/12/2018,NA,NA,5,44,196,15.2,450,5.2,7.5,3,0,0,0,2.1,41.2,17.5,41.2,1,0,2,MS,0:01:00,,,NA,0,274.1,206.1,0,0,40,"Rubenthaler, Rya",0,NA,"SW facing slope, lots of orchard grass, lots of standing dead and thatch, rodent activity, dont know when last grazed. Resample 1m west of dist/degree.",,RAW
TOMKAT,SMA-11-01,TOKA,TOKA-057,RMN_SOIL_SAMPLE_V1,2/16/2021,NA,NA,1,48,155,15.2,450,5.1,7.5,3.1,0,0,0,2.2,42.5,16.2,41.2,0,0,3,MS,0:03:14,,,NA,0,239.9,180.6,0,0,40,"Preston, Mel",0,NA,"Below water tank hill; nice green coming on, recent rain well infiltrated.",,RAW
TOMKAT,SMA-11-01,TOKA,TOKA-057,RMN_SOIL_SAMPLE_V1,2/16/2021,NA,NA,2,36,53,15.2,450,5.1,7.5,3.1,0,0,0,2.2,42.5,16.2,41.2,0,0,3,MS,0:00:32,,,NA,0,210.5,154.1,0,0,40,"Preston, Mel",0,NA,"Below water tank hill; nice green coming on, recent rain well infiltrated.",,RAW
TOMKAT,SMA-11-01,TOKA,TOKA-057,RMN_SOIL_SAMPLE_V1,2/16/2021,NA,NA,3,45,162,15.2,450,5.1,7.5,3.1,0,0,0,2.2,42.5,16.2,41.2,0,0,4,MS,0:00:35,,,NA,0,210.4,155.9,0,0,40,"Preston, Mel",0,NA,"Below water tank hill; nice green coming on, recent rain well infiltrated.",,RAW
TOMKAT,SMA-11-01,TOKA,TOKA-057,RMN_SOIL_SAMPLE_V1,2/16/2021,NA,NA,4,33,242,15.2,450,5.1,7.5,3.1,0,0,0,2.2,42.5,16.2,41.2,0,0,3,MS,0:00:16,,,NA,0,220.3,163.5,0.3,0,40,"Preston, Mel",0,NA,"Below water tank hill; nice green coming on, recent rain well infiltrated.",,RAW
TOMKAT,SMA-11-01,TOKA,TOKA-057,RMN_SOIL_SAMPLE_V1,2/16/2021,NA,NA,5,44,196,15.2,450,5.1,7.5,3.1,0,0,0,2.2,42.5,16.2,41.2,0,0,1,MS,0:00:19,,,NA,0,239.5,183.1,0,0,40,"Preston, Mel",0,NA,"Below water tank hill; nice green coming on, recent rain well infiltrated.",,RAW
TOMKAT,SMA-11-01,TOKA,TOKA-057,RMN_SOIL_SAMPLE_V1,3/11/2024,NA,NA,1,48,155,15.2,450,5.1,7.5,2.9,0,0,0,1.9,38.8,18.8,42.5,1,0,1,MS,0:20:21,,,NA,0,250.6,185.2,0,0,40,"Fanucchi, Krista",0,NA,"hillside, open scrub/grassland. Just above old road/trail. Re-sampled 1 meter east. Mix of perennial and annual. About 1/2"" rain night prior. ",,RAW
TOMKAT,SMA-11-01,TOKA,TOKA-057,RMN_SOIL_SAMPLE_V1,3/11/2024,NA,NA,2,36,53,15.2,450,5.1,7.5,2.9,0,0,0,1.9,38.8,18.8,42.5,1,0,1,MS,0:15:38,,,NA,0,241.5,172.3,0,0,40,"Fanucchi, Krista",0,NA,"hillside, open scrub/grassland. Just above old road/trail. Re-sampled 1 meter east. Mix of perennial and annual. About 1/2"" rain night prior. ",,RAW
TOMKAT,SMA-11-01,TOKA,TOKA-057,RMN_SOIL_SAMPLE_V1,3/11/2024,NA,NA,3,45,162,15.2,450,5.1,7.5,2.9,0,0,0,1.9,38.8,18.8,42.5,1,0,1,MS,0:01:39,,,NA,0,258.9,182.2,0,0,32,"Fanucchi, Krista",0,NA,"hillside, open scrub/grassland. Just above old road/trail. Re-sampled 1 meter east. Mix of perennial and annual. About 1/2"" rain night prior. ",,RAW
TOMKAT,SMA-11-01,TOKA,TOKA-057,RMN_SOIL_SAMPLE_V1,3/11/2024,NA,NA,4,33,242,15.2,450,5.1,7.5,2.9,0,0,0,1.9,38.8,18.8,42.5,1,0,0.5,MS,0:08:34,,,NA,0,262.5,190.8,0,0,40,"Fanucchi, Krista",0,NA,"hillside, open scrub/grassland. Just above old road/trail. Re-sampled 1 meter east. Mix of perennial and annual. About 1/2"" rain night prior. ",,RAW
TOMKAT,SMA-11-01,TOKA,TOKA-057,RMN_SOIL_SAMPLE_V1,3/11/2024,NA,NA,5,44,196,15.2,450,5.1,7.5,2.9,0,0,0,1.9,38.8,18.8,42.5,1,0,0.5,MS,2:45:00,,,NA,1,281.6,206.1,0,0,32,"Fanucchi, Krista",0,NA,"hillside, open scrub/grassland. Just above old road/trail. Re-sampled 1 meter east. Mix of perennial and annual. About 1/2"" rain night prior. ",,RAW
TOMKAT,SMA-11-01,TOKA,TOKA-060,RMN_SOIL_SAMPLE_V1,1/13/2015,NA,NA,1,46,306,15.2,450,5.1,7.5,4.3,31.2,41.2,27.5,2.4,31.9,39.4,28.8,1,0,1,,0:00:09,0:00:23,0:00:00,NA,0,212.3,172,0.3,1,37,"Preston, Mel",0,NA,,,RAW
TOMKAT,SMA-11-01,TOKA,TOKA-060,RMN_SOIL_SAMPLE_V1,1/13/2015,NA,NA,2,48,318,15.2,450,5.1,7.5,4.3,31.2,41.2,27.5,2.4,31.9,39.4,28.8,1,3,1.5,,0:00:11,0:00:19,0:00:00,NA,0,225.8,179.2,5.5,8,37,"Preston, Mel",0,NA,,,RAW
TOMKAT,SMA-11-01,TOKA,TOKA-060,RMN_SOIL_SAMPLE_V1,1/13/2015,NA,NA,3,24,221,15.2,450,5.1,7.5,4.3,31.2,41.2,27.5,2.4,31.9,39.4,28.8,1,6,1,,0:00:30,0:02:04,0:00:00,NA,0,212.1,182.9,0.4,2,37,"Preston, Mel",0,NA,,,RAW
TOMKAT,SMA-11-01,TOKA,TOKA-060,RMN_SOIL_SAMPLE_V1,1/13/2015,NA,NA,4,28,101,15.2,450,5.1,7.5,4.3,31.2,41.2,27.5,2.4,31.9,39.4,28.8,1,0,1,,0:02:21,0:05:02,0:00:00,NA,0,245.9,147.7,63.5,31,36,"Preston, Mel",0,NA,,,RAW
TOMKAT,SMA-11-01,TOKA,TOKA-060,RMN_SOIL_SAMPLE_V1,1/13/2015,NA,NA,5,34,86,15.2,450,5.1,7.5,4.3,31.2,41.2,27.5,2.4,31.9,39.4,28.8,1,3,1,,0:00:21,0:00:52,0:00:00,NA,0,180.3,98.8,60.7,30,35,"Preston, Mel",0,NA,,,RAW
TOMKAT,SMA-11-01,TOKA,TOKA-060,RMN_SOIL_SAMPLE_V1,2/6/2018,NA,NA,1,46,306,15.2,450,5.1,7.5,4,0,0,0,2.8,31.2,36.2,32.5,1,0,1,MS,0:01:00,,,NA,0,228.7,192.1,0,0,40,"Rubenthaler, Rya",0,NA,"East-facing slope. Road runs through point. Sparse BAPI, TODI, blackberry and a few firs. ",,RAW
TOMKAT,SMA-11-01,TOKA,TOKA-060,RMN_SOIL_SAMPLE_V1,2/6/2018,NA,NA,2,48,318,15.2,450,5.1,7.5,4,0,0,0,2.8,31.2,36.2,32.5,1,1,4,MS,0:00:26,,,NA,0,238.1,187.4,0,0,40,"Rubenthaler, Rya",0,NA,"East-facing slope. Road runs through point. Sparse BAPI, TODI, blackberry and a few firs. ",,RAW
TOMKAT,SMA-11-01,TOKA,TOKA-060,RMN_SOIL_SAMPLE_V1,2/6/2018,NA,NA,3,24,221,15.2,450,5.1,7.5,4,0,0,0,2.8,31.2,36.2,32.5,1,0,2,MS,0:00:16,,,NA,0,227,178.6,2.5,1,40,"Rubenthaler, Rya",0,NA,"East-facing slope. Road runs through point. Sparse BAPI, TODI, blackberry and a few firs. ",,RAW
TOMKAT,SMA-11-01,TOKA,TOKA-060,RMN_SOIL_SAMPLE_V1,2/6/2018,NA,NA,4,28,101,15.2,450,5.1,7.5,4,0,0,0,2.8,31.2,36.2,32.5,1,1,0,FS,0:00:33,,,NA,0,236.2,167.9,25.8,14,40,"Rubenthaler, Rya",0,NA,"East-facing slope. Road runs through point. Sparse BAPI, TODI, blackberry and a few firs. ",,RAW
TOMKAT,SMA-11-01,TOKA,TOKA-060,RMN_SOIL_SAMPLE_V1,2/6/2018,NA,NA,5,34,86,15.2,450,5.1,7.5,4,0,0,0,2.8,31.2,36.2,32.5,1,11,1,FS,0:01:16,,,NA,0,241.6,159.9,45.7,31,40,"Rubenthaler, Rya",0,NA,"East-facing slope. Road runs through point. Sparse BAPI, TODI, blackberry and a few firs. ",,RAW
TOMKAT,SMA-11-01,TOKA,TOKA-060,RMN_SOIL_SAMPLE_V1,1/13/2021,NA,NA,1,46,306,15.2,450,5.1,7.5,3.7,0,0,0,2.5,34.4,29.4,36.2,1,2,2,MS,0:03:38,,,NA,0,210.5,159,0,0,40,"Preston, Mel",0,NA,"2nd resample, just outside Burn Unit #1 planned to fire later this month. Grazed fairly heavy, looks good. Harding regrowth tender, PO fairly dormant.",,RAW
TOMKAT,SMA-11-01,TOKA,TOKA-060,RMN_SOIL_SAMPLE_V1,1/13/2021,NA,NA,2,48,318,15.2,450,5.1,7.5,3.7,0,0,0,2.5,34.4,29.4,36.2,1,0,2,MS,0:02:12,,,NA,0,226.1,168.2,0,0,40,"Preston, Mel",0,NA,"2nd resample, just outside Burn Unit #1 planned to fire later this month. Grazed fairly heavy, looks good. Harding regrowth tender, PO fairly dormant.",,RAW
TOMKAT,SMA-11-01,TOKA,TOKA-060,RMN_SOIL_SAMPLE_V1,1/13/2021,NA,NA,3,24,221,15.2,450,5.1,7.5,3.7,0,0,0,2.5,34.4,29.4,36.2,1,0,2,MS,0:00:40,,,NA,0,266.5,201.7,0.6,0,40,"Preston, Mel",0,NA,"2nd resample, just outside Burn Unit #1 planned to fire later this month. Grazed fairly heavy, looks good. Harding regrowth tender, PO fairly dormant.",,RAW
TOMKAT,SMA-11-01,TOKA,TOKA-060,RMN_SOIL_SAMPLE_V1,1/13/2021,NA,NA,4,28,101,15.2,450,5.1,7.5,3.7,0,0,0,2.5,34.4,29.4,36.2,1,0,0.5,MS,0:01:18,,,NA,0,227.2,159.7,15.8,7,40,"Preston, Mel",0,NA,"2nd resample, just outside Burn Unit #1 planned to fire later this month. Grazed fairly heavy, looks good. Harding regrowth tender, PO fairly dormant.",,RAW
TOMKAT,SMA-11-01,TOKA,TOKA-060,RMN_SOIL_SAMPLE_V1,1/13/2021,NA,NA,5,34,86,15.2,450,5.1,7.5,3.7,0,0,0,2.5,34.4,29.4,36.2,1,1,1,MS,0:00:05,,,NA,0,212.6,159.4,2.8,0,38,"Preston, Mel",0,NA,"2nd resample, just outside Burn Unit #1 planned to fire later this month. Grazed fairly heavy, looks good. Harding regrowth tender, PO fairly dormant.",,RAW
TOMKAT,SMA-11-01,TOKA,TOKA-060,RMN_SOIL_SAMPLE_V1,3/15/2024,NA,NA,1,46,306,15.2,450,5.1,7.5,3.7,0,0,0,1.9,31.2,32.5,36.2,1,0,1.5,FS,0:00:47,,,NA,0,218.7,165,5,3,40,"Fanucchi, Krista",0,NA,Scrubby footslope (lots of poison oak) just above old road. Two points on old road. Re-sampled 1 meter east.,,RAW
TOMKAT,SMA-11-01,TOKA,TOKA-060,RMN_SOIL_SAMPLE_V1,3/15/2024,NA,NA,2,48,318,15.2,450,5.1,7.5,3.7,0,0,0,1.9,31.2,32.5,36.2,1,0,2,FS,0:12:40,,,NA,0,234.2,176.8,7.6,3,31,"Fanucchi, Krista",0,NA,Scrubby footslope (lots of poison oak) just above old road. Two points on old road. Re-sampled 1 meter east.,,RAW
TOMKAT,SMA-11-01,TOKA,TOKA-060,RMN_SOIL_SAMPLE_V1,3/15/2024,NA,NA,3,24,221,15.2,450,5.1,7.5,3.7,0,0,0,1.9,31.2,32.5,36.2,1,1,1,FS,0:07:09,,,NA,0,257.9,199.7,0.3,0,40,"Fanucchi, Krista",0,NA,Scrubby footslope (lots of poison oak) just above old road. Two points on old road. Re-sampled 1 meter east.,re-sampled at 34 (not 24) to avoid dense poison oak,RAW
TOMKAT,SMA-11-01,TOKA,TOKA-060,RMN_SOIL_SAMPLE_V1,3/15/2024,NA,NA,4,28,101,15.2,450,5.1,7.5,3.7,0,0,0,1.9,31.2,32.5,36.2,1,0,0,BO,0:02:58,,,NA,0,220.4,166.2,2.2,1,40,"Fanucchi, Krista",0,NA,Scrubby footslope (lots of poison oak) just above old road. Two points on old road. Re-sampled 1 meter east.,,RAW
TOMKAT,SMA-11-01,TOKA,TOKA-060,RMN_SOIL_SAMPLE_V1,3/15/2024,NA,NA,5,34,86,15.2,450,5.1,7.5,3.7,0,0,0,1.9,31.2,32.5,36.2,1,5,0.5,BO,0:00:08,,,NA,0,187.4,134,8.4,4,40,"Fanucchi, Krista",0,NA,Scrubby footslope (lots of poison oak) just above old road. Two points on old road. Re-sampled 1 meter east.,re-sampled at 24 m (not 34) to avoid dense poison oak,RAW
TOMKAT,SMA-11-01,TOKA,TOKA-061,RMN_SOIL_SAMPLE_V1,1/13/2015,NA,NA,1,1,267,15.2,450,5.1,7.5,3.6,35,28.8,36.2,2.2,42.5,25,32.5,1,36,0.5,,0:01:42,0:09:03,0:00:00,NA,0,184.8,138.1,16.5,10,35,"Preston, Mel",0,NA,,,RAW
TOMKAT,SMA-11-01,TOKA,TOKA-061,RMN_SOIL_SAMPLE_V1,1/13/2015,NA,NA,2,33,190,15.2,450,5.1,7.5,3.6,35,28.8,36.2,2.2,42.5,25,32.5,1,1,1,,0:00:09,0:00:18,0:00:00,NA,0,212.6,172.8,3.2,3,36,"Preston, Mel",0,NA,,,RAW
TOMKAT,SMA-11-01,TOKA,TOKA-061,RMN_SOIL_SAMPLE_V1,1/13/2015,NA,NA,3,40,206,15.2,450,5.1,7.5,3.6,35,28.8,36.2,2.2,42.5,25,32.5,1,36,1,,0:01:39,0:06:23,0:00:00,NA,0,209.1,166.5,4,4,37,"Preston, Mel",0,NA,,,RAW
TOMKAT,SMA-11-01,TOKA,TOKA-061,RMN_SOIL_SAMPLE_V1,1/13/2015,NA,NA,4,17,92,15.2,450,5.1,7.5,3.6,35,28.8,36.2,2.2,42.5,25,32.5,1,18,1,,0:00:13,0:00:45,0:00:00,NA,0,216.6,113.7,84.7,45,35,"Preston, Mel",0,NA,,,RAW
TOMKAT,SMA-11-01,TOKA,TOKA-061,RMN_SOIL_SAMPLE_V1,1/13/2015,NA,NA,5,11,144,15.2,450,5.1,7.5,3.6,35,28.8,36.2,2.2,42.5,25,32.5,1,31,0.5,,0:00:05,0:00:12,0:00:00,NA,0,217.5,180.1,11,7,33,"Preston, Mel",0,NA,,,RAW
TOMKAT,SMA-11-01,TOKA,TOKA-061,RMN_SOIL_SAMPLE_V1,1/29/2018,NA,NA,1,1,267,15.2,450,5.2,7.5,2.7,0,0,0,2.1,37.5,30,32.5,1,0,4,MS,0:01:07,,,NA,0,232.8,161.5,18.8,10,40,"Rubenthaler, Rya",0,NA,"South-facing, pretty steep slope with BAPI, ARCA, blackberry, and some doug firs at bottom of point. Lots of rodent activity in point. Carbon re-sampled on 3/12/18due to bag labelling mix-up. All points to 40cm, except pt.4 to 32cm.",,RAW
TOMKAT,SMA-11-01,TOKA,TOKA-061,RMN_SOIL_SAMPLE_V1,1/29/2018,NA,NA,2,33,190,15.2,450,5.2,7.5,2.7,0,0,0,2.1,37.5,30,32.5,1,0,2.5,FS,0:00:20,,,NA,0,207,169.8,3.7,2,40,"Rubenthaler, Rya",0,NA,"South-facing, pretty steep slope with BAPI, ARCA, blackberry, and some doug firs at bottom of point. Lots of rodent activity in point. Carbon re-sampled on 3/12/18due to bag labelling mix-up. All points to 40cm, except pt.4 to 32cm.",,RAW
TOMKAT,SMA-11-01,TOKA,TOKA-061,RMN_SOIL_SAMPLE_V1,1/29/2018,NA,NA,3,40,206,15.2,450,5.2,7.5,2.7,0,0,0,2.1,37.5,30,32.5,1,0,2,FS,0:01:10,,,NA,0,224,165.8,2.9,2,40,"Rubenthaler, Rya",0,NA,"South-facing, pretty steep slope with BAPI, ARCA, blackberry, and some doug firs at bottom of point. Lots of rodent activity in point. Carbon re-sampled on 3/12/18due to bag labelling mix-up. All points to 40cm, except pt.4 to 32cm.",,RAW
TOMKAT,SMA-11-01,TOKA,TOKA-061,RMN_SOIL_SAMPLE_V1,1/29/2018,NA,NA,4,17,92,15.2,450,5.2,7.5,2.7,0,0,0,2.1,37.5,30,32.5,1,1,0.5,MS,0:03:15,,,NA,0,192.1,134.5,21.5,11,32,"Rubenthaler, Rya",0,NA,"South-facing, pretty steep slope with BAPI, ARCA, blackberry, and some doug firs at bottom of point. Lots of rodent activity in point. Carbon re-sampled on 3/12/18due to bag labelling mix-up. All points to 40cm, except pt.4 to 32cm.",,RAW
TOMKAT,SMA-11-01,TOKA,TOKA-061,RMN_SOIL_SAMPLE_V1,1/29/2018,NA,NA,5,11,144,15.2,450,5.2,7.5,2.7,0,0,0,2.1,37.5,30,32.5,1,6,2,MS,0:01:37,,,NA,0,247.6,168.9,20.5,12,40,"Rubenthaler, Rya",0,NA,"South-facing, pretty steep slope with BAPI, ARCA, blackberry, and some doug firs at bottom of point. Lots of rodent activity in point. Carbon re-sampled on 3/12/18due to bag labelling mix-up. All points to 40cm, except pt.4 to 32cm.",,RAW
TOMKAT,SMA-11-01,TOKA,TOKA-061,RMN_SOIL_SAMPLE_V1,1/21/2021,NA,NA,1,1,267,15.2,450,5.1,7.5,3.2,0,0,0,2.2,40,25,35,0,81,0,MS,0:00:29,,,NA,0,208.9,155.5,26.1,8,35,"Preston, Mel",0,NA,"Old badger forage marks at point center. Dry, crumbly soils. In burn unit set for this year? Pretty brushy, not much forage up.",badger forage pile,RAW
TOMKAT,SMA-11-01,TOKA,TOKA-061,RMN_SOIL_SAMPLE_V1,1/21/2021,NA,NA,2,33,190,15.2,450,5.1,7.5,3.2,0,0,0,2.2,40,25,35,0,0,2,MS,0:00:34,,,NA,0,203.4,167.9,3.9,2,40,"Preston, Mel",0,NA,"Old badger forage marks at point center. Dry, crumbly soils. In burn unit set for this year? Pretty brushy, not much forage up.",,RAW
TOMKAT,SMA-11-01,TOKA,TOKA-061,RMN_SOIL_SAMPLE_V1,1/21/2021,NA,NA,3,40,206,15.2,450,5.1,7.5,3.2,0,0,0,2.2,40,25,35,0,0,3,FS,0:00:15,,,NA,0,192.8,162.3,0.5,0,40,"Preston, Mel",0,NA,"Old badger forage marks at point center. Dry, crumbly soils. In burn unit set for this year? Pretty brushy, not much forage up.",,RAW
TOMKAT,SMA-11-01,TOKA,TOKA-061,RMN_SOIL_SAMPLE_V1,1/21/2021,NA,NA,4,17,92,15.2,450,5.1,7.5,3.2,0,0,0,2.2,40,25,35,0,0,0.5,SH,0:00:10,,,NA,0,203.3,152.1,27.2,14,35,"Preston, Mel",0,NA,"Old badger forage marks at point center. Dry, crumbly soils. In burn unit set for this year? Pretty brushy, not much forage up.",,RAW
TOMKAT,SMA-11-01,TOKA,TOKA-061,RMN_SOIL_SAMPLE_V1,1/21/2021,NA,NA,5,11,144,15.2,450,5.1,7.5,3.2,0,0,0,2.2,40,25,35,0,0,0.5,MS,0:00:09,,,NA,0,183.5,163.9,6.1,2,40,"Preston, Mel",0,NA,"Old badger forage marks at point center. Dry, crumbly soils. In burn unit set for this year? Pretty brushy, not much forage up.",,RAW
TOMKAT,SMA-11-01,TOKA,TOKA-061,RMN_SOIL_SAMPLE_V1,7/5/2023,NA,NA,1,1,267,15.2,450,5.1,7.5,3.2,0,0,0,2.2,35,34.4,30.6,0,2,0,MS,0:00:11,,,NA,0,158,145,1.5,1,40,"Katuna, Taj",0,NA,,,RAW
TOMKAT,SMA-11-01,TOKA,TOKA-061,RMN_SOIL_SAMPLE_V1,7/5/2023,NA,NA,2,33,190,15.2,450,5.1,7.5,3.2,0,0,0,2.2,35,34.4,30.6,0,0,0,MS,0:03:34,,,NA,0,192.1,175.3,1.9,2,40,"Katuna, Taj",0,NA,,,RAW
TOMKAT,SMA-11-01,TOKA,TOKA-061,RMN_SOIL_SAMPLE_V1,7/5/2023,NA,NA,3,40,206,15.2,450,5.1,7.5,3.2,0,0,0,2.2,35,34.4,30.6,0,0,0.5,FS,0:00:21,,,NA,0,187.2,162.1,0.1,0,40,"Katuna, Taj",0,NA,,,RAW
TOMKAT,SMA-11-01,TOKA,TOKA-061,RMN_SOIL_SAMPLE_V1,7/5/2023,NA,NA,4,17,92,15.2,450,5.1,7.5,3.2,0,0,0,2.2,35,34.4,30.6,0,19,0,MS,0:00:30,,,NA,0,195.5,172.4,10.7,5,40,"Katuna, Taj",0,NA,,,RAW
TOMKAT,SMA-11-01,TOKA,TOKA-061,RMN_SOIL_SAMPLE_V1,7/5/2023,NA,NA,5,11,144,15.2,450,5.1,7.5,3.2,0,0,0,2.2,35,34.4,30.6,0,17,0,MS,0:02:21,,,NA,0,190.8,174.1,2.7,1,40,"Katuna, Taj",0,NA,,,RAW
TOMKAT,SMA-11-01,TOKA,TOKA-061,RMN_SOIL_SAMPLE_V1,3/14/2024,NA,NA,1,1,267,15.2,450,5.1,7.5,2.7,0,0,0,1.9,38.8,27.5,33.8,1,0,1,MS,0:00:30,,,NA,0,242.9,176,14.1,7,40,"Fanucchi, Krista",0,NA,"S & SE facing, heavy scrub encroachment BAPI, TODI, RUUR. Burn unit, burned in 2022, heavy grazing impact from goats. ",,RAW
TOMKAT,SMA-11-01,TOKA,TOKA-061,RMN_SOIL_SAMPLE_V1,3/14/2024,NA,NA,2,33,190,15.2,450,5.1,7.5,2.7,0,0,0,1.9,38.8,27.5,33.8,1,1,1,MS,0:00:37,,,NA,0,244.5,180.7,6.4,3,40,"Fanucchi, Krista",0,NA,"S & SE facing, heavy scrub encroachment BAPI, TODI, RUUR. Burn unit, burned in 2022, heavy grazing impact from goats. ",,RAW
TOMKAT,SMA-11-01,TOKA,TOKA-061,RMN_SOIL_SAMPLE_V1,3/14/2024,NA,NA,3,40,206,15.2,450,5.1,7.5,2.7,0,0,0,1.9,38.8,27.5,33.8,1,6,0,MS,0:03:39,,,NA,0,246.5,184.6,3.9,2,40,"Fanucchi, Krista",0,NA,"S & SE facing, heavy scrub encroachment BAPI, TODI, RUUR. Burn unit, burned in 2022, heavy grazing impact from goats. ",,RAW
TOMKAT,SMA-11-01,TOKA,TOKA-061,RMN_SOIL_SAMPLE_V1,3/14/2024,NA,NA,4,17,92,15.2,450,5.1,7.5,2.7,0,0,0,1.9,38.8,27.5,33.8,1,3,0.5,SH,0:00:30,,,NA,0,180.6,113.5,23.2,12,21,"Fanucchi, Krista",0,NA,"S & SE facing, heavy scrub encroachment BAPI, TODI, RUUR. Burn unit, burned in 2022, heavy grazing impact from goats. ",,RAW
TOMKAT,SMA-11-01,TOKA,TOKA-061,RMN_SOIL_SAMPLE_V1,3/14/2024,NA,NA,5,11,144,15.2,450,5.1,7.5,2.7,0,0,0,1.9,38.8,27.5,33.8,1,4,1.5,MS,0:00:36,,,NA,0,220.3,162.8,4.4,1,32,"Fanucchi, Krista",0,NA,"S & SE facing, heavy scrub encroachment BAPI, TODI, RUUR. Burn unit, burned in 2022, heavy grazing impact from goats. ",,RAW
TOMKAT,SMA-11-01,TOKA,TOKA-064,RMN_SOIL_SAMPLE_V1,1/14/2015,NA,NA,1,20,186,15.2,450,5.1,7.5,7.9,35,30,35,5.1,40,27.5,32.5,1,4,2,,0:00:18,0:01:01,0:00:00,NA,0,207.2,142.7,6.1,3,37,"Preston, Mel",0,NA,"Dark, rich earth provides/ Oaky twig army erupts/ Two week reaction",,RAW
TOMKAT,SMA-11-01,TOKA,TOKA-064,RMN_SOIL_SAMPLE_V1,1/14/2015,NA,NA,2,0,14,15.2,450,5.1,7.5,7.9,35,30,35,5.1,40,27.5,32.5,1,1,0.5,,0:00:22,0:01:47,0:00:00,NA,0,168.9,110.5,4.7,2,38,"Preston, Mel",0,NA,"Dark, rich earth provides/ Oaky twig army erupts/ Two week reaction",,RAW
TOMKAT,SMA-11-01,TOKA,TOKA-064,RMN_SOIL_SAMPLE_V1,1/14/2015,NA,NA,3,2,117,15.2,450,5.1,7.5,7.9,35,30,35,5.1,40,27.5,32.5,1,4,1,,0:00:04,0:00:21,0:00:00,NA,0,224.5,146.1,16,9,38,"Preston, Mel",0,NA,"Dark, rich earth provides/ Oaky twig army erupts/ Two week reaction",,RAW
TOMKAT,SMA-11-01,TOKA,TOKA-064,RMN_SOIL_SAMPLE_V1,1/14/2015,NA,NA,4,48,122,15.2,450,5.1,7.5,7.9,35,30,35,5.1,40,27.5,32.5,1,0,3,,0:00:25,0:00:45,0:00:00,NA,0,236.9,173.5,4.1,2,37,"Preston, Mel",0,NA,"Dark, rich earth provides/ Oaky twig army erupts/ Two week reaction",,RAW
TOMKAT,SMA-11-01,TOKA,TOKA-064,RMN_SOIL_SAMPLE_V1,1/14/2015,NA,NA,5,40,129,15.2,450,5.1,7.5,7.9,35,30,35,5.1,40,27.5,32.5,1,0,4,,0:00:05,0:00:22,0:00:00,NA,0,221.3,151.2,9.3,5,35,"Preston, Mel",0,NA,"Dark, rich earth provides/ Oaky twig army erupts/ Two week reaction",,RAW
TOMKAT,SMA-11-01,TOKA,TOKA-064,RMN_SOIL_SAMPLE_V1,1/17/2018,NA,NA,1,20,186,15.2,450,5.1,7.5,7.8,0,0,0,5.3,33.8,30,36.2,0,1,2,MS,0:00:09,,,NA,0,185.2,123.2,4.5,2,40,"Weverka, Jacob",0,NA,"Base of pasture above HOCR in China Flats, tons of small PO trying to encroach from monoculture on hillside. Hemlock, grass, small coyote brush.",,RAW
TOMKAT,SMA-11-01,TOKA,TOKA-064,RMN_SOIL_SAMPLE_V1,1/17/2018,NA,NA,2,0,14,15.2,450,5.1,7.5,7.8,0,0,0,5.3,33.8,30,36.2,0,0,1,SH,0:00:03,,,NA,0,143.4,89.2,3.8,2,40,"Weverka, Jacob",0,NA,"Base of pasture above HOCR in China Flats, tons of small PO trying to encroach from monoculture on hillside. Hemlock, grass, small coyote brush.",,RAW
TOMKAT,SMA-11-01,TOKA,TOKA-064,RMN_SOIL_SAMPLE_V1,1/17/2018,NA,NA,3,2,117,15.2,450,5.1,7.5,7.8,0,0,0,5.3,33.8,30,36.2,0,2,2,MS,0:00:07,,,NA,0,189.8,129.3,4.8,1,40,"Weverka, Jacob",0,NA,"Base of pasture above HOCR in China Flats, tons of small PO trying to encroach from monoculture on hillside. Hemlock, grass, small coyote brush.",,RAW
TOMKAT,SMA-11-01,TOKA,TOKA-064,RMN_SOIL_SAMPLE_V1,1/17/2018,NA,NA,4,48,122,15.2,450,5.1,7.5,7.8,0,0,0,5.3,33.8,30,36.2,0,0,2,MS,0:00:22,,,NA,0,215.3,150.2,3.1,2,40,"Weverka, Jacob",0,NA,"Base of pasture above HOCR in China Flats, tons of small PO trying to encroach from monoculture on hillside. Hemlock, grass, small coyote brush.",,RAW
TOMKAT,SMA-11-01,TOKA,TOKA-064,RMN_SOIL_SAMPLE_V1,1/17/2018,NA,NA,5,40,129,15.2,450,5.1,7.5,7.8,0,0,0,5.3,33.8,30,36.2,0,0,0.5,MS,0:00:16,,,NA,0,211.2,145.8,3.8,1,40,"Weverka, Jacob",0,NA,"Base of pasture above HOCR in China Flats, tons of small PO trying to encroach from monoculture on hillside. Hemlock, grass, small coyote brush.",,RAW
TOMKAT,SMA-11-01,TOKA,TOKA-067,RMN_SOIL_SAMPLE_V1,1/14/2015,NA,NA,1,11,107,15.2,450,5.1,7.5,3.2,48.8,20,31.2,2.3,51.2,17.5,31.2,1,8,2,,0:00:08,0:00:15,0:00:00,NA,0,182.3,145.2,0.4,0,38,"Preston, Mel",0,NA,,,RAW
TOMKAT,SMA-11-01,TOKA,TOKA-067,RMN_SOIL_SAMPLE_V1,1/14/2015,NA,NA,2,3,309,15.2,450,5.1,7.5,3.2,48.8,20,31.2,2.3,51.2,17.5,31.2,1,9,2,,0:00:08,0:00:15,0:00:00,NA,0,164.4,134.3,0.4,0,40,"Preston, Mel",0,NA,,,RAW
TOMKAT,SMA-11-01,TOKA,TOKA-067,RMN_SOIL_SAMPLE_V1,1/14/2015,NA,NA,3,8,153,15.2,450,5.1,7.5,3.2,48.8,20,31.2,2.3,51.2,17.5,31.2,1,14,1,,0:00:08,0:00:12,0:00:00,NA,0,190,152.5,0.4,0,40,"Preston, Mel",0,NA,,,RAW
TOMKAT,SMA-11-01,TOKA,TOKA-067,RMN_SOIL_SAMPLE_V1,1/14/2015,NA,NA,4,19,122,15.2,450,5.1,7.5,3.2,48.8,20,31.2,2.3,51.2,17.5,31.2,1,19,2,,0:00:23,0:00:49,0:00:00,NA,0,227.4,187.3,0,0,38,"Preston, Mel",0,NA,,,RAW
TOMKAT,SMA-11-01,TOKA,TOKA-067,RMN_SOIL_SAMPLE_V1,1/14/2015,NA,NA,5,2,348,15.2,450,5.1,7.5,3.2,48.8,20,31.2,2.3,51.2,17.5,31.2,1,11,2,,0:00:06,0:00:11,0:00:00,NA,0,168.6,139.4,0.3,0,38,"Preston, Mel",0,NA,,,RAW
TOMKAT,SMA-11-01,TOKA,TOKA-067,RMN_SOIL_SAMPLE_V1,1/12/2018,NA,NA,1,11,107,15.2,450,5.1,7.5,3.5,0,0,0,2.3,53.8,15,31.2,1,0,4,MS,0:00:25,,,NA,0,196.5,108.2,29.5,17,40,"Rubenthaler, Rya",0,NA,"West facing slope, lots of bristly oxtongue and coyote bush, thatch, some doug firs near point. All carbon taken with shovel, super sticky soil.",,RAW
TOMKAT,SMA-11-01,TOKA,TOKA-067,RMN_SOIL_SAMPLE_V1,1/12/2018,NA,NA,2,3,309,15.2,450,5.1,7.5,3.5,0,0,0,2.3,53.8,15,31.2,1,0,3,MS,0:00:51,,,NA,0,198.4,136.5,0,0,40,"Rubenthaler, Rya",0,NA,"West facing slope, lots of bristly oxtongue and coyote bush, thatch, some doug firs near point. All carbon taken with shovel, super sticky soil.",,RAW
TOMKAT,SMA-11-01,TOKA,TOKA-067,RMN_SOIL_SAMPLE_V1,1/12/2018,NA,NA,3,8,153,15.2,450,5.1,7.5,3.5,0,0,0,2.3,53.8,15,31.2,1,0,5,MS,0:00:07,,,NA,0,196,139.2,0,0,40,"Rubenthaler, Rya",0,NA,"West facing slope, lots of bristly oxtongue and coyote bush, thatch, some doug firs near point. All carbon taken with shovel, super sticky soil.",,RAW
TOMKAT,SMA-11-01,TOKA,TOKA-067,RMN_SOIL_SAMPLE_V1,1/12/2018,NA,NA,4,19,122,15.2,450,5.1,7.5,3.5,0,0,0,2.3,53.8,15,31.2,1,2,4,MS,0:00:21,,,NA,0,151.6,108.1,0,0,40,"Rubenthaler, Rya",0,NA,"West facing slope, lots of bristly oxtongue and coyote bush, thatch, some doug firs near point. All carbon taken with shovel, super sticky soil.",,RAW
TOMKAT,SMA-11-01,TOKA,TOKA-067,RMN_SOIL_SAMPLE_V1,1/12/2018,NA,NA,5,2,348,15.2,450,5.1,7.5,3.5,0,0,0,2.3,53.8,15,31.2,1,0,2,MS,0:00:44,,,NA,0,209.4,124,22.9,14,40,"Rubenthaler, Rya",0,NA,"West facing slope, lots of bristly oxtongue and coyote bush, thatch, some doug firs near point. All carbon taken with shovel, super sticky soil.",,RAW
TOMKAT,SMA-11-01,TOKA,TOKA-067,RMN_SOIL_SAMPLE_V1,1/25/2021,NA,NA,1,11,107,15.2,450,5.1,7.5,3.5,0,0,0,2.5,55,12.5,32.5,0,0,4,MS,0:05:14,,,NA,0,195.3,134.6,0.4,0,40,"Preston, Mel",0,NA,"2018 - sticky soil. Right before big storm, windy.",,RAW
TOMKAT,SMA-11-01,TOKA,TOKA-067,RMN_SOIL_SAMPLE_V1,1/25/2021,NA,NA,2,3,309,15.2,450,5.1,7.5,3.5,0,0,0,2.5,55,12.5,32.5,0,1,3,MS,0:00:12,,,NA,0,197.3,138.4,0,0,40,"Preston, Mel",0,NA,"2018 - sticky soil. Right before big storm, windy.",,RAW
TOMKAT,SMA-11-01,TOKA,TOKA-067,RMN_SOIL_SAMPLE_V1,1/25/2021,NA,NA,3,8,153,15.2,450,5.1,7.5,3.5,0,0,0,2.5,55,12.5,32.5,0,0,4,MS,0:00:20,,,NA,0,198.8,132.2,7,4,40,"Preston, Mel",0,NA,"2018 - sticky soil. Right before big storm, windy.",,RAW
TOMKAT,SMA-11-01,TOKA,TOKA-067,RMN_SOIL_SAMPLE_V1,1/25/2021,NA,NA,4,19,122,15.2,450,5.1,7.5,3.5,0,0,0,2.5,55,12.5,32.5,0,2,3,MS,0:01:00,,,NA,0,178.5,129.1,0.7,0,40,"Preston, Mel",0,NA,"2018 - sticky soil. Right before big storm, windy.",,RAW
TOMKAT,SMA-11-01,TOKA,TOKA-067,RMN_SOIL_SAMPLE_V1,1/25/2021,NA,NA,5,2,348,15.2,450,5.1,7.5,3.5,0,0,0,2.5,55,12.5,32.5,0,0,5,MS,0:00:30,,,NA,0,185,131,0,0,40,"Preston, Mel",0,NA,"2018 - sticky soil. Right before big storm, windy.",,RAW
TOMKAT,SMA-11-01,TOKA,TOKA-067,RMN_SOIL_SAMPLE_V1,3/15/2024,NA,NA,1,11,107,15.2,450,5.1,7.5,2.8,0,0,0,2,50,17.5,32.5,1,2,1.5,MS,0:00:39,,,NA,0,190.8,141,0,0,40,"Fanucchi, Krista",0,NA,"SW facing slope, heavy scrub encroachment BAPI, RUUR",,RAW
TOMKAT,SMA-11-01,TOKA,TOKA-067,RMN_SOIL_SAMPLE_V1,3/15/2024,NA,NA,2,3,309,15.2,450,5.1,7.5,2.8,0,0,0,2,50,17.5,32.5,1,1,2,MS,0:00:24,,,NA,0,198.7,133.9,0,0,40,"Fanucchi, Krista",0,NA,"SW facing slope, heavy scrub encroachment BAPI, RUUR",,RAW
TOMKAT,SMA-11-01,TOKA,TOKA-067,RMN_SOIL_SAMPLE_V1,3/15/2024,NA,NA,3,8,153,15.2,450,5.1,7.5,2.8,0,0,0,2,50,17.5,32.5,1,0,3,MS,0:01:02,,,NA,0,187.6,131,0,0,40,"Fanucchi, Krista",0,NA,"SW facing slope, heavy scrub encroachment BAPI, RUUR",,RAW
TOMKAT,SMA-11-01,TOKA,TOKA-067,RMN_SOIL_SAMPLE_V1,3/15/2024,NA,NA,4,19,122,15.2,450,5.1,7.5,2.8,0,0,0,2,50,17.5,32.5,1,1,1.5,MS,0:00:53,,,NA,0,188.3,140.3,0,0,40,"Fanucchi, Krista",0,NA,"SW facing slope, heavy scrub encroachment BAPI, RUUR",,RAW
TOMKAT,SMA-11-01,TOKA,TOKA-067,RMN_SOIL_SAMPLE_V1,3/15/2024,NA,NA,5,2,348,15.2,450,5.1,7.5,2.8,0,0,0,2,50,17.5,32.5,1,4,2,MS,0:00:31,,,NA,0,205.9,152.2,0,0,40,"Fanucchi, Krista",0,NA,"SW facing slope, heavy scrub encroachment BAPI, RUUR",,RAW
TOMKAT,SMA-11-01,TOKA,TOKA-068,RMN_SOIL_SAMPLE_V1,1/12/2015,NA,NA,1,40,233,15.2,450,5.1,7.5,2.7,35,30,35,2.2,38.8,23.8,37.5,1,6,0.5,,0:05:23,0:05:43,0:00:00,NA,0,242.3,199.3,0.6,0,38,"Henneman, Carlene",0,NA,,,RAW
TOMKAT,SMA-11-01,TOKA,TOKA-068,RMN_SOIL_SAMPLE_V1,1/12/2015,NA,NA,2,21,8,15.2,450,5.1,7.5,2.7,35,30,35,2.2,38.8,23.8,37.5,1,4,0.5,,0:04:19,0:24:14,0:00:00,NA,0,240,194.9,0,0,37,"Henneman, Carlene",0,NA,,,RAW
TOMKAT,SMA-11-01,TOKA,TOKA-068,RMN_SOIL_SAMPLE_V1,1/12/2015,NA,NA,3,34,195,15.2,450,5.1,7.5,2.7,35,30,35,2.2,38.8,23.8,37.5,1,17,2,,0:04:11,0:12:39,0:00:00,NA,0,248,198.2,0.5,0,38,"Henneman, Carlene",0,NA,,,RAW
TOMKAT,SMA-11-01,TOKA,TOKA-068,RMN_SOIL_SAMPLE_V1,1/12/2015,NA,NA,4,14,197,15.2,450,5.1,7.5,2.7,35,30,35,2.2,38.8,23.8,37.5,1,13,1,,0:00:47,0:06:06,0:00:00,NA,0,233.4,192.9,0,0,38,"Henneman, Carlene",0,NA,,,RAW
TOMKAT,SMA-11-01,TOKA,TOKA-068,RMN_SOIL_SAMPLE_V1,1/12/2015,NA,NA,5,4,66,15.2,450,5.1,7.5,2.7,35,30,35,2.2,38.8,23.8,37.5,1,26,0,,0:00:43,0:04:43,0:00:00,NA,0,230.4,192.9,0,0,38,"Henneman, Carlene",0,NA,,,RAW
TOMKAT,SMA-11-01,TOKA,TOKA-068,RMN_SOIL_SAMPLE_V1,1/12/2018,NA,NA,1,40,233,15.2,450,5.1,7.5,3.1,0,0,0,2.1,38.8,22.5,38.8,1,0,3,MS,0:02:49,,,NA,0,228,168.8,0,0,40,"Rubenthaler, Rya",0,NA,"South facing slope, UC Davis strip-seeding plot. BAPI was mowed last fall, horses currently in pasture, cattle were here recently before planting.",,RAW
TOMKAT,SMA-11-01,TOKA,TOKA-068,RMN_SOIL_SAMPLE_V1,1/12/2018,NA,NA,2,21,8,15.2,450,5.1,7.5,3.1,0,0,0,2.1,38.8,22.5,38.8,1,2,0.1,SH,0:09:57,,,NA,0,262.8,193.8,0,0,40,"Rubenthaler, Rya",0,NA,"South facing slope, UC Davis strip-seeding plot. BAPI was mowed last fall, horses currently in pasture, cattle were here recently before planting.",,RAW
TOMKAT,SMA-11-01,TOKA,TOKA-068,RMN_SOIL_SAMPLE_V1,1/12/2018,NA,NA,3,34,195,15.2,450,5.1,7.5,3.1,0,0,0,2.1,38.8,22.5,38.8,1,0,8,MS,0:01:29,,,NA,0,242.9,180.4,0,0,40,"Rubenthaler, Rya",0,NA,"South facing slope, UC Davis strip-seeding plot. BAPI was mowed last fall, horses currently in pasture, cattle were here recently before planting.",Point in road. Relocated to north road edge. ,RAW
TOMKAT,SMA-11-01,TOKA,TOKA-068,RMN_SOIL_SAMPLE_V1,1/12/2018,NA,NA,4,14,197,15.2,450,5.1,7.5,3.1,0,0,0,2.1,38.8,22.5,38.8,1,1,2,MS,0:07:29,,,NA,0,226.7,169.2,0,0,40,"Rubenthaler, Rya",0,NA,"South facing slope, UC Davis strip-seeding plot. BAPI was mowed last fall, horses currently in pasture, cattle were here recently before planting.",,RAW
TOMKAT,SMA-11-01,TOKA,TOKA-068,RMN_SOIL_SAMPLE_V1,1/12/2018,NA,NA,5,4,66,15.2,450,5.1,7.5,3.1,0,0,0,2.1,38.8,22.5,38.8,1,0,2,MS,0:00:27,,,NA,0,229.5,174,0,0,40,"Rubenthaler, Rya",0,NA,"South facing slope, UC Davis strip-seeding plot. BAPI was mowed last fall, horses currently in pasture, cattle were here recently before planting.",,RAW
TOMKAT,SMA-11-01,TOKA,TOKA-068,RMN_SOIL_SAMPLE_V1,1/20/2021,NA,NA,1,40,233,15.2,450,5.1,7.5,3.2,0,0,0,2,41.2,22.5,36.2,0,0,4,MS,0:00:30,,,NA,0,204.9,164.7,0,0,40,"Preston, Mel",0,NA,"Compost and strip seed plot. Some nice natives up already - CA brome, needle. Overall looking really good, compared to other places right now.",,RAW
TOMKAT,SMA-11-01,TOKA,TOKA-068,RMN_SOIL_SAMPLE_V1,1/20/2021,NA,NA,2,21,8,15.2,450,5.1,7.5,3.2,0,0,0,2,41.2,22.5,36.2,0,0,4,SH,0:00:24,,,NA,0,227.1,182.8,0.3,0,36,"Preston, Mel",0,NA,"Compost and strip seed plot. Some nice natives up already - CA brome, needle. Overall looking really good, compared to other places right now.",,RAW
TOMKAT,SMA-11-01,TOKA,TOKA-068,RMN_SOIL_SAMPLE_V1,1/20/2021,NA,NA,3,34,195,15.2,450,5.1,7.5,3.2,0,0,0,2,41.2,22.5,36.2,0,0,4,MS,0:00:11,,,NA,0,230.3,189.9,2,1,40,"Preston, Mel",0,NA,"Compost and strip seed plot. Some nice natives up already - CA brome, needle. Overall looking really good, compared to other places right now.",moved 2m NW bc middle of road,RAW
TOMKAT,SMA-11-01,TOKA,TOKA-068,RMN_SOIL_SAMPLE_V1,1/20/2021,NA,NA,4,14,197,15.2,450,5.1,7.5,3.2,0,0,0,2,41.2,22.5,36.2,0,0,5,MS,0:00:22,,,NA,0,182,140.8,0,0,40,"Preston, Mel",0,NA,"Compost and strip seed plot. Some nice natives up already - CA brome, needle. Overall looking really good, compared to other places right now.",,RAW
TOMKAT,SMA-11-01,TOKA,TOKA-068,RMN_SOIL_SAMPLE_V1,1/20/2021,NA,NA,5,4,66,15.2,450,5.1,7.5,3.2,0,0,0,2,41.2,22.5,36.2,0,0,3,MS,0:00:15,,,NA,0,241.7,195,0.2,0,40,"Preston, Mel",0,NA,"Compost and strip seed plot. Some nice natives up already - CA brome, needle. Overall looking really good, compared to other places right now.",,RAW
TOMKAT,SMA-11-01,TOKA,TOKA-068,RMN_SOIL_SAMPLE_V1,3/11/2024,NA,NA,1,40,233,15.2,450,5.1,7.5,3.1,0,0,0,1.9,36.2,27.5,36.2,1,0,2.5,MS,0:18:32,,,NA,0,232.4,159.3,0,0,40,"Fanucchi, Krista",0,NA,"scrubby hillside, upland site, lots of BAPI, 1/2"" rain the night prior. Re-sampled 1 meter east. ",,RAW
TOMKAT,SMA-11-01,TOKA,TOKA-068,RMN_SOIL_SAMPLE_V1,3/11/2024,NA,NA,2,21,8,15.2,450,5.1,7.5,3.1,0,0,0,1.9,36.2,27.5,36.2,1,0,2.5,MS,1:26:00,,,NA,0,263.5,191.9,0,0,40,"Fanucchi, Krista",0,NA,"scrubby hillside, upland site, lots of BAPI, 1/2"" rain the night prior. Re-sampled 1 meter east. ",,RAW
TOMKAT,SMA-11-01,TOKA,TOKA-068,RMN_SOIL_SAMPLE_V1,3/11/2024,NA,NA,3,34,195,15.2,450,5.1,7.5,3.1,0,0,0,1.9,36.2,27.5,36.2,1,0,1.5,MS,3:37:00,,,NA,1,242.8,167.7,0,0,40,"Fanucchi, Krista",0,NA,"scrubby hillside, upland site, lots of BAPI, 1/2"" rain the night prior. Re-sampled 1 meter east. ",,RAW
TOMKAT,SMA-11-01,TOKA,TOKA-068,RMN_SOIL_SAMPLE_V1,3/11/2024,NA,NA,4,14,197,15.2,450,5.1,7.5,3.1,0,0,0,1.9,36.2,27.5,36.2,1,0,1.5,MS,2:45:00,,,NA,1,233.3,151.1,0.6,0,40,"Fanucchi, Krista",0,NA,"scrubby hillside, upland site, lots of BAPI, 1/2"" rain the night prior. Re-sampled 1 meter east. ",,RAW
TOMKAT,SMA-11-01,TOKA,TOKA-068,RMN_SOIL_SAMPLE_V1,3/11/2024,NA,NA,5,4,66,15.2,450,5.1,7.5,3.1,0,0,0,1.9,36.2,27.5,36.2,1,0,1.5,MS,0:20:58,,,NA,0,249.8,177.2,1.5,1,40,"Fanucchi, Krista",0,NA,"scrubby hillside, upland site, lots of BAPI, 1/2"" rain the night prior. Re-sampled 1 meter east. ",,RAW
TOMKAT,SMA-11-01,TOKA,TOKA-071,RMN_SOIL_SAMPLE_V1,2/18/2015,NA,NA,1,557597,4124462,15.2,450,5.1,7.5,10,0,0,0,3.8,40,22.5,37.5,0,0,2,,0:00:11,0:00:26,0:00:00,NA,0,151.8,0,0,0,39,"Preston, Mel",0,NA,"SCRUB; Bulk densities not processed b/c PO oil; distance from pt is in 
GPS coords as impossible to pace or take a bearing in scrub.",,RAW
TOMKAT,SMA-11-01,TOKA,TOKA-071,RMN_SOIL_SAMPLE_V1,2/18/2015,NA,NA,2,557568,4124464,15.2,450,5.1,7.5,10,0,0,0,3.8,40,22.5,37.5,0,0,2,,0:00:06,0:00:54,0:00:00,NA,0,156,0,0,0,37,"Preston, Mel",0,NA,"SCRUB; Bulk densities not processed b/c PO oil; distance from pt is in 
GPS coords as impossible to pace or take a bearing in scrub.",,RAW
TOMKAT,SMA-11-01,TOKA,TOKA-071,RMN_SOIL_SAMPLE_V1,2/18/2015,NA,NA,3,557597,4124488,15.2,450,5.1,7.5,10,0,0,0,3.8,40,22.5,37.5,0,2,2,,0:00:13,0:00:32,0:00:00,NA,0,180.6,0,0,0,39,"Preston, Mel",0,NA,"SCRUB; Bulk densities not processed b/c PO oil; distance from pt is in 
GPS coords as impossible to pace or take a bearing in scrub.",,RAW
TOMKAT,SMA-11-01,TOKA,TOKA-071,RMN_SOIL_SAMPLE_V1,2/18/2015,NA,NA,4,557613,4124522,15.2,450,5.1,7.5,10,0,0,0,3.8,40,22.5,37.5,0,21,1,,0:00:14,0:00:26,0:00:00,NA,0,223.7,0,0,0,39,"Preston, Mel",0,NA,"SCRUB; Bulk densities not processed b/c PO oil; distance from pt is in 
GPS coords as impossible to pace or take a bearing in scrub.",,RAW
TOMKAT,SMA-11-01,TOKA,TOKA-071,RMN_SOIL_SAMPLE_V1,2/18/2015,NA,NA,5,557550,4124516,15.2,450,5.1,7.5,10,0,0,0,3.8,40,22.5,37.5,0,0,9,,0:00:02,0:00:05,0:00:00,NA,0,182.1,0,0,0,40,"Preston, Mel",0,NA,"SCRUB; Bulk densities not processed b/c PO oil; distance from pt is in 
GPS coords as impossible to pace or take a bearing in scrub.",,RAW
TOMKAT,SMA-11-01,TOKA,TOKA-071,RMN_SOIL_SAMPLE_V1,1/16/2018,NA,NA,1,557597,4124462,15.2,450,5.1,7.5,8.1,0,0,0,3.4,36.2,25,38.8,0,0,15,SH,0:00:07,,,NA,0,207.5,121.5,5.4,6,40,"Weverka, Jacob",0,NA,"Pure hell. PO all over your face, no way to crawl through most of it, blackberries tear you up. 1 hr to go 70m.",hori-hori hole,RAW
TOMKAT,SMA-11-01,TOKA,TOKA-071,RMN_SOIL_SAMPLE_V1,1/16/2018,NA,NA,2,557568,4124464,15.2,450,5.1,7.5,8.1,0,0,0,3.4,36.2,25,38.8,0,0,15,MS,0:00:06,,,NA,0,137.8,74.4,2.3,2,40,"Weverka, Jacob",0,NA,"Pure hell. PO all over your face, no way to crawl through most of it, blackberries tear you up. 1 hr to go 70m.",,RAW
TOMKAT,SMA-11-01,TOKA,TOKA-071,RMN_SOIL_SAMPLE_V1,1/16/2018,NA,NA,3,557597,4124488,15.2,450,5.1,7.5,8.1,0,0,0,3.4,36.2,25,38.8,0,0,10,SH,0:00:06,,,NA,0,152.2,108.5,0,0,40,"Weverka, Jacob",0,NA,"Pure hell. PO all over your face, no way to crawl through most of it, blackberries tear you up. 1 hr to go 70m.",hori-hori hole,RAW
TOMKAT,SMA-11-01,TOKA,TOKA-071,RMN_SOIL_SAMPLE_V1,1/16/2018,NA,NA,4,557613,4124522,15.2,450,5.1,7.5,8.1,0,0,0,3.4,36.2,25,38.8,0,3,3,MS,0:00:13,,,NA,0,211.6,144.2,0,0,40,"Weverka, Jacob",0,NA,"Pure hell. PO all over your face, no way to crawl through most of it, blackberries tear you up. 1 hr to go 70m.",hori-hori hole,RAW
TOMKAT,SMA-11-01,TOKA,TOKA-071,RMN_SOIL_SAMPLE_V1,1/16/2018,NA,NA,5,557550,4124516,15.2,450,5.1,7.5,8.1,0,0,0,3.4,36.2,25,38.8,0,0,20,MS,0:00:02,,,NA,0,162.2,107.3,0,0,40,"Weverka, Jacob",0,NA,"Pure hell. PO all over your face, no way to crawl through most of it, blackberries tear you up. 1 hr to go 70m.",,RAW
TOMKAT,SMA-11-01,TOKA,TOKA-072,RMN_SOIL_SAMPLE_V1,2/18/2015,NA,NA,1,557583,4124642,15.2,450,5.1,7.5,4.9,0,0,0,2.3,40,20,40,1,0,0.1,,0:00:17,0:00:55,0:00:00,NA,0,225.2,0,0,0,35,"Preston, Mel",0,NA,"SCRUB; Bulk densities not processed b/c PO oil; distance from pt is in 
GPS coords as impossible to pace or take a bearing in scrub.",,RAW
TOMKAT,SMA-11-01,TOKA,TOKA-072,RMN_SOIL_SAMPLE_V1,2/18/2015,NA,NA,2,557566,4124674,15.2,450,5.1,7.5,4.9,0,0,0,2.3,40,20,40,1,0,4,,0:00:09,0:00:54,0:00:00,NA,0,189,0,0,0,36,"Preston, Mel",0,NA,"SCRUB; Bulk densities not processed b/c PO oil; distance from pt is in 
GPS coords as impossible to pace or take a bearing in scrub.",,RAW
TOMKAT,SMA-11-01,TOKA,TOKA-072,RMN_SOIL_SAMPLE_V1,2/18/2015,NA,NA,3,557513,4124696,15.2,450,5.1,7.5,4.9,0,0,0,2.3,40,20,40,1,0,3,,0:00:03,0:00:04,0:00:00,NA,0,195.4,0,0,0,40,"Preston, Mel",0,NA,"SCRUB; Bulk densities not processed b/c PO oil; distance from pt is in 
GPS coords as impossible to pace or take a bearing in scrub.",,RAW
TOMKAT,SMA-11-01,TOKA,TOKA-072,RMN_SOIL_SAMPLE_V1,2/18/2015,NA,NA,4,557513,4124727,15.2,450,5.1,7.5,4.9,0,0,0,2.3,40,20,40,1,1,5,,0:00:04,0:00:11,0:00:00,NA,0,252.1,0,0,0,36,"Preston, Mel",0,NA,"SCRUB; Bulk densities not processed b/c PO oil; distance from pt is in 
GPS coords as impossible to pace or take a bearing in scrub.",,RAW
TOMKAT,SMA-11-01,TOKA,TOKA-072,RMN_SOIL_SAMPLE_V1,2/18/2015,NA,NA,5,557590,4124697,15.2,450,5.1,7.5,4.9,0,0,0,2.3,40,20,40,1,11,0,,0:00:45,0:01:57,0:00:00,NA,0,162.1,0,0,0,36,"Preston, Mel",0,NA,"SCRUB; Bulk densities not processed b/c PO oil; distance from pt is in 
GPS coords as impossible to pace or take a bearing in scrub.",,RAW
TOMKAT,SMA-11-01,TOKA,TOKA-072,RMN_SOIL_SAMPLE_V1,1/16/2018,NA,NA,1,557583,4124642,15.2,450,5.1,7.5,4.4,0,0,0,2.8,33.8,28.8,37.5,0,5,2,MS,0:00:03,,,NA,0,213.9,180.1,0,0,32,"Rubenthaler, Rya",0,NA,"South-facing slope - Coyote bush, small doug firs, and LOTS OF POISON OAK!! (No fun at all, very hard to navigate)",shale below,RAW
TOMKAT,SMA-11-01,TOKA,TOKA-072,RMN_SOIL_SAMPLE_V1,1/16/2018,NA,NA,2,557566,4124674,15.2,450,5.1,7.5,4.4,0,0,0,2.8,33.8,28.8,37.5,0,0,7,MS,0:00:02,,,NA,0,210.7,155,0,0,40,"Rubenthaler, Rya",0,NA,"South-facing slope - Coyote bush, small doug firs, and LOTS OF POISON OAK!! (No fun at all, very hard to navigate)",,RAW
TOMKAT,SMA-11-01,TOKA,TOKA-072,RMN_SOIL_SAMPLE_V1,1/16/2018,NA,NA,3,557513,4124696,15.2,450,5.1,7.5,4.4,0,0,0,2.8,33.8,28.8,37.5,0,0,10,FS,0:00:05,,,NA,0,227.3,170.5,0,0,40,"Rubenthaler, Rya",0,NA,"South-facing slope - Coyote bush, small doug firs, and LOTS OF POISON OAK!! (No fun at all, very hard to navigate)",,RAW
TOMKAT,SMA-11-01,TOKA,TOKA-072,RMN_SOIL_SAMPLE_V1,1/16/2018,NA,NA,4,557513,4124727,15.2,450,5.1,7.5,4.4,0,0,0,2.8,33.8,28.8,37.5,0,4,6,FS,0:00:06,,,NA,0,224.6,169.1,0,0,40,"Rubenthaler, Rya",0,NA,"South-facing slope - Coyote bush, small doug firs, and LOTS OF POISON OAK!! (No fun at all, very hard to navigate)",,RAW
TOMKAT,SMA-11-01,TOKA,TOKA-072,RMN_SOIL_SAMPLE_V1,1/16/2018,NA,NA,5,557590,4124697,15.2,450,5.1,7.5,4.4,0,0,0,2.8,33.8,28.8,37.5,0,6,2,MS,0:00:38,,,NA,0,161.7,125.9,0,0,40,"Rubenthaler, Rya",0,NA,"South-facing slope - Coyote bush, small doug firs, and LOTS OF POISON OAK!! (No fun at all, very hard to navigate)",,RAW
TOMKAT,SMA-11-01,TOKA,TOKA-080,RMN_SOIL_SAMPLE_V1,1/6/2015,NA,NA,1,29,352,15.2,450,5.1,7.5,3.3,42.5,21.2,36.2,1.8,43.8,21.2,35,1,3,1.5,,0:00:25,0:00:34,0:00:00,NA,0,211.8,166.2,0.5,0,34,"Preston, Mel",0,NA,,,RAW
TOMKAT,SMA-11-01,TOKA,TOKA-080,RMN_SOIL_SAMPLE_V1,1/6/2015,NA,NA,2,46,205,15.2,450,5.1,7.5,3.3,42.5,21.2,36.2,1.8,43.8,21.2,35,1,50,1.2,,0:00:07,0:00:20,0:00:00,NA,0,205.6,162.5,0,0,36,"Preston, Mel",0,NA,,,RAW
TOMKAT,SMA-11-01,TOKA,TOKA-080,RMN_SOIL_SAMPLE_V1,1/6/2015,NA,NA,3,23,277,15.2,450,5.1,7.5,3.3,42.5,21.2,36.2,1.8,43.8,21.2,35,1,2,2,,0:00:25,0:01:13,0:00:00,NA,0,216.4,164,0.4,0,35,"Preston, Mel",0,NA,,,RAW
TOMKAT,SMA-11-01,TOKA,TOKA-080,RMN_SOIL_SAMPLE_V1,1/6/2015,NA,NA,4,10,347,15.2,450,5.1,7.5,3.3,42.5,21.2,36.2,1.8,43.8,21.2,35,1,5,1,,0:00:04,0:00:05,0:00:00,NA,0,197.4,156.8,0.3,0,31,"Preston, Mel",0,NA,,,RAW
TOMKAT,SMA-11-01,TOKA,TOKA-080,RMN_SOIL_SAMPLE_V1,1/6/2015,NA,NA,5,34,73,15.2,450,5.1,7.5,3.3,42.5,21.2,36.2,1.8,43.8,21.2,35,1,16,0.3,,0:00:04,0:00:12,0:00:00,NA,0,175.4,136.8,1.6,1,31,"Preston, Mel",0,NA,,,RAW
TOMKAT,SMA-11-01,TOKA,TOKA-080,RMN_SOIL_SAMPLE_V1,1/12/2018,NA,NA,1,29,352,15.2,450,5.1,7.5,3.2,0,0,0,2.2,41.2,21.2,37.5,1,0,1.5,SH,0:00:10,,,NA,0,186.3,133.4,0,0,40,"Rubenthaler, Rya",0,NA,"Knoll by the Y,  surrounded by doug fir. Lots of standing dead material, hoof imprints, and vole tunnels.",,RAW
TOMKAT,SMA-11-01,TOKA,TOKA-080,RMN_SOIL_SAMPLE_V1,1/12/2018,NA,NA,2,46,205,15.2,450,5.1,7.5,3.2,0,0,0,2.2,41.2,21.2,37.5,1,9,1,SH,0:01:26,,,NA,0,216.8,156.7,0,0,40,"Rubenthaler, Rya",0,NA,"Knoll by the Y,  surrounded by doug fir. Lots of standing dead material, hoof imprints, and vole tunnels.",,RAW
TOMKAT,SMA-11-01,TOKA,TOKA-080,RMN_SOIL_SAMPLE_V1,1/12/2018,NA,NA,3,23,277,15.2,450,5.1,7.5,3.2,0,0,0,2.2,41.2,21.2,37.5,1,2,3,SH,0:03:29,,,NA,0,209.9,153.2,3.3,2,40,"Rubenthaler, Rya",0,NA,"Knoll by the Y,  surrounded by doug fir. Lots of standing dead material, hoof imprints, and vole tunnels.",,RAW
TOMKAT,SMA-11-01,TOKA,TOKA-080,RMN_SOIL_SAMPLE_V1,1/12/2018,NA,NA,4,10,347,15.2,450,5.1,7.5,3.2,0,0,0,2.2,41.2,21.2,37.5,1,0,1,SH,0:00:32,,,NA,0,273.3,200.6,0,0,40,"Rubenthaler, Rya",0,NA,"Knoll by the Y,  surrounded by doug fir. Lots of standing dead material, hoof imprints, and vole tunnels.",,RAW
TOMKAT,SMA-11-01,TOKA,TOKA-080,RMN_SOIL_SAMPLE_V1,1/12/2018,NA,NA,5,34,73,15.2,450,5.1,7.5,3.2,0,0,0,2.2,41.2,21.2,37.5,1,4,2,SH,0:00:37,,,NA,0,184.9,129.5,0,0,40,"Rubenthaler, Rya",0,NA,"Knoll by the Y,  surrounded by doug fir. Lots of standing dead material, hoof imprints, and vole tunnels.",,RAW
TOMKAT,SMA-11-01,TOKA,TOKA-080,RMN_SOIL_SAMPLE_V1,2/23/2022,NA,NA,1,29,352,15.2,450,5.1,7.5,2.5,0,0,0,1.5,47.5,18.8,33.8,0,1,0.2,MS,0:07:04,0:00:00,,NA,0,195.5,163,3.6,1,40,"Garcia, Dabid",0,NA,,,RAW
TOMKAT,SMA-11-01,TOKA,TOKA-080,RMN_SOIL_SAMPLE_V1,2/23/2022,NA,NA,2,46,205,15.2,450,5.1,7.5,2.5,0,0,0,1.5,47.5,18.8,33.8,0,0,0.2,SH,0:00:35,0:00:00,,NA,0,227.4,196.3,0.2,0,40,"Garcia, Dabid",0,NA,,,RAW
TOMKAT,SMA-11-01,TOKA,TOKA-080,RMN_SOIL_SAMPLE_V1,2/23/2022,NA,NA,3,23,277,15.2,450,5.1,7.5,2.5,0,0,0,1.5,47.5,18.8,33.8,0,0,0.1,SH,0:00:09,0:00:00,,NA,0,213,170.3,4,2,40,"Garcia, Dabid",0,NA,,,RAW
TOMKAT,SMA-11-01,TOKA,TOKA-080,RMN_SOIL_SAMPLE_V1,2/23/2022,NA,NA,4,10,347,15.2,450,5.1,7.5,2.5,0,0,0,1.5,47.5,18.8,33.8,0,0,0.3,SH,0:00:06,0:02:16,,NA,0,254.1,216.2,0,0,40,"Garcia, Dabid",0,NA,,,RAW
TOMKAT,SMA-11-01,TOKA,TOKA-080,RMN_SOIL_SAMPLE_V1,2/23/2022,NA,NA,5,34,73,15.2,450,5.1,7.5,2.5,0,0,0,1.5,47.5,18.8,33.8,0,0,0.6,MS,0:00:17,0:00:00,,NA,0,199.6,167.7,0,0,40,"Garcia, Dabid",0,NA,,,RAW
TOMKAT,SMA-11-01,TOKA,TOKA-080,RMN_SOIL_SAMPLE_V1,1/30/2025,NA,NA,1,29,352,15.2,450,5.1,7.5,2.7,0,0,0,1.7,45,23.8,31.2,1,0,3,MS,0:50:42,,,NA,1,248.7,197.6,0,0,40,"Fanucchi, Krista",0,NA,"Scrubby, some trees. Most subpoints on NE slope, #2 on SE slope. Evidence of pugging and recent grazing",,RAW
TOMKAT,SMA-11-01,TOKA,TOKA-080,RMN_SOIL_SAMPLE_V1,1/30/2025,NA,NA,2,46,205,15.2,450,5.1,7.5,2.7,0,0,0,1.7,45,23.8,31.2,1,8,0,MS,0:00:25,,,NA,0,206,164.3,0,0,40,"Fanucchi, Krista",0,NA,"Scrubby, some trees. Most subpoints on NE slope, #2 on SE slope. Evidence of pugging and recent grazing",,RAW
TOMKAT,SMA-11-01,TOKA,TOKA-080,RMN_SOIL_SAMPLE_V1,1/30/2025,NA,NA,3,23,277,15.2,450,5.1,7.5,2.7,0,0,0,1.7,45,23.8,31.2,1,5,2.5,SH,0:00:35,,,NA,0,230.7,182.7,0,0,40,"Fanucchi, Krista",0,NA,"Scrubby, some trees. Most subpoints on NE slope, #2 on SE slope. Evidence of pugging and recent grazing",,RAW
TOMKAT,SMA-11-01,TOKA,TOKA-080,RMN_SOIL_SAMPLE_V1,1/30/2025,NA,NA,4,10,347,15.2,450,5.1,7.5,2.7,0,0,0,1.7,45,23.8,31.2,1,10,1,SH,0:00:27,,,NA,0,241.7,192.5,0,0,40,"Fanucchi, Krista",0,NA,"Scrubby, some trees. Most subpoints on NE slope, #2 on SE slope. Evidence of pugging and recent grazing",,RAW
TOMKAT,SMA-11-01,TOKA,TOKA-080,RMN_SOIL_SAMPLE_V1,1/30/2025,NA,NA,5,34,73,15.2,450,5.1,7.5,2.7,0,0,0,1.7,45,23.8,31.2,1,0,3,MS,0:01:42,,,NA,0,166.7,142.5,0,0,40,"Fanucchi, Krista",0,NA,"Scrubby, some trees. Most subpoints on NE slope, #2 on SE slope. Evidence of pugging and recent grazing",,RAW
TOMKAT,SMA-11-01,TOKA,TOKA-089,RMN_SOIL_SAMPLE_V1,2/25/2015,NA,NA,1,24,156,15.2,450,5.1,7.5,8.6,0,0,0,5.9,0,0,0,1,0,1.5,NA,0:00:18,0:00:53,,NA,0,177.9,128.4,0,0,38,"Preston, Mel",0,NA,FIRST ENTERED AS TOKA-090 AND NEVER FIXED.Quantity not sufficient for lab texture.,,RAW
TOMKAT,SMA-11-01,TOKA,TOKA-089,RMN_SOIL_SAMPLE_V1,2/25/2015,NA,NA,2,33,119,15.2,450,5.1,7.5,8.6,0,0,0,5.9,0,0,0,1,0,3,NA,0:00:28,0:00:42,,NA,0,193.4,147.7,0,0,38,"Preston, Mel",0,NA,FIRST ENTERED AS TOKA-090 AND NEVER FIXED.Quantity not sufficient for lab texture.,,RAW
TOMKAT,SMA-11-01,TOKA,TOKA-089,RMN_SOIL_SAMPLE_V1,2/25/2015,NA,NA,3,1,167,15.2,450,5.1,7.5,8.6,0,0,0,5.9,0,0,0,1,0,1.5,NA,0:00:13,0:00:21,,NA,0,166.4,131.1,0.7,0,35,"Preston, Mel",0,NA,FIRST ENTERED AS TOKA-090 AND NEVER FIXED.Quantity not sufficient for lab texture.,,RAW
TOMKAT,SMA-11-01,TOKA,TOKA-089,RMN_SOIL_SAMPLE_V1,2/25/2015,NA,NA,4,19,62,15.2,450,5.1,7.5,8.6,0,0,0,5.9,0,0,0,1,0,1,NA,0:00:14,0:00:36,,NA,0,143.7,102.1,0,0,39,"Preston, Mel",0,NA,FIRST ENTERED AS TOKA-090 AND NEVER FIXED.Quantity not sufficient for lab texture.,,RAW
TOMKAT,SMA-11-01,TOKA,TOKA-089,RMN_SOIL_SAMPLE_V1,2/25/2015,NA,NA,5,16,43,15.2,450,5.1,7.5,8.6,0,0,0,5.9,0,0,0,1,0,1,NA,0:00:20,0:00:34,,NA,0,133.3,91.7,0,0,39,"Preston, Mel",0,NA,FIRST ENTERED AS TOKA-090 AND NEVER FIXED.Quantity not sufficient for lab texture.,,RAW
TOMKAT,SMA-11-01,TOKA,TOKA-089,RMN_SOIL_SAMPLE_V1,4/10/2018,NA,NA,1,24,156,15.2,450,5.1,7.5,7.8,0,0,0,5.3,32.5,35,32.5,0,4,1,MS,0:00:42,,,NA,0,202.5,137.6,NA,NA,40,"Preston, Mel",0,NA,"NW facing point at bottom of swale above Honsinger Creek. Thick COMA, TODI, blackberry, and BAPI in some areas. Difficult to navigate to points with compass due to scrub",,RAW
TOMKAT,SMA-11-01,TOKA,TOKA-089,RMN_SOIL_SAMPLE_V1,4/10/2018,NA,NA,2,33,119,15.2,450,5.1,7.5,7.8,0,0,0,5.3,32.5,35,32.5,0,14,0,MS,0:00:33,,,NA,0,216.3,148.3,NA,NA,40,"Preston, Mel",0,NA,"NW facing point at bottom of swale above Honsinger Creek. Thick COMA, TODI, blackberry, and BAPI in some areas. Difficult to navigate to points with compass due to scrub",,RAW
TOMKAT,SMA-11-01,TOKA,TOKA-089,RMN_SOIL_SAMPLE_V1,4/10/2018,NA,NA,3,1,167,15.2,450,5.1,7.5,7.8,0,0,0,5.3,32.5,35,32.5,0,0,0,SH,0:00:25,,,NA,0,169.5,89.9,NA,NA,40,"Preston, Mel",0,NA,"NW facing point at bottom of swale above Honsinger Creek. Thick COMA, TODI, blackberry, and BAPI in some areas. Difficult to navigate to points with compass due to scrub",,RAW
TOMKAT,SMA-11-01,TOKA,TOKA-089,RMN_SOIL_SAMPLE_V1,4/10/2018,NA,NA,4,19,62,15.2,450,5.1,7.5,7.8,0,0,0,5.3,32.5,35,32.5,0,0,1,SH,0:00:09,,,NA,0,140.3,95.7,NA,NA,40,"Preston, Mel",0,NA,"NW facing point at bottom of swale above Honsinger Creek. Thick COMA, TODI, blackberry, and BAPI in some areas. Difficult to navigate to points with compass due to scrub",,RAW
TOMKAT,SMA-11-01,TOKA,TOKA-089,RMN_SOIL_SAMPLE_V1,4/10/2018,NA,NA,5,16,43,15.2,450,5.1,7.5,7.8,0,0,0,5.3,32.5,35,32.5,0,0,1,SH,0:00:02,,,NA,0,152.4,96.7,NA,NA,40,"Preston, Mel",0,NA,"NW facing point at bottom of swale above Honsinger Creek. Thick COMA, TODI, blackberry, and BAPI in some areas. Difficult to navigate to points with compass due to scrub",,RAW
TOMKAT,SMA-11-01,TOKA,TOKA-090,RMN_SOIL_SAMPLE_V1,1/26/2018,NA,NA,1,24,156,15.2,450,5.1,7.5,4.5,0,0,0,2.4,27.5,45,27.5,0,0,4,FS,0:00:05,,,NA,0,205.7,145.3,2.5,2,40,"Rubenthaler, Rya",0,NA,"DATA TAKEN IN 2018 B/C MISTAKE FROM 2015 NEVER FIXED AND WE THOUGHT IT WAS A SOIL POINT. West-facing slope, slope mellow, steeper above and below sample area. A few large doug firs in point as well as a small QUAG, some BAPI, some TODI, thistles and hemlo",,RAW
TOMKAT,SMA-11-01,TOKA,TOKA-090,RMN_SOIL_SAMPLE_V1,1/26/2018,NA,NA,2,33,119,15.2,450,5.1,7.5,4.5,0,0,0,2.4,27.5,45,27.5,0,2,2,FS,0:00:27,,,NA,0,229.1,165.1,0,0,40,"Rubenthaler, Rya",0,NA,"DATA TAKEN IN 2018 B/C MISTAKE FROM 2015 NEVER FIXED AND WE THOUGHT IT WAS A SOIL POINT. West-facing slope, slope mellow, steeper above and below sample area. A few large doug firs in point as well as a small QUAG, some BAPI, some TODI, thistles and hemlo",,RAW
TOMKAT,SMA-11-01,TOKA,TOKA-090,RMN_SOIL_SAMPLE_V1,1/26/2018,NA,NA,3,1,167,15.2,450,5.1,7.5,4.5,0,0,0,2.4,27.5,45,27.5,0,0,1,,0:00:15,,,NA,0,229.8,154.5,1.8,2,40,"Rubenthaler, Rya",0,NA,"DATA TAKEN IN 2018 B/C MISTAKE FROM 2015 NEVER FIXED AND WE THOUGHT IT WAS A SOIL POINT. West-facing slope, slope mellow, steeper above and below sample area. A few large doug firs in point as well as a small QUAG, some BAPI, some TODI, thistles and hemlo",,RAW
TOMKAT,SMA-11-01,TOKA,TOKA-090,RMN_SOIL_SAMPLE_V1,1/26/2018,NA,NA,4,19,62,15.2,450,5.1,7.5,4.5,0,0,0,2.4,27.5,45,27.5,0,0,1,SH,0:01:03,,,NA,0,201,141.6,0,0,40,"Rubenthaler, Rya",0,NA,"DATA TAKEN IN 2018 B/C MISTAKE FROM 2015 NEVER FIXED AND WE THOUGHT IT WAS A SOIL POINT. West-facing slope, slope mellow, steeper above and below sample area. A few large doug firs in point as well as a small QUAG, some BAPI, some TODI, thistles and hemlo",,RAW
TOMKAT,SMA-11-01,TOKA,TOKA-090,RMN_SOIL_SAMPLE_V1,1/26/2018,NA,NA,5,16,43,15.2,450,5.1,7.5,4.5,0,0,0,2.4,27.5,45,27.5,0,0,0.3,SH,0:00:13,,,NA,0,225.3,165.4,1.6,1,40,"Rubenthaler, Rya",0,NA,"DATA TAKEN IN 2018 B/C MISTAKE FROM 2015 NEVER FIXED AND WE THOUGHT IT WAS A SOIL POINT. West-facing slope, slope mellow, steeper above and below sample area. A few large doug firs in point as well as a small QUAG, some BAPI, some TODI, thistles and hemlo",,RAW
TOMKAT,SMA-11-01,TOKA,TOKA-091,RMN_SOIL_SAMPLE_V1,2/19/2015,NA,NA,1,558207,4125241,15.2,450,5.1,7.5,3.3,0,0,0,2.5,33.8,26.2,40,0,0,2,,0:00:20,0:02:00,0:00:00,NA,0,260,0,0,0,36,"Preston, Mel",0,NA,"SCRUB; Bulk densities not processed b/c PO oil; distance from pt is in 
GPS coords as impossible to pace or take a bearing in scrub.",,RAW
TOMKAT,SMA-11-01,TOKA,TOKA-091,RMN_SOIL_SAMPLE_V1,2/19/2015,NA,NA,2,558203,4125271,15.2,450,5.1,7.5,3.3,0,0,0,2.5,33.8,26.2,40,0,0,4,,0:00:07,0:00:24,0:00:00,NA,0,258.8,0,0,0,39,"Preston, Mel",0,NA,"SCRUB; Bulk densities not processed b/c PO oil; distance from pt is in 
GPS coords as impossible to pace or take a bearing in scrub.",,RAW
TOMKAT,SMA-11-01,TOKA,TOKA-091,RMN_SOIL_SAMPLE_V1,2/19/2015,NA,NA,3,558108,4125285,15.2,450,5.1,7.5,3.3,0,0,0,2.5,33.8,26.2,40,0,5,0.5,,0:00:49,0:03:41,0:00:00,NA,0,196.6,0,0,0,34,"Preston, Mel",0,NA,"SCRUB; Bulk densities not processed b/c PO oil; distance from pt is in 
GPS coords as impossible to pace or take a bearing in scrub.",,RAW
TOMKAT,SMA-11-01,TOKA,TOKA-091,RMN_SOIL_SAMPLE_V1,2/19/2015,NA,NA,4,558133,4125300,15.2,450,5.1,7.5,3.3,0,0,0,2.5,33.8,26.2,40,0,1,8,,0:00:05,0:00:06,0:00:00,NA,0,145.7,0,0,0,40,"Preston, Mel",0,NA,"SCRUB; Bulk densities not processed b/c PO oil; distance from pt is in 
GPS coords as impossible to pace or take a bearing in scrub.",,RAW
TOMKAT,SMA-11-01,TOKA,TOKA-091,RMN_SOIL_SAMPLE_V1,2/19/2015,NA,NA,5,558180,4125307,15.2,450,5.1,7.5,3.3,0,0,0,2.5,33.8,26.2,40,0,0,7,,0:00:07,0:00:13,0:00:00,NA,0,180.7,0,0,0,38,"Preston, Mel",0,NA,"SCRUB; Bulk densities not processed b/c PO oil; distance from pt is in 
GPS coords as impossible to pace or take a bearing in scrub.",,RAW
TOMKAT,SMA-11-01,TOKA,TOKA-091,RMN_SOIL_SAMPLE_V1,1/16/2018,NA,NA,1,558207,4125241,15.2,450,5.1,7.5,3.7,0,0,0,2,33.8,28.8,37.5,0,20,0.5,SH,0:00:18,,,NA,0,230,161.6,0,0,40,"Weverka, Jacob",0,NA,"Very steep, south-facing scrubby point, lots of Artcal, BAPI, TODI. Soil very loose. Some doug fir and QUAG in point. ",,RAW
TOMKAT,SMA-11-01,TOKA,TOKA-091,RMN_SOIL_SAMPLE_V1,1/16/2018,NA,NA,2,558203,4125271,15.2,450,5.1,7.5,3.7,0,0,0,2,33.8,28.8,37.5,0,0,2,MS,0:00:09,,,NA,0,208,143.1,0,0,40,"Weverka, Jacob",0,NA,"Very steep, south-facing scrubby point, lots of Artcal, BAPI, TODI. Soil very loose. Some doug fir and QUAG in point. ",,RAW
TOMKAT,SMA-11-01,TOKA,TOKA-091,RMN_SOIL_SAMPLE_V1,1/16/2018,NA,NA,3,558108,4125285,15.2,450,5.1,7.5,3.7,0,0,0,2,33.8,28.8,37.5,0,61,0.3,MS,0:00:14,,,NA,0,198.6,140.2,19.4,9,25,"Weverka, Jacob",0,NA,"Very steep, south-facing scrubby point, lots of Artcal, BAPI, TODI. Soil very loose. Some doug fir and QUAG in point. ",,RAW
TOMKAT,SMA-11-01,TOKA,TOKA-091,RMN_SOIL_SAMPLE_V1,1/16/2018,NA,NA,4,558133,4125300,15.2,450,5.1,7.5,3.7,0,0,0,2,33.8,28.8,37.5,0,2,1,MS,0:00:02,,,NA,0,130.8,95.6,1.2,1,40,"Weverka, Jacob",0,NA,"Very steep, south-facing scrubby point, lots of Artcal, BAPI, TODI. Soil very loose. Some doug fir and QUAG in point. ",,RAW
TOMKAT,SMA-11-01,TOKA,TOKA-091,RMN_SOIL_SAMPLE_V1,1/16/2018,NA,NA,5,558180,4125307,15.2,450,5.1,7.5,3.7,0,0,0,2,33.8,28.8,37.5,0,0,1,MS,0:00:09,,,NA,0,195.1,142.6,0,0,40,"Weverka, Jacob",0,NA,"Very steep, south-facing scrubby point, lots of Artcal, BAPI, TODI. Soil very loose. Some doug fir and QUAG in point. ",,RAW
TOMKAT,SMA-11-01,TOKA,TOKA-099,RMN_SOIL_SAMPLE_V1,1/12/2015,NA,NA,1,41,22,15.2,450,5.1,7.5,3,28.8,40,31.2,2,28.8,41.9,29.4,1,0,2,,0:00:15,0:00:33,0:00:00,NA,0,245.2,202.2,0.1,1,36,"Preston, Mel",0,NA,,,RAW
TOMKAT,SMA-11-01,TOKA,TOKA-099,RMN_SOIL_SAMPLE_V1,1/12/2015,NA,NA,2,40,347,15.2,450,5.1,7.5,3,28.8,40,31.2,2,28.8,41.9,29.4,1,0,1.5,,0:01:44,0:06:59,0:00:00,NA,0,240.2,217.9,0.2,1,38,"Preston, Mel",0,NA,,,RAW
TOMKAT,SMA-11-01,TOKA,TOKA-099,RMN_SOIL_SAMPLE_V1,1/12/2015,NA,NA,3,48,122,15.2,450,5.1,7.5,3,28.8,40,31.2,2,28.8,41.9,29.4,1,25,0.3,,0:00:27,0:00:55,0:00:00,NA,0,190.9,144.6,16.4,9,35,"Preston, Mel",0,NA,,,RAW
TOMKAT,SMA-11-01,TOKA,TOKA-099,RMN_SOIL_SAMPLE_V1,1/12/2015,NA,NA,4,40,129,15.2,450,5.1,7.5,3,28.8,40,31.2,2,28.8,41.9,29.4,1,8,2,,0:00:08,0:00:16,0:00:00,NA,0,221.4,180.6,0.8,2,38,"Preston, Mel",0,NA,,,RAW
TOMKAT,SMA-11-01,TOKA,TOKA-099,RMN_SOIL_SAMPLE_V1,1/12/2015,NA,NA,5,40,215,15.2,450,5.1,7.5,3,28.8,40,31.2,2,28.8,41.9,29.4,1,1,2,,0:00:29,0:00:48,0:00:00,NA,0,266.3,206.5,0.5,2,38,"Preston, Mel",0,NA,,,RAW
TOMKAT,SMA-11-01,TOKA,TOKA-099,RMN_SOIL_SAMPLE_V1,1/26/2018,NA,NA,1,41,22,15.2,450,5.1,7.5,2.7,0,0,0,1.7,22.5,52.5,25,1,0,0,CR,0:00:45,,,NA,0,247.9,164.5,19.3,12,30,"Rubenthaler, Rya",0,NA,"Grassy knoll at eastern boundary of TomKat. Interspersed BAPI, Rubus, some firs surrounding point.  ",,RAW
TOMKAT,SMA-11-01,TOKA,TOKA-099,RMN_SOIL_SAMPLE_V1,1/26/2018,NA,NA,2,40,347,15.2,450,5.1,7.5,2.7,0,0,0,1.7,22.5,52.5,25,1,0,1,SH,0:01:19,,,NA,0,240,178.7,0,0,40,"Rubenthaler, Rya",0,NA,"Grassy knoll at eastern boundary of TomKat. Interspersed BAPI, Rubus, some firs surrounding point.  ",,RAW
TOMKAT,SMA-11-01,TOKA,TOKA-099,RMN_SOIL_SAMPLE_V1,1/26/2018,NA,NA,3,48,122,15.2,450,5.1,7.5,2.7,0,0,0,1.7,22.5,52.5,25,1,0,0.3,SH,0:00:17,,,NA,0,227.3,150.5,16.1,10,40,"Rubenthaler, Rya",0,NA,"Grassy knoll at eastern boundary of TomKat. Interspersed BAPI, Rubus, some firs surrounding point.  ",,RAW
TOMKAT,SMA-11-01,TOKA,TOKA-099,RMN_SOIL_SAMPLE_V1,1/26/2018,NA,NA,4,40,129,15.2,450,5.1,7.5,2.7,0,0,0,1.7,22.5,52.5,25,1,0,0,SH,0:00:34,,,NA,0,194.3,141.8,0,0,40,"Rubenthaler, Rya",0,NA,"Grassy knoll at eastern boundary of TomKat. Interspersed BAPI, Rubus, some firs surrounding point.  ",,RAW
TOMKAT,SMA-11-01,TOKA,TOKA-099,RMN_SOIL_SAMPLE_V1,1/26/2018,NA,NA,5,40,215,15.2,450,5.1,7.5,2.7,0,0,0,1.7,22.5,52.5,25,1,7,0.5,SH,0:00:07,,,NA,0,180.6,134,3.4,3,40,"Rubenthaler, Rya",0,NA,"Grassy knoll at eastern boundary of TomKat. Interspersed BAPI, Rubus, some firs surrounding point.  ",,RAW
TOMKAT,SMA-11-01,TOKA,TOKA-099,RMN_SOIL_SAMPLE_V1,2/3/2021,NA,NA,1,41,22,15.1,450,5.1,7.5,2.9,0,0,0,2.1,31.2,38.8,30,0,0,3,CR,0:00:08,,,NA,0,212.9,127.6,30.6,17,40,"Preston, Mel",0,NA,"Lane Hill - nice fresh grass, recent rain infiltrated, roadway grassed but much wider bc fire break last summer. All samples far from road, pretty sure none were dozed.",,RAW
TOMKAT,SMA-11-01,TOKA,TOKA-099,RMN_SOIL_SAMPLE_V1,2/3/2021,NA,NA,2,40,347,15.1,450,5.1,7.5,2.9,0,0,0,2.1,31.2,38.8,30,0,0,1,CR,0:01:04,,,NA,0,225,166.4,0,0,40,"Preston, Mel",0,NA,"Lane Hill - nice fresh grass, recent rain infiltrated, roadway grassed but much wider bc fire break last summer. All samples far from road, pretty sure none were dozed.",,RAW
TOMKAT,SMA-11-01,TOKA,TOKA-099,RMN_SOIL_SAMPLE_V1,2/3/2021,NA,NA,3,48,122,15.1,450,5.1,7.5,2.9,0,0,0,2.1,31.2,38.8,30,0,9,0.5,SH,0:00:13,,,NA,0,180.1,120.6,11.9,6,40,"Preston, Mel",0,NA,"Lane Hill - nice fresh grass, recent rain infiltrated, roadway grassed but much wider bc fire break last summer. All samples far from road, pretty sure none were dozed.",,RAW
TOMKAT,SMA-11-01,TOKA,TOKA-099,RMN_SOIL_SAMPLE_V1,2/3/2021,NA,NA,4,40,129,15.1,450,5.1,7.5,2.9,0,0,0,2.1,31.2,38.8,30,0,2,1,SH,0:00:14,,,NA,0,154.3,80.3,29.7,15,40,"Preston, Mel",0,NA,"Lane Hill - nice fresh grass, recent rain infiltrated, roadway grassed but much wider bc fire break last summer. All samples far from road, pretty sure none were dozed.",,RAW
TOMKAT,SMA-11-01,TOKA,TOKA-099,RMN_SOIL_SAMPLE_V1,2/3/2021,NA,NA,5,40,215,15.1,450,5.1,7.5,2.9,0,0,0,2.1,31.2,38.8,30,0,0,3,SH,0:00:05,,,NA,0,214.3,159.9,0,0,40,"Preston, Mel",0,NA,"Lane Hill - nice fresh grass, recent rain infiltrated, roadway grassed but much wider bc fire break last summer. All samples far from road, pretty sure none were dozed.",,RAW
TOMKAT,SMA-11-01,TOKA,TOKA-099,RMN_SOIL_SAMPLE_V1,3/13/2024,NA,NA,1,41,22,15.2,450,5.1,7.5,2.8,0,0,0,1.7,25,48.8,26.2,1,0,3,CR,0:00:37,,,NA,0,218.3,132.8,26.8,15,37,"Fanucchi, Krista",0,NA,"scrub next to fir forest. Up slope from large mass wasting event, recent. Re-sampled 1 meter east. Lots of gopher activity. ",,RAW
TOMKAT,SMA-11-01,TOKA,TOKA-099,RMN_SOIL_SAMPLE_V1,3/13/2024,NA,NA,2,40,347,15.2,450,5.1,7.5,2.8,0,0,0,1.7,25,48.8,26.2,1,0,0.5,MS,0:15:57,,,NA,0,273,198.1,0,0,21,"Fanucchi, Krista",0,NA,"scrub next to fir forest. Up slope from large mass wasting event, recent. Re-sampled 1 meter east. Lots of gopher activity. ",,RAW
TOMKAT,SMA-11-01,TOKA,TOKA-099,RMN_SOIL_SAMPLE_V1,3/13/2024,NA,NA,3,48,122,15.2,450,5.1,7.5,2.8,0,0,0,1.7,25,48.8,26.2,1,2,1,MS,0:00:36,,,NA,0,237.6,137.2,33.5,15,40,"Fanucchi, Krista",0,NA,"scrub next to fir forest. Up slope from large mass wasting event, recent. Re-sampled 1 meter east. Lots of gopher activity. ",,RAW
TOMKAT,SMA-11-01,TOKA,TOKA-099,RMN_SOIL_SAMPLE_V1,3/13/2024,NA,NA,4,40,129,15.2,450,5.1,7.5,2.8,0,0,0,1.7,25,48.8,26.2,1,0,1.5,MS,0:01:41,,,NA,0,235.3,163.7,4.6,2,40,"Fanucchi, Krista",0,NA,"scrub next to fir forest. Up slope from large mass wasting event, recent. Re-sampled 1 meter east. Lots of gopher activity. ",,RAW
TOMKAT,SMA-11-01,TOKA,TOKA-099,RMN_SOIL_SAMPLE_V1,3/13/2024,NA,NA,5,40,215,15.2,450,5.1,7.5,2.8,0,0,0,1.7,25,48.8,26.2,1,1,2.5,MS,0:03:35,,,NA,0,257.4,193.2,0,0,31,"Fanucchi, Krista",0,NA,"scrub next to fir forest. Up slope from large mass wasting event, recent. Re-sampled 1 meter east. Lots of gopher activity. ",,RAW
TOMKAT,SMA-11-01,TOKA,TOKA-104,RMN_SOIL_SAMPLE_V1,12/8/2014,NA,NA,1,17,292,15.2,450,5.1,7.5,2.3,41.2,20,38.8,1.8,18.8,40,41.2,1,6,1,,0:12:20,0:28:50,0:00:00,NA,0,0,199.1,0.2,1,37,"Henneman, Carlene",0,NA,No wet wts taken.,,RAW
TOMKAT,SMA-11-01,TOKA,TOKA-104,RMN_SOIL_SAMPLE_V1,12/8/2014,NA,NA,2,18,110,15.2,450,5.1,7.5,2.3,41.2,20,38.8,1.8,18.8,40,41.2,1,8,2,,0:08:20,0:23:25,0:00:00,NA,0,0,186.7,1.3,2,38,"Henneman, Carlene",0,NA,No wet wts taken.,,RAW
TOMKAT,SMA-11-01,TOKA,TOKA-104,RMN_SOIL_SAMPLE_V1,12/8/2014,NA,NA,3,50,194,15.2,450,5.1,7.5,2.3,41.2,20,38.8,1.8,18.8,40,41.2,1,7,1,,0:01:07,0:02:43,0:00:00,NA,0,0,175.6,2.8,2,38,"Henneman, Carlene",0,NA,No wet wts taken.,,RAW
TOMKAT,SMA-11-01,TOKA,TOKA-104,RMN_SOIL_SAMPLE_V1,12/8/2014,NA,NA,4,5,271,15.2,450,5.1,7.5,2.3,41.2,20,38.8,1.8,18.8,40,41.2,1,33,0.5,,0:06:10,0:12:47,0:00:00,NA,0,0,182.8,5.3,2,38,"Henneman, Carlene",0,NA,No wet wts taken.,,RAW
TOMKAT,SMA-11-01,TOKA,TOKA-104,RMN_SOIL_SAMPLE_V1,12/8/2014,NA,NA,5,9,302,15.2,450,5.1,7.5,2.3,41.2,20,38.8,1.8,18.8,40,41.2,1,4,1,,0:00:59,0:02:27,0:00:00,NA,0,0,172.6,0.4,1,38,"Henneman, Carlene",0,NA,No wet wts taken.,,RAW
TOMKAT,SMA-11-01,TOKA,TOKA-104,RMN_SOIL_SAMPLE_V1,1/18/2018,NA,NA,1,17,292,15.2,450,5.1,7.5,2.6,0,0,0,2.2,17.5,41.2,41.2,1,0,2,BO,0:16:13,,,NA,0,283.6,228.9,0,NA,40,"Preston, Mel",0,NA,Between riparian corridor and road near reservoir pond. One of pts on far side of willows in cow path,,RAW
TOMKAT,SMA-11-01,TOKA,TOKA-104,RMN_SOIL_SAMPLE_V1,1/18/2018,NA,NA,2,18,110,15.2,450,5.1,7.5,2.6,0,0,0,2.2,17.5,41.2,41.2,1,0,3,BO,0:04:40,,,NA,0,225.6,168,0,0,40,"Preston, Mel",0,NA,Between riparian corridor and road near reservoir pond. One of pts on far side of willows in cow path,,RAW
TOMKAT,SMA-11-01,TOKA,TOKA-104,RMN_SOIL_SAMPLE_V1,1/18/2018,NA,NA,3,50,194,15.2,450,5.1,7.5,2.6,0,0,0,2.2,17.5,41.2,41.2,1,79,0,MS,0:08:32,,,NA,0,248,190.2,0,0,40,"Preston, Mel",0,NA,Between riparian corridor and road near reservoir pond. One of pts on far side of willows in cow path,cowpath,RAW
TOMKAT,SMA-11-01,TOKA,TOKA-104,RMN_SOIL_SAMPLE_V1,1/18/2018,NA,NA,4,5,271,15.2,450,5.1,7.5,2.6,0,0,0,2.2,17.5,41.2,41.2,1,0,0.3,BO,0:14:15,,,NA,0,224.8,170.8,0,0,40,"Preston, Mel",0,NA,Between riparian corridor and road near reservoir pond. One of pts on far side of willows in cow path,,RAW
TOMKAT,SMA-11-01,TOKA,TOKA-104,RMN_SOIL_SAMPLE_V1,1/18/2018,NA,NA,5,9,302,15.2,450,5.1,7.5,2.6,0,0,0,2.2,17.5,41.2,41.2,1,1,5,BO,0:14:48,,,NA,0,264.3,203.8,0,0,40,"Preston, Mel",0,NA,Between riparian corridor and road near reservoir pond. One of pts on far side of willows in cow path,,RAW
TOMKAT,SMA-11-01,TOKA,TOKA-104,RMN_SOIL_SAMPLE_V1,2/25/2022,NA,NA,1,17,292,15.2,450,5.1,7.5,2.3,0,0,0,1.5,20,37.5,42.5,1,2,0.6,FS,0:30:05,,,NA,0,215.4,198.1,0.3,0,40,"Garcia, Dabid",0,NA,In bottom of valley,,RAW
TOMKAT,SMA-11-01,TOKA,TOKA-104,RMN_SOIL_SAMPLE_V1,2/25/2022,NA,NA,2,18,110,15.2,450,5.1,7.5,2.3,0,0,0,1.5,20,37.5,42.5,1,0,2.5,FS,0:10:47,,,NA,0,212.8,166.6,0.3,0,40,"Garcia, Dabid",0,NA,In bottom of valley,,RAW
TOMKAT,SMA-11-01,TOKA,TOKA-104,RMN_SOIL_SAMPLE_V1,2/25/2022,NA,NA,3,7,27,15.2,450,5.1,7.5,2.3,0,0,0,1.5,20,37.5,42.5,1,1,0,FS,0:15:40,,,NA,0,228.1,205.2,0,0,40,"Garcia, Dabid",0,NA,In bottom of valley,"Moved to (7,27) because subpoint was across impassable creek",RAW
TOMKAT,SMA-11-01,TOKA,TOKA-104,RMN_SOIL_SAMPLE_V1,2/25/2022,NA,NA,4,5,271,15.2,450,5.1,7.5,2.3,0,0,0,1.5,20,37.5,42.5,1,0,1.5,FS,0:26:03,,,NA,0,204.2,178,0.7,0,40,"Garcia, Dabid",0,NA,In bottom of valley,,RAW
TOMKAT,SMA-11-01,TOKA,TOKA-104,RMN_SOIL_SAMPLE_V1,2/25/2022,NA,NA,5,9,302,15.2,450,5.1,7.5,2.3,0,0,0,1.5,20,37.5,42.5,1,1,0.8,FS,0:46:05,,,NA,0,185,166.9,19.5,9,40,"Garcia, Dabid",0,NA,In bottom of valley,,RAW
TOMKAT,SMA-11-01,TOKA,TOKA-104,RMN_SOIL_SAMPLE_V1,2/27/2025,NA,NA,1,17,292,15.2,450,5.1,7.5,2,0,0,0,1.6,18.8,37.5,43.8,1,0,0,FS,0:10:35,,,NA,0,250.1,205.6,1,0,40,"Fanucchi, Krista",0,NA,Bottom of hill near riparian. Recently grazed and wet from recent rain. Water infiltration reflective of rain. ,,RAW
TOMKAT,SMA-11-01,TOKA,TOKA-104,RMN_SOIL_SAMPLE_V1,2/27/2025,NA,NA,2,18,110,15.2,450,5.1,7.5,2,0,0,0,1.6,18.8,37.5,43.8,1,0,3,BO,0:53:42,,,NA,1,242.3,176.4,1.5,1,40,"Fanucchi, Krista",0,NA,Bottom of hill near riparian. Recently grazed and wet from recent rain. Water infiltration reflective of rain. ,,RAW
TOMKAT,SMA-11-01,TOKA,TOKA-104,RMN_SOIL_SAMPLE_V1,2/27/2025,NA,NA,3,7,27,15.2,450,5.1,7.5,2,0,0,0,1.6,18.8,37.5,43.8,1,0,4,BO,1:25:48,,,NA,1,270.3,197.7,3.3,2,40,"Fanucchi, Krista",0,NA,Bottom of hill near riparian. Recently grazed and wet from recent rain. Water infiltration reflective of rain. ,,RAW
TOMKAT,SMA-11-01,TOKA,TOKA-104,RMN_SOIL_SAMPLE_V1,2/27/2025,NA,NA,4,5,271,15.2,450,5.1,7.5,2,0,0,0,1.6,18.8,37.5,43.8,1,0,2,FS,0:53:42,,,NA,1,237.2,166.1,0.1,0,32,"Fanucchi, Krista",0,NA,Bottom of hill near riparian. Recently grazed and wet from recent rain. Water infiltration reflective of rain. ,,RAW
TOMKAT,SMA-11-01,TOKA,TOKA-104,RMN_SOIL_SAMPLE_V1,2/27/2025,NA,NA,5,9,302,15.2,450,5.1,7.5,2,0,0,0,1.6,18.8,37.5,43.8,1,0,2.5,BO,1:14:24,,,NA,1,249.1,187.7,1.3,0,38,"Fanucchi, Krista",0,NA,Bottom of hill near riparian. Recently grazed and wet from recent rain. Water infiltration reflective of rain. ,,RAW
TOMKAT,SMA-11-01,TOKA,TOKA-111,RMN_SOIL_SAMPLE_V1,12/8/2014,NA,NA,1,11,114,15.2,450,5.1,7.5,3.3,25,43.8,31.2,1.7,26.2,47.5,26.2,1,2,1,,0:00:45,0:02:04,0:00:00,NA,0,0,133.1,1.4,3,37,"Henneman, Carlene",0,NA,No wet wts taken.,,RAW
TOMKAT,SMA-11-01,TOKA,TOKA-111,RMN_SOIL_SAMPLE_V1,12/8/2014,NA,NA,2,49,39,15.2,450,5.1,7.5,3.3,25,43.8,31.2,1.7,26.2,47.5,26.2,1,12,0.5,,0:00:59,0:02:40,0:00:00,NA,0,0,165,0.5,1,36,"Henneman, Carlene",0,NA,No wet wts taken.,,RAW
TOMKAT,SMA-11-01,TOKA,TOKA-111,RMN_SOIL_SAMPLE_V1,12/8/2014,NA,NA,3,13,195,15.2,450,5.1,7.5,3.3,25,43.8,31.2,1.7,26.2,47.5,26.2,1,10,0.5,,0:01:06,0:03:17,0:00:00,NA,0,0,146.2,46.2,22,37,"Henneman, Carlene",0,NA,No wet wts taken.,,RAW
TOMKAT,SMA-11-01,TOKA,TOKA-111,RMN_SOIL_SAMPLE_V1,12/8/2014,NA,NA,4,7,205,15.2,450,5.1,7.5,3.3,25,43.8,31.2,1.7,26.2,47.5,26.2,1,5,0.5,,0:00:45,0:02:01,0:00:00,NA,0,0,123.7,62.5,30,37,"Henneman, Carlene",0,NA,No wet wts taken.,,RAW
TOMKAT,SMA-11-01,TOKA,TOKA-111,RMN_SOIL_SAMPLE_V1,12/8/2014,NA,NA,5,34,220,15.2,450,5.1,7.5,3.3,25,43.8,31.2,1.7,26.2,47.5,26.2,1,4,0.5,,0:10:57,0:22:33,0:00:00,NA,0,0,171.4,27.8,12,39,"Henneman, Carlene",0,NA,No wet wts taken.,,RAW
TOMKAT,SMA-11-01,TOKA,TOKA-111,RMN_SOIL_SAMPLE_V1,2/12/2018,NA,NA,1,11,114,15.2,450,5.1,7.5,3,0,0,0,1.6,23.8,50,26.2,1,0,1,FS,0:01:20,,,NA,0,219.2,177.4,8.2,4,40,"Weverka, Jacob",0,NA,"Point along a draw/old road on ridgetop. S facing but points vary. PHAQ, BAPI, interspersed with annual grass",,RAW
TOMKAT,SMA-11-01,TOKA,TOKA-111,RMN_SOIL_SAMPLE_V1,2/12/2018,NA,NA,2,49,39,15.2,450,5.1,7.5,3,0,0,0,1.6,23.8,50,26.2,1,0,0.3,SH,0:00:41,,,NA,0,223.2,175.2,0,0,40,"Weverka, Jacob",0,NA,"Point along a draw/old road on ridgetop. S facing but points vary. PHAQ, BAPI, interspersed with annual grass",,RAW
TOMKAT,SMA-11-01,TOKA,TOKA-111,RMN_SOIL_SAMPLE_V1,2/12/2018,NA,NA,3,13,195,15.2,450,5.1,7.5,3,0,0,0,1.6,23.8,50,26.2,1,0,4,MS,0:02:39,,,NA,0,203,146.3,33,14,40,"Weverka, Jacob",0,NA,"Point along a draw/old road on ridgetop. S facing but points vary. PHAQ, BAPI, interspersed with annual grass",,RAW
TOMKAT,SMA-11-01,TOKA,TOKA-111,RMN_SOIL_SAMPLE_V1,2/12/2018,NA,NA,4,7,205,15.2,450,5.1,7.5,3,0,0,0,1.6,23.8,50,26.2,1,0,4,MS,0:05:17,,,NA,0,201.1,170.9,5.5,2,40,"Weverka, Jacob",0,NA,"Point along a draw/old road on ridgetop. S facing but points vary. PHAQ, BAPI, interspersed with annual grass",,RAW
TOMKAT,SMA-11-01,TOKA,TOKA-111,RMN_SOIL_SAMPLE_V1,2/12/2018,NA,NA,5,34,220,15.2,450,5.1,7.5,3,0,0,0,1.6,23.8,50,26.2,1,0,1,SH,0:03:07,,,NA,0,220.4,184.4,4.3,2,40,"Weverka, Jacob",0,NA,"Point along a draw/old road on ridgetop. S facing but points vary. PHAQ, BAPI, interspersed with annual grass",,RAW
TOMKAT,SMA-11-01,TOKA,TOKA-111,RMN_SOIL_SAMPLE_V1,2/25/2022,NA,NA,1,11,114,15.2,450,5.1,7.5,2.9,0,0,0,1.6,32.5,47.5,20,1,1,0.2,MS,0:04:06,0:00:00,,NA,0,202.8,168.9,15.1,7,40,"Noda, Sophie",0,NA,,,RAW
TOMKAT,SMA-11-01,TOKA,TOKA-111,RMN_SOIL_SAMPLE_V1,2/25/2022,NA,NA,2,49,39,15.2,450,5.1,7.5,2.9,0,0,0,1.6,32.5,47.5,20,1,2,0.3,SH,0:03:15,0:00:00,,NA,0,185,150.7,0,0,40,"Noda, Sophie",0,NA,,,RAW
TOMKAT,SMA-11-01,TOKA,TOKA-111,RMN_SOIL_SAMPLE_V1,2/25/2022,NA,NA,3,13,195,15.2,450,5.1,7.5,2.9,0,0,0,1.6,32.5,47.5,20,1,5,0.5,SH,0:02:53,0:00:00,,NA,0,201.4,171.1,14.6,6,40,"Noda, Sophie",0,NA,,,RAW
TOMKAT,SMA-11-01,TOKA,TOKA-111,RMN_SOIL_SAMPLE_V1,2/25/2022,NA,NA,4,7,205,15.2,450,5.1,7.5,2.9,0,0,0,1.6,32.5,47.5,20,1,2,0.3,SH,0:02:24,0:00:00,,NA,0,195.7,153,24.5,11,28,"Noda, Sophie",0,NA,,,RAW
TOMKAT,SMA-11-01,TOKA,TOKA-111,RMN_SOIL_SAMPLE_V1,2/25/2022,NA,NA,5,34,220,15.2,450,5.1,7.5,2.9,0,0,0,1.6,32.5,47.5,20,1,0,0.6,SH,0:02:48,0:01:58,,NA,0,195.2,166.5,6.7,3,40,"Noda, Sophie",0,NA,,"rocky pan, sampled a ways away from point",RAW
TOMKAT,SMA-11-01,TOKA,TOKA-111,RMN_SOIL_SAMPLE_V1,2/27/2025,NA,NA,1,11,114,15.2,450,5.1,7.5,3.2,0,0,0,1.6,25,48.8,26.2,1,1,3,FS,0:01:58,,,NA,0,209.2,153.4,0.5,0,40,"Fanucchi, Krista",0,NA,"Shrubby hill above draw, rocky. Lots of native grasses",,RAW
TOMKAT,SMA-11-01,TOKA,TOKA-111,RMN_SOIL_SAMPLE_V1,2/27/2025,NA,NA,2,49,39,15.2,450,5.1,7.5,3.2,0,0,0,1.6,25,48.8,26.2,1,0,5,CR,0:03:15,,,NA,0,240.6,172.5,0,0,40,"Fanucchi, Krista",0,NA,"Shrubby hill above draw, rocky. Lots of native grasses",,RAW
TOMKAT,SMA-11-01,TOKA,TOKA-111,RMN_SOIL_SAMPLE_V1,2/27/2025,NA,NA,3,13,195,15.2,450,5.1,7.5,3.2,0,0,0,1.6,25,48.8,26.2,1,0,0.5,CR,0:02:30,,,NA,0,250.4,162.7,44.8,20,30,"Fanucchi, Krista",0,NA,"Shrubby hill above draw, rocky. Lots of native grasses",,RAW
TOMKAT,SMA-11-01,TOKA,TOKA-111,RMN_SOIL_SAMPLE_V1,2/27/2025,NA,NA,4,7,205,15.2,450,5.1,7.5,3.2,0,0,0,1.6,25,48.8,26.2,1,0,0.5,CR,0:02:25,,,NA,0,216.1,177.8,3.1,1,40,"Fanucchi, Krista",0,NA,"Shrubby hill above draw, rocky. Lots of native grasses",,RAW
TOMKAT,SMA-11-01,TOKA,TOKA-111,RMN_SOIL_SAMPLE_V1,2/27/2025,NA,NA,5,34,220,15.2,450,5.1,7.5,3.2,0,0,0,1.6,25,48.8,26.2,1,1,1,CR,0:06:40,,,NA,0,197.1,164.1,9.1,4,30,"Fanucchi, Krista",0,NA,"Shrubby hill above draw, rocky. Lots of native grasses",,RAW
TOMKAT,SMA-11-01,TOKA,TOKA-115,RMN_SOIL_SAMPLE_V1,1/7/2015,NA,NA,1,17,292,15.2,450,5.1,7.5,3.4,35,31.2,33.8,2.4,41.2,25,33.8,1,45,0.5,,0:00:08,0:00:29,0:00:00,NA,0,189.4,137.1,11.9,6,32,"Preston, Mel",0,NA,,,RAW
TOMKAT,SMA-11-01,TOKA,TOKA-115,RMN_SOIL_SAMPLE_V1,1/7/2015,NA,NA,2,50,194,15.2,450,5.1,7.5,3.4,35,31.2,33.8,2.4,41.2,25,33.8,1,24,0.5,,0:00:26,0:01:06,0:00:00,NA,0,196.6,157.1,0,0,35,"Preston, Mel",0,NA,,,RAW
TOMKAT,SMA-11-01,TOKA,TOKA-115,RMN_SOIL_SAMPLE_V1,1/7/2015,NA,NA,3,5,271,15.2,450,5.1,7.5,3.4,35,31.2,33.8,2.4,41.2,25,33.8,1,35,0.5,,0:00:06,0:00:11,0:00:00,NA,0,150.9,80.1,46.7,35,35,"Preston, Mel",0,NA,,,RAW
TOMKAT,SMA-11-01,TOKA,TOKA-115,RMN_SOIL_SAMPLE_V1,1/7/2015,NA,NA,4,9,302,15.2,450,5.1,7.5,3.4,35,31.2,33.8,2.4,41.2,25,33.8,1,50,0.3,,0:00:11,0:00:20,0:00:00,NA,0,206.2,97.3,73.8,41,34,"Preston, Mel",0,NA,,,RAW
TOMKAT,SMA-11-01,TOKA,TOKA-115,RMN_SOIL_SAMPLE_V1,1/7/2015,NA,NA,5,11,114,15.2,450,5.1,7.5,3.4,35,31.2,33.8,2.4,41.2,25,33.8,1,21,1,,0:00:23,0:01:08,0:00:00,NA,0,191.7,128.4,20.5,12,34,"Preston, Mel",0,NA,,,RAW
TOMKAT,SMA-11-01,TOKA,TOKA-115,RMN_SOIL_SAMPLE_V1,2/15/2018,NA,NA,1,17,292,15.2,450,5.1,7.5,3.1,0,0,0,1.7,32.5,37.5,30,1,9,1,MS,0:00:40,,,NA,0,192.5,142.5,0,0,40,"Weverka, Jacob",0,NA,"NW facing slope on edge of thick, scrub-filled gully above main road. Low BAPI, and some firs and pines in point. Re-took BD on 3/12/18 after 1st samples spilled in lab.",,RAW
TOMKAT,SMA-11-01,TOKA,TOKA-115,RMN_SOIL_SAMPLE_V1,2/15/2018,NA,NA,2,50,194,15.2,450,5.1,7.5,3.1,0,0,0,1.7,32.5,37.5,30,1,0,2,MS,0:00:35,,,NA,0,213.5,149.9,0,0,40,"Weverka, Jacob",0,NA,"NW facing slope on edge of thick, scrub-filled gully above main road. Low BAPI, and some firs and pines in point. Re-took BD on 3/12/18 after 1st samples spilled in lab.",,RAW
TOMKAT,SMA-11-01,TOKA,TOKA-115,RMN_SOIL_SAMPLE_V1,2/15/2018,NA,NA,3,5,271,15.2,450,5.1,7.5,3.1,0,0,0,1.7,32.5,37.5,30,1,0,0.5,MS,0:00:24,,,NA,0,191.5,149.3,0,0,40,"Weverka, Jacob",0,NA,"NW facing slope on edge of thick, scrub-filled gully above main road. Low BAPI, and some firs and pines in point. Re-took BD on 3/12/18 after 1st samples spilled in lab.",,RAW
TOMKAT,SMA-11-01,TOKA,TOKA-115,RMN_SOIL_SAMPLE_V1,2/15/2018,NA,NA,4,9,302,15.2,450,5.1,7.5,3.1,0,0,0,1.7,32.5,37.5,30,1,0,2,MS,0:00:24,,,NA,0,218.7,174.6,0,0,40,"Weverka, Jacob",0,NA,"NW facing slope on edge of thick, scrub-filled gully above main road. Low BAPI, and some firs and pines in point. Re-took BD on 3/12/18 after 1st samples spilled in lab.",,RAW
TOMKAT,SMA-11-01,TOKA,TOKA-115,RMN_SOIL_SAMPLE_V1,2/15/2018,NA,NA,5,11,114,15.2,450,5.1,7.5,3.1,0,0,0,1.7,32.5,37.5,30,1,0,2,MS,0:02:05,,,NA,0,210.8,166.6,0,0,40,"Weverka, Jacob",0,NA,"NW facing slope on edge of thick, scrub-filled gully above main road. Low BAPI, and some firs and pines in point. Re-took BD on 3/12/18 after 1st samples spilled in lab.",,RAW
TOMKAT,SMA-11-01,TOKA,TOKA-117,RMN_SOIL_SAMPLE_V1,2/23/2022,NA,NA,1,6,106,15.2,450,5.1,7.5,4.4,0,0,0,2.6,36.2,25,38.8,0,5,0.3,MS,0:30:07,,,NA,0,219.4,188.3,0.1,0,40,"Noda, Sophie",0,NA,new soil points taken from GRTS - fertility field. patches of lush grass- oats and wheat. Gently sloping hill SE facing.,not in lush patch,RAW
TOMKAT,SMA-11-01,TOKA,TOKA-117,RMN_SOIL_SAMPLE_V1,2/23/2022,NA,NA,2,13,175,15.2,450,5.1,7.5,4.4,0,0,0,2.6,36.2,25,38.8,0,2,0.3,MS,0:01:33,,,NA,0,215.7,188.4,0.2,0,40,"Noda, Sophie",0,NA,new soil points taken from GRTS - fertility field. patches of lush grass- oats and wheat. Gently sloping hill SE facing.,not in lush patch,RAW
TOMKAT,SMA-11-01,TOKA,TOKA-117,RMN_SOIL_SAMPLE_V1,2/23/2022,NA,NA,3,28,112,15.2,450,5.1,7.5,4.4,0,0,0,2.6,36.2,25,38.8,0,0,0.5,MS,0:03:10,,,NA,0,205.7,175.9,4.8,2,35,"Noda, Sophie",0,NA,new soil points taken from GRTS - fertility field. patches of lush grass- oats and wheat. Gently sloping hill SE facing.,in lush patch; litter is mat of decomposing thick grass,RAW
TOMKAT,SMA-11-01,TOKA,TOKA-117,RMN_SOIL_SAMPLE_V1,2/23/2022,NA,NA,4,2,217,15.2,450,5.1,7.5,4.4,0,0,0,2.6,36.2,25,38.8,0,0,0,MS,0:02:57,,,NA,0,207.2,172.6,0.1,0,40,"Noda, Sophie",0,NA,new soil points taken from GRTS - fertility field. patches of lush grass- oats and wheat. Gently sloping hill SE facing.,not in lush patch,RAW
TOMKAT,SMA-11-01,TOKA,TOKA-117,RMN_SOIL_SAMPLE_V1,2/23/2022,NA,NA,5,20,79,15.2,450,5.1,7.5,4.4,0,0,0,2.6,36.2,25,38.8,0,0,0.5,MS,0:00:20,,,NA,0,189.6,159.8,0.2,0,40,"Noda, Sophie",0,NA,new soil points taken from GRTS - fertility field. patches of lush grass- oats and wheat. Gently sloping hill SE facing.,in lush patch; litter is mat of decomposing thick grass,RAW
TOMKAT,SMA-11-01,TOKA,TOKA-117,RMN_SOIL_SAMPLE_V1,2/27/2025,NA,NA,1,6,106,15.2,450,5.1,7.5,3.8,0,0,0,2.5,31.2,26.2,42.5,1,0,1,CR,0:01:37,,,NA,0,211.5,166.4,0,0,40,"Fanucchi, Krista",0,NA,"Fertility flat, near warehouse at Eucalyptus grove. Bale grazing study site.",,RAW
TOMKAT,SMA-11-01,TOKA,TOKA-117,RMN_SOIL_SAMPLE_V1,2/27/2025,NA,NA,2,13,175,15.2,450,5.1,7.5,3.8,0,0,0,2.5,31.2,26.2,42.5,1,0,1,CR,0:05:47,,,NA,0,250,203.5,0.1,0,40,"Fanucchi, Krista",0,NA,"Fertility flat, near warehouse at Eucalyptus grove. Bale grazing study site.",,RAW
TOMKAT,SMA-11-01,TOKA,TOKA-117,RMN_SOIL_SAMPLE_V1,2/27/2025,NA,NA,3,28,112,15.2,450,5.1,7.5,3.8,0,0,0,2.5,31.2,26.2,42.5,1,0,2.5,CR,0:06:11,,,NA,0,241,184.2,0.1,0,40,"Fanucchi, Krista",0,NA,"Fertility flat, near warehouse at Eucalyptus grove. Bale grazing study site.",,RAW
TOMKAT,SMA-11-01,TOKA,TOKA-117,RMN_SOIL_SAMPLE_V1,2/27/2025,NA,NA,4,2,217,15.2,450,5.1,7.5,3.8,0,0,0,2.5,31.2,26.2,42.5,1,0,3,CR,0:00:05,,,NA,0,214.6,163.1,0.5,0,40,"Fanucchi, Krista",0,NA,"Fertility flat, near warehouse at Eucalyptus grove. Bale grazing study site.",,RAW
TOMKAT,SMA-11-01,TOKA,TOKA-117,RMN_SOIL_SAMPLE_V1,2/27/2025,NA,NA,5,20,79,15.2,450,5.1,7.5,3.8,0,0,0,2.5,31.2,26.2,42.5,1,0,2.5,CR,1:09:42,,,NA,1,244.3,186.7,0.2,0,40,"Fanucchi, Krista",0,NA,"Fertility flat, near warehouse at Eucalyptus grove. Bale grazing study site.",,RAW
TOMKAT,SMA-11-01,TOKA,TOKA-119,RMN_SOIL_SAMPLE_V1,1/8/2015,NA,NA,1,4,66,15.2,450,5.1,7.5,3.5,31.2,28.8,40,2.1,35,23.8,41.2,1,0,2,,0:00:33,0:02:01,0:00:00,NA,0,224.1,169.6,0.7,1,35,"Preston, Mel",0,NA,,,RAW
TOMKAT,SMA-11-01,TOKA,TOKA-119,RMN_SOIL_SAMPLE_V1,1/8/2015,NA,NA,2,48,318,15.2,450,5.1,7.5,3.5,31.2,28.8,40,2.1,35,23.8,41.2,1,0,6,,0:00:11,0:00:50,0:00:00,NA,0,234.1,176.4,4.1,6,36,"Preston, Mel",0,NA,,,RAW
TOMKAT,SMA-11-01,TOKA,TOKA-119,RMN_SOIL_SAMPLE_V1,1/8/2015,NA,NA,3,34,86,15.2,450,5.1,7.5,3.5,31.2,28.8,40,2.1,35,23.8,41.2,1,13,1.5,,0:00:23,0:00:50,0:00:00,NA,0,219,174.3,0.1,1,37,"Preston, Mel",0,NA,,,RAW
TOMKAT,SMA-11-01,TOKA,TOKA-119,RMN_SOIL_SAMPLE_V1,1/8/2015,NA,NA,4,14,22,15.2,450,5.1,7.5,3.5,31.2,28.8,40,2.1,35,23.8,41.2,1,1,3.5,,0:00:03,0:00:05,0:00:00,NA,0,248.7,200,0.1,1,38,"Preston, Mel",0,NA,,,RAW
TOMKAT,SMA-11-01,TOKA,TOKA-119,RMN_SOIL_SAMPLE_V1,1/8/2015,NA,NA,5,20,214,15.2,450,5.1,7.5,3.5,31.2,28.8,40,2.1,35,23.8,41.2,1,1,4,,0:00:19,0:01:08,0:00:00,NA,0,259.1,200.9,0.5,1,28,"Preston, Mel",0,NA,,,RAW
TOMKAT,SMA-11-01,TOKA,TOKA-119,RMN_SOIL_SAMPLE_V1,2/5/2018,NA,NA,1,556365,4125728,15.2,450,5.1,7.5,2.8,0,0,0,2,33.8,23.8,42.5,1,2,0.3,SH,0:00:35,,,NA,0,220.5,168.5,0,0,40,"Rubenthaler, Rya",0,NA,"Mild southeast-facing slope. Two points on edge of thick scrub--BAPI, TODI, and blackberry. Two fir trees in point. Point 2 on other side of fence in La Milpa. Navigated with GPS due to scrub. ",,RAW
TOMKAT,SMA-11-01,TOKA,TOKA-119,RMN_SOIL_SAMPLE_V1,2/5/2018,NA,NA,2,556338,4125320,15.2,450,5.1,7.5,2.8,0,0,0,2,33.8,23.8,42.5,1,0,6,SH,0:00:40,,,NA,0,234.8,191.8,0,0,40,"Rubenthaler, Rya",0,NA,"Mild southeast-facing slope. Two points on edge of thick scrub--BAPI, TODI, and blackberry. Two fir trees in point. Point 2 on other side of fence in La Milpa. Navigated with GPS due to scrub. ",,RAW
TOMKAT,SMA-11-01,TOKA,TOKA-119,RMN_SOIL_SAMPLE_V1,2/5/2018,NA,NA,3,556394,4125272,15.2,450,5.1,7.5,2.8,0,0,0,2,33.8,23.8,42.5,1,0,4,SH,0:00:18,,,NA,0,239.5,188.7,0,0,40,"Rubenthaler, Rya",0,NA,"Mild southeast-facing slope. Two points on edge of thick scrub--BAPI, TODI, and blackberry. Two fir trees in point. Point 2 on other side of fence in La Milpa. Navigated with GPS due to scrub. ",,RAW
TOMKAT,SMA-11-01,TOKA,TOKA-119,RMN_SOIL_SAMPLE_V1,2/5/2018,NA,NA,4,556368,4125289,15.2,450,5.1,7.5,2.8,0,0,0,2,33.8,23.8,42.5,1,0,4,SH,0:00:18,,,NA,0,230.5,187,0,0,40,"Rubenthaler, Rya",0,NA,"Mild southeast-facing slope. Two points on edge of thick scrub--BAPI, TODI, and blackberry. Two fir trees in point. Point 2 on other side of fence in La Milpa. Navigated with GPS due to scrub. ",,RAW
TOMKAT,SMA-11-01,TOKA,TOKA-119,RMN_SOIL_SAMPLE_V1,2/5/2018,NA,NA,5,556346,4125264,15.2,450,5.1,7.5,2.8,0,0,0,2,33.8,23.8,42.5,1,5,0.5,SH,0:01:06,,,NA,0,235.1,189.3,0,0,40,"Rubenthaler, Rya",0,NA,"Mild southeast-facing slope. Two points on edge of thick scrub--BAPI, TODI, and blackberry. Two fir trees in point. Point 2 on other side of fence in La Milpa. Navigated with GPS due to scrub. ",,RAW
TOMKAT,SMA-11-01,TOKA,TOKA-122,RMN_SOIL_SAMPLE_V1,2/24/2015,NA,NA,1,556377,4124309,15.2,450,5.1,7.5,4.4,0,0,0,1.5,35,30,35,0,50,0,,0:00:15,0:01:26,0:00:00,NA,0,189,0,0,0,36,"Preston, Mel",0,NA,,,RAW
TOMKAT,SMA-11-01,TOKA,TOKA-122,RMN_SOIL_SAMPLE_V1,2/24/2015,NA,NA,2,556334,4124289,15.2,450,5.1,7.5,4.4,0,0,0,1.5,35,30,35,0,17,0.5,,0:00:03,0:00:04,0:00:00,NA,0,214,0,0,0,37,"Preston, Mel",0,NA,,,RAW
TOMKAT,SMA-11-01,TOKA,TOKA-122,RMN_SOIL_SAMPLE_V1,2/24/2015,NA,NA,3,556367,4124221,15.2,450,5.1,7.5,4.4,0,0,0,1.5,35,30,35,0,0,3,,0:00:09,0:00:44,0:00:00,NA,0,203.1,0,0,0,40,"Preston, Mel",0,NA,,,RAW
TOMKAT,SMA-11-01,TOKA,TOKA-122,RMN_SOIL_SAMPLE_V1,2/24/2015,NA,NA,4,556328,4124313,15.2,450,5.1,7.5,4.4,0,0,0,1.5,35,30,35,0,1,3,,0:00:14,0:00:42,0:00:00,NA,0,158.4,0,0,0,35,"Preston, Mel",0,NA,,,RAW
TOMKAT,SMA-11-01,TOKA,TOKA-122,RMN_SOIL_SAMPLE_V1,2/24/2015,NA,NA,5,556386,4124257,15.2,450,5.1,7.5,4.4,0,0,0,1.5,35,30,35,0,0,2,,0:00:39,0:01:49,0:00:00,NA,0,205.8,0,0,0,38,"Preston, Mel",0,NA,,,RAW
TOMKAT,SMA-11-01,TOKA,TOKA-122,RMN_SOIL_SAMPLE_V1,1/24/2018,NA,NA,1,556377,4124309,15.2,450,5.1,7.5,3.3,0,0,0,2.1,32.5,30,37.5,1,5,0.3,SH,0:11:22,,,NA,0,240.8,194.5,0,0,23,"Weverka, Jacob",0,NA,"Steep slope, SE facing. BAPI, bush monkeyflowers, some TODI, especially at lower points. Some small fir trees nearby and rushes and blackberry at bottom of slope. Carbon resampled on 3/12/18 due to bag labelling mix-up. Point 1 to 23cm only. All others to",on edge of sandstone outcrop,RAW
TOMKAT,SMA-11-01,TOKA,TOKA-122,RMN_SOIL_SAMPLE_V1,1/24/2018,NA,NA,2,556334,4124289,15.2,450,5.1,7.5,3.3,0,0,0,2.1,32.5,30,37.5,1,2,1.5,SH,0:00:18,,,NA,0,170.7,134.4,0,0,40,"Weverka, Jacob",0,NA,"Steep slope, SE facing. BAPI, bush monkeyflowers, some TODI, especially at lower points. Some small fir trees nearby and rushes and blackberry at bottom of slope. Carbon resampled on 3/12/18 due to bag labelling mix-up. Point 1 to 23cm only. All others to",,RAW
TOMKAT,SMA-11-01,TOKA,TOKA-122,RMN_SOIL_SAMPLE_V1,1/24/2018,NA,NA,3,556367,4124221,15.2,450,5.1,7.5,3.3,0,0,0,2.1,32.5,30,37.5,1,0,2,FS,0:00:07,,,NA,0,190,131.4,0,0,40,"Weverka, Jacob",0,NA,"Steep slope, SE facing. BAPI, bush monkeyflowers, some TODI, especially at lower points. Some small fir trees nearby and rushes and blackberry at bottom of slope. Carbon resampled on 3/12/18 due to bag labelling mix-up. Point 1 to 23cm only. All others to",,RAW
TOMKAT,SMA-11-01,TOKA,TOKA-122,RMN_SOIL_SAMPLE_V1,1/24/2018,NA,NA,4,5556328,4124313,15.2,450,5.1,7.5,3.3,0,0,0,2.1,32.5,30,37.5,1,1,2,SH,0:01:03,,,NA,0,204.3,155.5,0,0,40,"Weverka, Jacob",0,NA,"Steep slope, SE facing. BAPI, bush monkeyflowers, some TODI, especially at lower points. Some small fir trees nearby and rushes and blackberry at bottom of slope. Carbon resampled on 3/12/18 due to bag labelling mix-up. Point 1 to 23cm only. All others to",,RAW
TOMKAT,SMA-11-01,TOKA,TOKA-122,RMN_SOIL_SAMPLE_V1,1/24/2018,NA,NA,5,556386,4124257,15.2,450,5.1,7.5,3.3,0,0,0,2.1,32.5,30,37.5,1,1,1,BO,0:01:02,,,NA,0,225.6,162.1,0,0,40,"Weverka, Jacob",0,NA,"Steep slope, SE facing. BAPI, bush monkeyflowers, some TODI, especially at lower points. Some small fir trees nearby and rushes and blackberry at bottom of slope. Carbon resampled on 3/12/18 due to bag labelling mix-up. Point 1 to 23cm only. All others to",,RAW
TOMKAT,SMA-11-01,TOKA,TOKA-126,RMN_SOIL_SAMPLE_V1,1/5/2015,NA,NA,1,36,229,15.2,450,5.1,7.5,4.8,35,28.8,36.2,2.6,38.8,23.8,37.5,1,0,1.1,,0:01:00,0:06:57,0:00:00,NA,0,229.6,193.1,0.2,1,36,"Preston, Mel",0,NA,"Had a lot of trouble getting cores of enough depth; breaking off, holes in them, compacted below probe.",,RAW
TOMKAT,SMA-11-01,TOKA,TOKA-126,RMN_SOIL_SAMPLE_V1,1/5/2015,NA,NA,2,28,231,15.2,450,5.1,7.5,4.8,35,28.8,36.2,2.6,38.8,23.8,37.5,1,0,2.5,,0:01:13,0:02:13,0:00:00,NA,0,196.2,149.9,0.2,1,35,"Preston, Mel",0,NA,"Had a lot of trouble getting cores of enough depth; breaking off, holes in them, compacted below probe.",,RAW
TOMKAT,SMA-11-01,TOKA,TOKA-126,RMN_SOIL_SAMPLE_V1,1/5/2015,NA,NA,3,44,220,15.2,450,5.1,7.5,4.8,35,28.8,36.2,2.6,38.8,23.8,37.5,1,0,6,,0:00:05,0:00:12,0:00:00,NA,0,229.5,183.1,0.2,1,31,"Preston, Mel",0,NA,"Had a lot of trouble getting cores of enough depth; breaking off, holes in them, compacted below probe.",,RAW
TOMKAT,SMA-11-01,TOKA,TOKA-126,RMN_SOIL_SAMPLE_V1,1/5/2015,NA,NA,4,7,110,15.2,450,5.1,7.5,4.8,35,28.8,36.2,2.6,38.8,23.8,37.5,1,0,2.7,,0:00:18,0:00:46,0:00:00,NA,0,178,137.8,1.5,4,35,"Preston, Mel",0,NA,"Had a lot of trouble getting cores of enough depth; breaking off, holes in them, compacted below probe.",,RAW
TOMKAT,SMA-11-01,TOKA,TOKA-126,RMN_SOIL_SAMPLE_V1,1/5/2015,NA,NA,5,12,165,15.2,450,5.1,7.5,4.8,35,28.8,36.2,2.6,38.8,23.8,37.5,1,0,3.2,,0:00:09,0:00:33,0:00:00,NA,0,169.6,135.4,0.2,1,31,"Preston, Mel",0,NA,"Had a lot of trouble getting cores of enough depth; breaking off, holes in them, compacted below probe.",,RAW
TOMKAT,SMA-11-01,TOKA,TOKA-126,RMN_SOIL_SAMPLE_V1,2/9/2018,NA,NA,1,36,229,15.2,450,5.1,7.5,4,0,0,0,2.4,38.8,22.5,38.8,1,2,1,MS,0:00:18,,,NA,0,231.7,186.7,0,0,40,"Weverka, Jacob",0,NA,"SW facing slope, moderately steep. BAPI interspersed throughout point and a small oak. Recently grazed by horses.",,RAW
TOMKAT,SMA-11-01,TOKA,TOKA-126,RMN_SOIL_SAMPLE_V1,2/9/2018,NA,NA,2,28,231,15.2,450,5.1,7.5,4,0,0,0,2.4,38.8,22.5,38.8,1,0,1,MS,0:01:37,,,NA,0,211.6,177.2,0,0,40,"Weverka, Jacob",0,NA,"SW facing slope, moderately steep. BAPI interspersed throughout point and a small oak. Recently grazed by horses.",,RAW
TOMKAT,SMA-11-01,TOKA,TOKA-126,RMN_SOIL_SAMPLE_V1,2/9/2018,NA,NA,3,44,220,15.2,450,5.1,7.5,4,0,0,0,2.4,38.8,22.5,38.8,1,0,2,MS,0:00:34,,,NA,0,214,181.5,0,0,40,"Weverka, Jacob",0,NA,"SW facing slope, moderately steep. BAPI interspersed throughout point and a small oak. Recently grazed by horses.",,RAW
TOMKAT,SMA-11-01,TOKA,TOKA-126,RMN_SOIL_SAMPLE_V1,2/9/2018,NA,NA,4,7,110,15.2,450,5.1,7.5,4,0,0,0,2.4,38.8,22.5,38.8,1,0,3,SH,0:00:21,,,NA,0,238.7,191.7,0,0,40,"Weverka, Jacob",0,NA,"SW facing slope, moderately steep. BAPI interspersed throughout point and a small oak. Recently grazed by horses.",,RAW
TOMKAT,SMA-11-01,TOKA,TOKA-126,RMN_SOIL_SAMPLE_V1,2/9/2018,NA,NA,5,12,165,15.2,450,5.1,7.5,4,0,0,0,2.4,38.8,22.5,38.8,1,0,1,MS,0:00:36,,,NA,0,229.8,186,0,0,40,"Weverka, Jacob",0,NA,"SW facing slope, moderately steep. BAPI interspersed throughout point and a small oak. Recently grazed by horses.",,RAW
TOMKAT,SMA-11-01,TOKA,TOKA-126,RMN_SOIL_SAMPLE_V1,3/2/2021,NA,NA,1,36,229,15.2,450,5.1,7.5,4.3,0,0,0,2.5,40,23.8,36.2,1,0,4,MS,0:00:19,,,NA,0,227.8,176.8,0,0,40,"Preston, Mel",0,NA,"2nd resample. Step 1 m south. Training point with Alex, Dillon, Jessica, Andrea, Hayley, Susan. Soils dry and hard",,RAW
TOMKAT,SMA-11-01,TOKA,TOKA-126,RMN_SOIL_SAMPLE_V1,3/2/2021,NA,NA,2,28,231,15.2,450,5.1,7.5,4.3,0,0,0,2.5,40,23.8,36.2,1,0,5,MS,0:00:39,,,NA,0,195.6,154.9,0.2,0,40,"Preston, Mel",0,NA,"2nd resample. Step 1 m south. Training point with Alex, Dillon, Jessica, Andrea, Hayley, Susan. Soils dry and hard",,RAW
TOMKAT,SMA-11-01,TOKA,TOKA-126,RMN_SOIL_SAMPLE_V1,3/2/2021,NA,NA,3,44,220,15.2,450,5.1,7.5,4.3,0,0,0,2.5,40,23.8,36.2,1,0,2,MS,0:00:18,,,NA,0,195.7,162.5,0,0,38,"Preston, Mel",0,NA,"2nd resample. Step 1 m south. Training point with Alex, Dillon, Jessica, Andrea, Hayley, Susan. Soils dry and hard",,RAW
TOMKAT,SMA-11-01,TOKA,TOKA-126,RMN_SOIL_SAMPLE_V1,3/2/2021,NA,NA,4,7,110,15.2,450,5.1,7.5,4.3,0,0,0,2.5,40,23.8,36.2,1,0,2,SH,0:00:11,,,NA,0,167.1,130.6,1.2,0,38,"Preston, Mel",0,NA,"2nd resample. Step 1 m south. Training point with Alex, Dillon, Jessica, Andrea, Hayley, Susan. Soils dry and hard",,RAW
TOMKAT,SMA-11-01,TOKA,TOKA-126,RMN_SOIL_SAMPLE_V1,3/2/2021,NA,NA,5,12,165,15.2,450,5.1,7.5,4.3,0,0,0,2.5,40,23.8,36.2,1,0,3,MS,0:00:15,,,NA,0,180.6,141.7,0,0,38,"Preston, Mel",0,NA,"2nd resample. Step 1 m south. Training point with Alex, Dillon, Jessica, Andrea, Hayley, Susan. Soils dry and hard",,RAW
TOMKAT,SMA-11-01,TOKA,TOKA-126,RMN_SOIL_SAMPLE_V1,3/15/2024,NA,NA,1,36,229,15.2,450,5.1,7.5,3.7,0,0,0,2.3,33.8,40,26.2,1,1,2,MS,2:19:02,,,NA,1,256.9,185.6,0,0,40,"Fanucchi, Krista",0,NA,"S facing slope, lots of Stipa Pulchra, some scrub encroachment. ",,RAW
TOMKAT,SMA-11-01,TOKA,TOKA-126,RMN_SOIL_SAMPLE_V1,3/15/2024,NA,NA,2,28,231,15.2,450,5.1,7.5,3.7,0,0,0,2.3,33.8,40,26.2,1,2,3,MS,1:37:02,,,NA,1,245.9,165.6,0.1,0,36,"Fanucchi, Krista",0,NA,"S facing slope, lots of Stipa Pulchra, some scrub encroachment. ",,RAW
TOMKAT,SMA-11-01,TOKA,TOKA-126,RMN_SOIL_SAMPLE_V1,3/15/2024,NA,NA,3,44,220,15.2,450,5.1,7.5,3.7,0,0,0,2.3,33.8,40,26.2,1,0,3,FS,1:19:08,,,NA,1,229.8,165,1.4,1,40,"Fanucchi, Krista",0,NA,"S facing slope, lots of Stipa Pulchra, some scrub encroachment. ",,RAW
TOMKAT,SMA-11-01,TOKA,TOKA-126,RMN_SOIL_SAMPLE_V1,3/15/2024,NA,NA,4,7,110,15.2,450,5.1,7.5,3.7,0,0,0,2.3,33.8,40,26.2,1,5,0.5,SH,0:16:21,,,NA,0,184.2,127.9,0,0,40,"Fanucchi, Krista",0,NA,"S facing slope, lots of Stipa Pulchra, some scrub encroachment. ",,RAW
TOMKAT,SMA-11-01,TOKA,TOKA-126,RMN_SOIL_SAMPLE_V1,3/15/2024,NA,NA,5,12,165,15.2,450,5.1,7.5,3.7,0,0,0,2.3,33.8,40,26.2,1,0,5,SH,0:02:31,,,NA,0,190.5,129.9,0.3,0,37,"Fanucchi, Krista",0,NA,"S facing slope, lots of Stipa Pulchra, some scrub encroachment. ",,RAW
TOMKAT,SMA-11-01,TOKA,TOKA-129,RMN_SOIL_SAMPLE_V1,1/5/2015,NA,NA,1,34,248,15.2,450,5.1,7.5,3.7,35,22.5,42.5,2.6,37.5,21.2,41.2,1,7,1,,0:00:21,0:01:03,0:00:00,NA,0,254.5,198,0.4,1,36,"Preston, Mel",0,NA,,,RAW
TOMKAT,SMA-11-01,TOKA,TOKA-129,RMN_SOIL_SAMPLE_V1,1/5/2015,NA,NA,2,34,211,15.2,450,5.1,7.5,3.7,35,22.5,42.5,2.6,37.5,21.2,41.2,1,0,2,,0:00:13,0:00:47,0:00:00,NA,0,218.6,173.1,0.1,0,35,"Preston, Mel",0,NA,,,RAW
TOMKAT,SMA-11-01,TOKA,TOKA-129,RMN_SOIL_SAMPLE_V1,1/5/2015,NA,NA,3,0,352,15.2,450,5.1,7.5,3.7,35,22.5,42.5,2.6,37.5,21.2,41.2,1,0,2,,0:00:13,0:00:28,0:00:00,NA,0,234.8,179.3,0.1,0,37,"Preston, Mel",0,NA,,,RAW
TOMKAT,SMA-11-01,TOKA,TOKA-129,RMN_SOIL_SAMPLE_V1,1/5/2015,NA,NA,4,3,309,15.2,450,5.1,7.5,3.7,35,22.5,42.5,2.6,37.5,21.2,41.2,1,0,3,,0:00:03,0:00:05,0:00:00,NA,0,272.7,207.6,0.2,1,39,"Preston, Mel",0,NA,,,RAW
TOMKAT,SMA-11-01,TOKA,TOKA-129,RMN_SOIL_SAMPLE_V1,1/5/2015,NA,NA,5,15,28,15.2,450,5.1,7.5,3.7,35,22.5,42.5,2.6,37.5,21.2,41.2,1,1,2,,0:00:27,0:01:36,0:00:00,NA,0,227.7,140.6,0.6,1,36,"Preston, Mel",0,NA,,,RAW
TOMKAT,SMA-11-01,TOKA,TOKA-129,RMN_SOIL_SAMPLE_V1,2/9/2018,NA,NA,1,34,248,15.2,450,5.1,7.5,3.5,0,0,0,2.3,36.2,22.5,41.2,0,1,7,MS,0:00:57,,,NA,0,239.5,184.2,0,0,40,"Weverka, Jacob",0,NA,"N and W facing slope above a wet swale (included in point). Lots of PHAQ, Juncus effusus. Points on W-facing slope rockier and drier.",,RAW
TOMKAT,SMA-11-01,TOKA,TOKA-129,RMN_SOIL_SAMPLE_V1,2/9/2018,NA,NA,2,34,211,15.2,450,5.1,7.5,3.5,0,0,0,2.3,36.2,22.5,41.2,0,1,2,MS,0:00:13,,,NA,0,221.3,170.5,0,0,40,"Weverka, Jacob",0,NA,"N and W facing slope above a wet swale (included in point). Lots of PHAQ, Juncus effusus. Points on W-facing slope rockier and drier.",,RAW
TOMKAT,SMA-11-01,TOKA,TOKA-129,RMN_SOIL_SAMPLE_V1,2/9/2018,NA,NA,3,0,352,15.2,450,5.1,7.5,3.5,0,0,0,2.3,36.2,22.5,41.2,0,4,3,MS,0:00:45,,,NA,0,246.4,178.8,0,0,40,"Weverka, Jacob",0,NA,"N and W facing slope above a wet swale (included in point). Lots of PHAQ, Juncus effusus. Points on W-facing slope rockier and drier.",,RAW
TOMKAT,SMA-11-01,TOKA,TOKA-129,RMN_SOIL_SAMPLE_V1,2/9/2018,NA,NA,4,3,309,15.2,450,5.1,7.5,3.5,0,0,0,2.3,36.2,22.5,41.2,0,12,1,MS,0:00:08,,,NA,0,186.7,139.7,0,0,40,"Weverka, Jacob",0,NA,"N and W facing slope above a wet swale (included in point). Lots of PHAQ, Juncus effusus. Points on W-facing slope rockier and drier.",,RAW
TOMKAT,SMA-11-01,TOKA,TOKA-129,RMN_SOIL_SAMPLE_V1,2/9/2018,NA,NA,5,15,28,15.2,450,5.1,7.5,3.5,0,0,0,2.3,36.2,22.5,41.2,0,0,1,FS,0:00:04,,,NA,0,215.7,165.9,0,0,40,"Weverka, Jacob",0,NA,"N and W facing slope above a wet swale (included in point). Lots of PHAQ, Juncus effusus. Points on W-facing slope rockier and drier.",,RAW
TOMKAT,SMA-11-01,TOKA,TOKA-129,RMN_SOIL_SAMPLE_V1,3/16/2021,NA,NA,1,34,248,15.2,450,5.1,7.5,2.9,0,0,0,2.2,31.2,35,33.8,1,0,1,MS,0:01:54,,,NA,0,257.9,187,5.7,3,40,"Preston, Mel",0,NA,"Recently grazed, lots of water and per grass, looking nice. Recent rains were infiltrated, ~field capacity",,RAW
TOMKAT,SMA-11-01,TOKA,TOKA-129,RMN_SOIL_SAMPLE_V1,3/16/2021,NA,NA,2,34,211,15.2,450,5.1,7.5,2.9,0,0,0,2.2,31.2,35,33.8,1,1,2,SH,0:37:15,,,NA,0,244.8,171.4,0.4,0,40,"Preston, Mel",0,NA,"Recently grazed, lots of water and per grass, looking nice. Recent rains were infiltrated, ~field capacity",,RAW
TOMKAT,SMA-11-01,TOKA,TOKA-129,RMN_SOIL_SAMPLE_V1,3/16/2021,NA,NA,3,0,352,15.2,450,5.1,7.5,2.9,0,0,0,2.2,31.2,35,33.8,1,0,2,FS,0:03:50,,,NA,0,238.6,163.4,0.1,0,40,"Preston, Mel",0,NA,"Recently grazed, lots of water and per grass, looking nice. Recent rains were infiltrated, ~field capacity",,RAW
TOMKAT,SMA-11-01,TOKA,TOKA-129,RMN_SOIL_SAMPLE_V1,3/16/2021,NA,NA,4,3,309,15.2,450,5.1,7.5,2.9,0,0,0,2.2,31.2,35,33.8,1,0,2,FS,0:32:03,,,NA,0,231.2,155.4,0.3,0,40,"Preston, Mel",0,NA,"Recently grazed, lots of water and per grass, looking nice. Recent rains were infiltrated, ~field capacity",,RAW
TOMKAT,SMA-11-01,TOKA,TOKA-129,RMN_SOIL_SAMPLE_V1,3/16/2021,NA,NA,5,15,28,15.2,450,5.1,7.5,2.9,0,0,0,2.2,31.2,35,33.8,1,0,2,FS,0:02:52,,,NA,0,243.8,173.9,1.7,1,40,"Preston, Mel",0,NA,"Recently grazed, lots of water and per grass, looking nice. Recent rains were infiltrated, ~field capacity",,RAW
TOMKAT,SMA-11-01,TOKA,TOKA-129,RMN_SOIL_SAMPLE_V1,3/21/2024,NA,NA,1,34,248,15.2,450,5.1,7.5,3.4,0,0,0,2.2,37.5,21.2,41.2,1,3,0.5,MS,0:00:28,,,NA,0,218.9,168.4,0,0,40,"Fanucchi, Krista",0,NA,"shrubby hillside mixed with wildflowers and harding grass, juncus. Most sub points N facing, pt 1 is W facing. Re sampled 1 meter east. ",,RAW
TOMKAT,SMA-11-01,TOKA,TOKA-129,RMN_SOIL_SAMPLE_V1,3/21/2024,NA,NA,2,34,211,15.2,450,5.1,7.5,3.4,0,0,0,2.2,37.5,21.2,41.2,1,0,4,MS,0:29:14,,,NA,0,251.2,179.8,0,0,40,"Fanucchi, Krista",0,NA,"shrubby hillside mixed with wildflowers and harding grass, juncus. Most sub points N facing, pt 1 is W facing. Re sampled 1 meter east. ",,RAW
TOMKAT,SMA-11-01,TOKA,TOKA-129,RMN_SOIL_SAMPLE_V1,3/21/2024,NA,NA,3,0,352,15.2,450,5.1,7.5,3.4,0,0,0,2.2,37.5,21.2,41.2,1,1,0.5,MS,1:55:48,,,NA,1,237.2,155,0,0,40,"Fanucchi, Krista",0,NA,"shrubby hillside mixed with wildflowers and harding grass, juncus. Most sub points N facing, pt 1 is W facing. Re sampled 1 meter east. ",,RAW
TOMKAT,SMA-11-01,TOKA,TOKA-129,RMN_SOIL_SAMPLE_V1,3/21/2024,NA,NA,4,3,309,15.2,450,5.1,7.5,3.4,0,0,0,2.2,37.5,21.2,41.2,1,1,1.5,MS,0:44:37,,,NA,0,231.9,148.6,0,0,40,"Fanucchi, Krista",0,NA,"shrubby hillside mixed with wildflowers and harding grass, juncus. Most sub points N facing, pt 1 is W facing. Re sampled 1 meter east. ",,RAW
TOMKAT,SMA-11-01,TOKA,TOKA-129,RMN_SOIL_SAMPLE_V1,3/21/2024,NA,NA,5,15,28,15.2,450,5.1,7.5,3.4,0,0,0,2.2,37.5,21.2,41.2,1,0,0,FS,0:11:16,,,NA,0,245.9,185.8,0,0,40,"Fanucchi, Krista",0,NA,"shrubby hillside mixed with wildflowers and harding grass, juncus. Most sub points N facing, pt 1 is W facing. Re sampled 1 meter east. ",,RAW
TOMKAT,SMA-11-01,TOKA,TOKA-135,RMN_SOIL_SAMPLE_V1,1/13/2015,NA,NA,1,30,185,15.2,450,5.1,7.5,3.2,30,30,40,2.2,33.8,29.4,36.9,1,71,0.5,,0:00:22,0:01:45,0:00:00,NA,0,211.7,173.4,2.1,3,37,"Preston, Mel",0,NA,,,RAW
TOMKAT,SMA-11-01,TOKA,TOKA-135,RMN_SOIL_SAMPLE_V1,1/13/2015,NA,NA,2,24,221,15.2,450,5.1,7.5,3.2,30,30,40,2.2,33.8,29.4,36.9,1,3,1,,0:00:53,0:02:47,0:00:00,NA,0,237.6,203,0.9,2,37,"Preston, Mel",0,NA,,,RAW
TOMKAT,SMA-11-01,TOKA,TOKA-135,RMN_SOIL_SAMPLE_V1,1/13/2015,NA,NA,3,46,290,15.2,450,5.1,7.5,3.2,30,30,40,2.2,33.8,29.4,36.9,1,0,1.5,,0:00:08,0:00:55,0:00:00,NA,0,224.3,178.5,1,1,35,"Preston, Mel",0,NA,,,RAW
TOMKAT,SMA-11-01,TOKA,TOKA-135,RMN_SOIL_SAMPLE_V1,1/13/2015,NA,NA,4,37,322,15.2,450,5.1,7.5,3.2,30,30,40,2.2,33.8,29.4,36.9,1,0,1,,0:00:39,0:03:39,0:00:00,NA,0,235.8,197.1,1.2,2,36,"Preston, Mel",0,NA,,,RAW
TOMKAT,SMA-11-01,TOKA,TOKA-135,RMN_SOIL_SAMPLE_V1,1/13/2015,NA,NA,5,44,305,15.2,450,5.1,7.5,3.2,30,30,40,2.2,33.8,29.4,36.9,1,0,2,,0:00:06,0:00:18,0:00:00,NA,0,239.8,197.1,0.5,2,36,"Preston, Mel",0,NA,,,RAW
TOMKAT,SMA-11-01,TOKA,TOKA-135,RMN_SOIL_SAMPLE_V1,1/29/2018,NA,NA,1,30,185,15.2,450,5.1,7.5,3.2,0,0,0,2.1,32.5,31.2,36.2,1,0,2.5,FS,0:03:20,,,NA,0,235.6,173.7,2.1,1,40,"Weverka, Jacob",0,NA,"W-facing slope with a lot of coyote brush. Center is in thick brush, but sample points are located in brush/grassland transition area. Points were located with GPS instead of pacing. Lots of thatch.",,RAW
TOMKAT,SMA-11-01,TOKA,TOKA-135,RMN_SOIL_SAMPLE_V1,1/29/2018,NA,NA,2,24,221,15.2,450,5.1,7.5,3.2,0,0,0,2.1,32.5,31.2,36.2,1,0,1,FS,0:01:18,,,NA,0,266.5,212.3,1.2,1,40,"Weverka, Jacob",0,NA,"W-facing slope with a lot of coyote brush. Center is in thick brush, but sample points are located in brush/grassland transition area. Points were located with GPS instead of pacing. Lots of thatch.",,RAW
TOMKAT,SMA-11-01,TOKA,TOKA-135,RMN_SOIL_SAMPLE_V1,1/29/2018,NA,NA,3,46,290,15.2,450,5.1,7.5,3.2,0,0,0,2.1,32.5,31.2,36.2,1,0,7,FS,0:00:56,,,NA,0,233.3,170.6,0,0,40,"Weverka, Jacob",0,NA,"W-facing slope with a lot of coyote brush. Center is in thick brush, but sample points are located in brush/grassland transition area. Points were located with GPS instead of pacing. Lots of thatch.",,RAW
TOMKAT,SMA-11-01,TOKA,TOKA-135,RMN_SOIL_SAMPLE_V1,1/29/2018,NA,NA,4,37,322,15.2,450,5.1,7.5,3.2,0,0,0,2.1,32.5,31.2,36.2,1,6,2,MS,0:21:23,,,NA,0,275.4,192.7,0,0,40,"Weverka, Jacob",0,NA,"W-facing slope with a lot of coyote brush. Center is in thick brush, but sample points are located in brush/grassland transition area. Points were located with GPS instead of pacing. Lots of thatch.",,RAW
TOMKAT,SMA-11-01,TOKA,TOKA-135,RMN_SOIL_SAMPLE_V1,1/29/2018,NA,NA,5,44,305,15.2,450,5.1,7.5,3.2,0,0,0,2.1,32.5,31.2,36.2,1,7,0.5,MS,0:00:28,,,NA,0,211.5,164,3.4,1,40,"Weverka, Jacob",0,NA,"W-facing slope with a lot of coyote brush. Center is in thick brush, but sample points are located in brush/grassland transition area. Points were located with GPS instead of pacing. Lots of thatch.",,RAW
TOMKAT,SMA-11-01,TOKA,TOKA-137,RMN_SOIL_SAMPLE_V1,1/13/2015,NA,NA,1,29,174,15.2,450,5.1,7.5,4,30,38.8,31.2,2.6,32.5,38.8,28.8,1,1,3,,0:00:08,0:00:20,0:00:00,NA,0,200.8,152.7,2.4,3,37,"Preston, Mel",0,NA,,,RAW
TOMKAT,SMA-11-01,TOKA,TOKA-137,RMN_SOIL_SAMPLE_V1,1/13/2015,NA,NA,2,4,177,15.2,450,5.1,7.5,4,30,38.8,31.2,2.6,32.5,38.8,28.8,1,12,1,,0:00:13,0:00:32,0:00:00,NA,0,241,199.3,2.9,2,37,"Preston, Mel",0,NA,,,RAW
TOMKAT,SMA-11-01,TOKA,TOKA-137,RMN_SOIL_SAMPLE_V1,1/13/2015,NA,NA,3,23,179,15.2,450,5.1,7.5,4,30,38.8,31.2,2.6,32.5,38.8,28.8,1,0,1.5,,0:00:38,0:02:34,0:00:00,NA,0,250.8,194.5,2,4,38,"Preston, Mel",0,NA,,,RAW
TOMKAT,SMA-11-01,TOKA,TOKA-137,RMN_SOIL_SAMPLE_V1,1/13/2015,NA,NA,4,20,293,15.2,450,5.1,7.5,4,30,38.8,31.2,2.6,32.5,38.8,28.8,1,3,0.5,,0:02:41,0:10:00,0:00:00,NA,0,246.6,207,0.8,2,38,"Preston, Mel",0,NA,,,RAW
TOMKAT,SMA-11-01,TOKA,TOKA-137,RMN_SOIL_SAMPLE_V1,1/13/2015,NA,NA,5,31,234,15.2,450,5.1,7.5,4,30,38.8,31.2,2.6,32.5,38.8,28.8,1,3,1.5,,0:00:07,0:00:24,0:00:00,NA,0,240.8,206.9,0.6,1,35,"Preston, Mel",0,NA,,,RAW
TOMKAT,SMA-11-01,TOKA,TOKA-137,RMN_SOIL_SAMPLE_V1,1/29/2018,NA,NA,1,29,174,15.2,450,5.1,7.5,3.6,0,0,0,2.6,30,40,30,1,0,2,SH,0:14:21,,,NA,0,234.1,177.2,0,0,40,"Weverka, Jacob",0,NA,"NE-facing slope with doug firs at top of slope. Lots of BAPI, and all sampling points are among shrubs and trees.",,RAW
TOMKAT,SMA-11-01,TOKA,TOKA-137,RMN_SOIL_SAMPLE_V1,1/29/2018,NA,NA,2,4,177,15.2,450,5.1,7.5,3.6,0,0,0,2.6,30,40,30,1,1,0.3,SH,0:15:44,,,NA,0,223.6,168.7,0,0,40,"Weverka, Jacob",0,NA,"NE-facing slope with doug firs at top of slope. Lots of BAPI, and all sampling points are among shrubs and trees.",,RAW
TOMKAT,SMA-11-01,TOKA,TOKA-137,RMN_SOIL_SAMPLE_V1,1/29/2018,NA,NA,3,23,179,15.2,450,5.1,7.5,3.6,0,0,0,2.6,30,40,30,1,0,3,SH,0:00:34,,,NA,0,203.9,149.7,0,0,40,"Weverka, Jacob",0,NA,"NE-facing slope with doug firs at top of slope. Lots of BAPI, and all sampling points are among shrubs and trees.",,RAW
TOMKAT,SMA-11-01,TOKA,TOKA-137,RMN_SOIL_SAMPLE_V1,1/29/2018,NA,NA,4,20,293,15.2,450,5.1,7.5,3.6,0,0,0,2.6,30,40,30,1,0,0,SH,0:09:35,,,NA,0,248.8,186.2,0,0,40,"Weverka, Jacob",0,NA,"NE-facing slope with doug firs at top of slope. Lots of BAPI, and all sampling points are among shrubs and trees.",,RAW
TOMKAT,SMA-11-01,TOKA,TOKA-137,RMN_SOIL_SAMPLE_V1,1/29/2018,NA,NA,5,31,234,15.2,450,5.1,7.5,3.6,0,0,0,2.6,30,40,30,1,7,0.3,SH,0:01:13,,,NA,0,218.7,158.5,0,0,40,"Weverka, Jacob",0,NA,"NE-facing slope with doug firs at top of slope. Lots of BAPI, and all sampling points are among shrubs and trees.",,RAW
TOMKAT,SMA-11-01,TOKA,TOKA-137,RMN_SOIL_SAMPLE_V1,1/19/2021,NA,NA,1,29,174,15.1,450,5.1,7.5,4,0,0,0,2.7,33.8,36.2,30,0,0,1,SH,0:00:14,,,NA,0,243.9,193.8,0,0,40,"Preston, Mel",0,NA,"Perry area - in or near burn unit. CB on W hill was just dozed last week to prep for burn (crushed not scraped). Dry, windy, soils hard.",,RAW
TOMKAT,SMA-11-01,TOKA,TOKA-137,RMN_SOIL_SAMPLE_V1,1/19/2021,NA,NA,2,4,177,15.1,450,5.1,7.5,4,0,0,0,2.7,33.8,36.2,30,0,0,1,MS,0:00:35,,,NA,0,231.9,180.6,0,0,35,"Preston, Mel",0,NA,"Perry area - in or near burn unit. CB on W hill was just dozed last week to prep for burn (crushed not scraped). Dry, windy, soils hard.",dry,RAW
TOMKAT,SMA-11-01,TOKA,TOKA-137,RMN_SOIL_SAMPLE_V1,1/19/2021,NA,NA,3,23,179,15.1,450,5.1,7.5,4,0,0,0,2.7,33.8,36.2,30,0,0,1,MS,0:00:38,,,NA,0,232.8,183.7,0,0,40,"Preston, Mel",0,NA,"Perry area - in or near burn unit. CB on W hill was just dozed last week to prep for burn (crushed not scraped). Dry, windy, soils hard.",,RAW
TOMKAT,SMA-11-01,TOKA,TOKA-137,RMN_SOIL_SAMPLE_V1,1/19/2021,NA,NA,4,20,293,15.1,450,5.1,7.5,4,0,0,0,2.7,33.8,36.2,30,0,0,1,SH,0:01:00,,,NA,0,168.7,141.2,0.1,0,40,"Preston, Mel",0,NA,"Perry area - in or near burn unit. CB on W hill was just dozed last week to prep for burn (crushed not scraped). Dry, windy, soils hard.",,RAW
TOMKAT,SMA-11-01,TOKA,TOKA-137,RMN_SOIL_SAMPLE_V1,1/19/2021,NA,NA,5,31,234,15.1,450,5.1,7.5,4,0,0,0,2.7,33.8,36.2,30,0,0,0.5,SH,0:00:14,,,NA,0,214.5,170.3,0,0,40,"Preston, Mel",0,NA,"Perry area - in or near burn unit. CB on W hill was just dozed last week to prep for burn (crushed not scraped). Dry, windy, soils hard.",,RAW
TOMKAT,SMA-11-01,TOKA,TOKA-137,RMN_SOIL_SAMPLE_V1,6/2/2022,NA,NA,1,12,220,15.2,450,5.1,7.5,3.4,28.8,42.5,28.8,0,0,0,0,0,5,0.1,MS,0:00:48,,,NA,0,212.1,190.8,0.2,0,10,"Noda, Sophie",0,NA,,,RAW
TOMKAT,SMA-11-01,TOKA,TOKA-137,RMN_SOIL_SAMPLE_V1,6/2/2022,NA,NA,2,26,159,15.2,450,5.1,7.5,3.4,28.8,42.5,28.8,0,0,0,0,0,3,0.1,MS,0:06:40,,,NA,0,207.5,184.3,0.2,0,10,"Noda, Sophie",0,NA,,,RAW
TOMKAT,SMA-11-01,TOKA,TOKA-137,RMN_SOIL_SAMPLE_V1,6/2/2022,NA,NA,3,42,309,15.2,450,5.1,7.5,3.4,28.8,42.5,28.8,0,0,0,0,0,5,0.4,MS,0:00:26,,,NA,0,196.4,172.2,0,0,10,"Noda, Sophie",0,NA,,,RAW
TOMKAT,SMA-11-01,TOKA,TOKA-137,RMN_SOIL_SAMPLE_V1,6/2/2022,NA,NA,4,8,270,15.2,450,5.1,7.5,3.4,28.8,42.5,28.8,0,0,0,0,0,9,0.1,MS,0:01:36,,,NA,0,200.3,177.4,0,0,10,"Noda, Sophie",0,NA,,,RAW
TOMKAT,SMA-11-01,TOKA,TOKA-137,RMN_SOIL_SAMPLE_V1,6/2/2022,NA,NA,5,39,11,15.2,450,5.1,7.5,3.4,28.8,42.5,28.8,0,0,0,0,0,4,0.1,FS,0:00:05,,,NA,0,176.2,158,0,0,10,"Noda, Sophie",0,NA,,,RAW
TOMKAT,SMA-11-01,TOKA,TOKA-137,RMN_SOIL_SAMPLE_V1,3/14/2024,NA,NA,1,29,174,15.2,450,5.1,7.5,3.7,0,0,0,2.3,27.5,42.5,30,0,0,1,MS,0:03:56,,,NA,0,220.2,166,0.2,0,40,"Fanucchi, Krista",0,NA,"NE slope, burn unit. Prescribed burn fall 21, moderate scrub (BAPI, RUUR) encroachment, resampled 1 meter east. ",,RAW
TOMKAT,SMA-11-01,TOKA,TOKA-137,RMN_SOIL_SAMPLE_V1,3/14/2024,NA,NA,2,4,177,15.2,450,5.1,7.5,3.7,0,0,0,2.3,27.5,42.5,30,0,0,1.5,MS,0:31:16,,,NA,0,223.5,167.8,0.1,0,40,"Fanucchi, Krista",0,NA,"NE slope, burn unit. Prescribed burn fall 21, moderate scrub (BAPI, RUUR) encroachment, resampled 1 meter east. ",,RAW
TOMKAT,SMA-11-01,TOKA,TOKA-137,RMN_SOIL_SAMPLE_V1,3/14/2024,NA,NA,3,23,179,15.2,450,5.1,7.5,3.7,0,0,0,2.3,27.5,42.5,30,0,0,1,MS,0:06:16,,,NA,0,196.2,140.3,0,0,40,"Fanucchi, Krista",0,NA,"NE slope, burn unit. Prescribed burn fall 21, moderate scrub (BAPI, RUUR) encroachment, resampled 1 meter east. ",,RAW
TOMKAT,SMA-11-01,TOKA,TOKA-137,RMN_SOIL_SAMPLE_V1,3/14/2024,NA,NA,4,20,293,15.2,450,5.1,7.5,3.7,0,0,0,2.3,27.5,42.5,30,0,0,3.5,MS,0:01:57,,,NA,0,195,145.3,0,0,40,"Fanucchi, Krista",0,NA,"NE slope, burn unit. Prescribed burn fall 21, moderate scrub (BAPI, RUUR) encroachment, resampled 1 meter east. ",,RAW
TOMKAT,SMA-11-01,TOKA,TOKA-137,RMN_SOIL_SAMPLE_V1,3/14/2024,NA,NA,5,31,234,15.2,450,5.1,7.5,3.7,0,0,0,2.3,27.5,42.5,30,0,1,0.5,SH,0:02:01,,,NA,0,178.6,127.4,0,0,40,"Fanucchi, Krista",0,NA,"NE slope, burn unit. Prescribed burn fall 21, moderate scrub (BAPI, RUUR) encroachment, resampled 1 meter east. ",,RAW
TOMKAT,SMA-11-01,TOKA,TOKA-147,RMN_SOIL_SAMPLE_V1,2/20/2015,NA,NA,1,557173,4125686,15.2,450,5.1,7.5,3.4,0,0,0,1.7,30,43.8,26.2,0,1,1,,0:00:14,0:00:42,0:00:00,NA,0,223.6,0,0,0,37,"Preston, Mel",0,NA,"SCRUB; Bulk densities not processed b/c PO oil; distance from pt is in 
GPS coords as impossible to pace or take a bearing in scrub.",,RAW
TOMKAT,SMA-11-01,TOKA,TOKA-147,RMN_SOIL_SAMPLE_V1,2/20/2015,NA,NA,2,557201,4125681,15.2,450,5.1,7.5,3.4,0,0,0,1.7,30,43.8,26.2,0,0,1.5,,0:00:09,0:00:19,0:00:00,NA,0,215.5,0,0,0,35,"Preston, Mel",0,NA,"SCRUB; Bulk densities not processed b/c PO oil; distance from pt is in 
GPS coords as impossible to pace or take a bearing in scrub.",,RAW
TOMKAT,SMA-11-01,TOKA,TOKA-147,RMN_SOIL_SAMPLE_V1,2/20/2015,NA,NA,3,557148,4125683,15.2,450,5.1,7.5,3.4,0,0,0,1.7,30,43.8,26.2,0,5,2,,0:00:21,0:01:06,0:00:00,NA,0,190.3,0,0,0,40,"Preston, Mel",0,NA,"SCRUB; Bulk densities not processed b/c PO oil; distance from pt is in 
GPS coords as impossible to pace or take a bearing in scrub.",,RAW
TOMKAT,SMA-11-01,TOKA,TOKA-147,RMN_SOIL_SAMPLE_V1,2/20/2015,NA,NA,4,557153,4125706,15.2,450,5.1,7.5,3.4,0,0,0,1.7,30,43.8,26.2,0,0,8,,0:00:08,0:00:18,0:00:00,NA,0,197.7,0,0,0,38,"Preston, Mel",0,NA,"SCRUB; Bulk densities not processed b/c PO oil; distance from pt is in 
GPS coords as impossible to pace or take a bearing in scrub.",,RAW
TOMKAT,SMA-11-01,TOKA,TOKA-147,RMN_SOIL_SAMPLE_V1,2/20/2015,NA,NA,5,557134,4125644,15.2,450,5.1,7.5,3.4,0,0,0,1.7,30,43.8,26.2,0,8,1,,0:00:20,0:01:30,0:00:00,NA,0,192.2,0,0,0,38,"Preston, Mel",0,NA,"SCRUB; Bulk densities not processed b/c PO oil; distance from pt is in 
GPS coords as impossible to pace or take a bearing in scrub.",,RAW
TOMKAT,SMA-11-01,TOKA,TOKA-147,RMN_SOIL_SAMPLE_V1,1/23/2018,NA,NA,1,557173,4125686,15.2,450,5.1,7.5,2.5,0,0,0,1.7,35,36.2,28.8,1,1,2,MS,0:02:03,,,NA,0,217.6,164,0,0,40,"Rubenthaler, Rya",0,NA,"South facing scrub point, mixed grassland, coyote brush/monkeyflower scrub with a lot of perennial grass in understory",,RAW
TOMKAT,SMA-11-01,TOKA,TOKA-147,RMN_SOIL_SAMPLE_V1,1/23/2018,NA,NA,2,557201,4125681,15.2,450,5.1,7.5,2.5,0,0,0,1.7,35,36.2,28.8,1,1,0.3,MS,0:00:06,,,NA,0,177.3,138.4,0,0,20,"Rubenthaler, Rya",0,NA,"South facing scrub point, mixed grassland, coyote brush/monkeyflower scrub with a lot of perennial grass in understory",Solid layer/sandstone @20cm,RAW
TOMKAT,SMA-11-01,TOKA,TOKA-147,RMN_SOIL_SAMPLE_V1,1/23/2018,NA,NA,3,557148,4125683,15.2,450,5.1,7.5,2.5,0,0,0,1.7,35,36.2,28.8,1,0,4,MS,0:00:48,,,NA,0,210.7,156.6,0,0,40,"Rubenthaler, Rya",0,NA,"South facing scrub point, mixed grassland, coyote brush/monkeyflower scrub with a lot of perennial grass in understory",,RAW
TOMKAT,SMA-11-01,TOKA,TOKA-147,RMN_SOIL_SAMPLE_V1,1/23/2018,NA,NA,4,557153,4125706,15.2,450,5.1,7.5,2.5,0,0,0,1.7,35,36.2,28.8,1,10,3,MS,0:05:52,,,NA,0,217.7,163.5,0,0,40,"Rubenthaler, Rya",0,NA,"South facing scrub point, mixed grassland, coyote brush/monkeyflower scrub with a lot of perennial grass in understory",,RAW
TOMKAT,SMA-11-01,TOKA,TOKA-147,RMN_SOIL_SAMPLE_V1,1/23/2018,NA,NA,5,557134,4125644,15.2,450,5.1,7.5,2.5,0,0,0,1.7,35,36.2,28.8,1,2,0.5,MS,0:01:12,,,NA,0,228.5,176.1,0,0,40,"Rubenthaler, Rya",0,NA,"South facing scrub point, mixed grassland, coyote brush/monkeyflower scrub with a lot of perennial grass in understory",,RAW
TOMKAT,SMA-11-01,TOKA,TOKA-147,RMN_SOIL_SAMPLE_V1,2/23/2022,NA,NA,1,557173,4125686,15.2,450,5.1,7.5,2.9,0,0,0,1.5,35,41.2,23.8,0,0,1.5,MS,0:00:05,,,NA,0,217.2,189.3,0,0,40,"Noda, Sophie",0,NA,ground black- in prescribed burn (date?). ash considered bare ground,not burned,RAW
TOMKAT,SMA-11-01,TOKA,TOKA-147,RMN_SOIL_SAMPLE_V1,2/23/2022,NA,NA,2,557201,4125681,15.2,450,5.1,7.5,2.9,0,0,0,1.5,35,41.2,23.8,0,81,1.1,MS,0:00:15,,,NA,0,199.9,177,0,0,40,"Noda, Sophie",0,NA,ground black- in prescribed burn (date?). ash considered bare ground,,RAW
TOMKAT,SMA-11-01,TOKA,TOKA-147,RMN_SOIL_SAMPLE_V1,2/23/2022,NA,NA,3,557148,4125683,15.2,450,5.1,7.5,2.9,0,0,0,1.5,35,41.2,23.8,0,80,0.1,MS,0:00:15,,,NA,0,201.3,181.1,0,0,40,"Noda, Sophie",0,NA,ground black- in prescribed burn (date?). ash considered bare ground,,RAW
TOMKAT,SMA-11-01,TOKA,TOKA-147,RMN_SOIL_SAMPLE_V1,2/23/2022,NA,NA,4,557153,4125706,15.2,450,5.1,7.5,2.9,0,0,0,1.5,35,41.2,23.8,0,77,1,MS,0:00:09,,,NA,0,168.7,141.6,0,0,40,"Noda, Sophie",0,NA,ground black- in prescribed burn (date?). ash considered bare ground,,RAW
TOMKAT,SMA-11-01,TOKA,TOKA-147,RMN_SOIL_SAMPLE_V1,2/23/2022,NA,NA,5,557134,4125644,15.2,450,5.1,7.5,2.9,0,0,0,1.5,35,41.2,23.8,0,81,0.3,MS,0:02:52,,,NA,0,191.5,175.4,0,0,40,"Noda, Sophie",0,NA,ground black- in prescribed burn (date?). ash considered bare ground,,RAW
TOMKAT,SMA-11-01,TOKA,TOKA-154,RMN_SOIL_SAMPLE_V1,1/14/2015,NA,NA,1,49,318,15.2,450,5.1,7.5,2.6,41.2,17.5,41.2,1.9,42.5,17.5,40,1,0,4,,0:00:18,0:00:29,0:00:00,NA,0,245.8,207,0.6,1,35,"Preston, Mel",0,NA,,,RAW
TOMKAT,SMA-11-01,TOKA,TOKA-154,RMN_SOIL_SAMPLE_V1,1/14/2015,NA,NA,2,40,55,15.2,450,5.1,7.5,2.6,41.2,17.5,41.2,1.9,42.5,17.5,40,1,3,1,,0:00:38,0:03:24,0:00:00,NA,0,227.8,187.4,0.5,1,35,"Preston, Mel",0,NA,,,RAW
TOMKAT,SMA-11-01,TOKA,TOKA-154,RMN_SOIL_SAMPLE_V1,1/14/2015,NA,NA,3,30,90,15.2,450,5.1,7.5,2.6,41.2,17.5,41.2,1.9,42.5,17.5,40,1,0,2,,0:00:19,0:00:44,0:00:00,NA,0,210.5,170.1,1.1,1,38,"Preston, Mel",0,NA,,,RAW
TOMKAT,SMA-11-01,TOKA,TOKA-154,RMN_SOIL_SAMPLE_V1,1/14/2015,NA,NA,4,3,102,15.2,450,5.1,7.5,2.6,41.2,17.5,41.2,1.9,42.5,17.5,40,1,0,5,,0:00:05,0:00:08,0:00:00,NA,0,192.6,163.3,0.5,1,40,"Preston, Mel",0,NA,,,RAW
TOMKAT,SMA-11-01,TOKA,TOKA-154,RMN_SOIL_SAMPLE_V1,1/14/2015,NA,NA,5,18,235,15.2,450,5.1,7.5,2.6,41.2,17.5,41.2,1.9,42.5,17.5,40,1,29,0.5,,0:00:21,0:01:59,0:00:00,NA,0,190.9,144.5,1.9,2,39,"Preston, Mel",0,NA,,,RAW
TOMKAT,SMA-11-01,TOKA,TOKA-154,RMN_SOIL_SAMPLE_V1,1/30/2018,NA,NA,1,49,318,15.2,450,5.1,7.5,2.1,0,0,0,1.7,20.6,60,19.4,1,2,3,MS,0:09:44,,,NA,0,231.5,171.7,0,0,40,"Weverka, Jacob",0,NA,"South facing slope with a lot of thatch, a lot of PHAQ. Road at point bottom goes thru point center, and creates edge with thick scrub. Some coyote brush in point. Lots of cattle hoofprints.",,RAW
TOMKAT,SMA-11-01,TOKA,TOKA-154,RMN_SOIL_SAMPLE_V1,1/30/2018,NA,NA,2,40,55,15.2,450,5.1,7.5,2.1,0,0,0,1.7,20.6,60,19.4,1,0,3,MS,0:06:27,,,NA,0,221.4,167,0,0,40,"Weverka, Jacob",0,NA,"South facing slope with a lot of thatch, a lot of PHAQ. Road at point bottom goes thru point center, and creates edge with thick scrub. Some coyote brush in point. Lots of cattle hoofprints.",,RAW
TOMKAT,SMA-11-01,TOKA,TOKA-154,RMN_SOIL_SAMPLE_V1,1/30/2018,NA,NA,3,30,90,15.2,450,5.1,7.5,2.1,0,0,0,1.7,20.6,60,19.4,1,0,3,MS,0:00:09,,,NA,0,209.4,158,0,0,40,"Weverka, Jacob",0,NA,"South facing slope with a lot of thatch, a lot of PHAQ. Road at point bottom goes thru point center, and creates edge with thick scrub. Some coyote brush in point. Lots of cattle hoofprints.",,RAW
TOMKAT,SMA-11-01,TOKA,TOKA-154,RMN_SOIL_SAMPLE_V1,1/30/2018,NA,NA,4,3,102,15.2,450,5.1,7.5,2.1,0,0,0,1.7,20.6,60,19.4,1,0,5,FS,0:00:05,,,NA,0,188.3,138.5,0,0,40,"Weverka, Jacob",0,NA,"South facing slope with a lot of thatch, a lot of PHAQ. Road at point bottom goes thru point center, and creates edge with thick scrub. Some coyote brush in point. Lots of cattle hoofprints.",,RAW
TOMKAT,SMA-11-01,TOKA,TOKA-154,RMN_SOIL_SAMPLE_V1,1/30/2018,NA,NA,5,18,235,15.2,450,5.1,7.5,2.1,0,0,0,1.7,20.6,60,19.4,1,3,4,FS,0:00:06,,,NA,0,228.9,167.4,0,0,40,"Weverka, Jacob",0,NA,"South facing slope with a lot of thatch, a lot of PHAQ. Road at point bottom goes thru point center, and creates edge with thick scrub. Some coyote brush in point. Lots of cattle hoofprints.",,RAW
TOMKAT,SMA-11-01,TOKA,TOKA-161,RMN_SOIL_SAMPLE_V1,2/19/2015,NA,NA,1,557795,4125085,15.2,450,5.1,7.5,5,0,0,0,2.2,42.5,17.5,40,0,0,4.5,,0:00:11,0:01:20,0:00:00,NA,0,205,0,0,0,39,"Preston, Mel",0,NA,"SCRUB; Bulk densities not processed b/c PO oil; distance from pt is in 
GPS coords as impossible to pace or take a bearing in scrub.",,RAW
TOMKAT,SMA-11-01,TOKA,TOKA-161,RMN_SOIL_SAMPLE_V1,2/19/2015,NA,NA,2,557783,4125062,15.2,450,5.1,7.5,5,0,0,0,2.2,42.5,17.5,40,0,3,1,,0:00:03,0:00:04,0:00:00,NA,0,170.6,0,0,0,37,"Preston, Mel",0,NA,"SCRUB; Bulk densities not processed b/c PO oil; distance from pt is in 
GPS coords as impossible to pace or take a bearing in scrub.",,RAW
TOMKAT,SMA-11-01,TOKA,TOKA-161,RMN_SOIL_SAMPLE_V1,2/19/2015,NA,NA,3,557722,4125107,15.2,450,5.1,7.5,5,0,0,0,2.2,42.5,17.5,40,0,4,2,,0:00:03,0:00:04,0:00:00,NA,0,155.1,0,0,0,38,"Preston, Mel",0,NA,"SCRUB; Bulk densities not processed b/c PO oil; distance from pt is in 
GPS coords as impossible to pace or take a bearing in scrub.",,RAW
TOMKAT,SMA-11-01,TOKA,TOKA-161,RMN_SOIL_SAMPLE_V1,2/19/2015,NA,NA,4,557758,4125075,15.2,450,5.1,7.5,5,0,0,0,2.2,42.5,17.5,40,0,2,2,,0:00:04,0:00:07,0:00:00,NA,0,182.4,0,0,0,38,"Preston, Mel",0,NA,"SCRUB; Bulk densities not processed b/c PO oil; distance from pt is in 
GPS coords as impossible to pace or take a bearing in scrub.",,RAW
TOMKAT,SMA-11-01,TOKA,TOKA-161,RMN_SOIL_SAMPLE_V1,2/19/2015,NA,NA,5,557718,4125063,15.2,450,5.1,7.5,5,0,0,0,2.2,42.5,17.5,40,0,0,4,,0:00:06,0:00:06,0:00:00,NA,0,124.4,0,0,0,38,"Preston, Mel",0,NA,"SCRUB; Bulk densities not processed b/c PO oil; distance from pt is in 
GPS coords as impossible to pace or take a bearing in scrub.",,RAW
TOMKAT,SMA-11-01,TOKA,TOKA-161,RMN_SOIL_SAMPLE_V1,1/17/2018,NA,NA,1,557795,4125085,15.2,450,5.1,7.5,6.2,0,0,0,2.3,36.2,26.2,37.5,0,22,0.3,MS,0:00:11,,,NA,0,175.9,139.5,3.4,3,40,"Weverka, Jacob",0,NA,"Scrubby, full of BAPI and TODI in South facing slope. Some Doug firs in point, UTMs, not dist/deg.",,RAW
TOMKAT,SMA-11-01,TOKA,TOKA-161,RMN_SOIL_SAMPLE_V1,1/17/2018,NA,NA,2,557783,4125062,15.2,450,5.1,7.5,6.2,0,0,0,2.3,36.2,26.2,37.5,0,7,1,MS,0:00:07,,,NA,0,181.2,137.4,0,0,40,"Weverka, Jacob",0,NA,"Scrubby, full of BAPI and TODI in South facing slope. Some Doug firs in point, UTMs, not dist/deg.",,RAW
TOMKAT,SMA-11-01,TOKA,TOKA-161,RMN_SOIL_SAMPLE_V1,1/17/2018,NA,NA,3,557722,4125107,15.2,450,5.1,7.5,6.2,0,0,0,2.3,36.2,26.2,37.5,0,24,0,MS,0:00:02,,,NA,0,223.6,155,11.4,6,40,"Weverka, Jacob",0,NA,"Scrubby, full of BAPI and TODI in South facing slope. Some Doug firs in point, UTMs, not dist/deg.",,RAW
TOMKAT,SMA-11-01,TOKA,TOKA-161,RMN_SOIL_SAMPLE_V1,1/17/2018,NA,NA,4,557758,4125075,15.2,450,5.1,7.5,6.2,0,0,0,2.3,36.2,26.2,37.5,0,9,1,MS,0:00:05,,,NA,0,167.8,133.4,0,0,40,"Weverka, Jacob",0,NA,"Scrubby, full of BAPI and TODI in South facing slope. Some Doug firs in point, UTMs, not dist/deg.",,RAW
TOMKAT,SMA-11-01,TOKA,TOKA-161,RMN_SOIL_SAMPLE_V1,1/17/2018,NA,NA,5,557718,4125063,15.2,450,5.1,7.5,6.2,0,0,0,2.3,36.2,26.2,37.5,0,0,4,MS,0:00:02,,,NA,0,161.2,85,43.3,20,40,"Weverka, Jacob",0,NA,"Scrubby, full of BAPI and TODI in South facing slope. Some Doug firs in point, UTMs, not dist/deg.",,RAW
TOMKAT,SMA-11-01,TOKA,TOKA-169,RMN_SOIL_SAMPLE_V1,1/12/2015,NA,NA,1,20,186,15.2,450,5.1,7.5,3.4,38.8,26.2,35,2,41.2,26.2,32.5,1,30,0.5,,0:02:44,0:05:29,0:00:00,NA,0,224.4,120.8,76.9,40,36,"Preston, Mel",0,NA,,,RAW
TOMKAT,SMA-11-01,TOKA,TOKA-169,RMN_SOIL_SAMPLE_V1,1/12/2015,NA,NA,2,14,0,15.2,450,5.1,7.5,3.4,38.8,26.2,35,2,41.2,26.2,32.5,1,14,1,,0:00:19,0:00:42,0:00:00,NA,0,238,183.5,2.5,2,37,"Preston, Mel",0,NA,,,RAW
TOMKAT,SMA-11-01,TOKA,TOKA-169,RMN_SOIL_SAMPLE_V1,1/12/2015,NA,NA,3,2,117,15.2,450,5.1,7.5,3.4,38.8,26.2,35,2,41.2,26.2,32.5,1,32,0.8,,0:00:20,0:20:24,0:00:00,NA,0,253,110.6,113.5,57,36,"Preston, Mel",0,NA,,,RAW
TOMKAT,SMA-11-01,TOKA,TOKA-169,RMN_SOIL_SAMPLE_V1,1/12/2015,NA,NA,4,31,196,15.2,450,5.1,7.5,3.4,38.8,26.2,35,2,41.2,26.2,32.5,1,29,1.5,,0:00:15,0:01:00,0:00:00,NA,0,221.2,174.7,7.5,6,38,"Preston, Mel",0,NA,,,RAW
TOMKAT,SMA-11-01,TOKA,TOKA-169,RMN_SOIL_SAMPLE_V1,1/12/2015,NA,NA,5,26,266,15.2,450,5.1,7.5,3.4,38.8,26.2,35,2,41.2,26.2,32.5,1,55,0.1,,0:01:41,0:03:23,0:00:00,NA,0,214,124.8,61.3,33,38,"Preston, Mel",0,NA,,,RAW
TOMKAT,SMA-11-01,TOKA,TOKA-169,RMN_SOIL_SAMPLE_V1,1/26/2018,NA,NA,1,20,186,15.2,450,5.1,7.5,2.3,0,0,0,2.1,37.5,27.5,35,1,0,2,MS,0:00:09,,,NA,0,183.5,110.4,32.9,18,40,"Weverka, Jacob",0,NA,"W and SW facing slope, shallow rocky soil w/ rodent activity, on edge of brush. Some doug firs in point",,RAW
TOMKAT,SMA-11-01,TOKA,TOKA-169,RMN_SOIL_SAMPLE_V1,1/26/2018,NA,NA,2,14,0,15.2,450,5.1,7.5,2.3,0,0,0,2.1,37.5,27.5,35,1,6,1,MS,0:00:09,,,NA,0,225.3,159.5,5.5,4,40,"Weverka, Jacob",0,NA,"W and SW facing slope, shallow rocky soil w/ rodent activity, on edge of brush. Some doug firs in point",,RAW
TOMKAT,SMA-11-01,TOKA,TOKA-169,RMN_SOIL_SAMPLE_V1,1/26/2018,NA,NA,3,2,117,15.2,450,5.1,7.5,2.3,0,0,0,2.1,37.5,27.5,35,1,5,1,MS,0:00:16,,,NA,0,235.2,131.2,52.8,29,40,"Weverka, Jacob",0,NA,"W and SW facing slope, shallow rocky soil w/ rodent activity, on edge of brush. Some doug firs in point",,RAW
TOMKAT,SMA-11-01,TOKA,TOKA-169,RMN_SOIL_SAMPLE_V1,1/26/2018,NA,NA,4,31,196,15.2,450,5.1,7.5,2.3,0,0,0,2.1,37.5,27.5,35,1,4,2,MS,0:00:32,,,NA,0,191.5,130.8,16.7,10,40,"Weverka, Jacob",0,NA,"W and SW facing slope, shallow rocky soil w/ rodent activity, on edge of brush. Some doug firs in point",,RAW
TOMKAT,SMA-11-01,TOKA,TOKA-169,RMN_SOIL_SAMPLE_V1,1/26/2018,NA,NA,5,26,266,15.2,450,5.1,7.5,2.3,0,0,0,2.1,37.5,27.5,35,1,10,0.5,MS,0:02:26,,,NA,0,237,142.2,51.9,28,40,"Weverka, Jacob",0,NA,"W and SW facing slope, shallow rocky soil w/ rodent activity, on edge of brush. Some doug firs in point",,RAW
TOMKAT,SMA-11-01,TOKA,TOKA-169,RMN_SOIL_SAMPLE_V1,1/12/2021,NA,NA,1,20,186,15.1,450,5.1,7.5,2.7,0,0,0,2,42.5,26.2,31.2,0,1,0.5,SH,0:02:55,,,NA,0,200,118.1,48,24,40,"Preston, Mel",0,NA,"2nd resample. Step 1m South. Green up ~2"", lots of bare, rocky patches, high gopher activity.",,RAW
TOMKAT,SMA-11-01,TOKA,TOKA-169,RMN_SOIL_SAMPLE_V1,1/12/2021,NA,NA,2,14,0,15.1,450,5.1,7.5,2.7,0,0,0,2,42.5,26.2,31.2,0,0,2,MS,0:00:02,,,NA,0,178.8,137.6,6.1,2,40,"Preston, Mel",0,NA,"2nd resample. Step 1m South. Green up ~2"", lots of bare, rocky patches, high gopher activity.",,RAW
TOMKAT,SMA-11-01,TOKA,TOKA-169,RMN_SOIL_SAMPLE_V1,1/12/2021,NA,NA,3,2,117,15.1,450,5.1,7.5,2.7,0,0,0,2,42.5,26.2,31.2,0,0,0.5,SH,0:00:47,,,NA,0,205.9,120.2,46.5,23,23,"Preston, Mel",0,NA,"2nd resample. Step 1m South. Green up ~2"", lots of bare, rocky patches, high gopher activity.",mudstone bedrock,RAW
TOMKAT,SMA-11-01,TOKA,TOKA-169,RMN_SOIL_SAMPLE_V1,1/12/2021,NA,NA,4,31,196,15.1,450,5.1,7.5,2.7,0,0,0,2,42.5,26.2,31.2,0,11,2,MS,0:00:04,,,NA,0,179.9,114.5,27.9,13,40,"Preston, Mel",0,NA,"2nd resample. Step 1m South. Green up ~2"", lots of bare, rocky patches, high gopher activity.",,RAW
TOMKAT,SMA-11-01,TOKA,TOKA-169,RMN_SOIL_SAMPLE_V1,1/12/2021,NA,NA,5,26,266,15.1,450,5.1,7.5,2.7,0,0,0,2,42.5,26.2,31.2,0,9,0.5,MS,0:00:09,,,NA,0,197.7,93.2,75.3,37,40,"Preston, Mel",0,NA,"2nd resample. Step 1m South. Green up ~2"", lots of bare, rocky patches, high gopher activity.",,RAW
TOMKAT,SMA-11-01,TOKA,TOKA-169,RMN_SOIL_SAMPLE_V1,3/13/2024,NA,NA,1,20,186,15.2,450,5.1,7.5,2.2,0,0,0,1.6,38.8,28.8,32.5,0,3,2,MS,0:00:58,,,NA,0,213.6,154.7,13.1,8,40,"Fanucchi, Krista",0,NA,"scrubby hillside, rocky. Re-sampled 1 meter east",,RAW
TOMKAT,SMA-11-01,TOKA,TOKA-169,RMN_SOIL_SAMPLE_V1,3/13/2024,NA,NA,2,14,0,15.2,450,5.1,7.5,2.2,0,0,0,1.6,38.8,28.8,32.5,0,10,0.5,MS,0:01:01,,,NA,0,252.6,181.1,12.9,10,40,"Fanucchi, Krista",0,NA,"scrubby hillside, rocky. Re-sampled 1 meter east",,RAW
TOMKAT,SMA-11-01,TOKA,TOKA-169,RMN_SOIL_SAMPLE_V1,3/13/2024,NA,NA,3,2,117,15.2,450,5.1,7.5,2.2,0,0,0,1.6,38.8,28.8,32.5,0,3,0,SH,0:00:24,,,NA,0,217.5,122.8,55.3,27,17,"Fanucchi, Krista",0,NA,"scrubby hillside, rocky. Re-sampled 1 meter east",,RAW
TOMKAT,SMA-11-01,TOKA,TOKA-169,RMN_SOIL_SAMPLE_V1,3/13/2024,NA,NA,4,31,196,15.2,450,5.1,7.5,2.2,0,0,0,1.6,38.8,28.8,32.5,0,5,1.5,MS,0:08:45,,,NA,0,237,178.9,6.9,5,40,"Fanucchi, Krista",0,NA,"scrubby hillside, rocky. Re-sampled 1 meter east",,RAW
TOMKAT,SMA-11-01,TOKA,TOKA-169,RMN_SOIL_SAMPLE_V1,3/13/2024,NA,NA,5,26,266,15.2,450,5.1,7.5,2.2,0,0,0,1.6,38.8,28.8,32.5,0,3,0.5,MS,0:00:06,,,NA,0,204.9,127.7,37.5,20,39,"Fanucchi, Krista",0,NA,"scrubby hillside, rocky. Re-sampled 1 meter east",,RAW
TOMKAT,SMA-11-01,TOKA,TOKA-170,RMN_SOIL_SAMPLE_V1,1/12/2015,NA,NA,1,43,302,15.2,450,5.1,7.5,3.2,30,36.2,33.8,2.3,30,37.5,32.5,1,1,3,,0:00:17,0:00:26,0:00:00,NA,0,276.3,212.7,0,0,35,"Preston, Mel",0,NA,,,RAW
TOMKAT,SMA-11-01,TOKA,TOKA-170,RMN_SOIL_SAMPLE_V1,1/12/2015,NA,NA,2,45,295,15.2,450,5.1,7.5,3.2,30,36.2,33.8,2.3,30,37.5,32.5,1,3,1,,0:00:05,0:00:08,0:00:00,NA,0,255.3,209.6,0.6,0,38,"Preston, Mel",0,NA,,,RAW
TOMKAT,SMA-11-01,TOKA,TOKA-170,RMN_SOIL_SAMPLE_V1,1/12/2015,NA,NA,3,37,350,15.2,450,5.1,7.5,3.2,30,36.2,33.8,2.3,30,37.5,32.5,1,1,2,,0:00:09,0:00:18,0:00:00,NA,0,227.3,187.7,0.5,0,36,"Preston, Mel",0,NA,,,RAW
TOMKAT,SMA-11-01,TOKA,TOKA-170,RMN_SOIL_SAMPLE_V1,1/12/2015,NA,NA,4,48,136,15.2,450,5.1,7.5,3.2,30,36.2,33.8,2.3,30,37.5,32.5,1,1,1.5,,0:00:20,0:01:07,0:00:00,NA,0,217.9,183.4,1.8,1,36,"Preston, Mel",0,NA,,,RAW
TOMKAT,SMA-11-01,TOKA,TOKA-170,RMN_SOIL_SAMPLE_V1,1/12/2015,NA,NA,5,38,223,15.2,450,5.1,7.5,3.2,30,36.2,33.8,2.3,30,37.5,32.5,1,28,0.5,,0:00:15,0:00:24,0:00:00,NA,0,247.1,204,0.5,0,39,"Preston, Mel",0,NA,,,RAW
TOMKAT,SMA-11-01,TOKA,TOKA-170,RMN_SOIL_SAMPLE_V1,1/26/2018,NA,NA,1,43,302,15.2,450,5.1,7.5,2.9,0,0,0,2.1,31.2,36.2,32.5,1,0,1,SH,0:02:09,,,NA,0,251,179,0,0,40,"Weverka, Jacob",0,NA,"Ridge top with most points W-facing on western slope, only point #4 on eastern slope. Grassland moderately colonized by coyote brush. Lovely ocean view.",,RAW
TOMKAT,SMA-11-01,TOKA,TOKA-170,RMN_SOIL_SAMPLE_V1,1/26/2018,NA,NA,2,45,295,15.2,450,5.1,7.5,2.9,0,0,0,2.1,31.2,36.2,32.5,1,0,0.5,SH,0:02:49,,,NA,0,240.5,172.9,1.1,1,40,"Weverka, Jacob",0,NA,"Ridge top with most points W-facing on western slope, only point #4 on eastern slope. Grassland moderately colonized by coyote brush. Lovely ocean view.",,RAW
TOMKAT,SMA-11-01,TOKA,TOKA-170,RMN_SOIL_SAMPLE_V1,1/26/2018,NA,NA,3,37,350,15.2,450,5.1,7.5,2.9,0,0,0,2.1,31.2,36.2,32.5,1,0,1,CR,0:00:11,,,NA,0,240.7,173.3,0,0,40,"Weverka, Jacob",0,NA,"Ridge top with most points W-facing on western slope, only point #4 on eastern slope. Grassland moderately colonized by coyote brush. Lovely ocean view.",,RAW
TOMKAT,SMA-11-01,TOKA,TOKA-170,RMN_SOIL_SAMPLE_V1,1/26/2018,NA,NA,4,48,136,15.2,450,5.1,7.5,2.9,0,0,0,2.1,31.2,36.2,32.5,1,6,0.3,SH,0:00:15,,,NA,0,251.3,190.1,0,0,40,"Weverka, Jacob",0,NA,"Ridge top with most points W-facing on western slope, only point #4 on eastern slope. Grassland moderately colonized by coyote brush. Lovely ocean view.",,RAW
TOMKAT,SMA-11-01,TOKA,TOKA-170,RMN_SOIL_SAMPLE_V1,1/26/2018,NA,NA,5,38,223,15.2,450,5.1,7.5,2.9,0,0,0,2.1,31.2,36.2,32.5,1,0,1,SH,0:00:18,,,NA,0,205.3,151.4,0,0,40,"Weverka, Jacob",0,NA,"Ridge top with most points W-facing on western slope, only point #4 on eastern slope. Grassland moderately colonized by coyote brush. Lovely ocean view.",,RAW
TOMKAT,SMA-11-01,TOKA,TOKA-170,RMN_SOIL_SAMPLE_V1,2/23/2022,NA,NA,1,43,302,15.2,450,5.1,7.5,3.2,0,0,0,2.2,35,36.2,28.8,0,1,0.2,MS,0:00:23,,,NA,0,245.5,208,0,0,40,"Garcia, Dabid",0,NA,,,RAW
TOMKAT,SMA-11-01,TOKA,TOKA-170,RMN_SOIL_SAMPLE_V1,2/23/2022,NA,NA,2,45,295,15.2,450,5.1,7.5,3.2,0,0,0,2.2,35,36.2,28.8,0,0,0.4,MS,0:00:20,,,NA,0,181.4,154,0.1,1,40,"Garcia, Dabid",0,NA,,,RAW
TOMKAT,SMA-11-01,TOKA,TOKA-170,RMN_SOIL_SAMPLE_V1,2/23/2022,NA,NA,3,37,350,15.2,450,5.1,7.5,3.2,0,0,0,2.2,35,36.2,28.8,0,0,0.2,SH,0:00:09,,,NA,0,212.9,184.4,0,0,40,"Garcia, Dabid",0,NA,,,RAW
TOMKAT,SMA-11-01,TOKA,TOKA-170,RMN_SOIL_SAMPLE_V1,2/23/2022,NA,NA,4,48,136,15.2,450,5.1,7.5,3.2,0,0,0,2.2,35,36.2,28.8,0,5,0.1,SH,0:00:30,,,NA,0,234.3,210.9,0,0,40,"Garcia, Dabid",0,NA,,,RAW
TOMKAT,SMA-11-01,TOKA,TOKA-170,RMN_SOIL_SAMPLE_V1,2/23/2022,NA,NA,5,38,223,15.2,450,5.1,7.5,3.2,0,0,0,2.2,35,36.2,28.8,0,0,0.2,SH,0:00:43,,,NA,0,238.5,204.6,0,0,40,"Garcia, Dabid",0,NA,,,RAW
TOMKAT,SMA-11-01,TOKA,TOKA-170,RMN_SOIL_SAMPLE_V1,1/30/2025,NA,NA,1,43,302,15.2,450,5.1,7.5,2.6,0,0,0,2.1,32.5,35,32.5,1,1,3,MS,0:00:40,,,NA,0,251.6,205.1,0,0,40,"Fanucchi, Krista",0,NA,"SW facing hill, open, scrubby, grzed within 30-60 days. Soil very dry, loose. ",,RAW
TOMKAT,SMA-11-01,TOKA,TOKA-170,RMN_SOIL_SAMPLE_V1,1/30/2025,NA,NA,2,45,295,15.2,450,5.1,7.5,2.6,0,0,0,2.1,32.5,35,32.5,1,0,3,MS,0:00:18,,,NA,0,221.6,173.7,0,0,40,"Fanucchi, Krista",0,NA,"SW facing hill, open, scrubby, grzed within 30-60 days. Soil very dry, loose. ",,RAW
TOMKAT,SMA-11-01,TOKA,TOKA-170,RMN_SOIL_SAMPLE_V1,1/30/2025,NA,NA,3,37,350,15.2,450,5.1,7.5,2.6,0,0,0,2.1,32.5,35,32.5,1,1,4,SH,0:01:28,,,NA,0,221.7,183.1,0,0,40,"Fanucchi, Krista",0,NA,"SW facing hill, open, scrubby, grzed within 30-60 days. Soil very dry, loose. ",,RAW
TOMKAT,SMA-11-01,TOKA,TOKA-170,RMN_SOIL_SAMPLE_V1,1/30/2025,NA,NA,4,48,136,15.2,450,5.1,7.5,2.6,0,0,0,2.1,32.5,35,32.5,1,4,1,MS,0:00:22,,,NA,0,214.3,186.5,0,0,40,"Fanucchi, Krista",0,NA,"SW facing hill, open, scrubby, grzed within 30-60 days. Soil very dry, loose. ",,RAW
TOMKAT,SMA-11-01,TOKA,TOKA-170,RMN_SOIL_SAMPLE_V1,1/30/2025,NA,NA,5,38,223,15.2,450,5.1,7.5,2.6,0,0,0,2.1,32.5,35,32.5,1,0,3.5,SH,0:00:41,,,NA,0,186.5,165,0,0,40,"Fanucchi, Krista",0,NA,"SW facing hill, open, scrubby, grzed within 30-60 days. Soil very dry, loose. ",,RAW
TOMKAT,SMA-11-01,TOKA,TOKA-FNR,RMN_SOIL_SAMPLE_V1,2/23/2022,NA,NA,1,35,133,15.2,450,5.1,7.5,5.1,0,0,0,2.9,42.5,22.5,35,0,0,0,BO,0:00:27,,,NA,0,216.4,166.8,3.2,1,40,"Le, My-Lan",0,NA,intentional point in Front Field. ,,RAW
TOMKAT,SMA-11-01,TOKA,TOKA-FNR,RMN_SOIL_SAMPLE_V1,2/23/2022,NA,NA,2,2,155,15.2,450,5.1,7.5,5.1,0,0,0,2.9,42.5,22.5,35,0,0,0,BO,0:00:11,,,NA,0,145.3,91.2,3.2,1,40,"Le, My-Lan",0,NA,intentional point in Front Field. ,,RAW
TOMKAT,SMA-11-01,TOKA,TOKA-FNR,RMN_SOIL_SAMPLE_V1,2/23/2022,NA,NA,3,46,171,15.2,450,5.1,7.5,5.1,0,0,0,2.9,42.5,22.5,35,0,0,0.2,BO,0:03:31,,,NA,0,224.2,139.1,1,1,40,"Le, My-Lan",0,NA,intentional point in Front Field. ,,RAW
TOMKAT,SMA-11-01,TOKA,TOKA-FNR,RMN_SOIL_SAMPLE_V1,2/23/2022,NA,NA,4,25,214,15.2,450,5.1,7.5,5.1,0,0,0,2.9,42.5,22.5,35,0,0,0.1,BO,0:01:01,,,NA,0,192.5,140.7,7.5,3,40,"Le, My-Lan",0,NA,intentional point in Front Field. ,,RAW
TOMKAT,SMA-11-01,TOKA,TOKA-FNR,RMN_SOIL_SAMPLE_V1,2/23/2022,NA,NA,5,43,228,15.2,450,5.1,7.5,5.1,0,0,0,2.9,42.5,22.5,35,0,0,0,BO,0:00:12,,,NA,0,193.1,169.8,4,2,40,"Le, My-Lan",0,NA,intentional point in Front Field. ,,RAW
TOMKAT,SMA-11-01,TOKA,TOKA-FNR,RMN_SOIL_SAMPLE_V1,1/30/2025,NA,NA,1,35,133,15.2,450,5.1,7.5,5,0,0,0,2.9,37.5,25,37.5,1,0,2,BO,0:00:23,,,NA,0,151,110.6,0,0,40,"Fanucchi, Krista",0,NA,Intentional point in front field,,RAW
TOMKAT,SMA-11-01,TOKA,TOKA-FNR,RMN_SOIL_SAMPLE_V1,1/30/2025,NA,NA,2,2,155,15.2,450,5.1,7.5,5,0,0,0,2.9,37.5,25,37.5,1,0,2,BO,0:00:08,,,NA,0,183.5,134.3,0,0,40,"Fanucchi, Krista",0,NA,Intentional point in front field,,RAW
TOMKAT,SMA-11-01,TOKA,TOKA-FNR,RMN_SOIL_SAMPLE_V1,1/30/2025,NA,NA,3,46,171,15.2,450,5.1,7.5,5,0,0,0,2.9,37.5,25,37.5,1,0,4,BO,0:01:07,,,NA,0,180.1,126.4,0,0,34,"Fanucchi, Krista",0,NA,Intentional point in front field,,RAW
TOMKAT,SMA-11-01,TOKA,TOKA-FNR,RMN_SOIL_SAMPLE_V1,1/30/2025,NA,NA,4,25,214,15.2,450,5.1,7.5,5,0,0,0,2.9,37.5,25,37.5,1,0,3.5,BO,0:00:09,,,NA,0,131.3,91.7,0,0,40,"Fanucchi, Krista",0,NA,Intentional point in front field,,RAW
TOMKAT,SMA-11-01,TOKA,TOKA-FNR,RMN_SOIL_SAMPLE_V1,1/30/2025,NA,NA,5,43,228,15.2,450,5.1,7.5,5,0,0,0,2.9,37.5,25,37.5,1,0,2,BO,0:00:06,,,NA,0,148.9,106,0,0,40,"Fanucchi, Krista",0,NA,Intentional point in front field,,RAW
