Study Area,Transect Name,Point Id,Date,Point Index,Direction,Canopy1,Canopy2,Canopy3,Top Layer,Height,Lower1,Lower2,Lower3,Lower4,Lower5,Lower6,Lower7,Lower8,Lower9,Lower10,Soil Surface,Thatch Indices Lower,Thatch Top Layer
SMA-11-01,TOKA,TOKA-006,4/19/2018,1,126,,,,PHAQ,54,L,,,,,,,,,,S,,1
SMA-11-01,TOKA,TOKA-006,4/19/2018,2,126,,,,PHAQ,22,L,,,,,,,,,,S,,0
SMA-11-01,TOKA,TOKA-006,4/19/2018,3,126,,,,PHAQ,15,VUBR,2GA,L,,,,,,,,S,2,0
SMA-11-01,TOKA,TOKA-006,4/19/2018,4,126,,,,PHAQ,23,VUBR,L,,,,,,,,,S,,0
SMA-11-01,TOKA,TOKA-006,4/19/2018,5,126,,,,PHAQ,22,VUBR,L,,,,,,,,,S,,0
SMA-11-01,TOKA,TOKA-006,4/19/2018,6,126,,,,GEDI,15,PHAQ,L,,,,,,,,,S,,0
SMA-11-01,TOKA,TOKA-006,4/19/2018,7,126,,,,PHAQ,20,L,,,,,,,,,,S,,0
SMA-11-01,TOKA,TOKA-006,4/19/2018,8,126,,,,PHAQ,17,VUBR,LOCO6,L,,,,,,,,S,,0
SMA-11-01,TOKA,TOKA-006,4/19/2018,9,126,,,,VUBR,15,LIBI5,L,,,,,,,,,S,,0
SMA-11-01,TOKA,TOKA-006,4/19/2018,10,126,,,,PHAQ,24,LOCO6,L,,,,,,,,,S,,0
SMA-11-01,TOKA,TOKA-006,4/19/2018,11,126,,,,PHAQ,20,PHAQ,L,,,,,,,,,S,1,0
SMA-11-01,TOKA,TOKA-006,4/19/2018,12,126,,,,PHAQ,11,VUBR,L,,,,,,,,,S,,0
SMA-11-01,TOKA,TOKA-006,4/19/2018,13,126,,,,PHAQ,26,2GA,L,,,,,,,,,S,1,0
SMA-11-01,TOKA,TOKA-006,4/19/2018,14,126,,,,PHAQ,33,VUBR,L,,,,,,,,,S,,0
SMA-11-01,TOKA,TOKA-006,4/19/2018,15,126,,,,VUBR,14,PHAQ,L,,,,,,,,,S,,0
SMA-11-01,TOKA,TOKA-006,4/19/2018,16,126,,,,PHAQ,24,PHAQ,L,,,,,,,,,S,1,0
SMA-11-01,TOKA,TOKA-006,4/19/2018,17,126,,,,PHAQ,21,PHAQ,L,,,,,,,,,S,1,0
SMA-11-01,TOKA,TOKA-006,4/19/2018,18,126,,,,PHAQ,25,L,,,,,,,,,,S,,0
SMA-11-01,TOKA,TOKA-006,4/19/2018,19,126,,,,PHAQ,35,JUPA2,L,,,,,,,,,S,,0
SMA-11-01,TOKA,TOKA-006,4/19/2018,20,126,,,,PHAQ,29,VUBR,L,,,,,,,,,S,,0
SMA-11-01,TOKA,TOKA-006,4/19/2018,21,126,,,,PHAQ,10,L,,,,,,,,,,S,,0
SMA-11-01,TOKA,TOKA-006,4/19/2018,22,126,,,,PHAQ,19,L,,,,,,,,,,S,,0
SMA-11-01,TOKA,TOKA-006,4/19/2018,23,126,,,,PHAQ,24,VUBR,L,,,,,,,,,S,,0
SMA-11-01,TOKA,TOKA-006,4/19/2018,24,126,,,,VUBR,35,PHAQ,VUBR,L,,,,,,,,S,,0
SMA-11-01,TOKA,TOKA-006,4/19/2018,25,126,,,,PHAQ,15,VUBR,L,,,,,,,,,S,,0
SMA-11-01,TOKA,TOKA-006,4/19/2018,26,126,,,,PHAQ,15,L,,,,,,,,,,S,,0
SMA-11-01,TOKA,TOKA-006,4/19/2018,27,126,,,,PHAQ,16,L,,,,,,,,,,S,,0
SMA-11-01,TOKA,TOKA-006,4/19/2018,28,126,,,,PHAQ,15,L,,,,,,,,,,S,,0
SMA-11-01,TOKA,TOKA-006,4/19/2018,29,126,,,,VUBR,24,L,,,,,,,,,,S,,0
SMA-11-01,TOKA,TOKA-006,4/19/2018,30,126,,,,PHAQ,31,L,,,,,,,,,,S,,0
SMA-11-01,TOKA,TOKA-006,4/19/2018,31,126,,,,PHAQ,20,VUBR,VUBR,L,,,,,,,,S,2,0
SMA-11-01,TOKA,TOKA-006,4/19/2018,32,126,,,,VUBR,14,PHAQ,PHAQ,L,,,,,,,,S,2,0
SMA-11-01,TOKA,TOKA-006,4/19/2018,33,126,,,,PHAQ,2,L,,,,,,,,,,S,,0
SMA-11-01,TOKA,TOKA-006,4/19/2018,34,126,,,,PHAQ,15,VUBR,L,,,,,,,,,S,,0
SMA-11-01,TOKA,TOKA-006,4/19/2018,35,126,,,,PHAQ,18,GEDI,LIBI5,L,,,,,,,,S,,0
SMA-11-01,TOKA,TOKA-006,4/19/2018,36,126,,,,PHAQ,20,PHAQ,L,,,,,,,,,S,1,0
SMA-11-01,TOKA,TOKA-006,4/19/2018,37,126,,,,PHAQ,16,L,,,,,,,,,,S,,0
SMA-11-01,TOKA,TOKA-006,4/19/2018,38,126,,,,PHAQ,20,PHAQ,L,,,,,,,,,S,1,0
SMA-11-01,TOKA,TOKA-006,4/19/2018,39,126,,,,PHAQ,14,LOCO6,L,,,,,,,,,S,,0
SMA-11-01,TOKA,TOKA-006,4/19/2018,40,126,,,,PHAQ,19,LOCO6,PHAQ,L,,,,,,,,S,2,0
SMA-11-01,TOKA,TOKA-006,4/19/2018,41,126,,,,PHAQ,18,2FA,L,,,,,,,,,S,,0
SMA-11-01,TOKA,TOKA-006,4/19/2018,42,126,,,,PHAQ,33,PHAQ,L,,,,,,,,,S,1,0
SMA-11-01,TOKA,TOKA-006,4/19/2018,43,126,,,,PHAQ,20,VUBR,VUBR,L,,,,,,,,S,2,0
SMA-11-01,TOKA,TOKA-006,4/19/2018,44,126,,,,DACA3,7,VUBR,L,,,,,,,,,S,,0
SMA-11-01,TOKA,TOKA-006,4/19/2018,45,126,,,,PHAQ,20,BRHO2,DACA3,2GA,L,,,,,,,S,,0
SMA-11-01,TOKA,TOKA-006,4/19/2018,46,126,,,,PHAQ,50,VUBR,L,,,,,,,,,S,,0
SMA-11-01,TOKA,TOKA-006,4/19/2018,47,126,,,,JUPA2,30,VUBR,L,,,,,,,,,S,,0
SMA-11-01,TOKA,TOKA-006,4/19/2018,48,126,,,,VUBR,30,PHAQ,BRHO2,L,,,,,,,,S,,0
SMA-11-01,TOKA,TOKA-006,4/19/2018,49,126,,,,RORO,15,L,,,,,,,,,,DACA3,,0
SMA-11-01,TOKA,TOKA-006,4/19/2018,50,126,,,,DACA3,13,VUBR,L,,,,,,,,,S,,0
SMA-11-01,TOKA,TOKA-006,4/19/2018,1,306,BAPI,,,NOPLANT,NA,L,,,,,,,,,,S,,0
SMA-11-01,TOKA,TOKA-006,4/19/2018,2,306,BAPI,,,PHAQ,26,L,,,,,,,,,,S,,0
SMA-11-01,TOKA,TOKA-006,4/19/2018,3,306,,,,PHAQ,23,L,,,,,,,,,,S,,0
SMA-11-01,TOKA,TOKA-006,4/19/2018,4,306,,,,PHAQ,30,VUBR,PHAQ,L,,,,,,,,S,2,0
SMA-11-01,TOKA,TOKA-006,4/19/2018,5,306,,,,PHAQ,15,PHAQ,L,,,,,,,,,S,1,0
SMA-11-01,TOKA,TOKA-006,4/19/2018,6,306,,,,NOPLANT,NA,L,,,,,,,,,,S,,0
SMA-11-01,TOKA,TOKA-006,4/19/2018,7,306,,,,PHAQ,15,VUBR,L,,,,,,,,,S,,0
SMA-11-01,TOKA,TOKA-006,4/19/2018,8,306,,,,VUBR,12,PHAQ,L,,,,,,,,,S,1,0
SMA-11-01,TOKA,TOKA-006,4/19/2018,9,306,BAPI,,,VUBR,10,L,,,,,,,,,,S,,0
SMA-11-01,TOKA,TOKA-006,4/19/2018,10,306,,,,PHAQ,19,L,,,,,,,,,,S,,0
SMA-11-01,TOKA,TOKA-006,4/19/2018,11,306,,,,NOPLANT,NA,,,,,,,,,,,S,,0
SMA-11-01,TOKA,TOKA-006,4/19/2018,12,306,,,,VUBR,22,PHAQ,L,,,,,,,,,S,,0
SMA-11-01,TOKA,TOKA-006,4/19/2018,13,306,,,,VUBR,4,L,,,,,,,,,,S,,0
SMA-11-01,TOKA,TOKA-006,4/19/2018,14,306,,,,PHAQ,26,VUBR,L,,,,,,,,,S,,0
SMA-11-01,TOKA,TOKA-006,4/19/2018,15,306,,,,JUOC2,19,VUBR,L,,,,,,,,,S,,0
SMA-11-01,TOKA,TOKA-006,4/19/2018,16,306,,,,VUBR,10,PHAQ,L,,,,,,,,,S,,0
SMA-11-01,TOKA,TOKA-006,4/19/2018,17,306,,,,PHAQ,29,VUBR,LOCO6,L,,,,,,,,S,,0
SMA-11-01,TOKA,TOKA-006,4/19/2018,18,306,,,,PHAQ,16,L,,,,,,,,,,S,,0
SMA-11-01,TOKA,TOKA-006,4/19/2018,19,306,,,,PHAQ,23,VUBR,L,,,,,,,,,S,,0
SMA-11-01,TOKA,TOKA-006,4/19/2018,20,306,,,,VUBR,10,DACA3,L,,,,,,,,,S,,0
SMA-11-01,TOKA,TOKA-006,4/19/2018,21,306,,,,VUBR,38,VISA,GEDI,L,,,,,,,,S,,0
SMA-11-01,TOKA,TOKA-006,4/19/2018,22,306,,,,VUBR,11,PHAQ,L,,,,,,,,,S,,0
SMA-11-01,TOKA,TOKA-006,4/19/2018,23,306,,,,PHAQ,37,VUBR,L,,,,,,,,,S,,0
SMA-11-01,TOKA,TOKA-006,4/19/2018,24,306,,,,PHAQ,14,L,,,,,,,,,,S,,1
SMA-11-01,TOKA,TOKA-006,4/19/2018,25,306,,,,PHAQ,5,L,,,,,,,,,,S,,0
SMA-11-01,TOKA,TOKA-006,4/19/2018,26,306,,,,VUBR,6,PHAQ,L,,,,,,,,,S,,0
SMA-11-01,TOKA,TOKA-006,4/19/2018,27,306,,,,DACA3,7,VUBR,L,,,,,,,,,S,,0
SMA-11-01,TOKA,TOKA-006,4/19/2018,28,306,,,,PHAQ,11,VUBR,L,,,,,,,,,S,,0
SMA-11-01,TOKA,TOKA-006,4/19/2018,29,306,,,,PHAQ,10,VUBR,VUBR,L,,,,,,,,S,2,0
SMA-11-01,TOKA,TOKA-006,4/19/2018,30,306,,,,PHAQ,38,L,,,,,,,,,,S,,1
SMA-11-01,TOKA,TOKA-006,4/19/2018,31,306,,,,VUBR,4,DACA3,L,,,,,,,,,S,,0
SMA-11-01,TOKA,TOKA-006,4/19/2018,32,306,,,,NOPLANT,NA,L,,,,,,,,,,S,,0
SMA-11-01,TOKA,TOKA-006,4/19/2018,33,306,,,,PHAQ,5,VUBR,L,,,,,,,,,S,,0
SMA-11-01,TOKA,TOKA-006,4/19/2018,34,306,,,,VUBR,4,DACA3,L,,,,,,,,,S,,0
SMA-11-01,TOKA,TOKA-006,4/19/2018,35,306,BAPI,,,NOPLANT,NA,L,,,,,,,,,,S,,0
SMA-11-01,TOKA,TOKA-006,4/19/2018,36,306,,,,AICA,7,2GA,,,,,,,,,,S,,0
SMA-11-01,TOKA,TOKA-006,4/19/2018,37,306,,,,PHAQ,43,,L,,,,,,,,,S,,1
SMA-11-01,TOKA,TOKA-006,4/19/2018,38,306,,,,PHAQ,35,VUBR,L,,,,,,,,,S,,1
SMA-11-01,TOKA,TOKA-006,4/19/2018,39,306,BAPI,,,2GA,1,WL,,,,,,,,,,S,,0
SMA-11-01,TOKA,TOKA-006,4/19/2018,40,306,BAPI,,,PHAQ,4,L,,,,,,,,,,S,,0
SMA-11-01,TOKA,TOKA-006,4/19/2018,41,306,,,,PHAQ,7,VUBR,2FA,L,,,,,,,,S,,0
SMA-11-01,TOKA,TOKA-006,4/19/2018,42,306,BAPI,,,RUUR,12,VUBR,,,,,,,,,,S,1,0
SMA-11-01,TOKA,TOKA-006,4/19/2018,43,306,,,,NOPLANT,NA,L,,,,,,,,,,S,,0
SMA-11-01,TOKA,TOKA-006,4/19/2018,44,306,,,,VUBR,4,,,,,,,,,,,S,,0
SMA-11-01,TOKA,TOKA-006,4/19/2018,45,306,,,,VITE,30,PHAQ,VUBR,GEDI,L,,,,,,,S,,0
SMA-11-01,TOKA,TOKA-006,4/19/2018,46,306,,,,PHAQ,11,VUBR,L,,,,,,,,,S,,0
SMA-11-01,TOKA,TOKA-006,4/19/2018,47,306,BAPI,,,NOPLANT,NA,L,,,,,,,,,,S,,0
SMA-11-01,TOKA,TOKA-006,4/19/2018,48,306,BAPI,,,RUAC3,1,,,,,,,,,,,S,,0
SMA-11-01,TOKA,TOKA-006,4/19/2018,49,306,,,,PHAQ,10,VUBR,WL,L,,,,,,,,S,,0
SMA-11-01,TOKA,TOKA-006,4/19/2018,50,306,,,,VUBR,18,PHAQ,WL,,,,,,,,,S,,0
SMA-11-01,TOKA,TOKA-006,5/14/2021,1,126,BAPI,,,PHAQ,70,GEDI,VUBR,VITE,2GP,,,,,,,S,4,0
SMA-11-01,TOKA,TOKA-006,5/14/2021,2,126,,,,PHAQ,35,GEDI,VUBR,,,,,,,,,AM,,0
SMA-11-01,TOKA,TOKA-006,5/14/2021,3,126,,,,PHAQ,40,VUBR,GEDI,2GP,,,,,,,,S,3,0
SMA-11-01,TOKA,TOKA-006,5/14/2021,4,126,,,,SCIRP,35,PHAQ,GEDI,2GP,,,,,,,,AM,3,0
SMA-11-01,TOKA,TOKA-006,5/14/2021,5,126,,,,VUBR,45,VISA,VITE,PHAQ,GEDI,2GP,,,,,,S,5,0
SMA-11-01,TOKA,TOKA-006,5/14/2021,6,126,,,,PHAQ,50,SCIRP,VISA,GEDI,2GP,,,,,,,S,4,0
SMA-11-01,TOKA,TOKA-006,5/14/2021,7,126,BAPI,,,PHAQ,35,VITE,VUBR,2GP,,,,,,,,S,3,0
SMA-11-01,TOKA,TOKA-006,5/14/2021,8,126,,,,PHAQ,45,GEDI,VUBR,2GP,,,,,,,,S,3,0
SMA-11-01,TOKA,TOKA-006,5/14/2021,9,126,,,,VUBR,15,PHAQ,GEDI,LIBI5,2GP,,,,,,,S,4,0
SMA-11-01,TOKA,TOKA-006,5/14/2021,10,126,,,,PHAQ,30,VUBR,LOCO6,GEDI,2GP,,,,,,,S,4,0
SMA-11-01,TOKA,TOKA-006,5/14/2021,11,126,,,,PHAQ,30,GEDI,2GP,,,,,,,,,S,2,0
SMA-11-01,TOKA,TOKA-006,5/14/2021,12,126,,,,PHAQ,17,LOCO6,GEDI,2GP,,,,,,,,S,3,0
SMA-11-01,TOKA,TOKA-006,5/14/2021,13,126,,,,PHAQ,25,GEDI,VUBR,BRHO2,2GP,,,,,,,S,4,0
SMA-11-01,TOKA,TOKA-006,5/14/2021,14,126,,,,PHAQ,35,VUBR,GEDI,2GP,,,,,,,,S,3,0
SMA-11-01,TOKA,TOKA-006,5/14/2021,15,126,,,,VUBR,20,PHAQ,LIBI5,2GP,,,,,,,,S,3,0
SMA-11-01,TOKA,TOKA-006,5/14/2021,16,126,,,,PHAQ,50,VUBR,VISA,GEDI,2GP,,,,,,,S,4,0
SMA-11-01,TOKA,TOKA-006,5/14/2021,17,126,,,,PHAQ,36,GEDI,VISA,VITE,2GP,,,,,,,AM,4,0
SMA-11-01,TOKA,TOKA-006,5/14/2021,18,126,,,,PHAQ,30,VISA,GEDI,2GP,,,,,,,,S,3,0
SMA-11-01,TOKA,TOKA-006,5/14/2021,19,126,,,,PHAQ,35,GEDI,VUBR,2GP,,,,,,,,S,3,0
SMA-11-01,TOKA,TOKA-006,5/14/2021,20,126,,,,BRHO2,30,PHAQ,VUBR,VITE,2GP,,,,,,,S,4,0
SMA-11-01,TOKA,TOKA-006,5/14/2021,21,126,,,,VUBR,20,PHAQ,GEDI,2GP,,,,,,,,S,3,0
SMA-11-01,TOKA,TOKA-006,5/14/2021,22,126,,,,VUBR,20,VISA,GEDI,VITE,2GP,,,,,,,S,4,0
SMA-11-01,TOKA,TOKA-006,5/14/2021,23,126,,,,VUBR,35,VISA,GEDI,VITE,2GP,,,,,,,S,4,0
SMA-11-01,TOKA,TOKA-006,5/14/2021,24,126,,,,PHAQ,25,GEDI,VISA,VUBR,2GP,,,,,,,S,4,0
SMA-11-01,TOKA,TOKA-006,5/14/2021,25,126,,,,BRHO2,25,PHAQ,VITE,GEDI,2GP,,,,,,,S,4,0
SMA-11-01,TOKA,TOKA-006,5/14/2021,26,126,,,,PHAQ,35,GEDI,VUBR,VITE,2GP,,,,,,,S,4,0
SMA-11-01,TOKA,TOKA-006,5/14/2021,27,126,,,,PHAQ,55,GEDI,BRHO2,VUBR,2GP,,,,,,,S,4,0
SMA-11-01,TOKA,TOKA-006,5/14/2021,28,126,,,,PHAQ,45,GEDI,BRHO2,VUBR,2GP,,,,,,,S,4,0
SMA-11-01,TOKA,TOKA-006,5/14/2021,29,126,,,,PHAQ,45,BRHO2,GEDI,VUBR,2GP,,,,,,,S,4,0
SMA-11-01,TOKA,TOKA-006,5/14/2021,30,126,,,,PHAQ,40,VUBR,BRHO2,GEDI,2GP,,,,,,,S,4,0
SMA-11-01,TOKA,TOKA-006,5/14/2021,31,126,,,,PHAQ,50,GEDI,VUBR,2GP,,,,,,,,S,3,0
SMA-11-01,TOKA,TOKA-006,5/14/2021,32,126,,,,SIBE,15,VUBR,GEDI,2GP,,,,,,,,S,3,0
SMA-11-01,TOKA,TOKA-006,5/14/2021,33,126,,,,PHAQ,35,GEDI,2GP,,,,,,,,,S,2,0
SMA-11-01,TOKA,TOKA-006,5/14/2021,34,126,,,,PHAQ,30,VITE,GEDI,2GP,,,,,,,,S,3,0
SMA-11-01,TOKA,TOKA-006,5/14/2021,35,126,,,,PHAQ,30,GEDI,2GP,,,,,,,,,S,2,0
SMA-11-01,TOKA,TOKA-006,5/14/2021,36,126,,,,PHAQ,25,GEDI,VISA,2GP,,,,,,,,S,3,0
SMA-11-01,TOKA,TOKA-006,5/14/2021,37,126,,,,PHAQ,45,LOCO6,GEDI,ANAR,L,,,,,,,S,,0
SMA-11-01,TOKA,TOKA-006,5/14/2021,38,126,,,,PHAQ,40,BRHO2,LIBI5,LOCO6,2GA,2GP,,,,,,S,"4,5",0
SMA-11-01,TOKA,TOKA-006,5/14/2021,39,126,,,,PHAQ,30,BRHO2,VISA,LIBI5,GEDI,2GP,,,,,,S,5,0
SMA-11-01,TOKA,TOKA-006,5/14/2021,40,126,,,,PHAQ,35,BRCA5,GEDI,LIBI5,2GP,,,,,,,S,4,0
SMA-11-01,TOKA,TOKA-006,5/14/2021,41,126,,,,PHAQ,45,VITE,VISA,GEDI,2GP,,,,,,,S,4,0
SMA-11-01,TOKA,TOKA-006,5/14/2021,42,126,,,,PHAQ,50,2GP,,,,,,,,,,S,1,0
SMA-11-01,TOKA,TOKA-006,5/14/2021,43,126,,,,PHAQ,30,GEDI,2GP,,,,,,,,,S,2,0
SMA-11-01,TOKA,TOKA-006,5/14/2021,44,126,,,,PHAQ,45,VISA,GEDI,2GP,,,,,,,,S,3,0
SMA-11-01,TOKA,TOKA-006,5/14/2021,45,126,,,,LIBI5,20,BRHO2,GEDI,VUBR,2GP,2GA,,,,,,S,"4,5",0
SMA-11-01,TOKA,TOKA-006,5/14/2021,46,126,,,,TRAN6,15,VUBR,LIBI5,LOCO6,2GA,,,,,,,S,4,0
SMA-11-01,TOKA,TOKA-006,5/14/2021,47,126,,,,LIBI5,15,BRHO2,VITE,2GA,,,,,,,,S,3,0
SMA-11-01,TOKA,TOKA-006,5/14/2021,48,126,,,,VITE,35,BRHO2,LIBI5,PHAQ,,,,,,,,ABAL,,0
SMA-11-01,TOKA,TOKA-006,5/14/2021,49,126,,,,BRHO2,40,VUBR,PHAQ,L,,,,,,,,S,,0
SMA-11-01,TOKA,TOKA-006,5/14/2021,50,126,,,,LIBI5,25,VUBR,VITE,VISA,L,,,,,,,S,,0
SMA-11-01,TOKA,TOKA-006,5/14/2021,1,306,,,,PHAQ,40,VUBR,VITE,LOCO6,2GP,,,,,,,S,4,0
SMA-11-01,TOKA,TOKA-006,5/14/2021,2,306,,,,PHAQ,55,BRHO2,VUBR,GEDI,2GP,,,,,,,S,4,0
SMA-11-01,TOKA,TOKA-006,5/14/2021,3,306,,,,BRHO2,30,GEDI,VISA,2GP,,,,,,,,S,3,0
SMA-11-01,TOKA,TOKA-006,5/14/2021,4,306,,,,PHAQ,40,VUBR,BRHO2,2GP,,,,,,,,S,3,0
SMA-11-01,TOKA,TOKA-006,5/14/2021,5,306,RUUR,,,PHAQ,35,BRHO2,LIBI5,2GP,,,,,,,,S,3,0
SMA-11-01,TOKA,TOKA-006,5/14/2021,6,306,,,,BRHO2,35,PHAQ,LIBI5,GEDI,2GP,,,,,,,S,4,0
SMA-11-01,TOKA,TOKA-006,5/14/2021,7,306,,,,PHAQ,40,HYRA3,VUBR,2GP,,,,,,,,S,3,0
SMA-11-01,TOKA,TOKA-006,5/14/2021,8,306,RUUR,,,LIBI5,30,VUBR,2GP,,,,,,,,,S,2,0
SMA-11-01,TOKA,TOKA-006,5/14/2021,9,306,,,,PHAQ,45,GEDI,BRHO2,VUBR,2GP,,,,,,,S,4,0
SMA-11-01,TOKA,TOKA-006,5/14/2021,10,306,BAPI,,,PHAQ,60,LIBI5,VUBR,L,,,,,,,,S,,0
SMA-11-01,TOKA,TOKA-006,5/14/2021,11,306,BAPI,RUUR,,PHAQ,45,VITE,L,,,,,,,,,S,,0
SMA-11-01,TOKA,TOKA-006,5/14/2021,12,306,BAPI,,,PHAQ,50,VITE,L,,,,,,,,,S,,0
SMA-11-01,TOKA,TOKA-006,5/14/2021,13,306,BAPI,,,BRHO2,45,2GP,,,,,,,,,,S,1,0
SMA-11-01,TOKA,TOKA-006,5/14/2021,14,306,BAPI,,,PHAQ,50,BRHO2,VITE,VUBR,2GP,,,,,,,S,4,0
SMA-11-01,TOKA,TOKA-006,5/14/2021,15,306,BAPI,,,CAREX,50,PHAQ,VUBR,RUAC3,2GP,,,,,,,S,4,0
SMA-11-01,TOKA,TOKA-006,5/14/2021,16,306,,,,PHAQ,45,BRHO2,VUBR,LIBI5,2GP,,,,,,,S,4,0
SMA-11-01,TOKA,TOKA-006,5/14/2021,17,306,,,,PHAQ,40,BRHO2,VUBR,VISA,2GP,,,,,,,S,4,0
SMA-11-01,TOKA,TOKA-006,5/14/2021,18,306,RUUR,,,BRHO2,60,PHAQ,VUBR,GEDI,2GP,,,,,,,S,4,0
SMA-11-01,TOKA,TOKA-006,5/14/2021,19,306,,,,PHAQ,65,GEDI,2GP,,,,,,,,,S,2,0
SMA-11-01,TOKA,TOKA-006,5/14/2021,20,306,BAPI,,,PHAQ,40,VITE,GEDI,2GP,,,,,,,,S,3,0
SMA-11-01,TOKA,TOKA-006,5/14/2021,21,306,BAPI,RUUR,,PHAQ,40,GEDI,VITE,2GP,,,,,,,,S,3,0
SMA-11-01,TOKA,TOKA-006,5/14/2021,22,306,,,,BRHO2,30,VUBR,PHAQ,2GP,,,,,,,,S,3,0
SMA-11-01,TOKA,TOKA-006,5/14/2021,23,306,,,,PHAQ,35,VUBR,LOCO6,2GP,,,,,,,,S,3,0
SMA-11-01,TOKA,TOKA-006,5/14/2021,24,306,,,,PHAQ,50,VITE,VUBR,2GP,2GA,,,,,,,S,"3,4",0
SMA-11-01,TOKA,TOKA-006,5/14/2021,25,306,BAPI,,,PHAQ,70,LOCO6,VUBR,VITE,2GP,,,,,,,S,4,0
SMA-11-01,TOKA,TOKA-006,5/14/2021,26,306,BAPI,,,PHAQ,60,VITE,RUAC3,L,,,,,,,,S,,0
SMA-11-01,TOKA,TOKA-006,5/14/2021,27,306,BAPI,,,PHAQ,50,L,,,,,,,,,,S,,0
SMA-11-01,TOKA,TOKA-006,5/14/2021,28,306,BAPI,,,PHAQ,50,VUBR,2GP,,,,,,,,,S,2,0
SMA-11-01,TOKA,TOKA-006,5/14/2021,29,306,BAPI,,,VITE,75,PHAQ,L,,,,,,,,,S,,0
SMA-11-01,TOKA,TOKA-006,5/14/2021,30,306,,,,RUAC3,10,PHAQ,VITE,2GP,,,,,,,,S,3,0
SMA-11-01,TOKA,TOKA-006,5/14/2021,31,306,,,,PHAQ,40,LOCO6,LIBI5,2GP,,,,,,,,S,3,0
SMA-11-01,TOKA,TOKA-006,5/14/2021,32,306,BAPI,,,PHAQ,60,GEDI,2GP,,,,,,,,,S,2,0
SMA-11-01,TOKA,TOKA-006,5/14/2021,33,306,,,,PHAQ,50,LIBI5,2GP,,,,,,,,,S,2,0
SMA-11-01,TOKA,TOKA-006,5/14/2021,34,306,BAPI,,,PHAQ,75,FESTU,VITE,GEDI,L,,,,,,,S,,0
SMA-11-01,TOKA,TOKA-006,5/14/2021,35,306,,,,PHAQ,25,BRHO2,LIBI5,VITE,2GP,,,,,,,S,4,0
SMA-11-01,TOKA,TOKA-006,5/14/2021,36,306,,,,PHAQ,60,VISA,BRHO2,GEDI,2GP,,,,,,,S,4,0
SMA-11-01,TOKA,TOKA-006,5/14/2021,37,306,,,,VISA,40,SIBE,VITE,BRHO2,2GP,,,,,,,S,4,0
SMA-11-01,TOKA,TOKA-006,5/14/2021,38,306,,,,VUBR,15,DACA3,RORO,2GP,,,,,,,,S,3,0
SMA-11-01,TOKA,TOKA-006,5/14/2021,39,306,,,,VUBR,10,PLLA,DACA3,LOCO6,2GP,,,,,,,S,4,0
SMA-11-01,TOKA,TOKA-006,5/14/2021,40,306,,,,SCIRP,50,VISA,PHAQ,SIBE,2GRAM,,,,,,,S,,0
SMA-11-01,TOKA,TOKA-006,5/14/2021,41,306,,,,LIBI5,15,AICA,PLLA,VITE,2GA,,,,,,,S,4,0
SMA-11-01,TOKA,TOKA-006,5/14/2021,42,306,,,,VUBR,10,PLLA,GEDI,AICA,2GA,,,,,,,S,4,0
SMA-11-01,TOKA,TOKA-006,5/14/2021,43,306,,,,PLLA,15,VITE,LIBI5,2GA,,,,,,,,S,3,0
SMA-11-01,TOKA,TOKA-006,5/14/2021,44,306,,,,PHAQ,55,PLLA,LIBI5,VUBR,GEDI,2GA,2GP,,,,,S,"5,6",0
SMA-11-01,TOKA,TOKA-006,5/14/2021,45,306,,,,VITE,20,DACA3,LIBI5,LOCO6,2GA,,,,,,,S,4,0
SMA-11-01,TOKA,TOKA-006,5/14/2021,46,306,,,,PLLA,20,VUBR,2GA,,,,,,,,,S,2,0
SMA-11-01,TOKA,TOKA-006,5/14/2021,47,306,,,,VUBR,10,PLLA,2GA,,,,,,,,,S,2,0
SMA-11-01,TOKA,TOKA-006,5/14/2021,48,306,,,,PLLA,15,AICA,LIBI5,2GA,,,,,,,,S,3,0
SMA-11-01,TOKA,TOKA-006,5/14/2021,49,306,,,,LIBI5,10,PLLA,VUBR,2GP,,,,,,,,S,3,0
SMA-11-01,TOKA,TOKA-006,5/14/2021,50,306,,,,RORO,10,2GA,,,,,,,,,,S,1,0
SMA-11-01,TOKA,TOKA-006,6/13/2024,1,126,,,,PHAQ,35,LOCO6,VUBR,L,,,,,,,,S,,0
SMA-11-01,TOKA,TOKA-006,6/13/2024,2,126,,,,PHAQ,92,LIBI5,VUBR,RUUR,L,,,,,,,S,,0
SMA-11-01,TOKA,TOKA-006,6/13/2024,3,126,,,,LIBI5,31,LOCO6,BRDI2,,,,,,,,,AM,,0
SMA-11-01,TOKA,TOKA-006,6/13/2024,4,126,,,,PHAQ,65,LOCO6,L,,,,,,,,,S,,0
SMA-11-01,TOKA,TOKA-006,6/13/2024,5,126,,,,PHAQ,47,LOCO6,VUBR,L,,,,,,,,S,,0
SMA-11-01,TOKA,TOKA-006,6/13/2024,6,126,,,,PHAQ,32,LOCO6,L,,,,,,,,,S,,0
SMA-11-01,TOKA,TOKA-006,6/13/2024,7,126,,,,PHAQ,53,VUBR,LIBI5,PLLA,L,,,,,,,S,,0
SMA-11-01,TOKA,TOKA-006,6/13/2024,8,126,,,,VUBR,25,LOCO6,L,,,,,,,,,S,,0
SMA-11-01,TOKA,TOKA-006,6/13/2024,9,126,,,,PHAQ,65,BRHO2,LOCO6,,,,,,,,,S,,0
SMA-11-01,TOKA,TOKA-006,6/13/2024,10,126,,,,PHAQ,86,VISA,VUBR,L,,,,,,,,S,,0
SMA-11-01,TOKA,TOKA-006,6/13/2024,11,126,,,,PHAQ,46,LOCO6,,,,,,,,,,S,,0
SMA-11-01,TOKA,TOKA-006,6/13/2024,12,126,,,,PHAQ,60,LOCO6,PHAQ,,,,,,,,,S,2,0
SMA-11-01,TOKA,TOKA-006,6/13/2024,13,126,,,,LOCO6,34,VUBR,PHAQ,,,,,,,,,S,2,0
SMA-11-01,TOKA,TOKA-006,6/13/2024,14,126,,,,PHAQ,55,LOCO6,HYRA3,L,,,,,,,,S,,0
SMA-11-01,TOKA,TOKA-006,6/13/2024,15,126,,,,PHAQ,46,LOCO6,,,,,,,,,,S,,0
SMA-11-01,TOKA,TOKA-006,6/13/2024,16,126,,,,LIBI5,35,LOCO6,PHAQ,,,,,,,,,S,,0
SMA-11-01,TOKA,TOKA-006,6/13/2024,17,126,,,,VUBR,22,LOCO6,PHAQ,L,,,,,,,,S,,0
SMA-11-01,TOKA,TOKA-006,6/13/2024,18,126,,,,LOCO6,30,PHAQ,,,,,,,,,,S,,0
SMA-11-01,TOKA,TOKA-006,6/13/2024,19,126,,,,PHAQ,37,CYEC,GEDI,L,,,,,,,,S,,0
SMA-11-01,TOKA,TOKA-006,6/13/2024,20,126,,,,LOCO6,32,PHAQ,L,,,,,,,,,S,,0
SMA-11-01,TOKA,TOKA-006,6/13/2024,21,126,,,,PHAQ,62,LOCO6,L,,,,,,,,,S,,0
SMA-11-01,TOKA,TOKA-006,6/13/2024,22,126,,,,LOCO6,40,PHAQ,L,,,,,,,,,S,,0
SMA-11-01,TOKA,TOKA-006,6/13/2024,23,126,,,,BRHO2,60,PHAQ,L,,,,,,,,,S,,0
SMA-11-01,TOKA,TOKA-006,6/13/2024,24,126,,,,PHAQ,72,BRHO2,VUBR,L,,,,,,,,S,,0
SMA-11-01,TOKA,TOKA-006,6/13/2024,25,126,,,,VUBR,48,LIBI5,LOCO6,L,,,,,,,,S,,0
SMA-11-01,TOKA,TOKA-006,6/13/2024,26,126,,,,PHAQ,90,LOCO6,L,,,,,,,,,S,,0
SMA-11-01,TOKA,TOKA-006,6/13/2024,27,126,,,,BRHO2,30,LOCO6,LIBI5,L,,,,,,,,S,,0
SMA-11-01,TOKA,TOKA-006,6/13/2024,28,126,,,,PHAQ,40,LOCO6,HYPOC,L,,,,,,,,S,,0
SMA-11-01,TOKA,TOKA-006,6/13/2024,29,126,,,,LIBI5,60,LOCO6,VUBR,L,,,,,,,,S,,0
SMA-11-01,TOKA,TOKA-006,6/13/2024,30,126,,,,LIBI5,45,PHAQ,VUBR,LOCO6,L,,,,,,,S,,0
SMA-11-01,TOKA,TOKA-006,6/13/2024,31,126,,,,LOCO6,15,L,,,,,,,,,,S,,0
SMA-11-01,TOKA,TOKA-006,6/13/2024,32,126,,,,VUBR,45,PHAQ,LOCO6,L,,,,,,,,S,,0
SMA-11-01,TOKA,TOKA-006,6/13/2024,33,126,,,,PHAQ,65,LOCO6,VUBR,RUUR,L,,,,,,,S,,0
SMA-11-01,TOKA,TOKA-006,6/13/2024,34,126,,,,VUBR,25,DACA3,LOCO6,,,,,,,,,S,,0
SMA-11-01,TOKA,TOKA-006,6/13/2024,35,126,,,,PHAQ,57,LOCO6,VUBR,RUUR,L,,,,,,,S,,0
SMA-11-01,TOKA,TOKA-006,6/13/2024,36,126,,,,LOCO6,31,VISA,VUBR,L,,,,,,,,S,,0
SMA-11-01,TOKA,TOKA-006,6/13/2024,37,126,,,,PHAQ,51,LOCO6,RUUR,L,,,,,,,,S,,0
SMA-11-01,TOKA,TOKA-006,6/13/2024,38,126,,,,BRHO2,39,LOCO6,VUBR,,,,,,,,,S,,0
SMA-11-01,TOKA,TOKA-006,6/13/2024,39,126,,,,PHAQ,45,LOCO6,,,,,,,,,,S,,0
SMA-11-01,TOKA,TOKA-006,6/13/2024,40,126,,,,PHAQ,35,LOCO6,L,,,,,,,,,S,,0
SMA-11-01,TOKA,TOKA-006,6/13/2024,41,126,,,,VUBR,30,LOCO6,PHAQ,L,,,,,,,,S,,0
SMA-11-01,TOKA,TOKA-006,6/13/2024,42,126,,,,LOCO6,22,DACA3,L,,,,,,,,,S,,0
SMA-11-01,TOKA,TOKA-006,6/13/2024,43,126,,,,PHAQ,36,VUBR,LOCO6,TRDU2,DACA3,,,,,,,S,,0
SMA-11-01,TOKA,TOKA-006,6/13/2024,44,126,,,,DACA3,15,TRHI4,,,,,,,,,,DACA3,,0
SMA-11-01,TOKA,TOKA-006,6/13/2024,45,126,,,,DACA3,28,LOCO6,TRHI4,L,,,,,,,,S,,0
SMA-11-01,TOKA,TOKA-006,6/13/2024,46,126,,,,DACA3,10,LOCO6,TRHI4,,,,,,,,,DACA3,,0
SMA-11-01,TOKA,TOKA-006,6/13/2024,47,126,,,,TRDU2,18,TRAN6,LIBI5,LOCO6,DACA3,,,,,,,S,,0
SMA-11-01,TOKA,TOKA-006,6/13/2024,48,126,,,,LIBI5,31,VUBR,DACA3,L,,,,,,,,S,,0
SMA-11-01,TOKA,TOKA-006,6/13/2024,49,126,,,,VUBR,30,CAREX,LOCO6,DACA3,,,,,,,,DACA3,,0
SMA-11-01,TOKA,TOKA-006,6/13/2024,50,126,,,,LOCO6,20,,,,,,,,,,,S,,0
SMA-11-01,TOKA,TOKA-006,6/13/2024,1,306,RUUR,,,NOPLANT,NA,L,,,,,,,,,,S,,0
SMA-11-01,TOKA,TOKA-006,6/13/2024,2,306,BAPI,,,PHAQ,42,GEDI,L,,,,,,,,,S,,0
SMA-11-01,TOKA,TOKA-006,6/13/2024,3,306,,,,PHAQ,28,LOCO6,L,,,,,,,,,S,,0
SMA-11-01,TOKA,TOKA-006,6/13/2024,4,306,,,,PHAQ,55,VUBR,LOCO6,L,,,,,,,,S,,0
SMA-11-01,TOKA,TOKA-006,6/13/2024,5,306,,,,VUBR,40,LIBI5,LOCO6,2GA,,,,,,,,S,3,0
SMA-11-01,TOKA,TOKA-006,6/13/2024,6,306,,,,VUBR,41,LOCO6,PHAQ,L,,,,,,,,S,,0
SMA-11-01,TOKA,TOKA-006,6/13/2024,7,306,,,,VUBR,28,LOCO6,PHAQ,L,,,,,,,,S,,0
SMA-11-01,TOKA,TOKA-006,6/13/2024,8,306,,,,PHAQ,65,VUBR,LOCO6,L,,,,,,,,S,,0
SMA-11-01,TOKA,TOKA-006,6/13/2024,9,306,,,,LIBI5,36,LOCO6,VUBR,,,,,,,,,S,,0
SMA-11-01,TOKA,TOKA-006,6/13/2024,10,306,,,,PHAQ,75,LOCO6,VUBR,L,,,,,,,,S,,0
SMA-11-01,TOKA,TOKA-006,6/13/2024,11,306,,,,PHAQ,61,LOCO6,VUBR,L,,,,,,,,S,,0
SMA-11-01,TOKA,TOKA-006,6/13/2024,12,306,,,,VUBR,34,LOCO6,L,,,,,,,,,S,,0
SMA-11-01,TOKA,TOKA-006,6/13/2024,13,306,,,,BRMI2,45,LOCO6,L,,,,,,,,,S,,0
SMA-11-01,TOKA,TOKA-006,6/13/2024,14,306,,,,LIBI5,25,LOCO6,BRHO2,L,,,,,,,,S,,0
SMA-11-01,TOKA,TOKA-006,6/13/2024,15,306,,,,PHAQ,40,VUBR,GEDI,PHAQ,,,,,,,,S,3,0
SMA-11-01,TOKA,TOKA-006,6/13/2024,16,306,BAPI,,,PHAQ,41,L,,,,,,,,,,S,,0
SMA-11-01,TOKA,TOKA-006,6/13/2024,17,306,BAPI,,,PHAQ,25,,,,,,,,,,,S,,1
SMA-11-01,TOKA,TOKA-006,6/13/2024,18,306,,,,VUBR,30,LIBI5,DACA3,,,,,,,,,S,,0
SMA-11-01,TOKA,TOKA-006,6/13/2024,19,306,,,,PHAQ,85,LOCO6,BRHO2,L,,,,,,,,S,,0
SMA-11-01,TOKA,TOKA-006,6/13/2024,20,306,,,,VUBR,44,LIBI5,PHAQ,DACA3,,,,,,,,S,2,0
SMA-11-01,TOKA,TOKA-006,6/13/2024,21,306,,,,PHAQ,70,LIBI5,VUBR,L,,,,,,,,S,,0
SMA-11-01,TOKA,TOKA-006,6/13/2024,22,306,,,,BRHO2,45,LIBI5,VUBR,LOCO6,L,,,,,,,S,,0
SMA-11-01,TOKA,TOKA-006,6/13/2024,23,306,,,,BRHO2,56,VUBR,LOCO6,L,,,,,,,,S,,0
SMA-11-01,TOKA,TOKA-006,6/13/2024,24,306,,,,VUBR,30,LOCO6,L,,,,,,,,,S,,0
SMA-11-01,TOKA,TOKA-006,6/13/2024,25,306,,,,LOCO6,25,VUBR,L,,,,,,,,,S,,0
SMA-11-01,TOKA,TOKA-006,6/13/2024,26,306,,,,LOCO6,13,DACA3,L,,,,,,,,,S,,0
SMA-11-01,TOKA,TOKA-006,6/13/2024,27,306,,,,LOCO6,20,DACA3,L,,,,,,,,,S,,0
SMA-11-01,TOKA,TOKA-006,6/13/2024,28,306,,,,LOCO6,15,DACA3,L,,,,,,,,,S,,0
SMA-11-01,TOKA,TOKA-006,6/13/2024,29,306,,,,LOCO6,20,BRDI2,DACA3,L,,,,,,,,S,,0
SMA-11-01,TOKA,TOKA-006,6/13/2024,30,306,,,,LOCO6,25,BRDI2,DACA3,,,,,,,,,DACA3,,0
SMA-11-01,TOKA,TOKA-006,6/13/2024,31,306,,,,DACA3,28,LOCO6,VUBR,L,,,,,,,,S,,0
SMA-11-01,TOKA,TOKA-006,6/13/2024,32,306,,,,LOCO6,42,VUBR,,,,,,,,,,AM,,0
SMA-11-01,TOKA,TOKA-006,6/13/2024,33,306,,,,PHAQ,60,GEDI,JUOC2,PHAQ,,,,,,,,S,3,0
SMA-11-01,TOKA,TOKA-006,6/13/2024,34,306,,,,LOCO6,26,BRDI2,DACA3,L,,,,,,,,S,,0
SMA-11-01,TOKA,TOKA-006,6/13/2024,35,306,,,,VUBR,36,LOCO6,DACA3,L,,,,,,,,S,,0
SMA-11-01,TOKA,TOKA-006,6/13/2024,36,306,,,,MYDI,45,DACA3,LOCO6,VUBR,L,,,,,,,S,,0
SMA-11-01,TOKA,TOKA-006,6/13/2024,37,306,,,,LOCO6,28,DACA3,PLLA,,,,,,,,,S,,0
SMA-11-01,TOKA,TOKA-006,6/13/2024,38,306,,,,DACA3,25,VUBR,LIBI5,,,,,,,,,DACA3,,0
SMA-11-01,TOKA,TOKA-006,6/13/2024,39,306,,,,LIBI5,35,VUBR,LOCO6,BRDI2,DACA3,,,,,,,S,,0
SMA-11-01,TOKA,TOKA-006,6/13/2024,40,306,,,,LOCO6,25,HYPOC,,,,,,,,,,S,,0
SMA-11-01,TOKA,TOKA-006,6/13/2024,41,306,,,,LOCO6,15,DACA3,,,,,,,,,,S,,0
SMA-11-01,TOKA,TOKA-006,6/13/2024,42,306,,,,DACA3,14,VUBR,LOCO6,,,,,,,,,LOCO6,,0
SMA-11-01,TOKA,TOKA-006,6/13/2024,43,306,,,,MYDI,42,BRHO2,VUBR,LOCO6,DACA3,L,,,,,,S,,0
SMA-11-01,TOKA,TOKA-006,6/13/2024,44,306,,,,LOCO6,20,VUBR,,,,,,,,,,S,,0
SMA-11-01,TOKA,TOKA-006,6/13/2024,45,306,,,,LOCO6,20,BRDI2,DACA3,L,,,,,,,,S,,0
SMA-11-01,TOKA,TOKA-006,6/13/2024,46,306,,,,VUBR,27,MYDI,RUUR,LOCO6,DACA3,L,,,,,,S,,0
SMA-11-01,TOKA,TOKA-006,6/13/2024,47,306,,,,AICA,22,LOCO6,RUUR,DACA3,,,,,,,,S,,0
SMA-11-01,TOKA,TOKA-006,6/13/2024,48,306,,,,PHAQ,52,VUBR,DACA3,LOCO6,L,,,,,,,S,,0
SMA-11-01,TOKA,TOKA-006,6/13/2024,49,306,BAPI,,,VUBR,40,GEDI,PHAQ,,,,,,,,,S,2,0
SMA-11-01,TOKA,TOKA-006,6/13/2024,50,306,,,,LIBI5,30,PLLA,DACA3,L,,,,,,,,S,,0
SMA-11-01,TOKA,TOKA-007,5/25/2016,1,57,,,,BRDI2,8,VUMY,ASTERA,DACA3,L,,,,,,,S,,0
SMA-11-01,TOKA,TOKA-007,5/25/2016,2,57,,,,VUMY,20,DACA3,,,,,,,,,,S,,0
SMA-11-01,TOKA,TOKA-007,5/25/2016,3,57,,,,BRDI2,18,DACA3,PLLA,L,,,,,,,,S,,0
SMA-11-01,TOKA,TOKA-007,5/25/2016,4,57,,,,PLLA,16,VUMY,L,,,,,,,,,S,,0
SMA-11-01,TOKA,TOKA-007,5/25/2016,5,57,,,,VUMY,12,DACA3,PLLA,L,,,,,,,,S,,0
SMA-11-01,TOKA,TOKA-007,5/25/2016,6,57,,,,LIUS,16,DACA3,BRDI2,L,,,,,,,,S,,0
SMA-11-01,TOKA,TOKA-007,5/25/2016,7,57,,,,VUMY,13,DACA3,,,,,,,,,,S,,0
SMA-11-01,TOKA,TOKA-007,5/25/2016,8,57,,,,VUMY,16,PLLA,AICA,L,,,,,,,,S,,0
SMA-11-01,TOKA,TOKA-007,5/25/2016,9,57,,,,TRDU2,15,DACA3,PLLA,L,,,,,,,,S,,0
SMA-11-01,TOKA,TOKA-007,5/25/2016,10,57,,,,DACA3,13,LIUS,L,,,,,,,,,S,,0
SMA-11-01,TOKA,TOKA-007,5/25/2016,11,57,,,,PLLA,21,VUMY,DACA3,,,,,,,,,S,,0
SMA-11-01,TOKA,TOKA-007,5/25/2016,12,57,,,,DACA3,13,TRDU2,,,,,,,,,,S,,0
SMA-11-01,TOKA,TOKA-007,5/25/2016,13,57,,,,VUMY,16,DACA3,,,,,,,,,,S,,0
SMA-11-01,TOKA,TOKA-007,5/25/2016,14,57,,,,DACA3,11,L,,,,,,,,,,S,,0
SMA-11-01,TOKA,TOKA-007,5/25/2016,15,57,,,,VUMY,10,L,,,,,,,,,,S,,0
SMA-11-01,TOKA,TOKA-007,5/25/2016,16,57,,,,VUMY,9,L,,,,,,,,,,S,,0
SMA-11-01,TOKA,TOKA-007,5/25/2016,17,57,,,,VUMY,12,DACA3,L,,,,,,,,,S,,0
SMA-11-01,TOKA,TOKA-007,5/25/2016,18,57,,,,DACA3,28,VUMY,L,,,,,,,,,S,,0
SMA-11-01,TOKA,TOKA-007,5/25/2016,19,57,,,,DACA3,22,VUMY,LIUS,L,,,,,,,,S,,0
SMA-11-01,TOKA,TOKA-007,5/25/2016,20,57,,,,VUMY,18,DACA3,L,,,,,,,,,S,,0
SMA-11-01,TOKA,TOKA-007,5/25/2016,21,57,,,,VUMY,23,BRDI2,DACA3,L,,,,,,,,S,,0
SMA-11-01,TOKA,TOKA-007,5/25/2016,22,57,,,,VUMY,15,DACA3,,,,,,,,,,S,,0
SMA-11-01,TOKA,TOKA-007,5/25/2016,23,57,,,,VUMY,20,LOGA2,DACA3,,,,,,,,,S,,0
SMA-11-01,TOKA,TOKA-007,5/25/2016,24,57,,,,DACA3,6,,,,,,,,,,,S,,0
SMA-11-01,TOKA,TOKA-007,5/25/2016,25,57,,,,VUMY,20,L,,,,,,,,,,S,,0
SMA-11-01,TOKA,TOKA-007,5/25/2016,26,57,,,,AICA,9,VUMY,DACA3,,,,,,,,,S,,0
SMA-11-01,TOKA,TOKA-007,5/25/2016,27,57,,,,VUMY,10,DACA3,,,,,,,,,,S,,0
SMA-11-01,TOKA,TOKA-007,5/25/2016,28,57,,,,VUMY,15,DACA3,,,,,,,,,,S,,0
SMA-11-01,TOKA,TOKA-007,5/25/2016,29,57,,,,VUMY,10,DACA3,L,,,,,,,,,S,,0
SMA-11-01,TOKA,TOKA-007,5/25/2016,30,57,,,,VUMY,16,DACA3,,,,,,,,,,S,,0
SMA-11-01,TOKA,TOKA-007,5/25/2016,31,57,,,,VUMY,12,L,,,,,,,,,,S,,0
SMA-11-01,TOKA,TOKA-007,5/25/2016,32,57,,,,VUMY,2,DACA3,,,,,,,,,,S,,0
SMA-11-01,TOKA,TOKA-007,5/25/2016,33,57,,,,VUMY,18,TRDU2,DACA3,L,,,,,,,,S,,0
SMA-11-01,TOKA,TOKA-007,5/25/2016,34,57,,,,VUMY,25,PLLA,DACA3,,,,,,,,,S,,0
SMA-11-01,TOKA,TOKA-007,5/25/2016,35,57,,,,TRDU2,18,DACA3,L,,,,,,,,,S,,0
SMA-11-01,TOKA,TOKA-007,5/25/2016,36,57,,,,DACA3,24,VUMY,TRDU2,,,,,,,,,S,,0
SMA-11-01,TOKA,TOKA-007,5/25/2016,37,57,,,,VUMY,21,DACA3,TRDU2,,,,,,,,,S,,0
SMA-11-01,TOKA,TOKA-007,5/25/2016,38,57,,,,VUMY,21,DACA3,,,,,,,,,,S,,0
SMA-11-01,TOKA,TOKA-007,5/25/2016,39,57,,,,VUMY,30,BRDI2,TRDU2,L,,,,,,,,S,,0
SMA-11-01,TOKA,TOKA-007,5/25/2016,40,57,,,,LIUS,30,BRDI2,DACA3,L,,,,,,,,S,,0
SMA-11-01,TOKA,TOKA-007,5/25/2016,41,57,,,,LIUS,30,BRHO2,VUMY,TRDU2,PLLA,,,,,,,S,,0
SMA-11-01,TOKA,TOKA-007,5/25/2016,42,57,,,,VUMY,21,BRDI2,DACA3,L,,,,,,,,S,,0
SMA-11-01,TOKA,TOKA-007,5/25/2016,43,57,,,,VUMY,25,DACA3,L,,,,,,,,,S,,0
SMA-11-01,TOKA,TOKA-007,5/25/2016,44,57,,,,JUNCU,30,VUMY,DACA3,TRDU2,L,,,,,,,S,,0
SMA-11-01,TOKA,TOKA-007,5/25/2016,45,57,,,,VUMY,18,L,,,,,,,,,,S,,0
SMA-11-01,TOKA,TOKA-007,5/25/2016,46,57,,,,VUMY,16,DACA3,L,,,,,,,,,S,,0
SMA-11-01,TOKA,TOKA-007,5/25/2016,47,57,,,,AVBA,40,BRHO2,VUMY,TRDU2,L,,,,,,,S,,0
SMA-11-01,TOKA,TOKA-007,5/25/2016,48,57,,,,VUMY,30,BRDI2,LOCO6,L,,,,,,,,S,,0
SMA-11-01,TOKA,TOKA-007,5/25/2016,49,57,,,,PHAQ,42,VUMY,,,,,,,,,,S,,0
SMA-11-01,TOKA,TOKA-007,5/25/2016,50,57,,,,PHAQ,41,VUMY,PLLA,DACA3,L,,,,,,,S,,0
SMA-11-01,TOKA,TOKA-007,5/25/2016,1,257,,,,BRDI2,30,L,,,,,,,,,,S,,0
SMA-11-01,TOKA,TOKA-007,5/25/2016,2,257,,,,BRDI2,41,L,,,,,,,,,,S,,0
SMA-11-01,TOKA,TOKA-007,5/25/2016,3,257,,,,BRDI2,28,VUMY,L,,,,,,,,,S,,0
SMA-11-01,TOKA,TOKA-007,5/25/2016,4,257,,,,BRDI2,25,PHAQ,L,,,,,,,,,S,,0
SMA-11-01,TOKA,TOKA-007,5/25/2016,5,257,,,,BRDI2,28,L,,,,,,,,,,S,,0
SMA-11-01,TOKA,TOKA-007,5/25/2016,6,257,,,,PHAQ,35,BRDI2,VITE,L,,,,,,,,S,,0
SMA-11-01,TOKA,TOKA-007,5/25/2016,7,257,,,,VUMY,3,,,,,,,,,,,S,,0
SMA-11-01,TOKA,TOKA-007,5/25/2016,8,257,,,,VUMY,18,DACA3,L,,,,,,,,,S,,0
SMA-11-01,TOKA,TOKA-007,5/25/2016,9,257,,,,AGROS2,61,PETR7,DACA3,L,,,,,,,,S,,0
SMA-11-01,TOKA,TOKA-007,5/25/2016,10,257,,,,DACA3,13,PLLA,L,,,,,,,,,S,,0
SMA-11-01,TOKA,TOKA-007,5/25/2016,11,257,,,,NOPLANT,0,L,,,,,,,,,,S,,0
SMA-11-01,TOKA,TOKA-007,5/25/2016,12,257,,,,AGROS2,25,VUMY,DACA3,L,,,,,,,,S,,0
SMA-11-01,TOKA,TOKA-007,5/25/2016,13,257,,,,AICA,20,VUMY,,,,,,,,,,S,,0
SMA-11-01,TOKA,TOKA-007,5/25/2016,14,257,,,,PHAQ,30,VUMY,,,,,,,,,,S,,0
SMA-11-01,TOKA,TOKA-007,5/25/2016,15,257,,,,ANAR,1,DACA3,,,,,,,,,,S,,0
SMA-11-01,TOKA,TOKA-007,5/25/2016,16,257,,,,DACA3,25,,,,,,,,,,,S,,0
SMA-11-01,TOKA,TOKA-007,5/25/2016,17,257,,,,PETR7,5,L,,,,,,,,,,S,,0
SMA-11-01,TOKA,TOKA-007,5/25/2016,18,257,,,,PHAQ,37,VUMY,VITE,L,,,,,,,,S,,0
SMA-11-01,TOKA,TOKA-007,5/25/2016,19,257,,,,ANAR,10,VITE,,,,,,,,,,S,,0
SMA-11-01,TOKA,TOKA-007,5/25/2016,20,257,,,,VUMY,22,PHAQ,L,,,,,,,,,S,,0
SMA-11-01,TOKA,TOKA-007,5/25/2016,21,257,,,,VUMY,21,VITE,PHAQ,L,,,,,,,,S,,0
SMA-11-01,TOKA,TOKA-007,5/25/2016,22,257,,,,VUMY,30,JUNCU,PHAQ,L,,,,,,,,S,,0
SMA-11-01,TOKA,TOKA-007,5/25/2016,23,257,,,,BRDI2,31,VUMY,PLLA,VITE,L,,,,,,,S,,0
SMA-11-01,TOKA,TOKA-007,5/25/2016,24,257,,,,PHAQ,15,DACA3,L,,,,,,,,,S,,0
SMA-11-01,TOKA,TOKA-007,5/25/2016,25,257,,,,PHAQ,35,L,,,,,,,,,,S,,0
SMA-11-01,TOKA,TOKA-007,5/25/2016,26,257,,,,VUMY,22,BRDI2,2PLANT,L,,,,,,,,S,,0
SMA-11-01,TOKA,TOKA-007,5/25/2016,27,257,,,,BRDI2,22,L,,,,,,,,,,S,,0
SMA-11-01,TOKA,TOKA-007,5/25/2016,28,257,,,,BRDI2,12,JUNCU,DACA3,L,,,,,,,,S,,0
SMA-11-01,TOKA,TOKA-007,5/25/2016,29,257,,,,PETR7,23,L,,,,,,,,,,S,,0
SMA-11-01,TOKA,TOKA-007,5/25/2016,30,257,,,,AICA,22,VUMY,,,,,,,,,,2LICHN,,0
SMA-11-01,TOKA,TOKA-007,5/25/2016,31,257,,,,BRDI2,17,,,,,,,,,,,S,,0
SMA-11-01,TOKA,TOKA-007,5/25/2016,32,257,,,,PLLA,20,BRDI2,,,,,,,,,,S,,0
SMA-11-01,TOKA,TOKA-007,5/25/2016,33,257,,,,BRDI2,30,,,,,,,,,,,S,,0
SMA-11-01,TOKA,TOKA-007,5/25/2016,34,257,,,,VUMY,20,BRDI2,AICA,,,,,,,,,S,,0
SMA-11-01,TOKA,TOKA-007,5/25/2016,35,257,,,,DACA3,41,HOCA3,BRDI2,VUMY,L,,,,,,,S,,0
SMA-11-01,TOKA,TOKA-007,5/25/2016,36,257,,,,PHAQ,27,L,,,,,,,,,,S,,0
SMA-11-01,TOKA,TOKA-007,5/25/2016,37,257,,,,POMU,9,PHAQ,L,,,,,,,,,S,,0
SMA-11-01,TOKA,TOKA-007,5/25/2016,38,257,,,,ANAR,10,L,,,,,,,,,,S,,0
SMA-11-01,TOKA,TOKA-007,5/25/2016,39,257,,,,DACA3,19,SIBE,L,,,,,,,,,S,,0
SMA-11-01,TOKA,TOKA-007,5/25/2016,40,257,,,,BRDI2,28,,,,,,,,,,,S,,0
SMA-11-01,TOKA,TOKA-007,5/25/2016,41,257,,,,BRDI3,32,BRDI2,ANAR,,,,,,,,,S,,0
SMA-11-01,TOKA,TOKA-007,5/25/2016,42,257,,,,BRDI2,10,PLLA,L,,,,,,,,,S,,0
SMA-11-01,TOKA,TOKA-007,5/25/2016,43,257,,,,COSE4,73,L,,,,,,,,,,S,,0
SMA-11-01,TOKA,TOKA-007,5/25/2016,44,257,,,,COSE4,90,L,,,,,,,,,,S,,0
SMA-11-01,TOKA,TOKA-007,5/25/2016,45,257,,,,COSE4,80,L,,,,,,,,,,S,,0
SMA-11-01,TOKA,TOKA-007,5/25/2016,46,257,,,,VUMY,9,BRDI2,L,,,,,,,,,S,,0
SMA-11-01,TOKA,TOKA-007,5/25/2016,47,257,,,,NOPLANT,0,,,,,,,,,,,S,,0
SMA-11-01,TOKA,TOKA-007,5/25/2016,48,257,,,,PHAQ,68,TRDU2,LOCO6,L,,,,,,,,S,,0
SMA-11-01,TOKA,TOKA-007,5/25/2016,49,257,,,,LOPEM2,20,L,,,,,,,,,,S,,0
SMA-11-01,TOKA,TOKA-007,5/25/2016,50,257,,,,NOPLANT,0,,,,,,,,,,,S,,0
SMA-11-01,TOKA,TOKA-007,4/19/2018,1,57,,,,VUBR,11,DACA3,GEDI,L,,,,,,,,S,,0
SMA-11-01,TOKA,TOKA-007,4/19/2018,2,57,,,,JUPA2,19,VUBR,PLLA,2GA,L,,,,,,,S,3,0
SMA-11-01,TOKA,TOKA-007,4/19/2018,3,57,,,,VUBR,5,DACA3,L,,,,,,,,,S,,0
SMA-11-01,TOKA,TOKA-007,4/19/2018,4,57,,,,VUBR,12,L,,,,,,,,,,S,,0
SMA-11-01,TOKA,TOKA-007,4/19/2018,5,57,,,,PLLA,4,VUBR,L,,,,,,,,,S,1,0
SMA-11-01,TOKA,TOKA-007,4/19/2018,6,57,,,,DACA3,9,VUBR,L,,,,,,,,,S,,0
SMA-11-01,TOKA,TOKA-007,4/19/2018,7,57,,,,DACA3,4,L,,,,,,,,,,S,,0
SMA-11-01,TOKA,TOKA-007,4/19/2018,8,57,,,,DACA3,4,L,,,,,,,,,,S,,0
SMA-11-01,TOKA,TOKA-007,4/19/2018,9,57,,,,DACA3,10,PLLA,,,,,,,,,,S,,0
SMA-11-01,TOKA,TOKA-007,4/19/2018,10,57,,,,DACA3,1,L,,,,,,,,,,S,,0
SMA-11-01,TOKA,TOKA-007,4/19/2018,11,57,,,,DACA3,6,L,,,,,,,,,,S,,0
SMA-11-01,TOKA,TOKA-007,4/19/2018,12,57,,,,2GA,3,L,,,,,,,,,,S,,1
SMA-11-01,TOKA,TOKA-007,4/19/2018,13,57,BAPI,,,PLLA,14,L,,,,,,,,,,S,,0
SMA-11-01,TOKA,TOKA-007,4/19/2018,14,57,,,,VUBR,12,DACA3,L,,,,,,,,,S,,0
SMA-11-01,TOKA,TOKA-007,4/19/2018,15,57,,,,VUBR,5,L,,,,,,,,,,S,,0
SMA-11-01,TOKA,TOKA-007,4/19/2018,16,57,,,,DACA3,10,L,,,,,,,,,,S,,0
SMA-11-01,TOKA,TOKA-007,4/19/2018,17,57,,,,BRDI2,9,2GA,L,,,,,,,,,S,,0
SMA-11-01,TOKA,TOKA-007,4/19/2018,18,57,,,,PLLA,1,LIBI5,VUBR,L,,,,,,,,S,,0
SMA-11-01,TOKA,TOKA-007,4/19/2018,19,57,,,,DACA3,6,PLLA,L,,,,,,,,,S,,0
SMA-11-01,TOKA,TOKA-007,4/19/2018,20,57,,,,DACA3,4,VUBR,,,,,,,,,,DACA3,,0
SMA-11-01,TOKA,TOKA-007,4/19/2018,21,57,,,,DACA3,8,VUBR,L,,,,,,,,,S,,0
SMA-11-01,TOKA,TOKA-007,4/19/2018,22,57,,,,VUBR,4,DACA3,,,,,,,,,,S,,0
SMA-11-01,TOKA,TOKA-007,4/19/2018,23,57,,,,VUBR,10,DACA3,L,,,,,,,,,S,,0
SMA-11-01,TOKA,TOKA-007,4/19/2018,24,57,,,,VUBR,4,DACA3,,,,,,,,,,S,,0
SMA-11-01,TOKA,TOKA-007,4/19/2018,25,57,,,,PLLA,5,DACA3,,,,,,,,,,DACA3,,0
SMA-11-01,TOKA,TOKA-007,4/19/2018,26,57,,,,VUBR,4,VUBR,L,,,,,,,,,SAAM3,1,0
SMA-11-01,TOKA,TOKA-007,4/19/2018,27,57,,,,PHAQ,10,VUBR,,,,,,,,,,AM,,0
SMA-11-01,TOKA,TOKA-007,4/19/2018,28,57,,,,DACA3,4,2GA,L,,,,,,,,,S,1,0
SMA-11-01,TOKA,TOKA-007,4/19/2018,29,57,,,,DACA3,3,L,,,,,,,,,,S,,0
SMA-11-01,TOKA,TOKA-007,4/19/2018,30,57,,,,DACA3,5,VUBR,L,,,,,,,,,S,,0
SMA-11-01,TOKA,TOKA-007,4/19/2018,31,57,,,,PLLA,9,VUBR,L,,,,,,,,,S,,0
SMA-11-01,TOKA,TOKA-007,4/19/2018,32,57,,,,JUOC2,20,PHAQ,BRHO2,VUBR,L,,,,,,,S,,0
SMA-11-01,TOKA,TOKA-007,4/19/2018,33,57,,,,DACA3,6,VUBR,L,,,,,,,,,S,,0
SMA-11-01,TOKA,TOKA-007,4/19/2018,34,57,,,,2GA,15,PLLA,WL,,,,,,,,,S,,0
SMA-11-01,TOKA,TOKA-007,4/19/2018,35,57,,,,PLLA,10,DACA3,L,,,,,,,,,S,,0
SMA-11-01,TOKA,TOKA-007,4/19/2018,36,57,,,,DACA3,8,2GA,L,,,,,,,,,S,1,0
SMA-11-01,TOKA,TOKA-007,4/19/2018,37,57,,,,DACA3,4,L,,,,,,,,,,S,,0
SMA-11-01,TOKA,TOKA-007,4/19/2018,38,57,,,,DACA3,19,VUBR,VUBR,L,,,,,,,,S,2,0
SMA-11-01,TOKA,TOKA-007,4/19/2018,39,57,,,,DACA3,14,VUBR,L,,,,,,,,,S,1,0
SMA-11-01,TOKA,TOKA-007,4/19/2018,40,57,,,,VUBR,14,,,,,,,,,,,DACA3,,0
SMA-11-01,TOKA,TOKA-007,4/19/2018,41,57,,,,DACA3,5,VUBR,AICA,L,,,,,,,,S,,0
SMA-11-01,TOKA,TOKA-007,4/19/2018,42,57,,,,DACA3,19,VUBR,L,,,,,,,,,S,,0
SMA-11-01,TOKA,TOKA-007,4/19/2018,43,57,,,,PHAQ,20,DACA3,,,,,,,,,,DACA3,,0
SMA-11-01,TOKA,TOKA-007,4/19/2018,44,57,,,,VUBR,2,L,,,,,,,,,,S,,1
SMA-11-01,TOKA,TOKA-007,4/19/2018,45,57,,,,PHAQ,24,L,,,,,,,,,,S,,0
SMA-11-01,TOKA,TOKA-007,4/19/2018,46,57,,,,PHAQ,15,2GA,L,,,,,,,,,S,,0
SMA-11-01,TOKA,TOKA-007,4/19/2018,47,57,,,,VUBR,5,L,,,,,,,,,,S,,0
SMA-11-01,TOKA,TOKA-007,4/19/2018,48,57,,,,VUBR,6,L,,,,,,,,,,S,,0
SMA-11-01,TOKA,TOKA-007,4/19/2018,49,57,,,,RUAC3,9,L,,,,,,,,,,S,,0
SMA-11-01,TOKA,TOKA-007,4/19/2018,50,57,,,,PHAQ,30,WL,RUAC3,ANAR,L,,,,,,,S,,0
SMA-11-01,TOKA,TOKA-007,4/19/2018,1,237,,,,VUBR,6,VUBR,L,,,,,,,,,S,1,0
SMA-11-01,TOKA,TOKA-007,4/19/2018,2,237,,,,VUBR,7,HYRA3,ANAR,VUBR,,,,,,,,S,3,0
SMA-11-01,TOKA,TOKA-007,4/19/2018,3,237,,,,NOPLANT,NA,,,,,,,,,,,S,,0
SMA-11-01,TOKA,TOKA-007,4/19/2018,4,237,,,,DACA3,5,DACA3,,,,,,,,,,S,1,0
SMA-11-01,TOKA,TOKA-007,4/19/2018,5,237,,,,NOPLANT,NA,,,,,,,,,,,S,,0
SMA-11-01,TOKA,TOKA-007,4/19/2018,6,237,,,,NOPLANT,NA,L,,,,,,,,,,S,,0
SMA-11-01,TOKA,TOKA-007,4/19/2018,7,237,,,,COSE4,50,,,,,,,,,,,COSE4,,1
SMA-11-01,TOKA,TOKA-007,4/19/2018,8,237,,,,COSE4,56,COSE4,L,,,,,,,,,S,1,0
SMA-11-01,TOKA,TOKA-007,4/19/2018,9,237,,,,NOPLANT,NA,L,,,,,,,,,,S,,0
SMA-11-01,TOKA,TOKA-007,4/19/2018,10,237,,,,DACA3,8,VUBR,PLLA,L,,,,,,,,S,,0
SMA-11-01,TOKA,TOKA-007,4/19/2018,11,237,,,,DACA3,10,VUBR,PLLA,L,,,,,,,,S,,0
SMA-11-01,TOKA,TOKA-007,4/19/2018,12,237,,,,VUBR,7,PLLA,,,,,,,,,,S,,0
SMA-11-01,TOKA,TOKA-007,4/19/2018,13,237,,,,,NA,,,,,,,,,,,,,0
SMA-11-01,TOKA,TOKA-007,4/19/2018,14,237,,,,,NA,,,,,,,,,,,,,0
SMA-11-01,TOKA,TOKA-007,4/19/2018,15,237,,,,,NA,,,,,,,,,,,,,0
SMA-11-01,TOKA,TOKA-007,4/19/2018,16,237,,,,,NA,,,,,,,,,,,,,0
SMA-11-01,TOKA,TOKA-007,4/19/2018,17,237,,,,,NA,,,,,,,,,,,,,0
SMA-11-01,TOKA,TOKA-007,4/19/2018,18,237,,,,,NA,,,,,,,,,,,,,0
SMA-11-01,TOKA,TOKA-007,4/19/2018,19,237,,,,,NA,,,,,,,,,,,,,0
SMA-11-01,TOKA,TOKA-007,4/19/2018,20,237,,,,,NA,,,,,,,,,,,,,0
SMA-11-01,TOKA,TOKA-007,4/19/2018,21,237,,,,,NA,,,,,,,,,,,,,0
SMA-11-01,TOKA,TOKA-007,4/19/2018,22,237,,,,,NA,,,,,,,,,,,,,0
SMA-11-01,TOKA,TOKA-007,4/19/2018,23,237,,,,,NA,,,,,,,,,,,,,0
SMA-11-01,TOKA,TOKA-007,4/19/2018,24,237,,,,,NA,,,,,,,,,,,,,0
SMA-11-01,TOKA,TOKA-007,4/19/2018,25,237,,,,,NA,,,,,,,,,,,,,0
SMA-11-01,TOKA,TOKA-007,4/19/2018,26,237,,,,,NA,,,,,,,,,,,,,0
SMA-11-01,TOKA,TOKA-007,4/19/2018,27,237,,,,,NA,,,,,,,,,,,,,0
SMA-11-01,TOKA,TOKA-007,4/19/2018,28,237,,,,,NA,,,,,,,,,,,,,0
SMA-11-01,TOKA,TOKA-007,4/19/2018,29,237,,,,,NA,,,,,,,,,,,,,0
SMA-11-01,TOKA,TOKA-007,4/19/2018,30,237,,,,,NA,,,,,,,,,,,,,0
SMA-11-01,TOKA,TOKA-007,4/19/2018,31,237,,,,,NA,,,,,,,,,,,,,0
SMA-11-01,TOKA,TOKA-007,4/19/2018,32,237,,,,,NA,,,,,,,,,,,,,0
SMA-11-01,TOKA,TOKA-007,4/19/2018,33,237,,,,,NA,,,,,,,,,,,,,0
SMA-11-01,TOKA,TOKA-007,4/19/2018,34,237,,,,,NA,,,,,,,,,,,,,0
SMA-11-01,TOKA,TOKA-007,4/19/2018,35,237,,,,,NA,,,,,,,,,,,,,0
SMA-11-01,TOKA,TOKA-007,4/19/2018,36,237,,,,,NA,,,,,,,,,,,,,0
SMA-11-01,TOKA,TOKA-007,4/19/2018,37,237,,,,,NA,,,,,,,,,,,,,0
SMA-11-01,TOKA,TOKA-007,4/19/2018,38,237,,,,,NA,,,,,,,,,,,,,0
SMA-11-01,TOKA,TOKA-007,4/19/2018,39,237,,,,,NA,,,,,,,,,,,,,0
SMA-11-01,TOKA,TOKA-007,4/19/2018,40,237,,,,,NA,,,,,,,,,,,,,0
SMA-11-01,TOKA,TOKA-007,4/19/2018,41,237,,,,,NA,,,,,,,,,,,,,0
SMA-11-01,TOKA,TOKA-007,4/19/2018,42,237,,,,,NA,,,,,,,,,,,,,0
SMA-11-01,TOKA,TOKA-007,4/19/2018,43,237,,,,,NA,,,,,,,,,,,,,0
SMA-11-01,TOKA,TOKA-007,4/19/2018,44,237,,,,,NA,,,,,,,,,,,,,0
SMA-11-01,TOKA,TOKA-007,4/19/2018,45,237,,,,,NA,,,,,,,,,,,,,0
SMA-11-01,TOKA,TOKA-007,4/19/2018,46,237,,,,,NA,,,,,,,,,,,,,0
SMA-11-01,TOKA,TOKA-007,4/19/2018,47,237,,,,,NA,,,,,,,,,,,,,0
SMA-11-01,TOKA,TOKA-007,4/19/2018,48,237,,,,,NA,,,,,,,,,,,,,0
SMA-11-01,TOKA,TOKA-007,4/19/2018,49,237,,,,,NA,,,,,,,,,,,,,0
SMA-11-01,TOKA,TOKA-007,4/19/2018,50,237,,,,,NA,,,,,,,,,,,,,0
SMA-11-01,TOKA,TOKA-007,5/5/2021,1,237,,,,PLLA,2,L,,,,,,,,,,S,,0
SMA-11-01,TOKA,TOKA-007,5/5/2021,2,237,,,,VUBR,7,,,,,,,,,,,S,,0
SMA-11-01,TOKA,TOKA-007,5/5/2021,3,237,,,,VUBR,5,,,,,,,,,,,S,,0
SMA-11-01,TOKA,TOKA-007,5/5/2021,4,237,,,,VUBR,10,L,,,,,,,,,,S,,0
SMA-11-01,TOKA,TOKA-007,5/5/2021,5,237,,,,NOPLANT,NA,,,,,,,,,,,S,,0
SMA-11-01,TOKA,TOKA-007,5/5/2021,6,237,BAPI,,,COSE4,30,LOCO6,GEDI,L,,,,,,,,S,,0
SMA-11-01,TOKA,TOKA-007,5/5/2021,7,237,TODI,RUUR,,BRHO2,25,GEDI,PETR7,L,,,,,,,,S,,0
SMA-11-01,TOKA,TOKA-007,5/5/2021,8,237,,,,2GA,4,2GP,,,,,,,,,,S,1,0
SMA-11-01,TOKA,TOKA-007,5/5/2021,9,237,,,,VUBR,16,PLLA,JUNCU,2GA,,,,,,,,S,3,0
SMA-11-01,TOKA,TOKA-007,5/5/2021,10,237,TODI,,,2GP,35,VIAM,2GP,,,,,,,,,S,2,0
SMA-11-01,TOKA,TOKA-007,5/5/2021,11,237,TODI,,,VIAM,35,SYCH4,GEDI,L,,,,,,,,S,,0
SMA-11-01,TOKA,TOKA-007,5/5/2021,12,237,TODI,BAPI,,2GP,45,GAAP2,SYCH4,GEDI,L,,,,,,,S,,0
SMA-11-01,TOKA,TOKA-007,5/5/2021,13,237,BAPI,,,2GP,56,SYCH4,GEDI,VIAM,L,,,,,,,S,,0
SMA-11-01,TOKA,TOKA-007,5/5/2021,14,237,BAPI,,,NOPLANT,NA,L,,,,,,,,,,S,,0
SMA-11-01,TOKA,TOKA-007,5/5/2021,15,237,,,,NOPLANT,NA,,,,,,,,,,,S,,0
SMA-11-01,TOKA,TOKA-007,5/5/2021,16,237,BAPI,,,2GP,25,L,,,,,,,,,,S,,0
SMA-11-01,TOKA,TOKA-007,5/5/2021,17,237,BAPI,RUUR,,PETR7,15,2GP,TODI,L,,,,,,,,S,,0
SMA-11-01,TOKA,TOKA-007,5/5/2021,18,237,BAPI,,,TODI,15,L,,,,,,,,,,S,,0
SMA-11-01,TOKA,TOKA-007,5/5/2021,19,237,TODI,,,2GP,NA,VIAM,GEDI,2GP,,,,,,,,S,3,0
SMA-11-01,TOKA,TOKA-007,5/5/2021,20,237,RUUR,,,VITE,35,VUBR,JUNCU,L,,,,,,,,S,,0
SMA-11-01,TOKA,TOKA-007,5/5/2021,21,237,,,,AICA,7,VUBR,ANAR,L,,,,,,,,S,,0
SMA-11-01,TOKA,TOKA-007,5/5/2021,22,237,,,,SIBE,15,BRHO2,ANAR,L,,,,,,,,S,,0
SMA-11-01,TOKA,TOKA-007,5/5/2021,23,237,,,,2GP,45,VITE,,,,,,,,,,S,,0
SMA-11-01,TOKA,TOKA-007,5/5/2021,24,237,,,,NOPLANT,NA,,,,,,,,,,,S,,0
SMA-11-01,TOKA,TOKA-007,5/5/2021,25,237,TODI,,,COSE4,35,VUBR,,,,,,,,,,S,,0
SMA-11-01,TOKA,TOKA-007,5/5/2021,26,237,,,,VITE,15,L,,,,,,,,,,S,,0
SMA-11-01,TOKA,TOKA-007,5/5/2021,27,237,BAPI,,,2GP,15,GEDI,2GA,L,,,,,,,,S,,0
SMA-11-01,TOKA,TOKA-007,5/5/2021,28,237,TODI,RUUR,,PETR7,20,L,,,,,,,,,,S,,0
SMA-11-01,TOKA,TOKA-007,5/5/2021,29,237,BAPI,,,JUNCU,30,,,,,,,,,,,S,,0
SMA-11-01,TOKA,TOKA-007,5/5/2021,30,237,BAPI,,,PETR7,10,L,,,,,,,,,,S,,0
SMA-11-01,TOKA,TOKA-007,5/5/2021,31,237,PIRA2,,,PETR7,15,TODI,BAPI,L,,,,,,,,S,,0
SMA-11-01,TOKA,TOKA-007,5/5/2021,32,237,,,,NOPLANT,NA,L,,,,,,,,,,S,,0
SMA-11-01,TOKA,TOKA-007,5/5/2021,33,237,,,,NOPLANT,NA,L,,,,,,,,,,S,,0
SMA-11-01,TOKA,TOKA-007,5/5/2021,34,237,,,,VUBR,20,VITE,AICA,L,,,,,,,,S,,0
SMA-11-01,TOKA,TOKA-007,5/5/2021,35,237,,,,LOGA2,7,AICA,,,,,,,,,,S,,0
SMA-11-01,TOKA,TOKA-007,5/5/2021,36,237,,,,COSE4,30,VUBR,LOGA2,,,,,,,,,S,,0
SMA-11-01,TOKA,TOKA-007,5/5/2021,37,237,,,,BRHO2,5,VISA,LOGA2,,,,,,,,,S,,0
SMA-11-01,TOKA,TOKA-007,5/5/2021,38,237,,,,BRDI2,20,VITE,LIBI5,EPILO,,,,,,,,S,,0
SMA-11-01,TOKA,TOKA-007,5/5/2021,39,237,,,,PETR7,15,VISA,GEDI,L,,,,,,,,S,,0
SMA-11-01,TOKA,TOKA-007,5/5/2021,40,237,,,,BRHO2,25,VITE,ANAR,SIBE,2GA,,,,,,,S,,0
SMA-11-01,TOKA,TOKA-007,5/5/2021,41,237,RUUR,,,2GP,15,GEDI,L,,,,,,,,,S,,1
SMA-11-01,TOKA,TOKA-007,5/5/2021,42,237,,,,PHAQ,53,VISA,GEDI,2GA,,,,,,,,S,3,0
SMA-11-01,TOKA,TOKA-007,5/5/2021,43,237,,,,LOPEM2,40,BRHO2,VISA,ANAR,2GA,,,,,,,S,4,0
SMA-11-01,TOKA,TOKA-007,5/5/2021,44,237,,,,BRDI2,70,LOPEM2,LOCO6,VUBR,L,,,,,,,S,,0
SMA-11-01,TOKA,TOKA-007,5/5/2021,45,237,,,,BRDI2,30,LOGA2,VUBR,,,,,,,,,S,,0
SMA-11-01,TOKA,TOKA-007,5/5/2021,46,237,,,,BRDI2,25,VUBR,,,,,,,,,,S,,0
SMA-11-01,TOKA,TOKA-007,5/5/2021,47,237,,,,VUBR,15,,,,,,,,,,,S,,0
SMA-11-01,TOKA,TOKA-007,5/5/2021,48,237,,,,BRDI2,30,VUBR,2GA,,,,,,,,,S,2,0
SMA-11-01,TOKA,TOKA-007,5/5/2021,49,237,,,,NOPLANT,NA,,,,,,,,,,,S,,0
SMA-11-01,TOKA,TOKA-007,5/5/2021,50,237,,,,VUBR,30,BRDI2,HYRA3,2GA,,,,,,,,,3,0
SMA-11-01,TOKA,TOKA-007,5/5/2021,1,57,,,,VUBR,10,MELU,2GA,,,,,,,,,S,2,0
SMA-11-01,TOKA,TOKA-007,5/5/2021,2,57,,,,TRAN6,11,VUBR,2GA,,,,,,,,,S,2,0
SMA-11-01,TOKA,TOKA-007,5/5/2021,3,57,,,,TRAN6,9,VUBR,2GA,,,,,,,,,S,2,0
SMA-11-01,TOKA,TOKA-007,5/5/2021,4,57,,,,TRAN6,10,PLLA,VUBR,2GA,,,,,,,,S,3,0
SMA-11-01,TOKA,TOKA-007,5/5/2021,5,57,,,,JUNCU,25,PLLA,VUBR,2GA,,,,,,,,S,3,0
SMA-11-01,TOKA,TOKA-007,5/5/2021,6,57,,,,VUBR,13,2GA,,,,,,,,,,S,1,0
SMA-11-01,TOKA,TOKA-007,5/5/2021,7,57,,,,VUBR,15,AICA,2GA,,,,,,,,,S,2,0
SMA-11-01,TOKA,TOKA-007,5/5/2021,8,57,,,,VUBR,11,AICA,PLLA,2GA,,,,,,,,S,3,0
SMA-11-01,TOKA,TOKA-007,5/5/2021,9,57,,,,VUBR,11,PLLA,2GA,,,,,,,,,S,2,0
SMA-11-01,TOKA,TOKA-007,5/5/2021,10,57,,,,AICA,6,VUBR,2GA,,,,,,,,,S,2,0
SMA-11-01,TOKA,TOKA-007,5/5/2021,11,57,,,,VUBR,8,2GA,,,,,,,,,,S,1,0
SMA-11-01,TOKA,TOKA-007,5/5/2021,12,57,,,,PLLA,6,VITE,VUBR,2GA,,,,,,,,S,3,0
SMA-11-01,TOKA,TOKA-007,5/5/2021,13,57,,,,VUBR,15,VISA,2GA,,,,,,,,,S,2,0
SMA-11-01,TOKA,TOKA-007,5/5/2021,14,57,,,,VUBR,14,PLLA,TRAN6,2GA,,,,,,,,S,3,0
SMA-11-01,TOKA,TOKA-007,5/5/2021,15,57,,,,BRHO2,6,VUBR,2GA,,,,,,,,,S,2,0
SMA-11-01,TOKA,TOKA-007,5/5/2021,16,57,,,,VUBR,9,PLLA,2GA,,,,,,,,,S,2,0
SMA-11-01,TOKA,TOKA-007,5/5/2021,17,57,,,,TRSU3,5,VUBR,,,,,,,,,,S,,0
SMA-11-01,TOKA,TOKA-007,5/5/2021,18,57,,,,VUBR,5,PLLA,,,,,,,,,,S,,0
SMA-11-01,TOKA,TOKA-007,5/5/2021,19,57,,,,PLLA,4,VUBR,,,,,,,,,,S,,0
SMA-11-01,TOKA,TOKA-007,5/5/2021,20,57,,,,VUBR,16,PLLA,,,,,,,,,,S,,0
SMA-11-01,TOKA,TOKA-007,5/5/2021,21,57,,,,JUNCU,40,PLLA,VUBR,L,,,,,,,,S,,0
SMA-11-01,TOKA,TOKA-007,5/5/2021,22,57,,,,VIAM,20,JUNCU,VUBR,L,,,,,,,,S,,0
SMA-11-01,TOKA,TOKA-007,5/5/2021,23,57,,,,VUBR,12,L,,,,,,,,,,S,,0
SMA-11-01,TOKA,TOKA-007,5/5/2021,24,57,,,,VUBR,15,BRDI2,L,,,,,,,,,S,,0
SMA-11-01,TOKA,TOKA-007,5/5/2021,25,57,,,,VUBR,10,BRDI2,L,,,,,,,,,S,,0
SMA-11-01,TOKA,TOKA-007,5/5/2021,26,57,,,,VUBR,19,PLLA,L,,,,,,,,,S,,0
SMA-11-01,TOKA,TOKA-007,5/5/2021,27,57,,,,VUBR,20,PLLA,L,,,,,,,,,S,,0
SMA-11-01,TOKA,TOKA-007,5/5/2021,28,57,,,,TRAN6,8,VUBR,L,,,,,,,,,S,,0
SMA-11-01,TOKA,TOKA-007,5/5/2021,29,57,,,,VUBR,16,L,,,,,,,,,,S,,0
SMA-11-01,TOKA,TOKA-007,5/5/2021,30,57,,,,VUBR,8,PLLA,L,,,,,,,,,S,,0
SMA-11-01,TOKA,TOKA-007,5/5/2021,31,57,,,,2GP,36,VUBR,L,,,,,,,,,S,,0
SMA-11-01,TOKA,TOKA-007,5/5/2021,32,57,,,,SIBE,20,VUBR,,,,,,,,,,AM,,0
SMA-11-01,TOKA,TOKA-007,5/5/2021,33,57,,,,PLLA,30,VUBR,,,,,,,,,,AM,,0
SMA-11-01,TOKA,TOKA-007,5/5/2021,34,57,,,,VUBR,15,PLLA,,,,,,,,,,AM,,0
SMA-11-01,TOKA,TOKA-007,5/5/2021,35,57,,,,VUBR,16,BRHO2,PLLA,VIAM,,,,,,,,AM,,0
SMA-11-01,TOKA,TOKA-007,5/5/2021,36,57,,,,VUBR,25,PLLA,MELU,,,,,,,,,AM,,0
SMA-11-01,TOKA,TOKA-007,5/5/2021,37,57,,,,PLLA,26,VITE,,,,,,,,,,AM,,0
SMA-11-01,TOKA,TOKA-007,5/5/2021,38,57,,,,VUBR,25,VIAM,BRDI2,,,,,,,,,AM,,0
SMA-11-01,TOKA,TOKA-007,5/5/2021,39,57,,,,BRHO2,30,VUBR,,,,,,,,,,AM,,0
SMA-11-01,TOKA,TOKA-007,5/5/2021,40,57,,,,VUBR,16,PLLA,TRHI4,,,,,,,,,AM,,0
SMA-11-01,TOKA,TOKA-007,5/5/2021,41,57,,,,SIBE,20,TRAN6,VUBR,PLLA,,,,,,,,AM,,0
SMA-11-01,TOKA,TOKA-007,5/5/2021,42,57,,,,MELU,14,VUBR,BRHO2,,,,,,,,,AM,,0
SMA-11-01,TOKA,TOKA-007,5/5/2021,43,57,,,,VUBR,11,BRHO2,PLLA,,,,,,,,,AM,,0
SMA-11-01,TOKA,TOKA-007,5/5/2021,44,57,,,,VUBR,16,PLLA,VIAM,,,,,,,,,AM,,0
SMA-11-01,TOKA,TOKA-007,5/5/2021,45,57,,,,MELU,10,VUBR,VITE,PLLA,,,,,,,,AM,,0
SMA-11-01,TOKA,TOKA-007,5/5/2021,46,57,,,,2GRAM,25,VITE,PLLA,MELU,,,,,,,,AM,,0
SMA-11-01,TOKA,TOKA-007,5/5/2021,47,57,,,,BRHO2,40,PLLA,TRAN6,VUBR,,,,,,,,AM,,0
SMA-11-01,TOKA,TOKA-007,5/5/2021,48,57,,,,TRAN6,19,VUBR,BRHO2,PLLA,,,,,,,,AM,,0
SMA-11-01,TOKA,TOKA-007,5/5/2021,49,57,,,,TRAN6,20,JUNCU,VUBR,,,,,,,,,AM,,0
SMA-11-01,TOKA,TOKA-007,5/5/2021,50,57,,,,VUBR,30,PLLA,2GRAM,2GA,,,,,,,,S,,0
SMA-11-01,TOKA,TOKA-007,6/14/2024,1,57,,,,HYRA3,31,2GA,L,,,,,,,,,S,,0
SMA-11-01,TOKA,TOKA-007,6/14/2024,2,57,,,,AICA,19,PLLA,BRDI2,L,,,,,,,,S,,0
SMA-11-01,TOKA,TOKA-007,6/14/2024,3,57,,,,DACA3,21,AICA,LIBI5,L,,,,,,,,S,,0
SMA-11-01,TOKA,TOKA-007,6/14/2024,4,57,,,,AICA,18,PLLA,LIBI5,DACA3,L,,,,,,,S,,0
SMA-11-01,TOKA,TOKA-007,6/14/2024,5,57,,,,DACA3,12,AICA,LIBI5,L,,,,,,,,S,,0
SMA-11-01,TOKA,TOKA-007,6/14/2024,6,57,,,,DACA3,31,AICA,PLLA,VULPI,L,,,,,,,S,,0
SMA-11-01,TOKA,TOKA-007,6/14/2024,7,57,,,,TRAN6,20,DACA3,PLLA,L,,,,,,,,S,,0
SMA-11-01,TOKA,TOKA-007,6/14/2024,8,57,,,,PLLA,40,AICA,DACA3,L,,,,,,,,S,,0
SMA-11-01,TOKA,TOKA-007,6/14/2024,9,57,,,,DACA3,24,PLLA,L,,,,,,,,,S,,0
SMA-11-01,TOKA,TOKA-007,6/14/2024,10,57,,,,VUBR,10,TRAN6,PLLA,2GA,L,,,,,,,S,3,0
SMA-11-01,TOKA,TOKA-007,6/14/2024,11,57,,,,VUBR,15,DACA3,BRDI2,L,,,,,,,,S,,0
SMA-11-01,TOKA,TOKA-007,6/14/2024,12,57,,,,AICA,16,LIBI5,VUBR,L,,,,,,,,S,,0
SMA-11-01,TOKA,TOKA-007,6/14/2024,13,57,,,,TRAN6,46,PLLA,L,,,,,,,,,S,,0
SMA-11-01,TOKA,TOKA-007,6/14/2024,14,57,,,,VUBR,49,HYRA3,L,,,,,,,,,S,,0
SMA-11-01,TOKA,TOKA-007,6/14/2024,15,57,,,,BRMI2,16,DACA3,VUBR,L,,,,,,,,S,,0
SMA-11-01,TOKA,TOKA-007,6/14/2024,16,57,,,,LIBI5,41,VUBR,TRAN6,,,,,,,,,S,,0
SMA-11-01,TOKA,TOKA-007,6/14/2024,17,57,,,,VUBR,14,DACA3,L,,,,,,,,,S,,0
SMA-11-01,TOKA,TOKA-007,6/14/2024,18,57,,,,PLLA,15,HYRA3,L,,,,,,,,,S,,0
SMA-11-01,TOKA,TOKA-007,6/14/2024,19,57,,,,PLLA,31,JUNCU,VUBR,L,,,,,,,,S,,0
SMA-11-01,TOKA,TOKA-007,6/14/2024,20,57,,,,PHAQ,21,BRDI2,L,,,,,,,,,S,,0
SMA-11-01,TOKA,TOKA-007,6/14/2024,21,57,,,,BRDI2,4,PLLA,L,,,,,,,,,S,,0
SMA-11-01,TOKA,TOKA-007,6/14/2024,22,57,,,,GAPH2,10,BRDI2,VUBR,L,,,,,,,,S,,0
SMA-11-01,TOKA,TOKA-007,6/14/2024,23,57,,,,VUBR,7,PLLA,L,,,,,,,,,S,,0
SMA-11-01,TOKA,TOKA-007,6/14/2024,24,57,,,,JUNCU,23,PLLA,VUBR,L,,,,,,,,S,,0
SMA-11-01,TOKA,TOKA-007,6/14/2024,25,57,,,,BRMI2,12,VUBR,DACA3,L,,,,,,,,S,,0
SMA-11-01,TOKA,TOKA-007,6/14/2024,26,57,,,,VUBR,12,DACA3,TRAN6,L,,,,,,,,S,,0
SMA-11-01,TOKA,TOKA-007,6/14/2024,27,57,,,,VUBR,26,BRDI2,DACA3,L,,,,,,,,S,,0
SMA-11-01,TOKA,TOKA-007,6/14/2024,28,57,,,,VUBR,28,TRAN6,PLLA,L,,,,,,,,S,,0
SMA-11-01,TOKA,TOKA-007,6/14/2024,29,57,,,,VUBR,23,DACA3,PLLA,L,,,,,,,,S,,0
SMA-11-01,TOKA,TOKA-007,6/14/2024,30,57,,,,PLLA,24,VUBR,PLLA,HYRA3,L,,,,,,,S,,0
SMA-11-01,TOKA,TOKA-007,6/14/2024,31,57,,,,PLLA,25,VUBR,TRHI4,L,,,,,,,,S,,0
SMA-11-01,TOKA,TOKA-007,6/14/2024,32,57,,,,DACA3,14,BRDI2,PLLA,L,,,,,,,,S,,0
SMA-11-01,TOKA,TOKA-007,6/14/2024,33,57,,,,VUBR,21,LOCO6,TRHI4,L,,,,,,,,S,,0
SMA-11-01,TOKA,TOKA-007,6/14/2024,34,57,,,,VUBR,26,BRMI2,DACA3,LOCO6,L,,,,,,,S,,0
SMA-11-01,TOKA,TOKA-007,6/14/2024,35,57,,,,VUBR,12,PLLA,L,,,,,,,,,S,,0
SMA-11-01,TOKA,TOKA-007,6/14/2024,36,57,,,,VUBR,10,DACA3,HYRA3,L,,,,,,,,S,,0
SMA-11-01,TOKA,TOKA-007,6/14/2024,37,57,,,,VUBR,19,LOCO6,TRAN6,LYHY3,L,,,,,,,S,,0
SMA-11-01,TOKA,TOKA-007,6/14/2024,38,57,,,,PLLA,3,2GA,TRHI4,L,,,,,,,,S,,0
SMA-11-01,TOKA,TOKA-007,6/14/2024,39,57,,,,VUBR,22,DACA3,LIBI5,L,,,,,,,,S,,0
SMA-11-01,TOKA,TOKA-007,6/14/2024,40,57,,,,DACA3,20,VUBR,PLLA,L,,,,,,,,S,,0
SMA-11-01,TOKA,TOKA-007,6/14/2024,41,57,,,,CAREX,31,DACA3,L,,,,,,,,,S,,0
SMA-11-01,TOKA,TOKA-007,6/14/2024,42,57,,,,CAREX,24,LOPEM2,DACA3,VUBR,L,,,,,,,S,,0
SMA-11-01,TOKA,TOKA-007,6/14/2024,43,57,,,,DACA3,15,VUBR,TRHI4,L,,,,,,,,S,,0
SMA-11-01,TOKA,TOKA-007,6/14/2024,44,57,,,,LOPEM2,26,DACA3,LOCO6,L,,,,,,,,S,,0
SMA-11-01,TOKA,TOKA-007,6/14/2024,45,57,BAPI,,,LOPEM2,51,PLLA,VUBR,LOCO6,L,,,,,,,S,,0
SMA-11-01,TOKA,TOKA-007,6/14/2024,46,57,,,,LOCO6,42,VUBR,PLLA,L,,,,,,,,S,,0
SMA-11-01,TOKA,TOKA-007,6/14/2024,47,57,,,,DACA3,20,LOCO6,BRMI2,L,,,,,,,,S,,0
SMA-11-01,TOKA,TOKA-007,6/14/2024,48,57,,,,CAREX,31,LOCO6,DACA3,L,,,,,,,,S,,0
SMA-11-01,TOKA,TOKA-007,6/14/2024,49,57,,,,LOPEM2,51,LOCO6,VUBR,L,,,,,,,,S,,0
SMA-11-01,TOKA,TOKA-007,6/14/2024,50,57,,,,LOPEM2,45,LOCO6,VUBR,AICA,L,,,,,,,S,,0
SMA-11-01,TOKA,TOKA-007,6/14/2024,1,237,,,,LIBI5,25,VUBR,DACA3,AICA,L,,,,,,,S,,0
SMA-11-01,TOKA,TOKA-007,6/14/2024,2,237,,,,VUBR,6,,,,,,,,,,,S,,0
SMA-11-01,TOKA,TOKA-007,6/14/2024,3,237,,,,VUBR,19,AICA,L,,,,,,,,,S,,0
SMA-11-01,TOKA,TOKA-007,6/14/2024,4,237,,,,AICA,20,BRDI2,PLLA,L,,,,,,,,S,,0
SMA-11-01,TOKA,TOKA-007,6/14/2024,5,237,,,,VUBR,6,,,,,,,,,,,S,,0
SMA-11-01,TOKA,TOKA-007,6/14/2024,6,237,,,,JUNCU,6,TRAN6,,,,,,,,,,S,,0
SMA-11-01,TOKA,TOKA-007,6/14/2024,7,237,,,,COSE4,56,L,,,,,,,,,,S,,0
SMA-11-01,TOKA,TOKA-007,6/14/2024,8,237,,,,COSE4,31,L,,,,,,,,,,S,,0
SMA-11-01,TOKA,TOKA-007,6/14/2024,9,237,,,,AICA,10,,,,,,,,,,,S,,0
SMA-11-01,TOKA,TOKA-007,6/14/2024,10,237,,,,AICA,3,L,,,,,,,,,,S,,0
SMA-11-01,TOKA,TOKA-007,6/14/2024,11,237,,,,AICA,2,,,,,,,,,,,S,,0
SMA-11-01,TOKA,TOKA-007,6/14/2024,12,237,,,,AICA,6,VUBR,,,,,,,,,,S,,0
SMA-11-01,TOKA,TOKA-007,6/14/2024,13,237,BAPI,TODI,,PHAQ,12,,,,,,,,,,,S,,0
SMA-11-01,TOKA,TOKA-007,6/14/2024,14,237,,,,,NA,,,,,,,,,,,,,0
SMA-11-01,TOKA,TOKA-007,6/14/2024,15,237,,,,,NA,,,,,,,,,,,,,0
SMA-11-01,TOKA,TOKA-007,6/14/2024,16,237,,,,,NA,,,,,,,,,,,,,0
SMA-11-01,TOKA,TOKA-007,6/14/2024,17,237,,,,,NA,,,,,,,,,,,,,0
SMA-11-01,TOKA,TOKA-007,6/14/2024,18,237,,,,,NA,,,,,,,,,,,,,0
SMA-11-01,TOKA,TOKA-007,6/14/2024,19,237,,,,,NA,,,,,,,,,,,,,0
SMA-11-01,TOKA,TOKA-007,6/14/2024,20,237,,,,,NA,,,,,,,,,,,,,0
SMA-11-01,TOKA,TOKA-007,6/14/2024,21,237,,,,,NA,,,,,,,,,,,,,0
SMA-11-01,TOKA,TOKA-007,6/14/2024,22,237,,,,,NA,,,,,,,,,,,,,0
SMA-11-01,TOKA,TOKA-007,6/14/2024,23,237,,,,,NA,,,,,,,,,,,,,0
SMA-11-01,TOKA,TOKA-007,6/14/2024,24,237,,,,,NA,,,,,,,,,,,,,0
SMA-11-01,TOKA,TOKA-007,6/14/2024,25,237,,,,,NA,,,,,,,,,,,,,0
SMA-11-01,TOKA,TOKA-007,6/14/2024,26,237,,,,,NA,,,,,,,,,,,,,0
SMA-11-01,TOKA,TOKA-007,6/14/2024,27,237,,,,,NA,,,,,,,,,,,,,0
SMA-11-01,TOKA,TOKA-007,6/14/2024,28,237,,,,,NA,,,,,,,,,,,,,0
SMA-11-01,TOKA,TOKA-007,6/14/2024,29,237,,,,,NA,,,,,,,,,,,,,0
SMA-11-01,TOKA,TOKA-007,6/14/2024,30,237,,,,,NA,,,,,,,,,,,,,0
SMA-11-01,TOKA,TOKA-007,6/14/2024,31,237,,,,,NA,,,,,,,,,,,,,0
SMA-11-01,TOKA,TOKA-007,6/14/2024,32,237,,,,,NA,,,,,,,,,,,,,0
SMA-11-01,TOKA,TOKA-007,6/14/2024,33,237,,,,,NA,,,,,,,,,,,,,0
SMA-11-01,TOKA,TOKA-007,6/14/2024,34,237,,,,,NA,,,,,,,,,,,,,0
SMA-11-01,TOKA,TOKA-007,6/14/2024,35,237,,,,,NA,,,,,,,,,,,,,0
SMA-11-01,TOKA,TOKA-007,6/14/2024,36,237,,,,,NA,,,,,,,,,,,,,0
SMA-11-01,TOKA,TOKA-007,6/14/2024,37,237,,,,,NA,,,,,,,,,,,,,0
SMA-11-01,TOKA,TOKA-007,6/14/2024,38,237,,,,,NA,,,,,,,,,,,,,0
SMA-11-01,TOKA,TOKA-007,6/14/2024,39,237,,,,,NA,,,,,,,,,,,,,0
SMA-11-01,TOKA,TOKA-007,6/14/2024,40,237,,,,,NA,,,,,,,,,,,,,0
SMA-11-01,TOKA,TOKA-007,6/14/2024,41,237,,,,,NA,,,,,,,,,,,,,0
SMA-11-01,TOKA,TOKA-007,6/14/2024,42,237,,,,,NA,,,,,,,,,,,,,0
SMA-11-01,TOKA,TOKA-007,6/14/2024,43,237,,,,,NA,,,,,,,,,,,,,0
SMA-11-01,TOKA,TOKA-007,6/14/2024,44,237,,,,,NA,,,,,,,,,,,,,0
SMA-11-01,TOKA,TOKA-007,6/14/2024,45,237,,,,,NA,,,,,,,,,,,,,0
SMA-11-01,TOKA,TOKA-007,6/14/2024,46,237,,,,,NA,,,,,,,,,,,,,0
SMA-11-01,TOKA,TOKA-007,6/14/2024,47,237,,,,,NA,,,,,,,,,,,,,0
SMA-11-01,TOKA,TOKA-007,6/14/2024,48,237,,,,,NA,,,,,,,,,,,,,0
SMA-11-01,TOKA,TOKA-007,6/14/2024,49,237,,,,,NA,,,,,,,,,,,,,0
SMA-11-01,TOKA,TOKA-007,6/14/2024,50,237,,,,,NA,,,,,,,,,,,,,0
SMA-11-01,TOKA,TOKA-013,6/1/2018,1,125,,,,BRHO2,35,VUBR,GEDI,RUAC3,L,,,,,,,S,,0
SMA-11-01,TOKA,TOKA-013,6/1/2018,2,125,,,,SACR2,29,DAGL,2GA,,,,,,,,,S,2,0
SMA-11-01,TOKA,TOKA-013,6/1/2018,3,125,,,,NOPLANT,NA,L,,,,,,,,,,S,,0
SMA-11-01,TOKA,TOKA-013,6/1/2018,4,125,,,,VUBR,6,2GA,,,,,,,,,,S,1,0
SMA-11-01,TOKA,TOKA-013,6/1/2018,5,125,,,,BRDI2,6,2GA,,,,,,,,,,S,1,0
SMA-11-01,TOKA,TOKA-013,6/1/2018,6,125,,,,DAGL,10,,,,,,,,,,,DAGL,,0
SMA-11-01,TOKA,TOKA-013,6/1/2018,7,125,,,,DAGL,16,L,,,,,,,,,,S,,0
SMA-11-01,TOKA,TOKA-013,6/1/2018,8,125,,,,DAGL,16,2GA,,,,,,,,,,S,1,0
SMA-11-01,TOKA,TOKA-013,6/1/2018,9,125,BAPI,,,DAGL,34,GEDI,HYRA3,L,,,,,,,,S,,0
SMA-11-01,TOKA,TOKA-013,6/1/2018,10,125,,,,DAGL,16,BRDI2,L,,,,,,,,,S,,0
SMA-11-01,TOKA,TOKA-013,6/1/2018,11,125,TODI,,,BRDI2,20,2GA,,,,,,,,,,S,1,0
SMA-11-01,TOKA,TOKA-013,6/1/2018,12,125,,,,DAGL,20,2GA,,,,,,,,,,S,1,0
SMA-11-01,TOKA,TOKA-013,6/1/2018,13,125,BAPI,,,BRDI2,20,2GA,,,,,,,,,,S,1,0
SMA-11-01,TOKA,TOKA-013,6/1/2018,14,125,BAPI,,,BRDI2,20,TODI,L,,,,,,,,,S,,0
SMA-11-01,TOKA,TOKA-013,6/1/2018,15,125,,,,BRDI2,24,2GA,,,,,,,,,,S,1,0
SMA-11-01,TOKA,TOKA-013,6/1/2018,16,125,,,,BRDI2,10,TODI,2GA,,,,,,,,,S,2,0
SMA-11-01,TOKA,TOKA-013,6/1/2018,17,125,,,,NOPLANT,NA,L,,,,,,,,,,S,,0
SMA-11-01,TOKA,TOKA-013,6/1/2018,18,125,,,,LIBI5,40,WL,L,,,,,,,,,S,,0
SMA-11-01,TOKA,TOKA-013,6/1/2018,19,125,,,,BRDI2,24,LIBI5,L,,,,,,,,,S,,0
SMA-11-01,TOKA,TOKA-013,6/1/2018,20,125,,,,LIBI5,40,WL,L,,,,,,,,,S,,0
SMA-11-01,TOKA,TOKA-013,6/1/2018,21,125,,,,VUBR,25,2GA,,,,,,,,,,S,1,0
SMA-11-01,TOKA,TOKA-013,6/1/2018,22,125,,,,VUBR,29,BRDI2,GEDI,L,,,,,,,,S,,0
SMA-11-01,TOKA,TOKA-013,6/1/2018,23,125,,,,BRDI2,5,2GA,,,,,,,,,,,1,0
SMA-11-01,TOKA,TOKA-013,6/1/2018,24,125,,,,VUBR,7,BRDI2,L,,,,,,,,,S,,0
SMA-11-01,TOKA,TOKA-013,6/1/2018,25,125,,,,BRDI2,19,DAGL,VUBR,L,,,,,,,,S,,0
SMA-11-01,TOKA,TOKA-013,6/1/2018,26,125,,,,LIBI5,30,BRDI3,GEDI,L,,,,,,,,S,,0
SMA-11-01,TOKA,TOKA-013,6/1/2018,27,125,,,,VUBR,26,,,,,,,,,,,S,,0
SMA-11-01,TOKA,TOKA-013,6/1/2018,28,125,,,,DAGL,34,RUUR,L,,,,,,,,,S,,0
SMA-11-01,TOKA,TOKA-013,6/1/2018,29,125,,,,LIBI5,24,BRCA5,BRDI2,VUBR,L,,,,,,,S,,0
SMA-11-01,TOKA,TOKA-013,6/1/2018,30,125,,,,DAGL,34,RUUR,L,,,,,,,,,S,,0
SMA-11-01,TOKA,TOKA-013,6/1/2018,31,125,,,,BRDI2,28,RUUR,GEDI,L,,,,,,,,S,,0
SMA-11-01,TOKA,TOKA-013,6/1/2018,32,125,,,,CIVU,6,L,,,,,,,,,,S,,0
SMA-11-01,TOKA,TOKA-013,6/1/2018,33,125,,,,BRDI2,16,DAGL,L,,,,,,,,,S,,0
SMA-11-01,TOKA,TOKA-013,6/1/2018,34,125,,,,NOPLANT,NA,,,,,,,,,,,S,,0
SMA-11-01,TOKA,TOKA-013,6/1/2018,35,125,,,,RUUR,12,GEDI,L,,,,,,,,,S,,0
SMA-11-01,TOKA,TOKA-013,6/1/2018,36,125,,,,BRDI2,9,2GA,,,,,,,,,,S,1,0
SMA-11-01,TOKA,TOKA-013,6/1/2018,37,125,,,,BRDI2,24,VUBR,L,,,,,,,,,S,,0
SMA-11-01,TOKA,TOKA-013,6/1/2018,38,125,,,,GEDI,4,,,,,,,,,,,S,,0
SMA-11-01,TOKA,TOKA-013,6/1/2018,39,125,,,,BRDI2,14,RUUR,2GA,,,,,,,,,S,2,0
SMA-11-01,TOKA,TOKA-013,6/1/2018,40,125,,,,BRDI2,13,VUBR,L,,,,,,,,,S,,0
SMA-11-01,TOKA,TOKA-013,6/1/2018,41,125,,,,BRCA5,29,RUUR,BRDI2,GEDI,L,,,,,,,S,,0
SMA-11-01,TOKA,TOKA-013,6/1/2018,42,125,,,,PHAQ,34,2GA,,,,,,,,,,S,1,0
SMA-11-01,TOKA,TOKA-013,6/1/2018,43,125,BAPI,,,BRDI2,30,LIBI5,2GA,,,,,,,,,S,2,0
SMA-11-01,TOKA,TOKA-013,6/1/2018,44,125,,,,BRCA5,30,BRDI2,HYRA3,L,,,,,,,,S,,0
SMA-11-01,TOKA,TOKA-013,6/1/2018,45,125,,,,BRCA5,19,BRDI2,2GA,,,,,,,,,S,2,0
SMA-11-01,TOKA,TOKA-013,6/1/2018,46,125,,,,BRDI2,10,2GA,,,,,,,,,,S,1,0
SMA-11-01,TOKA,TOKA-013,6/1/2018,47,125,,,,DAGL,16,GEDI,L,,,,,,,,,S,,0
SMA-11-01,TOKA,TOKA-013,6/1/2018,48,125,,,,LIBI5,55,DAGL,L,,,,,,,,,S,,0
SMA-11-01,TOKA,TOKA-013,6/1/2018,49,125,,,,DAGL,44,GEDI,2GA,,,,,,,,,S,2,0
SMA-11-01,TOKA,TOKA-013,6/1/2018,50,125,,,,HYRA3,2,2GA,,,,,,,,,,S,1,0
SMA-11-01,TOKA,TOKA-013,6/1/2018,1,305,,,,BRDI2,15,L,,,,,,,,,,,,0
SMA-11-01,TOKA,TOKA-013,6/1/2018,2,305,,,,DAGL,25,BRCA5,L,,,,,,,,,S,,0
SMA-11-01,TOKA,TOKA-013,6/1/2018,3,305,,,,COMA2,41,VUBR,BRHO2,TODI,L,,,,,,,S,,0
SMA-11-01,TOKA,TOKA-013,6/1/2018,4,305,,,,VUBR,25,DAGL,GEDI,RUUR,L,,,,,,,S,,0
SMA-11-01,TOKA,TOKA-013,6/1/2018,5,305,,,,BRCA5,15,DAGL,SACR2,SOAS,2GA,,,,,,,S,4,0
SMA-11-01,TOKA,TOKA-013,6/1/2018,6,305,,,,VUBR,5,L,,,,,,,,,,S,,0
SMA-11-01,TOKA,TOKA-013,6/1/2018,7,305,,,,NOPLANT,NA,,,,,,,,,,,S,,0
SMA-11-01,TOKA,TOKA-013,6/1/2018,8,305,BAPI,,,VUBR,4,,,,,,,,,,,S,,0
SMA-11-01,TOKA,TOKA-013,6/1/2018,9,305,,,,VUBR,8,L,,,,,,,,,,S,,0
SMA-11-01,TOKA,TOKA-013,6/1/2018,10,305,BAPI,,,LIBI5,9,WL,L,,,,,,,,,S,,0
SMA-11-01,TOKA,TOKA-013,6/1/2018,11,305,,,,GEDI,4,RUUR,2GA,,,,,,,,,S,2,0
SMA-11-01,TOKA,TOKA-013,6/1/2018,12,305,BAPI,,,VITE,73,RUUR,BRDI2,2GA,,,,,,,,S,3,0
SMA-11-01,TOKA,TOKA-013,6/1/2018,13,305,BAPI,,,BRDI2,20,L,,,,,,,,,,S,,0
SMA-11-01,TOKA,TOKA-013,6/1/2018,14,305,,,,SACR2,51,LIBI5,LOPEM2,2GA,,,,,,,,S,3,0
SMA-11-01,TOKA,TOKA-013,6/1/2018,15,305,,,,AICA,12,RUUR,VUBR,L,,,,,,,,S,,0
SMA-11-01,TOKA,TOKA-013,6/1/2018,16,305,BAPI,,,NOPLANT,NA,,,,,,,,,,,BAPI,,0
SMA-11-01,TOKA,TOKA-013,6/1/2018,17,305,BAPI,,,LIBI5,20,DAGL,BRDI2,L,,,,,,,,S,,0
SMA-11-01,TOKA,TOKA-013,6/1/2018,18,305,BAPI,,,VITE,41,RUUR,L,,,,,,,,,S,,0
SMA-11-01,TOKA,TOKA-013,6/1/2018,19,305,,,,BRDI2,7,2GA,,,,,,,,,,S,1,0
SMA-11-01,TOKA,TOKA-013,6/1/2018,20,305,,,,NOPLANT,NA,L,,,,,,,,,,S,,0
SMA-11-01,TOKA,TOKA-013,6/1/2018,21,305,BAPI,TODI,,SACR2,12,WL,L,,,,,,,,,S,,0
SMA-11-01,TOKA,TOKA-013,6/1/2018,22,305,,,,NOPLANT,NA,L,,,,,,,,,,S,,0
SMA-11-01,TOKA,TOKA-013,6/1/2018,23,305,BAPI,,,NOPLANT,NA,L,,,,,,,,,,S,,0
SMA-11-01,TOKA,TOKA-013,6/1/2018,24,305,BAPI,TODI,RUUR,NOPLANT,NA,L,,,,,,,,,,S,,0
SMA-11-01,TOKA,TOKA-013,6/1/2018,25,305,TODI,,,NOPLANT,NA,WL,L,,,,,,,,,S,,0
SMA-11-01,TOKA,TOKA-013,6/1/2018,26,305,TODI,,,NOPLANT,NA,WL,L,,,,,,,,,S,,0
SMA-11-01,TOKA,TOKA-013,6/1/2018,27,305,TODI,,,NOPLANT,NA,WL,L,,,,,,,,,S,,0
SMA-11-01,TOKA,TOKA-013,6/1/2018,28,305,,,,BRDI2,20,VITE,TODI,L,,,,,,,,S,,0
SMA-11-01,TOKA,TOKA-013,6/1/2018,29,305,,,,LIBI5,23,VUBR,GEDI,L,,,,,,,,S,,0
SMA-11-01,TOKA,TOKA-013,6/1/2018,30,305,,,,VUBR,19,BRDI2,HYRA3,L,,,,,,,,S,,0
SMA-11-01,TOKA,TOKA-013,6/1/2018,31,305,,,,DAGL,4,,,,,,,,,,,S,,0
SMA-11-01,TOKA,TOKA-013,6/1/2018,32,305,BAPI,,,BRDI2,20,DAGL,HYRA3,L,,,,,,,,S,,0
SMA-11-01,TOKA,TOKA-013,6/1/2018,33,305,,,,DAGL,19,2GA,,,,,,,,,,S,1,0
SMA-11-01,TOKA,TOKA-013,6/1/2018,34,305,,,,BRMI2,25,BRDI2,,,,,,,,,,S,,0
SMA-11-01,TOKA,TOKA-013,6/1/2018,35,305,,,,TRDU2,3,,,,,,,,,,,S,,0
SMA-11-01,TOKA,TOKA-013,6/1/2018,36,305,,,,NOPLANT,NA,,,,,,,,,,,S,,0
SMA-11-01,TOKA,TOKA-013,6/1/2018,37,305,,,,LIBI5,31,L,,,,,,,,,,S,,0
SMA-11-01,TOKA,TOKA-013,6/1/2018,38,305,,,,BRDI2,21,2GA,,,,,,,,,,S,1,0
SMA-11-01,TOKA,TOKA-013,6/1/2018,39,305,BAPI,,,BRDI2,9,HYRA3,STRIQ2,L,,,,,,,,S,,0
SMA-11-01,TOKA,TOKA-013,6/1/2018,40,305,,,,BRDI2,6,PLLA,VITE,HYRA3,L,,,,,,,S,,0
SMA-11-01,TOKA,TOKA-013,6/1/2018,41,305,,,,DAGL,39,,,,,,,,,,,BAPI,,0
SMA-11-01,TOKA,TOKA-013,6/1/2018,42,305,,,,VUBR,9,LIBI5,HYRA3,L,,,,,,,,S,,0
SMA-11-01,TOKA,TOKA-013,6/1/2018,43,305,,,,DAGL,39,,,,,,,,,,,BAPI,,0
SMA-11-01,TOKA,TOKA-013,6/1/2018,44,305,,,,DAGL,21,TODI,2GA,,,,,,,,,S,2,0
SMA-11-01,TOKA,TOKA-013,6/1/2018,45,305,,,,PLLA,8,L,,,,,,,,,,S,,0
SMA-11-01,TOKA,TOKA-013,6/1/2018,46,305,,,,BRDI2,9,2GA,,,,,,,,,,S,1,0
SMA-11-01,TOKA,TOKA-013,6/1/2018,47,305,,,,BRDI2,4,,,,,,,,,,,S,,0
SMA-11-01,TOKA,TOKA-013,6/1/2018,48,305,,,,PLLA,20,LIBI5,2GA,,,,,,,,,S,2,0
SMA-11-01,TOKA,TOKA-013,6/1/2018,49,305,,,,PLLA,6,HYRA3,L,,,,,,,,,S,,0
SMA-11-01,TOKA,TOKA-013,6/1/2018,50,305,,,,HYRA3,1,PLLA,L,,,,,,,,,S,,0
SMA-11-01,TOKA,TOKA-013,6/8/2022,1,305,BAPI,,,PHAQ,6,L,,,,,,,,,,S,,0
SMA-11-01,TOKA,TOKA-013,6/8/2022,2,305,NOPLANT,,,HYRA3,24,BRDI2,,,,,,,,,,S,,0
SMA-11-01,TOKA,TOKA-013,6/8/2022,3,305,NOPLANT,,,SACR2,36,BRDI2,,,,,,,,,,S,,0
SMA-11-01,TOKA,TOKA-013,6/8/2022,4,305,BAPI,,,BRDI2,20,L,,,,,,,,,,S,,0
SMA-11-01,TOKA,TOKA-013,6/8/2022,5,305,BAPI,,,BRCA5,36,,,,,,,,,,,S,,0
SMA-11-01,TOKA,TOKA-013,6/8/2022,6,305,BAPI,,,LIBI5,21,BRDI2,L,,,,,,,,,S,,0
SMA-11-01,TOKA,TOKA-013,6/8/2022,7,305,BAPI,,,NOPLANT,NA,,,,,,,,,,,S,,0
SMA-11-01,TOKA,TOKA-013,6/8/2022,8,305,NOPLANT,,,RUUR,15,BRDI2,TODI,L,,,,,,,,S,,0
SMA-11-01,TOKA,TOKA-013,6/8/2022,9,305,NOPLANT,,,RUUR,10,BRDI2,,,,,,,,,,S,,0
SMA-11-01,TOKA,TOKA-013,6/8/2022,10,305,BAPI,,,LIBI5,9,L,,,,,,,,,,S,,0
SMA-11-01,TOKA,TOKA-013,6/8/2022,11,305,NOPLANT,,,CENTA2,7,L,,,,,,,,,,S,,0
SMA-11-01,TOKA,TOKA-013,6/8/2022,12,305,NOPLANT,,,LIBI5,16,BRDI2,L,,,,,,,,,S,,0
SMA-11-01,TOKA,TOKA-013,6/8/2022,13,305,BAPI,,,BRDI2,31,RUUR,L,,,,,,,,,S,,0
SMA-11-01,TOKA,TOKA-013,6/8/2022,14,305,BAPI,,,BRCA5,6,L,,,,,,,,,,S,,0
SMA-11-01,TOKA,TOKA-013,6/8/2022,15,305,NOPLANT,,,NOPLANT,NA,,,,,,,,,,,S,,0
SMA-11-01,TOKA,TOKA-013,6/8/2022,16,305,NOPLANT,,,AICA,9,ANAR,,,,,,,,,,S,,0
SMA-11-01,TOKA,TOKA-013,6/8/2022,17,305,NOPLANT,,,PHAQ,27,PHAQ,TODI,,,,,,,,,S,,1
SMA-11-01,TOKA,TOKA-013,6/8/2022,18,305,NOPLANT,,,LIBI5,33,BRDI2,STACH,L,,,,,,,,S,,0
SMA-11-01,TOKA,TOKA-013,6/8/2022,19,305,NOPLANT,,,BRDI2,14,ANAR,LIBI5,,,,,,,,,S,,0
SMA-11-01,TOKA,TOKA-013,6/8/2022,20,305,RUUR,,,BRDI2,25,DAGL,DAGL,,,,,,,,,S,2,0
SMA-11-01,TOKA,TOKA-013,6/8/2022,21,305,BAPI,,,LIBI5,31,PHAQ,TODI,VITE,,,,,,,,S,,0
SMA-11-01,TOKA,TOKA-013,6/8/2022,22,305,BAPI,,,VITE,46,TODI,L,,,,,,,,,S,,0
SMA-11-01,TOKA,TOKA-013,6/8/2022,23,305,BAPI,,,PTAQ,24,L,,,,,,,,,,S,,1
SMA-11-01,TOKA,TOKA-013,6/8/2022,24,305,TODI,,,NOPLANT,NA,L,,,,,,,,,,S,,0
SMA-11-01,TOKA,TOKA-013,6/8/2022,25,305,NOPLANT,,,BRDI2,16,VITE,AICA,L,,,,,,,,S,,0
SMA-11-01,TOKA,TOKA-013,6/8/2022,26,305,NOPLANT,,,SACR2,48,L,,,,,,,,,,S,,0
SMA-11-01,TOKA,TOKA-013,6/8/2022,27,305,BAPI,,,DAGL,23,BRDI2,,,,,,,,,,S,,0
SMA-11-01,TOKA,TOKA-013,6/8/2022,28,305,BAPI,,,BRDI2,9,LIBI5,L,,,,,,,,,S,,0
SMA-11-01,TOKA,TOKA-013,6/8/2022,29,305,NOPLANT,,,DAGL,25,LIBI5,BRDI2,L,,,,,,,,S,,0
SMA-11-01,TOKA,TOKA-013,6/8/2022,30,305,NOPLANT,,,LIBI5,14,BRDI2,L,,,,,,,,,S,,0
SMA-11-01,TOKA,TOKA-013,6/8/2022,31,305,NOPLANT,,,BRMI2,7,BRDI2,,,,,,,,,,S,,0
SMA-11-01,TOKA,TOKA-013,6/8/2022,32,305,BAPI,,,HYRA3,11,BRDI2,,,,,,,,,,S,,0
SMA-11-01,TOKA,TOKA-013,6/8/2022,33,305,BAPI,,,PLLA,20,BRDI2,,,,,,,,,,S,,0
SMA-11-01,TOKA,TOKA-013,6/8/2022,34,305,NOPLANT,,,BRDI2,14,PLLA,L,,,,,,,,,S,,0
SMA-11-01,TOKA,TOKA-013,6/8/2022,35,305,BAPI,,,VITE,9,BRDI2,,,,,,,,,,S,,0
SMA-11-01,TOKA,TOKA-013,6/8/2022,36,305,BAPI,,,VITE,30,DAGL,L,,,,,,,,,S,,0
SMA-11-01,TOKA,TOKA-013,6/8/2022,37,305,NOPLANT,,,BRDI2,5,,,,,,,,,,,S,,0
SMA-11-01,TOKA,TOKA-013,6/8/2022,38,305,NOPLANT,,,BRDI2,6,,,,,,,,,,,S,,0
SMA-11-01,TOKA,TOKA-013,6/8/2022,39,305,NOPLANT,,,HYRA3,1,,,,,,,,,,,S,,0
SMA-11-01,TOKA,TOKA-013,6/8/2022,40,305,NOPLANT,,,HYRA3,25,BRDI2,,,,,,,,,,S,,0
SMA-11-01,TOKA,TOKA-013,6/8/2022,41,305,BAPI,RUBUS,,VITE,26,TRDU2,DAGL,DAGL,,,,,,,,S,3,0
SMA-11-01,TOKA,TOKA-013,6/8/2022,42,305,NOPLANT,,,BRDI2,1,,,,,,,,,,,S,,0
SMA-11-01,TOKA,TOKA-013,6/8/2022,43,305,BAPI,,,BRDI2,24,,,,,,,,,,,S,,0
SMA-11-01,TOKA,TOKA-013,6/8/2022,44,305,BAPI,,,BRDI2,40,L,,,,,,,,,,S,,0
SMA-11-01,TOKA,TOKA-013,6/8/2022,45,305,NOPLANT,,,PLLA,9,,,,,,,,,,,S,,0
SMA-11-01,TOKA,TOKA-013,6/8/2022,46,305,NOPLANT,,,PLLA,5,,,,,,,,,,,S,,0
SMA-11-01,TOKA,TOKA-013,6/8/2022,47,305,BAPI,,,VITE,23,L,,,,,,,,,,S,,0
SMA-11-01,TOKA,TOKA-013,6/8/2022,48,305,BAPI,,,VITE,41,RUUR,L,,,,,,,,,S,,0
SMA-11-01,TOKA,TOKA-013,6/8/2022,49,305,BAPI,,,LIBI5,21,,,,,,,,,,,S,,0
SMA-11-01,TOKA,TOKA-013,6/8/2022,50,305,BAPI,TODI,,VITE,26,,,,,,,,,,,S,,0
SMA-11-01,TOKA,TOKA-013,6/8/2022,1,125,NOPLANT,,,BRDI2,19,L,,,,,,,,,,S,,0
SMA-11-01,TOKA,TOKA-013,6/8/2022,2,125,NOPLANT,,,BRDI2,21,RUUR,LIBI5,,,,,,,,,S,,0
SMA-11-01,TOKA,TOKA-013,6/8/2022,3,125,NOPLANT,,,NOPLANT,NA,,,,,,,,,,,S,,0
SMA-11-01,TOKA,TOKA-013,6/8/2022,4,125,NOPLANT,,,PHAQ,36,VITE,BRCA5,,,,,,,,,S,,0
SMA-11-01,TOKA,TOKA-013,6/8/2022,5,125,BAPI,,,BRCA5,35,VISA,BRDI2,L,,,,,,,,S,,0
SMA-11-01,TOKA,TOKA-013,6/8/2022,6,125,BAPI,,,RUUR,5,VITE,L,,,,,,,,,S,,0
SMA-11-01,TOKA,TOKA-013,6/8/2022,7,125,BAPI,,,VITE,62,BRCA5,L,,,,,,,,,S,,0
SMA-11-01,TOKA,TOKA-013,6/8/2022,8,125,BAPI,,,VITE,20,SACR2,L,,,,,,,,,S,,0
SMA-11-01,TOKA,TOKA-013,6/8/2022,9,125,BAPI,,,LIBI5,8,,,,,,,,,,,S,,0
SMA-11-01,TOKA,TOKA-013,6/8/2022,10,125,NOPLANT,,,DAGL,40,LOCO6,BRDI2,,,,,,,,,S,,1
SMA-11-01,TOKA,TOKA-013,6/8/2022,11,125,NOPLANT,,,DAGL,42,DAGL,,,,,,,,,,S,1,0
SMA-11-01,TOKA,TOKA-013,6/8/2022,12,125,NOPLANT,,,NOPLANT,NA,L,,,,,,,,,,S,,0
SMA-11-01,TOKA,TOKA-013,6/8/2022,13,125,BAPI,,,DAGL,11,L,,,,,,,,,,S,,0
SMA-11-01,TOKA,TOKA-013,6/8/2022,14,125,BAPI,,,SACR2,38,CAPY2,LIBI5,BRDI2,,,,,,,,S,,0
SMA-11-01,TOKA,TOKA-013,6/8/2022,15,125,BAPI,,,BRDI2,1,,,,,,,,,,,S,,0
SMA-11-01,TOKA,TOKA-013,6/8/2022,16,125,BAPI,TODI,,BRCA5,50,VISA,L,,,,,,,,,S,,0
SMA-11-01,TOKA,TOKA-013,6/8/2022,17,125,BAPI,TODI,,LIBI5,41,BRDI2,RUUR,,,,,,,,,S,,0
SMA-11-01,TOKA,TOKA-013,6/8/2022,18,125,BAPI,TODI,,BRCA5,31,VISA,SACR2,L,,,,,,,,S,,0
SMA-11-01,TOKA,TOKA-013,6/8/2022,19,125,BAPI,TODI,,BRCA5,25,BRDI2,L,,,,,,,,,S,,0
SMA-11-01,TOKA,TOKA-013,6/8/2022,20,125,BAPI,,,DAGL,15,BRDI2,,,,,,,,,,S,,0
SMA-11-01,TOKA,TOKA-013,6/8/2022,21,125,BAPI,,,DAGL,21,BRDI2,DAGL,,,,,,,,,S,2,0
SMA-11-01,TOKA,TOKA-013,6/8/2022,22,125,NOPLANT,,,BRCA5,30,TODI,BRDI2,,,,,,,,,S,,0
SMA-11-01,TOKA,TOKA-013,6/8/2022,23,125,NOPLANT,,,BRDI2,21,RUUR,L,,,,,,,,,S,,0
SMA-11-01,TOKA,TOKA-013,6/8/2022,24,125,NOPLANT,,,LIBI5,26,BRDI2,TODI,L,,,,,,,,S,,0
SMA-11-01,TOKA,TOKA-013,6/8/2022,25,125,NOPLANT,,,LIBI5,16,BRDI2,,,,,,,,,,S,,0
SMA-11-01,TOKA,TOKA-013,6/8/2022,26,125,NOPLANT,,,LIBI5,30,BRDI2,,,,,,,,,,S,,0
SMA-11-01,TOKA,TOKA-013,6/8/2022,27,125,NOPLANT,,,BRDI2,21,ARDO3,HYRA3,,,,,,,,,S,,0
SMA-11-01,TOKA,TOKA-013,6/8/2022,28,125,NOPLANT,,,AVBA,74,DAGL,,,,,,,,,,S,,0
SMA-11-01,TOKA,TOKA-013,6/8/2022,29,125,NOPLANT,,,COMA2,56,BRCA5,L,,,,,,,,,S,,0
SMA-11-01,TOKA,TOKA-013,6/8/2022,30,125,NOPLANT,,,DAGL,27,DAGL,,,,,,,,,,S,1,0
SMA-11-01,TOKA,TOKA-013,6/8/2022,31,125,NOPLANT,,,DAGL,86,RUUR,PTAQ,L,,,,,,,,S,,0
SMA-11-01,TOKA,TOKA-013,6/8/2022,32,125,NOPLANT,,,LIBI5,24,BRCA5,BRDI2,,,,,,,,,S,,0
SMA-11-01,TOKA,TOKA-013,6/8/2022,33,125,NOPLANT,,,BRDI2,10,RUUR,,,,,,,,,,S,,0
SMA-11-01,TOKA,TOKA-013,6/8/2022,34,125,BAPI,,,DAGL,30,RUUR,BRDI2,L,,,,,,,,S,,0
SMA-11-01,TOKA,TOKA-013,6/8/2022,35,125,NOPLANT,,,BRDI2,13,GERAN,,,,,,,,,,S,,0
SMA-11-01,TOKA,TOKA-013,6/8/2022,36,125,NOPLANT,,,HYRA3,2,BRDI2,,,,,,,,,,S,,0
SMA-11-01,TOKA,TOKA-013,6/8/2022,37,125,NOPLANT,,,CAPY2,22,LIBI5,BRDI2,,,,,,,,,S,,0
SMA-11-01,TOKA,TOKA-013,6/8/2022,38,125,NOPLANT,,,LIBI5,6,,,,,,,,,,,S,,0
SMA-11-01,TOKA,TOKA-013,6/8/2022,39,125,NOPLANT,,,DAGL,30,VISA,DAGL,,,,,,,,,S,2,0
SMA-11-01,TOKA,TOKA-013,6/8/2022,40,125,NOPLANT,,,DAGL,31,BRDI2,DAGL,,,,,,,,,S,2,0
SMA-11-01,TOKA,TOKA-013,6/8/2022,41,125,NOPLANT,,,DAGL,6,BRDI2,,,,,,,,,,S,,0
SMA-11-01,TOKA,TOKA-013,6/8/2022,42,125,NOPLANT,,,DAGL,11,SACR2,L,,,,,,,,,S,,0
SMA-11-01,TOKA,TOKA-013,6/8/2022,43,125,NOPLANT,,,BRDI2,11,RUUR,L,,,,,,,,,S,,0
SMA-11-01,TOKA,TOKA-013,6/8/2022,44,125,NOPLANT,,,NOPLANT,NA,,,,,,,,,,,S,,0
SMA-11-01,TOKA,TOKA-013,6/8/2022,45,125,NOPLANT,,,BRDI2,20,,,,,,,,,,,S,,0
SMA-11-01,TOKA,TOKA-013,6/8/2022,46,125,NOPLANT,,,BRCA5,7,L,,,,,,,,,,S,,0
SMA-11-01,TOKA,TOKA-013,6/8/2022,47,125,BAPI,,,RUUR,44,L,,,,,,,,,,S,,0
SMA-11-01,TOKA,TOKA-013,6/8/2022,48,125,NOPLANT,,,BRDI2,4,PHAQ,,,,,,,,,,S,,0
SMA-11-01,TOKA,TOKA-013,6/8/2022,49,125,BAPI,,,BRCA5,45,RUUR,BRCA5,L,,,,,,,,S,2,0
SMA-11-01,TOKA,TOKA-013,6/8/2022,50,125,BAPI,,,DAGL,92,,,,,,,,,,,S,,0
SMA-11-01,TOKA,TOKA-016,5/25/2016,1,69,,,,BRDI2,20,LIUS,,,,,,,,,,S,,0
SMA-11-01,TOKA,TOKA-016,5/25/2016,2,69,,,,BRDI2,23,LOCO6,L,,,,,,,,,S,,0
SMA-11-01,TOKA,TOKA-016,5/25/2016,3,69,,,,BRDI2,15,L,,,,,,,,,,S,,0
SMA-11-01,TOKA,TOKA-016,5/25/2016,4,69,,,,VUMY,21,LOCO6,BRDI2,L,,,,,,,,S,,0
SMA-11-01,TOKA,TOKA-016,5/25/2016,5,69,,,,BRDI2,5,,,,,,,,,,,S,,0
SMA-11-01,TOKA,TOKA-016,5/25/2016,6,69,,,,VUMY,19,PSCA13,LIUS,L,,,,,,,,S,,0
SMA-11-01,TOKA,TOKA-016,5/25/2016,7,69,,,,PLLA,22,VUMY,LOCO6,L,,,,,,,,S,,0
SMA-11-01,TOKA,TOKA-016,5/25/2016,8,69,,,,ASTERA,2,,,,,,,,,,,S,,0
SMA-11-01,TOKA,TOKA-016,5/25/2016,9,69,,,,ASTERA,1,L,,,,,,,,,,S,,0
SMA-11-01,TOKA,TOKA-016,5/25/2016,10,69,,,,ASTERA,1,,,,,,,,,,,S,,0
SMA-11-01,TOKA,TOKA-016,5/25/2016,11,69,,,,BRHO2,25,BRDI2,VITE,DACA3,ASTERA,L,,,,,,S,,0
SMA-11-01,TOKA,TOKA-016,5/25/2016,12,69,,,,BRCA5,34,VUMY,VITE,PLLA,ASTERA,L,,,,,,S,,0
SMA-11-01,TOKA,TOKA-016,5/25/2016,13,69,,,,BRHO2,38,BRDI2,LOCO6,L,,,,,,,,S,,0
SMA-11-01,TOKA,TOKA-016,5/25/2016,14,69,,,,ELGL,16,BRDI2,ASTERA,LOCO6,,,,,,,,S,,0
SMA-11-01,TOKA,TOKA-016,5/25/2016,15,69,,,,AVBA,73,BRDI2,ASTERA,LOCO6,L,,,,,,,S,,0
SMA-11-01,TOKA,TOKA-016,5/25/2016,16,69,,,,BRDI2,24,LOCO6,L,,,,,,,,,S,,0
SMA-11-01,TOKA,TOKA-016,5/25/2016,17,69,,,,BRDI2,35,LOPEM2,LOCO6,L,,,,,,,,S,,0
SMA-11-01,TOKA,TOKA-016,5/25/2016,18,69,,,,BRDI2,15,L,,,,,,,,,,S,,0
SMA-11-01,TOKA,TOKA-016,5/25/2016,19,69,,,,BRCA5,60,BRDI2,LOCO6,L,,,,,,,,S,,0
SMA-11-01,TOKA,TOKA-016,5/25/2016,20,69,,,,BRDI2,31,VUMY,BRHO2,LOCO6,ASTERA,,,,,,,S,,0
SMA-11-01,TOKA,TOKA-016,5/25/2016,21,69,,,,LOPEM2,49,VUMY,,,,,,,,,,S,,0
SMA-11-01,TOKA,TOKA-016,5/25/2016,22,69,,,,LOPEM2,55,BRDI2,ASTERA,LOCO6,L,,,,,,,S,,0
SMA-11-01,TOKA,TOKA-016,5/25/2016,23,69,,,,BRDI3,37,PHAQ,L,,,,,,,,,S,,0
SMA-11-01,TOKA,TOKA-016,5/25/2016,24,69,,,,PHAQ,51,LOPEM2,BRDI2,L,,,,,,,,S,,0
SMA-11-01,TOKA,TOKA-016,5/25/2016,25,69,,,,BRDI2,30,PLLA,L,,,,,,,,,S,,0
SMA-11-01,TOKA,TOKA-016,5/25/2016,26,69,,,,BRHO2,36,BRDI2,LOCO6,ASTERA,L,,,,,,,S,,0
SMA-11-01,TOKA,TOKA-016,5/25/2016,27,69,,,,BRHO2,70,BRDI2,ASTERA,L,,,,,,,,S,,0
SMA-11-01,TOKA,TOKA-016,5/25/2016,28,69,,,,BRHO2,52,VUMY,BRDI2,LOCO6,,,,,,,,S,,0
SMA-11-01,TOKA,TOKA-016,5/25/2016,29,69,,,,BRCA5,42,BRDI2,PLLA,L,,,,,,,,S,,0
SMA-11-01,TOKA,TOKA-016,5/25/2016,30,69,,,,BRHO2,41,BRDI2,L,,,,,,,,,S,,0
SMA-11-01,TOKA,TOKA-016,5/25/2016,31,69,,,,BRDI2,25,LOCO6,ASTERA,,,,,,,,,S,,0
SMA-11-01,TOKA,TOKA-016,5/25/2016,32,69,,,,BRHO2,41,ASTERA,DACA3,LOCO6,L,,,,,,,S,,0
SMA-11-01,TOKA,TOKA-016,5/25/2016,33,69,,,,BRDI2,17,LOCO6,ASTERA,,,,,,,,,S,,0
SMA-11-01,TOKA,TOKA-016,5/25/2016,34,69,,,,VUMY,40,BRHO2,BRDI2,,,,,,,,,S,,0
SMA-11-01,TOKA,TOKA-016,5/25/2016,35,69,,,,BRHO2,30,ASTERA,RUAC3,BRDI2,L,,,,,,,S,,0
SMA-11-01,TOKA,TOKA-016,5/25/2016,36,69,,,,BRDI2,25,BRHO2,L,,,,,,,,,S,,0
SMA-11-01,TOKA,TOKA-016,5/25/2016,37,69,,,,LIUS,31,VUMY,BRDI2,L,,,,,,,,S,,0
SMA-11-01,TOKA,TOKA-016,5/25/2016,38,69,,,,VUMY,16,ASTERA,,,,,,,,,,S,,0
SMA-11-01,TOKA,TOKA-016,5/25/2016,39,69,,,,VUMY,42,BRDI2,LOCO6,ASTERA,L,,,,,,,S,,0
SMA-11-01,TOKA,TOKA-016,5/25/2016,40,69,,,,BRHO2,39,BRDI2,LOCO6,L,,,,,,,,S,,0
SMA-11-01,TOKA,TOKA-016,5/25/2016,41,69,,,,ASTERA,31,BRDI2,LOCO6,L,,,,,,,,S,,0
SMA-11-01,TOKA,TOKA-016,5/25/2016,42,69,,,,BRHO2,38,VUMY,BRDI2,L,,,,,,,,S,,0
SMA-11-01,TOKA,TOKA-016,5/25/2016,43,69,,,,BRHO2,30,LOCO6,ASTERA,L,,,,,,,,S,,0
SMA-11-01,TOKA,TOKA-016,5/25/2016,44,69,,,,VUMY,18,L,,,,,,,,,,S,,0
SMA-11-01,TOKA,TOKA-016,5/25/2016,45,69,,,,BRHO2,38,BRDI2,SIGA,PLLA,L,,,,,,,S,,0
SMA-11-01,TOKA,TOKA-016,5/25/2016,46,69,,,,BRCA5,33,BRHO2,ASTERA,L,,,,,,,,S,,0
SMA-11-01,TOKA,TOKA-016,5/25/2016,47,69,,,,BRHO2,50,LIUS,LOCO6,L,,,,,,,,S,,0
SMA-11-01,TOKA,TOKA-016,5/25/2016,48,69,,,,VUMY,22,VITE,BRDI2,LOCO6,ASTERA,L,,,,,,S,,0
SMA-11-01,TOKA,TOKA-016,5/25/2016,49,69,,,,BRCA5,25,BRDI2,LOCO6,RUAC3,L,,,,,,,S,,0
SMA-11-01,TOKA,TOKA-016,5/25/2016,50,69,,,,VUMY,31,BRDI2,L,,,,,,,,,S,,0
SMA-11-01,TOKA,TOKA-016,5/25/2016,1,249,,,,BRDI2,15,BRHO2,LOCO6,L,,,,,,,,S,,0
SMA-11-01,TOKA,TOKA-016,5/25/2016,2,249,,,,VUMY,26,BRDI2,ASTERA,L,,,,,,,,S,,0
SMA-11-01,TOKA,TOKA-016,5/25/2016,3,249,,,,LIUS,1,,,,,,,,,,,S,,0
SMA-11-01,TOKA,TOKA-016,5/25/2016,4,249,,,,LIUS,42,BRDI2,LOCO6,L,,,,,,,,S,,0
SMA-11-01,TOKA,TOKA-016,5/25/2016,5,249,,,,BRDI2,39,LOCO6,L,,,,,,,,,S,,0
SMA-11-01,TOKA,TOKA-016,5/25/2016,6,249,,,,BRHO2,16,ANAR,DACA3,L,,,,,,,,S,,0
SMA-11-01,TOKA,TOKA-016,5/25/2016,7,249,,,,PHAQ,81,VUMY,BRDI2,L,,,,,,,,S,,0
SMA-11-01,TOKA,TOKA-016,5/25/2016,8,249,,,,VUMY,14,DACA3,,,,,,,,,,S,,0
SMA-11-01,TOKA,TOKA-016,5/25/2016,9,249,,,,VUMY,5,L,,,,,,,,,,S,,0
SMA-11-01,TOKA,TOKA-016,5/25/2016,10,249,,,,VUMY,10,DACA3,L,,,,,,,,,S,,0
SMA-11-01,TOKA,TOKA-016,5/25/2016,11,249,,,,VUMY,6,DACA3,L,,,,,,,,,S,,0
SMA-11-01,TOKA,TOKA-016,5/25/2016,12,249,,,,VUMY,23,DACA3,ASTERA,L,,,,,,,,S,,0
SMA-11-01,TOKA,TOKA-016,5/25/2016,13,249,,,,VUMY,30,BRDI2,DACA3,L,,,,,,,,S,,0
SMA-11-01,TOKA,TOKA-016,5/25/2016,14,249,,,,DACA3,4,PLLA,L,,,,,,,,,S,,0
SMA-11-01,TOKA,TOKA-016,5/25/2016,15,249,,,,VUMY,18,DACA3,L,,,,,,,,,S,,0
SMA-11-01,TOKA,TOKA-016,5/25/2016,16,249,,,,VUMY,2,ASTERA,,,,,,,,,,S,,0
SMA-11-01,TOKA,TOKA-016,5/25/2016,17,249,,,,NOPLANT,0,,,,,,,,,,,S,,0
SMA-11-01,TOKA,TOKA-016,5/25/2016,18,249,,,,BRDI2,8,ASTERA,L,,,,,,,,,S,,0
SMA-11-01,TOKA,TOKA-016,5/25/2016,19,249,,,,DACA3,31,BRDI2,,,,,,,,,,S,,0
SMA-11-01,TOKA,TOKA-016,5/25/2016,20,249,,,,VUMY,12,,,,,,,,,,,S,,0
SMA-11-01,TOKA,TOKA-016,5/25/2016,21,249,,,,LIUS,21,VUMY,BRDI2,L,,,,,,,,S,,0
SMA-11-01,TOKA,TOKA-016,5/25/2016,22,249,,,,BRDI2,12,L,,,,,,,,,,S,,0
SMA-11-01,TOKA,TOKA-016,5/25/2016,23,249,,,,BRDI2,15,,,,,,,,,,,S,,0
SMA-11-01,TOKA,TOKA-016,5/25/2016,24,249,,,,BRDI3,16,VUMY,L,,,,,,,,,S,,0
SMA-11-01,TOKA,TOKA-016,5/25/2016,25,249,,,,VUMY,29,BRDI2,,,,,,,,,,S,,0
SMA-11-01,TOKA,TOKA-016,5/25/2016,26,249,,,,DACA3,12,L,,,,,,,,,,S,,0
SMA-11-01,TOKA,TOKA-016,5/25/2016,27,249,,,,VUMY,20,BRDI2,LOCO6,,,,,,,,,S,,0
SMA-11-01,TOKA,TOKA-016,5/25/2016,28,249,,,,VUMY,30,LOCO6,,,,,,,,,,S,,0
SMA-11-01,TOKA,TOKA-016,5/25/2016,29,249,,,,BRDI2,8,,,,,,,,,,,S,,0
SMA-11-01,TOKA,TOKA-016,5/25/2016,30,249,,,,BRDI2,13,,,,,,,,,,,S,,0
SMA-11-01,TOKA,TOKA-016,5/25/2016,31,249,,,,BRDI2,20,VUMY,L,,,,,,,,,S,,0
SMA-11-01,TOKA,TOKA-016,5/25/2016,32,249,,,,BRDI2,11,ASTERA,,,,,,,,,,S,,0
SMA-11-01,TOKA,TOKA-016,5/25/2016,33,249,,,,PLLA,16,BRDI2,L,,,,,,,,,S,,0
SMA-11-01,TOKA,TOKA-016,5/25/2016,34,249,,,,BRDI2,24,ASTERA,,,,,,,,,,S,,0
SMA-11-01,TOKA,TOKA-016,5/25/2016,35,249,,,,BRDI2,21,LOPEM2,ASTERA,,,,,,,,,S,,0
SMA-11-01,TOKA,TOKA-016,5/25/2016,36,249,,,,BRDI2,10,L,,,,,,,,,,S,,0
SMA-11-01,TOKA,TOKA-016,5/25/2016,37,249,,,,BRDI2,9,PLLA,L,,,,,,,,,S,,0
SMA-11-01,TOKA,TOKA-016,5/25/2016,38,249,,,,BRDI2,26,ASTERA,L,,,,,,,,,S,,0
SMA-11-01,TOKA,TOKA-016,5/25/2016,39,249,,,,AVBA,43,BRDI2,LOCO6,,,,,,,,,S,,0
SMA-11-01,TOKA,TOKA-016,5/25/2016,40,249,,,,BRDI2,30,L,,,,,,,,,,S,,0
SMA-11-01,TOKA,TOKA-016,5/25/2016,41,249,,,,BRDI2,19,VUMY,ASTERA,L,,,,,,,,S,,0
SMA-11-01,TOKA,TOKA-016,5/25/2016,42,249,,,,SANIC,27,BRDI2,L,,,,,,,,,S,,0
SMA-11-01,TOKA,TOKA-016,5/25/2016,43,249,,,,BRDI2,31,L,,,,,,,,,,S,,0
SMA-11-01,TOKA,TOKA-016,5/25/2016,44,249,,,,PLLA,3,L,,,,,,,,,,S,,0
SMA-11-01,TOKA,TOKA-016,5/25/2016,45,249,,,,AVBA,43,LOPEM2,LOCO6,,,,,,,,,S,,0
SMA-11-01,TOKA,TOKA-016,5/25/2016,46,249,,,,BRDI2,19,L,,,,,,,,,,S,,0
SMA-11-01,TOKA,TOKA-016,5/25/2016,47,249,,,,VUMY,9,,,,,,,,,,,S,,0
SMA-11-01,TOKA,TOKA-016,5/25/2016,48,249,,,,BRDI2,22,L,,,,,,,,,,S,,0
SMA-11-01,TOKA,TOKA-016,5/25/2016,49,249,,,,BRDI2,14,L,,,,,,,,,,S,,0
SMA-11-01,TOKA,TOKA-016,5/25/2016,50,249,,,,BRDI2,26,L,,,,,,,,,,S,,0
SMA-11-01,TOKA,TOKA-016,4/19/2018,1,69,,,,BRCA5,6,L,,,,,,,,,,S,,0
SMA-11-01,TOKA,TOKA-016,4/19/2018,2,69,,,,HYRA3,2,2GA,,,,,,,,,,S,,0
SMA-11-01,TOKA,TOKA-016,4/19/2018,3,69,,,,BRDI2,5,L,,,,,,,,,,S,,0
SMA-11-01,TOKA,TOKA-016,4/19/2018,4,69,BAPI,,,RUAC3,5,L,,,,,,,,,,S,,0
SMA-11-01,TOKA,TOKA-016,4/19/2018,5,69,,,,NOPLANT,NA,,,,,,,,,,,S,,0
SMA-11-01,TOKA,TOKA-016,4/19/2018,6,69,,,,BRHO2,11,L,,,,,,,,,,S,,0
SMA-11-01,TOKA,TOKA-016,4/19/2018,7,69,DIAU,,,LIBI5,4,2GA,L,,,,,,,,,S,,0
SMA-11-01,TOKA,TOKA-016,4/19/2018,8,69,,,,BRDI2,4,,,,,,,,,,,AM,,0
SMA-11-01,TOKA,TOKA-016,4/19/2018,9,69,BAPI,,,BRDI3,15,BRDI2,L,,,,,,,,,S,,0
SMA-11-01,TOKA,TOKA-016,4/19/2018,10,69,,,,VUBR,6,HYRA3,,,,,,,,,,S,,0
SMA-11-01,TOKA,TOKA-016,4/19/2018,11,69,,,,BRDI2,4,L,,,,,,,,,,S,,0
SMA-11-01,TOKA,TOKA-016,4/19/2018,12,69,,,,BRDI2,8,PLLA,HYRA3,2GA,L,,,,,,,S,3,0
SMA-11-01,TOKA,TOKA-016,4/19/2018,13,69,,,,VITE,11,,,,,,,,,,,HYRA3,,0
SMA-11-01,TOKA,TOKA-016,4/19/2018,14,69,BAPI,,,LOCO6,3,L,,,,,,,,,,S,,0
SMA-11-01,TOKA,TOKA-016,4/19/2018,15,69,,,,BRDI2,8,HYRA3,TRDU2,2GA,L,,,,,,,S,3,0
SMA-11-01,TOKA,TOKA-016,4/19/2018,16,69,,,,VUBR,5,L,,,,,,,,,,S,,0
SMA-11-01,TOKA,TOKA-016,4/19/2018,17,69,BAPI,,,VUBR,8,VITE,L,,,,,,,,,S,,0
SMA-11-01,TOKA,TOKA-016,4/19/2018,18,69,BAPI,,,VUBR,6,L,,,,,,,,,,EM,,0
SMA-11-01,TOKA,TOKA-016,4/19/2018,19,69,BAPI,,,PLLA,12,VUBR,L,,,,,,,,,S,1,0
SMA-11-01,TOKA,TOKA-016,4/19/2018,20,69,,,,2GP,29,BRDI2,HYGL2,L,,,,,,,,S,,0
SMA-11-01,TOKA,TOKA-016,4/19/2018,21,69,,,,PLLA,5,LOCO6,L,,,,,,,,,S,,0
SMA-11-01,TOKA,TOKA-016,4/19/2018,22,69,,,,NOPLANT,NA,,,,,,,,,,,S,,0
SMA-11-01,TOKA,TOKA-016,4/19/2018,23,69,,,,NOPLANT,NA,,,,,,,,,,,S,,0
SMA-11-01,TOKA,TOKA-016,4/19/2018,24,69,,,,VUBR,4,LOCO6,2GA,L,,,,,,,,S,2,0
SMA-11-01,TOKA,TOKA-016,4/19/2018,25,69,,,,BRDI2,14,HYGL2,L,,,,,,,,,EM,,0
SMA-11-01,TOKA,TOKA-016,4/19/2018,26,69,,,,HYGL2,5,VUBR,L,,,,,,,,,S,,0
SMA-11-01,TOKA,TOKA-016,4/19/2018,27,69,,,,LOCO6,5,2GA,L,,,,,,,,,S,1,0
SMA-11-01,TOKA,TOKA-016,4/19/2018,28,69,BAPI,,,LOCO6,16,SACR2,L,,,,,,,,,BAPI,,0
SMA-11-01,TOKA,TOKA-016,4/19/2018,29,69,BAPI,,,BRDI2,4,L,,,,,,,,,,S,,0
SMA-11-01,TOKA,TOKA-016,4/19/2018,30,69,BAPI,,,BRDI2,6,L,,,,,,,,,,S,,0
SMA-11-01,TOKA,TOKA-016,4/19/2018,31,69,,,,BRDI2,6,HYGL2,,,,,,,,,,S,,0
SMA-11-01,TOKA,TOKA-016,4/19/2018,32,69,BAPI,,,NOPLANT,NA,L,,,,,,,,,,S,,0
SMA-11-01,TOKA,TOKA-016,4/19/2018,33,69,,,,VUBR,6,HYRA3,L,,,,,,,,,S,,0
SMA-11-01,TOKA,TOKA-016,4/19/2018,34,69,,,,BRHO2,7,PLLA,HYGL2,L,,,,,,,,S,,0
SMA-11-01,TOKA,TOKA-016,4/19/2018,35,69,,,,BRDI2,8,BRHO2,L,,,,,,,,,S,,0
SMA-11-01,TOKA,TOKA-016,4/19/2018,36,69,,,,RUUR,11,BRDI2,LIBI5,L,,,,,,,,S,,0
SMA-11-01,TOKA,TOKA-016,4/19/2018,37,69,,,,NOPLANT,NA,,,,,,,,,,,AM,,0
SMA-11-01,TOKA,TOKA-016,4/19/2018,38,69,,,,VUBR,4,L,,,,,,,,,,S,,0
SMA-11-01,TOKA,TOKA-016,4/19/2018,39,69,,,,VUBR,5,LOCO6,HYRA3,L,,,,,,,,S,,0
SMA-11-01,TOKA,TOKA-016,4/19/2018,40,69,,,,VUBR,12,VITE,BRHO2,L,,,,,,,,S,,0
SMA-11-01,TOKA,TOKA-016,4/19/2018,41,69,,,,VUBR,13,VITE,L,,,,,,,,,S,,0
SMA-11-01,TOKA,TOKA-016,4/19/2018,42,69,,,,BRDI2,4,PLLA,L,,,,,,,,,S,,0
SMA-11-01,TOKA,TOKA-016,4/19/2018,43,69,,,,BRHO2,6,LOCO6,HYGL2,L,,,,,,,,S,,0
SMA-11-01,TOKA,TOKA-016,4/19/2018,44,69,,,,BRDI2,10,VUBR,LOCO6,L,,,,,,,,S,,0
SMA-11-01,TOKA,TOKA-016,4/19/2018,45,69,,,,BRDI2,11,L,,,,,,,,,,S,,0
SMA-11-01,TOKA,TOKA-016,4/19/2018,46,69,,,,HYRA3,2,PLLA,LOCO6,L,,,,,,,,S,,0
SMA-11-01,TOKA,TOKA-016,4/19/2018,47,69,,,,HYRA3,1,L,,,,,,,,,,S,,0
SMA-11-01,TOKA,TOKA-016,4/19/2018,48,69,BAPI,,,LOCO6,9,BRHO2,L,,,,,,,,,EM,,0
SMA-11-01,TOKA,TOKA-016,4/19/2018,49,69,BAPI,,,NOPLANT,NA,L,,,,,,,,,,EM,,0
SMA-11-01,TOKA,TOKA-016,4/19/2018,50,69,,,,VUBR,15,2GA,L,,,,,,,,,S,1,0
SMA-11-01,TOKA,TOKA-016,4/19/2018,1,249,,,,BRHO2,5,,,,,,,,,,,S,,0
SMA-11-01,TOKA,TOKA-016,4/19/2018,2,249,,,,BRHO2,9,L,,,,,,,,,,S,,0
SMA-11-01,TOKA,TOKA-016,4/19/2018,3,249,BAPI,,,BRDI2,11,BRDI2,L,,,,,,,,,S,1,0
SMA-11-01,TOKA,TOKA-016,4/19/2018,4,249,,,,BRHO2,15,VUBR,L,,,,,,,,,S,,0
SMA-11-01,TOKA,TOKA-016,4/19/2018,5,249,,,,NOPLANT,NA,2GA,L,,,,,,,,,S,,0
SMA-11-01,TOKA,TOKA-016,4/19/2018,6,249,BAPI,,,NOPLANT,NA,L,,,,,,,,,,S,,0
SMA-11-01,TOKA,TOKA-016,4/19/2018,7,249,,,,BRHO2,10,VUBR,L,,,,,,,,,S,,0
SMA-11-01,TOKA,TOKA-016,4/19/2018,8,249,BAPI,,,BRDI2,5,L,,,,,,,,,,S,,0
SMA-11-01,TOKA,TOKA-016,4/19/2018,9,249,,,,VUBR,10,L,,,,,,,,,,S,,0
SMA-11-01,TOKA,TOKA-016,4/19/2018,10,249,,,,VUBR,10,L,,,,,,,,,,S,,0
SMA-11-01,TOKA,TOKA-016,4/19/2018,11,249,,,,VUBR,15,HYRA3,L,,,,,,,,,S,,0
SMA-11-01,TOKA,TOKA-016,4/19/2018,12,249,,,,VUBR,10,L,,,,,,,,,,S,,0
SMA-11-01,TOKA,TOKA-016,4/19/2018,13,249,,,,VUBR,4,L,,,,,,,,,,S,,0
SMA-11-01,TOKA,TOKA-016,4/19/2018,14,249,,,,VUBR,4,,,,,,,,,,,HYRA3,,0
SMA-11-01,TOKA,TOKA-016,4/19/2018,15,249,,,,DACA3,15,VUBR,VITE,,,,,,,,,DACA3,,0
SMA-11-01,TOKA,TOKA-016,4/19/2018,16,249,,,,DACA3,7,VUBR,LIBI5,L,,,,,,,,S,,0
SMA-11-01,TOKA,TOKA-016,4/19/2018,17,249,,,,PLLA,3,VUBR,L,,,,,,,,,S,,0
SMA-11-01,TOKA,TOKA-016,4/19/2018,18,249,,,,PLLA,1,L,,,,,,,,,,S,,0
SMA-11-01,TOKA,TOKA-016,4/19/2018,19,249,,,,VUBR,6,HYRA3,L,,,,,,,,,S,,0
SMA-11-01,TOKA,TOKA-016,4/19/2018,20,249,,,,VUBR,14,,,,,,,,,,,HYRA3,,0
SMA-11-01,TOKA,TOKA-016,4/19/2018,21,249,,,,BRDI3,5,HYRA3,L,,,,,,,,,S,,0
SMA-11-01,TOKA,TOKA-016,4/19/2018,22,249,,,,NOPLANT,NA,L,,,,,,,,,,S,,0
SMA-11-01,TOKA,TOKA-016,4/19/2018,23,249,,,,BRDI2,5,L,,,,,,,,,,S,,0
SMA-11-01,TOKA,TOKA-016,4/19/2018,24,249,,,,DACA3,2,L,,,,,,,,,,S,,0
SMA-11-01,TOKA,TOKA-016,4/19/2018,25,249,,,,VUBR,10,L,,,,,,,,,,S,,0
SMA-11-01,TOKA,TOKA-016,4/19/2018,26,249,,,,VUBR,5,L,,,,,,,,,,S,,0
SMA-11-01,TOKA,TOKA-016,4/19/2018,27,249,,,,PLLA,1,DACA3,L,,,,,,,,,S,,0
SMA-11-01,TOKA,TOKA-016,4/19/2018,28,249,,,,VITE,7,BRHO2,L,,,,,,,,,S,,0
SMA-11-01,TOKA,TOKA-016,4/19/2018,29,249,,,,VUBR,5,BRDI2,L,,,,,,,,,S,,0
SMA-11-01,TOKA,TOKA-016,4/19/2018,30,249,,,,LOCO6,6,DACA3,HYRA3,,,,,,,,,HYRA3,,0
SMA-11-01,TOKA,TOKA-016,4/19/2018,31,249,,,,LIBI5,1,L,,,,,,,,,,S,,0
SMA-11-01,TOKA,TOKA-016,4/19/2018,32,249,,,,HYRA3,1,L,,,,,,,,,,S,,0
SMA-11-01,TOKA,TOKA-016,4/19/2018,33,249,,,,HYRA3,1,L,,,,,,,,,,S,,0
SMA-11-01,TOKA,TOKA-016,4/19/2018,34,249,,,,NOPLANT,NA,L,,,,,,,,,,S,,0
SMA-11-01,TOKA,TOKA-016,4/19/2018,35,249,BAPI,,,BRDI2,2,L,,,,,,,,,,S,,0
SMA-11-01,TOKA,TOKA-016,4/19/2018,36,249,,,,HYRA3,1,L,,,,,,,,,,HYRA3,,0
SMA-11-01,TOKA,TOKA-016,4/19/2018,37,249,BAPI,,,BRDI2,18,BRDI2,L,,,,,,,,,S,,0
SMA-11-01,TOKA,TOKA-016,4/19/2018,38,249,,,,BRDI2,7,L,,,,,,,,,,S,,0
SMA-11-01,TOKA,TOKA-016,4/19/2018,39,249,,,,NOPLANT,NA,L,,,,,,,,,,S,,0
SMA-11-01,TOKA,TOKA-016,4/19/2018,40,249,BAPI,,,LOCO6,11,L,,,,,,,,,,EM,,0
SMA-11-01,TOKA,TOKA-016,4/19/2018,41,249,BAPI,,,BRDI2,7,L,,,,,,,,,,S,,0
SMA-11-01,TOKA,TOKA-016,4/19/2018,42,249,,,,BRDI2,14,BRDI2,L,,,,,,,,,S,1,0
SMA-11-01,TOKA,TOKA-016,4/19/2018,43,249,,,,NOPLANT,NA,L,,,,,,,,,,S,,0
SMA-11-01,TOKA,TOKA-016,4/19/2018,44,249,,,,BRDI2,5,HYRA3,L,,,,,,,,,S,,0
SMA-11-01,TOKA,TOKA-016,4/19/2018,45,249,,,,HYRA3,2,,,,,,,,,,,S,,0
SMA-11-01,TOKA,TOKA-016,4/19/2018,46,249,,,,BRDI2,3,LIBI5,L,,,,,,,,,S,,0
SMA-11-01,TOKA,TOKA-016,4/19/2018,47,249,BAPI,,,NOPLANT,NA,2GA,,,,,,,,,,S,1,0
SMA-11-01,TOKA,TOKA-016,4/19/2018,48,249,,,,HYRA3,1,,,,,,,,,,,S,,0
SMA-11-01,TOKA,TOKA-016,4/19/2018,49,249,,,,HYRA3,5,BRDI2,L,,,,,,,,,S,,0
SMA-11-01,TOKA,TOKA-016,4/19/2018,50,249,,,,LOCO6,5,HYRA3,,,,,,,,,,S,,0
SMA-11-01,TOKA,TOKA-016,5/14/2021,1,69,,,,PLLA,15,BRDI2,GEDI,HYRA3,L,,,,,,,S,,0
SMA-11-01,TOKA,TOKA-016,5/14/2021,2,69,,,,NOPLANT,NA,L,,,,,,,,,,S,,0
SMA-11-01,TOKA,TOKA-016,5/14/2021,3,69,,,,PLLA,5,L,,,,,,,,,,S,,0
SMA-11-01,TOKA,TOKA-016,5/14/2021,4,69,,,,NOPLANT,NA,L,,,,,,,,,,S,,0
SMA-11-01,TOKA,TOKA-016,5/14/2021,5,69,,,,PLLA,10,L,,,,,,,,,,S,,0
SMA-11-01,TOKA,TOKA-016,5/14/2021,6,69,,,,LIBI5,10,L,,,,,,,,,,S,,0
SMA-11-01,TOKA,TOKA-016,5/14/2021,7,69,,,,LOPEM2,15,L,,,,,,,,,,S,,0
SMA-11-01,TOKA,TOKA-016,5/14/2021,8,69,BAPI,,,NOPLANT,NA,L,,,,,,,,,,S,,0
SMA-11-01,TOKA,TOKA-016,5/14/2021,9,69,RUUR,,,NOPLANT,NA,L,,,,,,,,,,S,,0
SMA-11-01,TOKA,TOKA-016,5/14/2021,10,69,,,,LOPEM2,16,L,,,,,,,,,,S,,0
SMA-11-01,TOKA,TOKA-016,5/14/2021,11,69,,,,BRDI2,7,L,,,,,,,,,,S,,0
SMA-11-01,TOKA,TOKA-016,5/14/2021,12,69,BAPI,,,BRDI2,20,LOCO6,L,,,,,,,,,S,,0
SMA-11-01,TOKA,TOKA-016,5/14/2021,13,69,RUUR,,,BRCA5,15,BRDI2,HYRA3,TRAN6,L,,,,,,,S,,0
SMA-11-01,TOKA,TOKA-016,5/14/2021,14,69,,,,BRHO2,16,TRAN6,TRDU2,PLLA,L,,,,,,,AM,,0
SMA-11-01,TOKA,TOKA-016,5/14/2021,15,69,,,,TRAN6,15,PLLA,VITE,L,,,,,,,,S,,0
SMA-11-01,TOKA,TOKA-016,5/14/2021,16,69,,,,BRDI2,10,,,,,,,,,,,AM,,0
SMA-11-01,TOKA,TOKA-016,5/14/2021,17,69,,,,NOPLANT,NA,L,,,,,,,,,,S,,0
SMA-11-01,TOKA,TOKA-016,5/14/2021,18,69,,,,BRCA5,25,BRDI2,HYRA3,LOCO6,L,,,,,,,S,,0
SMA-11-01,TOKA,TOKA-016,5/14/2021,19,69,BAPI,,,PLLA,25,HYRA3,LOCO6,LIBI5,L,,,,,,,S,,0
SMA-11-01,TOKA,TOKA-016,5/14/2021,20,69,BAPI,,,2GP,10,VISA,2GP,,,,,,,,,S,2,0
SMA-11-01,TOKA,TOKA-016,5/14/2021,21,69,BAPI,,,VISA,15,VUBR,L,,,,,,,,,S,,0
SMA-11-01,TOKA,TOKA-016,5/14/2021,22,69,,,,NOPLANT,NA,L,,,,,,,,,,AM,,0
SMA-11-01,TOKA,TOKA-016,5/14/2021,23,69,,,,PHAQ,35,L,,,,,,,,,,S,,0
SMA-11-01,TOKA,TOKA-016,5/14/2021,24,69,,,,LOPEM2,35,BRDI2,VISA,L,,,,,,,,AM,,0
SMA-11-01,TOKA,TOKA-016,5/14/2021,25,69,,,,NOPLANT,NA,L,,,,,,,,,,S,,0
SMA-11-01,TOKA,TOKA-016,5/14/2021,26,69,,,,NOPLANT,NA,L,,,,,,,,,,AM,,0
SMA-11-01,TOKA,TOKA-016,5/14/2021,27,69,,,,LOPEM2,20,HYRA3,RUAC3,L,,,,,,,,S,,0
SMA-11-01,TOKA,TOKA-016,5/14/2021,28,69,BAPI,,,VISA,5,BRDI2,L,,,,,,,,,S,,0
SMA-11-01,TOKA,TOKA-016,5/14/2021,29,69,,,,BRDI3,15,BRDI2,LOPEM2,RUAC3,L,,,,,,,S,,0
SMA-11-01,TOKA,TOKA-016,5/14/2021,30,69,RUUR,,,BRCA5,10,FRVE,L,,,,,,,,,S,,0
SMA-11-01,TOKA,TOKA-016,5/14/2021,31,69,,,,BRDI2,7,BRHO2,L,,,,,,,,,S,,0
SMA-11-01,TOKA,TOKA-016,5/14/2021,32,69,BAPI,,,PHAQ,40,HYRA3,L,,,,,,,,,S,,0
SMA-11-01,TOKA,TOKA-016,5/14/2021,33,69,BAPI,,,BRDI2,NA,L,,,,,,,,,,S,,0
SMA-11-01,TOKA,TOKA-016,5/14/2021,34,69,BAPI,,,VUBR,NA,L,,,,,,,,,,S,,0
SMA-11-01,TOKA,TOKA-016,5/14/2021,35,69,,,,LIBI5,8,L,,,,,,,,,,S,,0
SMA-11-01,TOKA,TOKA-016,5/14/2021,36,69,,,,NOPLANT,NA,L,,,,,,,,,,AM,,0
SMA-11-01,TOKA,TOKA-016,5/14/2021,37,69,,,,PLLA,7,L,,,,,,,,,,AM,,0
SMA-11-01,TOKA,TOKA-016,5/14/2021,38,69,,,,BRDI2,12,L,,,,,,,,,,S,,0
SMA-11-01,TOKA,TOKA-016,5/14/2021,39,69,,,,VISA,5,HYRA3,L,,,,,,,,,S,,0
SMA-11-01,TOKA,TOKA-016,5/14/2021,40,69,BAPI,,,LIBI5,7,,,,,,,,,,,AM,,0
SMA-11-01,TOKA,TOKA-016,5/14/2021,41,69,BAPI,,,HYRA3,5,L,,,,,,,,,,S,,0
SMA-11-01,TOKA,TOKA-016,5/14/2021,42,69,,,,PLLA,30,LIBI5,L,,,,,,,,,S,,0
SMA-11-01,TOKA,TOKA-016,5/14/2021,43,69,,,,VISA,10,LIBI5,L,,,,,,,,,S,,0
SMA-11-01,TOKA,TOKA-016,5/14/2021,44,69,,,,BRHO2,15,RUAC3,L,,,,,,,,,S,,0
SMA-11-01,TOKA,TOKA-016,5/14/2021,45,69,BAPI,,,NOPLANT,NA,L,,,,,,,,,,S,,0
SMA-11-01,TOKA,TOKA-016,5/14/2021,46,69,,,,VISA,5,BRDI2,L,,,,,,,,,S,,0
SMA-11-01,TOKA,TOKA-016,5/14/2021,47,69,,,,BRDI2,8,L,,,,,,,,,,S,,0
SMA-11-01,TOKA,TOKA-016,5/14/2021,48,69,,,,LIBI5,10,BRDI2,L,,,,,,,,,S,,0
SMA-11-01,TOKA,TOKA-016,5/14/2021,49,69,RUUR,,,BRDI2,12,L,,,,,,,,,,S,,0
SMA-11-01,TOKA,TOKA-016,5/14/2021,50,69,BAPI,,,LIBI5,15,FRVE,BRDI2,PLLA,L,,,,,,,S,,0
SMA-11-01,TOKA,TOKA-016,5/14/2021,1,249,,,,BRHO2,5,PLLA,VISA,BRDI2,,,,,,,,AM,,0
SMA-11-01,TOKA,TOKA-016,5/14/2021,2,249,,,,VUBR,15,PLLA,2GA,,,,,,,,,S,2,0
SMA-11-01,TOKA,TOKA-016,5/14/2021,3,249,,,,PLLA,30,BRDI2,TRAN6,TRDU2,2GA,,,,,,,S,4,0
SMA-11-01,TOKA,TOKA-016,5/14/2021,4,249,RUUR,,,DACA3,17,BRDI2,PLLA,VUBR,2GA,2GP,,,,,,S,"4,5",0
SMA-11-01,TOKA,TOKA-016,5/14/2021,5,249,,,,VUBR,10,PLLA,2GA,,,,,,,,,S,2,0
SMA-11-01,TOKA,TOKA-016,5/14/2021,6,249,,,,TRAN6,10,PLLA,VUBR,2GA,,,,,,,,S,3,0
SMA-11-01,TOKA,TOKA-016,5/14/2021,7,249,,,,TRAN6,10,TRDU2,VUBR,,,,,,,,,S,,0
SMA-11-01,TOKA,TOKA-016,5/14/2021,8,249,,,,VUBR,5,HYRA3,TRAN6,TRDU2,,,,,,,,S,,0
SMA-11-01,TOKA,TOKA-016,5/14/2021,9,249,,,,BRDI2,30,VUBR,GEDI,PLLA,2GA,2GP,,,,,,S,"4,5",0
SMA-11-01,TOKA,TOKA-016,5/14/2021,10,249,,,,TRAN6,15,TRDU2,L,,,,,,,,,SAAPC,,0
SMA-11-01,TOKA,TOKA-016,5/14/2021,11,249,,,,TRAN6,20,BRHO2,BRDI2,TRDU2,2GA,,,,,,,S,4,0
SMA-11-01,TOKA,TOKA-016,5/14/2021,12,249,,,,AICA,7,,,,,,,,,,,AM,,0
SMA-11-01,TOKA,TOKA-016,5/14/2021,13,249,,,,LIBI5,20,HYRA3,,,,,,,,,,S,,0
SMA-11-01,TOKA,TOKA-016,5/14/2021,14,249,,,,VUBR,20,BRDI2,HYRA3,TRDU2,L,,,,,,,S,,0
SMA-11-01,TOKA,TOKA-016,5/14/2021,15,249,,,,BRHO2,40,TRAN6,VISA,BRDI2,2GA,,,,,,,S,4,0
SMA-11-01,TOKA,TOKA-016,5/14/2021,16,249,,,,LIBI5,30,BRDI2,VISA,PLLA,L,,,,,,,S,,0
SMA-11-01,TOKA,TOKA-016,5/14/2021,17,249,,,,PLLA,10,BRDI2,TRDU2,LIBI5,L,,,,,,,S,,0
SMA-11-01,TOKA,TOKA-016,5/14/2021,18,249,,,,VISA,15,VUBR,L,,,,,,,,,S,,0
SMA-11-01,TOKA,TOKA-016,5/14/2021,19,249,,,,TRAN6,15,VUBR,2GP,,,,,,,,,S,2,0
SMA-11-01,TOKA,TOKA-016,5/14/2021,20,249,,,,PLLA,10,L,,,,,,,,,,S,,0
SMA-11-01,TOKA,TOKA-016,5/14/2021,21,249,,,,HYRA3,5,AICA,LIBI5,TRDU2,L,,,,,,,S,,0
SMA-11-01,TOKA,TOKA-016,5/14/2021,22,249,,,,PLLA,15,VUBR,HYRA3,2GP,,,,,,,,S,3,0
SMA-11-01,TOKA,TOKA-016,5/14/2021,23,249,,,,AVENA,25,BRHO2,LOHU2,ANAR,2GA,,,,,,,S,4,0
SMA-11-01,TOKA,TOKA-016,5/14/2021,24,249,BAPI,,,PLLA,10,BRDI2,CRVE3,L,,,,,,,,S,,0
SMA-11-01,TOKA,TOKA-016,5/14/2021,25,249,BAPI,,,BRCA5,70,PLLA,BRDI2,RUAC3,2GP,2GA,,,,,,S,"4,5",0
SMA-11-01,TOKA,TOKA-016,5/14/2021,26,249,,,,AICA,10,BRDI2,PLLA,TRAN6,,,,,,,,S,,0
SMA-11-01,TOKA,TOKA-016,5/14/2021,27,249,,,,VISA,10,PLLA,BRDI2,,,,,,,,,S,,0
SMA-11-01,TOKA,TOKA-016,5/14/2021,28,249,,,,PLLA,25,BRDI2,VISA,L,,,,,,,,S,,0
SMA-11-01,TOKA,TOKA-016,5/14/2021,29,249,,,,PLLA,10,BRDI2,L,,,,,,,,,S,,0
SMA-11-01,TOKA,TOKA-016,5/14/2021,30,249,,,,BRDI2,15,PLLA,ANAR,HYRA3,L,,,,,,,S,,0
SMA-11-01,TOKA,TOKA-016,5/14/2021,31,249,BAPI,,,PLLA,12,L,,,,,,,,,,S,,0
SMA-11-01,TOKA,TOKA-016,5/14/2021,32,249,,,,CRVE3,30,BRDI3,L,,,,,,,,,S,,0
SMA-11-01,TOKA,TOKA-016,5/14/2021,33,249,BAPI,,,BRDI2,10,LAVE2,LOCO6,PLLA,L,,,,,,,S,,0
SMA-11-01,TOKA,TOKA-016,5/14/2021,34,249,BAPI,,,BRDI2,10,L,,,,,,,,,,S,,0
SMA-11-01,TOKA,TOKA-016,5/14/2021,35,249,,,,LOCO6,10,BRDI2,L,,,,,,,,,S,,0
SMA-11-01,TOKA,TOKA-016,5/14/2021,36,249,BAPI,,,BRDI2,35,CRVE3,L,,,,,,,,,S,,0
SMA-11-01,TOKA,TOKA-016,5/14/2021,37,249,RUUR,,,PLLA,45,BRDI2,2GA,,,,,,,,,S,2,0
SMA-11-01,TOKA,TOKA-016,5/14/2021,38,249,BAPI,,,PLLA,10,BRDI2,2GA,,,,,,,,,S,2,0
SMA-11-01,TOKA,TOKA-016,5/14/2021,39,249,BAPI,,,BRDI2,10,VISA,L,,,,,,,,,S,,0
SMA-11-01,TOKA,TOKA-016,5/14/2021,40,249,BAPI,,,NOPLANT,NA,,,,,,,,,,,S,,0
SMA-11-01,TOKA,TOKA-016,5/14/2021,41,249,BAPI,,,NOPLANT,NA,L,,,,,,,,,,S,,0
SMA-11-01,TOKA,TOKA-016,5/14/2021,42,249,BAPI,,,BRDI2,13,LOCO6,L,,,,,,,,,S,,0
SMA-11-01,TOKA,TOKA-016,5/14/2021,43,249,BAPI,,,BRDI2,25,L,,,,,,,,,,S,,0
SMA-11-01,TOKA,TOKA-016,5/14/2021,44,249,BAPI,,,PLLA,10,BRDI2,CRVE3,L,,,,,,,,S,,0
SMA-11-01,TOKA,TOKA-016,5/14/2021,45,249,BAPI,,,BRHO2,15,VUBR,CRVE3,BRDI2,L,,,,,,,S,,0
SMA-11-01,TOKA,TOKA-016,5/14/2021,46,249,BAPI,,,GEDI,15,BRDI2,CRVE3,VISA,L,,,,,,,S,,0
SMA-11-01,TOKA,TOKA-016,5/14/2021,47,249,,,,BRDI2,20,CRVE3,2GA,2GP,,,,,,,,S,"2,3",0
SMA-11-01,TOKA,TOKA-016,5/14/2021,48,249,,,,LOPEM2,20,VISA,GEDI,ERCI6,L,,,,,,,S,,0
SMA-11-01,TOKA,TOKA-016,5/14/2021,49,249,,,,BRDI2,20,CRVE3,SIBE,PLLA,L,,,,,,,S,,0
SMA-11-01,TOKA,TOKA-016,5/14/2021,50,249,,,,LIBI5,35,BRDI2,GEDI,2GA,2GP,,,,,,,S,"3,4",0
SMA-11-01,TOKA,TOKA-016,5/22/2024,1,69,BAPI,,,LOPEM2,41,AVENA,BRDI2,2GA,L,,,,,,,S,3,0
SMA-11-01,TOKA,TOKA-016,5/22/2024,2,69,,,,VICIA,48,VUBR,L,,,,,,,,,S,,0
SMA-11-01,TOKA,TOKA-016,5/22/2024,3,69,BAPI,,,LOPEM2,13,L,,,,,,,,,,S,,0
SMA-11-01,TOKA,TOKA-016,5/22/2024,4,69,BAPI,,,BRHO2,61,LOPEM2,VICIA,L,,,,,,,,S,,0
SMA-11-01,TOKA,TOKA-016,5/22/2024,5,69,BAPI,,,BRDI2,43,VUBR,L,,,,,,,,,S,,0
SMA-11-01,TOKA,TOKA-016,5/22/2024,6,69,BAPI,,,BRHO2,52,LOPEM2,L,,,,,,,,,S,,0
SMA-11-01,TOKA,TOKA-016,5/22/2024,7,69,,,,LOPEM2,55,BRMI2,LOCO6,L,,,,,,,,S,,0
SMA-11-01,TOKA,TOKA-016,5/22/2024,8,69,,,,LOPEM2,38,PLLA,L,,,,,,,,,S,,0
SMA-11-01,TOKA,TOKA-016,5/22/2024,9,69,,,,LOPEM2,10,HYPOC,,,,,,,,,,AM,,0
SMA-11-01,TOKA,TOKA-016,5/22/2024,10,69,,,,LOPEM2,31,VITE,L,,,,,,,,,S,,0
SMA-11-01,TOKA,TOKA-016,5/22/2024,11,69,,,,BRDI2,34,LOPEM2,VITE,VUBR,L,,,,,,,S,,0
SMA-11-01,TOKA,TOKA-016,5/22/2024,12,69,,,,BRHO2,61,LOPEM2,LIBI5,BRDI2,L,,,,,,,S,,0
SMA-11-01,TOKA,TOKA-016,5/22/2024,13,69,,,,BRDI2,31,,,,,,,,,,,S,,0
SMA-11-01,TOKA,TOKA-016,5/22/2024,14,69,,,,AVENA,65,LOPEM2,VUBR,L,,,,,,,,S,,0
SMA-11-01,TOKA,TOKA-016,5/22/2024,15,69,,,,LOPEM2,15,PLLA,2GA,L,,,,,,,,S,2,0
SMA-11-01,TOKA,TOKA-016,5/22/2024,16,69,BAPI,,,LOPEM2,16,BRHO2,2GA,L,,,,,,,,S,2,0
SMA-11-01,TOKA,TOKA-016,5/22/2024,17,69,,,,BRDI2,17,PLLA,L,,,,,,,,,S,,0
SMA-11-01,TOKA,TOKA-016,5/22/2024,18,69,,,,VUBR,10,L,,,,,,,,,,S,,0
SMA-11-01,TOKA,TOKA-016,5/22/2024,19,69,BAPI,RUUR,,BRDI2,16,L,,,,,,,,,,S,,0
SMA-11-01,TOKA,TOKA-016,5/22/2024,20,69,BAPI,RUUR,,LOPEM2,25,L,,,,,,,,,,S,,0
SMA-11-01,TOKA,TOKA-016,5/22/2024,21,69,,,,BRDI2,25,PTAQ,L,,,,,,,,,S,,0
SMA-11-01,TOKA,TOKA-016,5/22/2024,22,69,,,,PHAQ,39,BRHO2,,,,,,,,,,AM,,0
SMA-11-01,TOKA,TOKA-016,5/22/2024,23,69,BAPI,,,BRHO2,35,VUBR,L,,,,,,,,,S,,0
SMA-11-01,TOKA,TOKA-016,5/22/2024,24,69,,,,PTAQ,35,BRDI2,VULPI,VITE,L,,,,,,,S,,0
SMA-11-01,TOKA,TOKA-016,5/22/2024,25,69,,,,VUBR,11,LOCO6,PTAQ,L,,,,,,,,S,,0
SMA-11-01,TOKA,TOKA-016,5/22/2024,26,69,BAPI,RUUR,,BRDI2,12,L,,,,,,,,,,S,,0
SMA-11-01,TOKA,TOKA-016,5/22/2024,27,69,,,,NOPLANT,NA,,,,,,,,,,,S,,0
SMA-11-01,TOKA,TOKA-016,5/22/2024,28,69,,,,VUBR,11,L,,,,,,,,,,S,,0
SMA-11-01,TOKA,TOKA-016,5/22/2024,29,69,,,,LOPEM2,20,VUBR,L,,,,,,,,,S,,0
SMA-11-01,TOKA,TOKA-016,5/22/2024,30,69,BAPI,,,LOPEM2,15,HYPOC,L,,,,,,,,,S,,0
SMA-11-01,TOKA,TOKA-016,5/22/2024,31,69,,,,VUBR,21,VITE,HYPOC,L,,,,,,,,S,,0
SMA-11-01,TOKA,TOKA-016,5/22/2024,32,69,BAPI,,,LOPEM2,31,VUBR,BRDI2,ASTERA,L,,,,,,,S,,0
SMA-11-01,TOKA,TOKA-016,5/22/2024,33,69,BAPI,,,BRCA5,61,L,,,,,,,,,,S,,0
SMA-11-01,TOKA,TOKA-016,5/22/2024,34,69,,,,VUBR,15,LOPEM2,,,,,,,,,,S,,0
SMA-11-01,TOKA,TOKA-016,5/22/2024,35,69,,,,BRDI2,16,VUBR,ASTERA,L,,,,,,,,S,,0
SMA-11-01,TOKA,TOKA-016,5/22/2024,36,69,BAPI,,,NOPLANT,NA,,,,,,,,,,,S,,0
SMA-11-01,TOKA,TOKA-016,5/22/2024,37,69,,,,NOPLANT,NA,,,,,,,,,,,S,,0
SMA-11-01,TOKA,TOKA-016,5/22/2024,38,69,BAPI,,,VUBR,20,LIBI5,HYPOC,L,,,,,,,,S,,0
SMA-11-01,TOKA,TOKA-016,5/22/2024,39,69,,,,VITE,21,BRHO2,HYPOC,L,,,,,,,,S,,0
SMA-11-01,TOKA,TOKA-016,5/22/2024,40,69,,,,BRDI2,5,,,,,,,,,,,AM,,0
SMA-11-01,TOKA,TOKA-016,5/22/2024,41,69,BAPI,,,VITE,10,L,,,,,,,,,,S,,0
SMA-11-01,TOKA,TOKA-016,5/22/2024,42,69,,,,HYPOC,30,VUBR,LOPEM2,L,,,,,,,,S,,0
SMA-11-01,TOKA,TOKA-016,5/22/2024,43,69,,,,VUBR,10,HYPOC,L,,,,,,,,,S,,0
SMA-11-01,TOKA,TOKA-016,5/22/2024,44,69,BAPI,,,VUBR,10,L,,,,,,,,,,S,,0
SMA-11-01,TOKA,TOKA-016,5/22/2024,45,69,,,,BRCA5,12,LIBI5,HYRA,L,,,,,,,,S,,0
SMA-11-01,TOKA,TOKA-016,5/22/2024,46,69,BAPI,,,VUBR,31,BRDI2,RUAC3,L,,,,,,,,S,,0
SMA-11-01,TOKA,TOKA-016,5/22/2024,47,69,,,,TRAN6,16,VUBR,,,,,,,,,,S,,0
SMA-11-01,TOKA,TOKA-016,5/22/2024,48,69,,,,VUBR,16,HYPOC,,,,,,,,,,S,,0
SMA-11-01,TOKA,TOKA-016,5/22/2024,49,69,BAPI,,,VUBR,15,LIBI5,L,,,,,,,,,S,,0
SMA-11-01,TOKA,TOKA-016,5/22/2024,50,69,,,,VUBR,6,VITE,HYPOC,,,,,,,,,S,,0
SMA-11-01,TOKA,TOKA-016,5/22/2024,1,249,,,,LOPEM2,12,VUBR,2GA,L,,,,,,,,S,2,0
SMA-11-01,TOKA,TOKA-016,5/22/2024,2,249,,,,VUBR,21,VITE,PLLA,BRCA5,L,,,,,,,S,,0
SMA-11-01,TOKA,TOKA-016,5/22/2024,3,249,,,,VUBR,15,PLLA,L,,,,,,,,,S,,0
SMA-11-01,TOKA,TOKA-016,5/22/2024,4,249,BAPI,,,BRCA5,16,VUBR,VITE,PLLA,L,,,,,,,S,,0
SMA-11-01,TOKA,TOKA-016,5/22/2024,5,249,BAPI,,,BRDI2,10,VUBR,L,,,,,,,,,S,,0
SMA-11-01,TOKA,TOKA-016,5/22/2024,6,249,,,,NOPLANT,NA,,,,,,,,,,,AM,,0
SMA-11-01,TOKA,TOKA-016,5/22/2024,7,249,,,,VUBR,21,TRDU2,,,,,,,,,,S,,0
SMA-11-01,TOKA,TOKA-016,5/22/2024,8,249,,,,VUBR,21,,,,,,,,,,,S,,0
SMA-11-01,TOKA,TOKA-016,5/22/2024,9,249,,,,BRDI3,16,PLLA,HYPOC,TRDU2,L,,,,,,,S,,0
SMA-11-01,TOKA,TOKA-016,5/22/2024,10,249,,,,LOPEM2,10,PLLA,,,,,,,,,,S,,0
SMA-11-01,TOKA,TOKA-016,5/22/2024,11,249,BAPI,,,VUBR,15,BRDI2,,,,,,,,,,S,,0
SMA-11-01,TOKA,TOKA-016,5/22/2024,12,249,BAPI,,,LOPEM2,11,LOCO6,L,,,,,,,,,S,,0
SMA-11-01,TOKA,TOKA-016,5/22/2024,13,249,,,,VUBR,20,,,,,,,,,,,S,,0
SMA-11-01,TOKA,TOKA-016,5/22/2024,14,249,,,,BRDI2,17,LOCO6,PLLA,L,,,,,,,,S,,0
SMA-11-01,TOKA,TOKA-016,5/22/2024,15,249,,,,PLLA,10,VUBR,L,,,,,,,,,S,,0
SMA-11-01,TOKA,TOKA-016,5/22/2024,16,249,,,,VUBR,6,TRDU2,,,,,,,,,,S,,0
SMA-11-01,TOKA,TOKA-016,5/22/2024,17,249,,,,VUBR,7,,,,,,,,,,,S,,0
SMA-11-01,TOKA,TOKA-016,5/22/2024,18,249,,,,AICA,12,TRAN6,,,,,,,,,,S,,0
SMA-11-01,TOKA,TOKA-016,5/22/2024,19,249,,,,TRAN6,4,HYPOC,,,,,,,,,,S,,0
SMA-11-01,TOKA,TOKA-016,5/22/2024,20,249,,,,VUBR,20,TRAN6,TRDU2,,,,,,,,,S,,0
SMA-11-01,TOKA,TOKA-016,5/22/2024,21,249,,,,LOPEM2,25,VUBR,BRHO2,PLLA,,,,,,,,S,,0
SMA-11-01,TOKA,TOKA-016,5/22/2024,22,249,,,,TRAN6,12,PLLA,,,,,,,,,,S,,0
SMA-11-01,TOKA,TOKA-016,5/22/2024,23,249,,,,TRAN6,3,,,,,,,,,,,S,,0
SMA-11-01,TOKA,TOKA-016,5/22/2024,24,249,,,,VUBR,7,TRDU2,HYPOC,,,,,,,,,S,,0
SMA-11-01,TOKA,TOKA-016,5/22/2024,25,249,,,,NOPLANT,NA,,,,,,,,,,,S,,0
SMA-11-01,TOKA,TOKA-016,5/22/2024,26,249,,,,BRCA5,8,HYPOC,,,,,,,,,,S,,0
SMA-11-01,TOKA,TOKA-016,5/22/2024,27,249,,,,TRDU2,8,PLLA,,,,,,,,,,S,,0
SMA-11-01,TOKA,TOKA-016,5/22/2024,28,249,,,,TRAN6,9,TRDU2,ASTERA,,,,,,,,,S,,0
SMA-11-01,TOKA,TOKA-016,5/22/2024,29,249,,,,VUBR,11,,,,,,,,,,,S,,0
SMA-11-01,TOKA,TOKA-016,5/22/2024,30,249,,,,TRAN6,21,VUBR,,,,,,,,,,S,,0
SMA-11-01,TOKA,TOKA-016,5/22/2024,31,249,,,,VUBR,9,AICA,,,,,,,,,,S,,0
SMA-11-01,TOKA,TOKA-016,5/22/2024,32,249,,,,VUBR,27,PTAQ,L,,,,,,,,,S,,0
SMA-11-01,TOKA,TOKA-016,5/22/2024,33,249,,,,BRDI2,9,VUBR,HYPOC,,,,,,,,,S,,0
SMA-11-01,TOKA,TOKA-016,5/22/2024,34,249,,,,PTAQ,16,ASTERA,,,,,,,,,,S,,0
SMA-11-01,TOKA,TOKA-016,5/22/2024,35,249,,,,NOPLANT,NA,L,,,,,,,,,,S,,0
SMA-11-01,TOKA,TOKA-016,5/22/2024,36,249,,,,BRMI2,19,BRDI2,PLLA,,,,,,,,,S,,0
SMA-11-01,TOKA,TOKA-016,5/22/2024,37,249,,,,BRDI2,18,PLLA,L,,,,,,,,,S,,0
SMA-11-01,TOKA,TOKA-016,5/22/2024,38,249,,,,VUBR,16,PLLA,,,,,,,,,,S,,0
SMA-11-01,TOKA,TOKA-016,5/22/2024,39,249,BAPI,,,PTAQ,29,LOPEM2,L,,,,,,,,,S,,0
SMA-11-01,TOKA,TOKA-016,5/22/2024,40,249,BAPI,,,BRHO2,12,,,,,,,,,,,S,,0
SMA-11-01,TOKA,TOKA-016,5/22/2024,41,249,BAPI,,,BRCA5,16,BRDI2,ASTERA,,,,,,,,,S,,0
SMA-11-01,TOKA,TOKA-016,5/22/2024,42,249,BAPI,,,VUBR,61,BRMI2,L,,,,,,,,,S,,0
SMA-11-01,TOKA,TOKA-016,5/22/2024,43,249,BAPI,,,VUBR,10,,,,,,,,,,,S,,0
SMA-11-01,TOKA,TOKA-016,5/22/2024,44,249,BAPI,RUUR,,NOPLANT,NA,L,,,,,,,,,,S,,0
SMA-11-01,TOKA,TOKA-016,5/22/2024,45,249,BAPI,,,ANAR,19,VUBR,L,,,,,,,,,S,,0
SMA-11-01,TOKA,TOKA-016,5/22/2024,46,249,BAPI,,,BRDI2,21,PLLA,L,,,,,,,,,S,,0
SMA-11-01,TOKA,TOKA-016,5/22/2024,47,249,BAPI,,,2FA,49,VICIA,L,,,,,,,,,S,,0
SMA-11-01,TOKA,TOKA-016,5/22/2024,48,249,BAPI,,,BRHO2,12,PLLA,LOCO6,L,,,,,,,,S,,0
SMA-11-01,TOKA,TOKA-016,5/22/2024,49,249,BAPI,,,VUBR,16,BRHO2,PLLA,L,,,,,,,,S,,0
SMA-11-01,TOKA,TOKA-016,5/22/2024,50,249,,,,PLLA,16,BRDI2,,,,,,,,,,S,,0
SMA-11-01,TOKA,TOKA-018,6/27/2016,1,160,,,,PLLA,34,BRDI2,,,,,,,,,,S,,0
SMA-11-01,TOKA,TOKA-018,6/27/2016,2,160,,,,BRDI2,21,PLLA,,,,,,,,,,S,,0
SMA-11-01,TOKA,TOKA-018,6/27/2016,3,160,,,,LIUS,31,BRDI2,PLLA,,,,,,,,,S,,0
SMA-11-01,TOKA,TOKA-018,6/27/2016,4,160,,,,BRDI2,10,TARAX,,,,,,,,,,S,,0
SMA-11-01,TOKA,TOKA-018,6/27/2016,5,160,,,,LOPEM2,41,BRDI2,PLLA,,,,,,,,,S,,0
SMA-11-01,TOKA,TOKA-018,6/27/2016,6,160,,,,BRDI2,19,,,,,,,,,,,S,,0
SMA-11-01,TOKA,TOKA-018,6/27/2016,7,160,,,,BRDI2,18,,,,,,,,,,,S,,0
SMA-11-01,TOKA,TOKA-018,6/27/2016,8,160,,,,PLLA,15,BRDI2,,,,,,,,,,S,,0
SMA-11-01,TOKA,TOKA-018,6/27/2016,9,160,,,,BRDI2,9,L,,,,,,,,,,S,,0
SMA-11-01,TOKA,TOKA-018,6/27/2016,10,160,,,,BRDI2,8,ANAR,,,,,,,,,,S,,0
SMA-11-01,TOKA,TOKA-018,6/27/2016,11,160,,,,BRDI2,10,PLLA,L,,,,,,,,,S,,0
SMA-11-01,TOKA,TOKA-018,6/27/2016,12,160,,,,BRDI2,29,,,,,,,,,,,S,,0
SMA-11-01,TOKA,TOKA-018,6/27/2016,13,160,,,,BRDI2,26,,,,,,,,,,,S,,0
SMA-11-01,TOKA,TOKA-018,6/27/2016,14,160,,,,NAPU4,26,PLLA,,,,,,,,,,S,,0
SMA-11-01,TOKA,TOKA-018,6/27/2016,15,160,,,,NAPU4,33,L,,,,,,,,,,S,,0
SMA-11-01,TOKA,TOKA-018,6/27/2016,16,160,,,,NAPU4,39,PLLA,,,,,,,,,,S,,0
SMA-11-01,TOKA,TOKA-018,6/27/2016,17,160,,,,PLLA,29,,,,,,,,,,,S,,0
SMA-11-01,TOKA,TOKA-018,6/27/2016,18,160,,,,NAPU4,22,PLLA,BRDI2,L,,,,,,,,S,,0
SMA-11-01,TOKA,TOKA-018,6/27/2016,19,160,,,,PLLA,11,BRDI2,,,,,,,,,,S,,0
SMA-11-01,TOKA,TOKA-018,6/27/2016,20,160,,,,BRDI2,28,PLLA,,,,,,,,,,S,,0
SMA-11-01,TOKA,TOKA-018,6/27/2016,21,160,,,,AVENA,63,BRDI2,PLLA,L,,,,,,,,S,,0
SMA-11-01,TOKA,TOKA-018,6/27/2016,22,160,,,,LIUS,28,BRDI2,PLLA,,,,,,,,,S,,0
SMA-11-01,TOKA,TOKA-018,6/27/2016,23,160,,,,BRDI2,16,,,,,,,,,,,S,,0
SMA-11-01,TOKA,TOKA-018,6/27/2016,24,160,,,,PLLA,38,BRDI2,L,,,,,,,,,S,,0
SMA-11-01,TOKA,TOKA-018,6/27/2016,25,160,,,,PLLA,34,BRDI2,L,,,,,,,,,S,,0
SMA-11-01,TOKA,TOKA-018,6/27/2016,26,160,,,,BRDI2,36,JUNCU,,,,,,,,,,S,,0
SMA-11-01,TOKA,TOKA-018,6/27/2016,27,160,,,,BRDI2,26,L,,,,,,,,,,S,,0
SMA-11-01,TOKA,TOKA-018,6/27/2016,28,160,,,,BRDI2,10,PLLA,L,,,,,,,,,S,,0
SMA-11-01,TOKA,TOKA-018,6/27/2016,29,160,,,,BRDI2,20,PLLA,,,,,,,,,,S,,0
SMA-11-01,TOKA,TOKA-018,6/27/2016,30,160,,,,PLLA,31,BRDI2,,,,,,,,,,S,,0
SMA-11-01,TOKA,TOKA-018,6/27/2016,31,160,,,,BRDI2,2,,,,,,,,,,,S,,0
SMA-11-01,TOKA,TOKA-018,6/27/2016,32,160,,,,LOCO6,44,BRDI2,SYCH4,L,,,,,,,,S,,0
SMA-11-01,TOKA,TOKA-018,6/27/2016,33,160,,,,BRDI2,22,L,,,,,,,,,,S,,0
SMA-11-01,TOKA,TOKA-018,6/27/2016,34,160,,,,AVBA,49,BRDI2,L,,,,,,,,,S,,0
SMA-11-01,TOKA,TOKA-018,6/27/2016,35,160,,,,BRDI2,9,,,,,,,,,,,S,,0
SMA-11-01,TOKA,TOKA-018,6/27/2016,36,160,,,,BRHO2,12,,,,,,,,,,,S,,0
SMA-11-01,TOKA,TOKA-018,6/27/2016,37,160,,,,NOPLANT,0,,,,,,,,,,,S,,0
SMA-11-01,TOKA,TOKA-018,6/27/2016,38,160,,,,NOPLANT,0,L,,,,,,,,,,S,,0
SMA-11-01,TOKA,TOKA-018,6/27/2016,39,160,,,,BRDI2,20,,,,,,,,,,,S,,0
SMA-11-01,TOKA,TOKA-018,6/27/2016,40,160,,,,BRDI2,5,,,,,,,,,,,S,,0
SMA-11-01,TOKA,TOKA-018,6/27/2016,41,160,,,,BRDI2,2,,,,,,,,,,,S,,0
SMA-11-01,TOKA,TOKA-018,6/27/2016,42,160,,,,NOPLANT,0,,,,,,,,,,,S,,0
SMA-11-01,TOKA,TOKA-018,6/27/2016,43,160,,,,CLDO2,10,,,,,,,,,,,S,,0
SMA-11-01,TOKA,TOKA-018,6/27/2016,44,160,,,,CLDO2,6,L,,,,,,,,,,S,,0
SMA-11-01,TOKA,TOKA-018,6/27/2016,45,160,,,,NOPLANT,0,,,,,,,,,,,S,,0
SMA-11-01,TOKA,TOKA-018,6/27/2016,46,160,,,,BRDI2,3,L,,,,,,,,,,S,,0
SMA-11-01,TOKA,TOKA-018,6/27/2016,47,160,,,,BRDI2,10,L,,,,,,,,,,S,,0
SMA-11-01,TOKA,TOKA-018,6/27/2016,48,160,,,,VICIA,4,CLDO2,L,,,,,,,,,S,,0
SMA-11-01,TOKA,TOKA-018,6/27/2016,49,160,,,,BRDI2,36,VICIA,L,,,,,,,,,S,,0
SMA-11-01,TOKA,TOKA-018,6/27/2016,50,160,,,,NOPLANT,0,L,,,,,,,,,,S,,0
SMA-11-01,TOKA,TOKA-018,6/27/2016,1,340,,,,BRDI2,15,PLLA,,,,,,,,,,S,,0
SMA-11-01,TOKA,TOKA-018,6/27/2016,2,340,,,,DACA3,15,VUBR,LOTUS,,,,,,,,,S,,0
SMA-11-01,TOKA,TOKA-018,6/27/2016,3,340,,,,VUBR,8,PLLA,,,,,,,,,,S,,0
SMA-11-01,TOKA,TOKA-018,6/27/2016,4,340,,,,GAPH2,20,,,,,,,,,,,S,,0
SMA-11-01,TOKA,TOKA-018,6/27/2016,5,340,,,,BRDI2,4,,,,,,,,,,,S,,0
SMA-11-01,TOKA,TOKA-018,6/27/2016,6,340,,,,PLLA,10,,,,,,,,,,,S,,0
SMA-11-01,TOKA,TOKA-018,6/27/2016,7,340,,,,BRDI2,15,,,,,,,,,,,S,,0
SMA-11-01,TOKA,TOKA-018,6/27/2016,8,340,,,,LOGA2,14,,,,,,,,,,,S,,0
SMA-11-01,TOKA,TOKA-018,6/27/2016,9,340,,,,GAPH2,10,,,,,,,,,,,S,,0
SMA-11-01,TOKA,TOKA-018,6/27/2016,10,340,,,,DACA3,15,LOTUS,,,,,,,,,,S,,0
SMA-11-01,TOKA,TOKA-018,6/27/2016,11,340,,,,LOGA2,20,DACA3,VUBR,L,,,,,,,,S,,0
SMA-11-01,TOKA,TOKA-018,6/27/2016,12,340,,,,BRDI2,18,,,,,,,,,,,S,,0
SMA-11-01,TOKA,TOKA-018,6/27/2016,13,340,,,,DACA3,18,LOPEM2,,,,,,,,,,S,,0
SMA-11-01,TOKA,TOKA-018,6/27/2016,14,340,,,,LOTUS,2,,,,,,,,,,,S,,0
SMA-11-01,TOKA,TOKA-018,6/27/2016,15,340,,,,AVBA,48,LOPEM2,LOTUS,,,,,,,,,S,,0
SMA-11-01,TOKA,TOKA-018,6/27/2016,16,340,,,,PHAQ,85,LOPEM2,LOTUS,L,,,,,,,,S,,0
SMA-11-01,TOKA,TOKA-018,6/27/2016,17,340,,,,PHAQ,89,VICIA,L,,,,,,,,,S,,0
SMA-11-01,TOKA,TOKA-018,6/27/2016,18,340,,,,PHAQ,100,LOTUS,L,,,,,,,,,S,,0
SMA-11-01,TOKA,TOKA-018,6/27/2016,19,340,,,,BRDI2,10,LOPEM2,,,,,,,,,,S,,0
SMA-11-01,TOKA,TOKA-018,6/27/2016,20,340,,,,BRDI2,10,,,,,,,,,,,S,,0
SMA-11-01,TOKA,TOKA-018,6/27/2016,21,340,,,,BRDI2,16,FRVE,L,,,,,,,,,S,,0
SMA-11-01,TOKA,TOKA-018,6/27/2016,22,340,,,,BRDI2,12,PLLA,,,,,,,,,,S,,0
SMA-11-01,TOKA,TOKA-018,6/27/2016,23,340,,,,BRDI2,18,PLLA,,,,,,,,,,S,,0
SMA-11-01,TOKA,TOKA-018,6/27/2016,24,340,,,,BRDI2,20,,,,,,,,,,,S,,0
SMA-11-01,TOKA,TOKA-018,6/27/2016,25,340,,,,BRDI2,5,,,,,,,,,,,S,,0
SMA-11-01,TOKA,TOKA-018,6/27/2016,26,340,,,,BRDI2,8,PLLA,,,,,,,,,,S,,0
SMA-11-01,TOKA,TOKA-018,6/27/2016,27,340,,,,BRDI2,5,,,,,,,,,,,S,,0
SMA-11-01,TOKA,TOKA-018,6/27/2016,28,340,,,,BRDI2,20,PLLA,L,,,,,,,,,S,,0
SMA-11-01,TOKA,TOKA-018,6/27/2016,29,340,,,,PLLA,39,BRDI2,,,,,,,,,,S,,0
SMA-11-01,TOKA,TOKA-018,6/27/2016,30,340,,,,PLLA,32,BRDI2,,,,,,,,,,S,,0
SMA-11-01,TOKA,TOKA-018,6/27/2016,31,340,,,,AVBA,29,BRDI2,L,,,,,,,,,S,,0
SMA-11-01,TOKA,TOKA-018,6/27/2016,32,340,,,,PLLA,20,BRDI2,L,,,,,,,,,S,,0
SMA-11-01,TOKA,TOKA-018,6/27/2016,33,340,,,,BRDI2,20,,,,,,,,,,,S,,0
SMA-11-01,TOKA,TOKA-018,6/27/2016,34,340,,,,BRDI2,19,L,,,,,,,,,,S,,0
SMA-11-01,TOKA,TOKA-018,6/27/2016,35,340,,,,BRDI2,16,PLLA,L,,,,,,,,,S,,0
SMA-11-01,TOKA,TOKA-018,6/27/2016,36,340,,,,BRDI2,4,PLLA,,,,,,,,,,S,,0
SMA-11-01,TOKA,TOKA-018,6/27/2016,37,340,,,,PLLA,28,BRDI2,L,,,,,,,,,S,,0
SMA-11-01,TOKA,TOKA-018,6/27/2016,38,340,,,,BRDI2,15,L,,,,,,,,,,S,,0
SMA-11-01,TOKA,TOKA-018,6/27/2016,39,340,,,,PLLA,16,BRDI2,L,,,,,,,,,S,,0
SMA-11-01,TOKA,TOKA-018,6/27/2016,40,340,,,,PLLA,32,BRDI2,,,,,,,,,,S,,0
SMA-11-01,TOKA,TOKA-018,6/27/2016,41,340,,,,BRDI2,12,,,,,,,,,,,S,,0
SMA-11-01,TOKA,TOKA-018,6/27/2016,42,340,,,,BRDI2,11,PLLA,L,,,,,,,,,S,,0
SMA-11-01,TOKA,TOKA-018,6/27/2016,43,340,,,,PLLA,14,BRDI2,,,,,,,,,,S,,0
SMA-11-01,TOKA,TOKA-018,6/27/2016,44,340,,,,VUBR,30,BRDI2,L,,,,,,,,,S,,0
SMA-11-01,TOKA,TOKA-018,6/27/2016,45,340,,,,BRDI2,18,DACA3,L,,,,,,,,,S,,0
SMA-11-01,TOKA,TOKA-018,6/27/2016,46,340,,,,LIUS,40,BRDI2,VUBR,,,,,,,,,S,,0
SMA-11-01,TOKA,TOKA-018,6/27/2016,47,340,,,,PLLA,24,BRDI2,,,,,,,,,,S,,0
SMA-11-01,TOKA,TOKA-018,6/27/2016,48,340,,,,BRDI2,5,,,,,,,,,,,S,,0
SMA-11-01,TOKA,TOKA-018,6/27/2016,49,340,,,,PLLA,16,BRDI2,,,,,,,,,,S,,0
SMA-11-01,TOKA,TOKA-018,6/27/2016,50,340,,,,PLLA,29,VUBR,BRDI2,L,,,,,,,,S,,0
SMA-11-01,TOKA,TOKA-018,5/29/2018,1,160,,,,BRDI2,21,PLLA,L,,,,,,,,,S,,0
SMA-11-01,TOKA,TOKA-018,5/29/2018,2,160,,,,BRDI2,19,PLLA,L,,,,,,,,,S,,0
SMA-11-01,TOKA,TOKA-018,5/29/2018,3,160,,,,BRDI2,7,2GA,,,,,,,,,,S,1,0
SMA-11-01,TOKA,TOKA-018,5/29/2018,4,160,,,,PLLA,22,BRDI2,L,,,,,,,,,S,,0
SMA-11-01,TOKA,TOKA-018,5/29/2018,5,160,,,,BRCA5,56,BRDI2,L,,,,,,,,,S,,0
SMA-11-01,TOKA,TOKA-018,5/29/2018,6,160,,,,BRDI2,30,2GA,,,,,,,,,,S,1,0
SMA-11-01,TOKA,TOKA-018,5/29/2018,7,160,,,,BRHO2,11,PLLA,L,,,,,,,,,S,,0
SMA-11-01,TOKA,TOKA-018,5/29/2018,8,160,,,,BRDI2,19,PLLA,2GA,,,,,,,,,S,2,0
SMA-11-01,TOKA,TOKA-018,5/29/2018,9,160,,,,PLLA,27,BRDI2,L,,,,,,,,,S,,0
SMA-11-01,TOKA,TOKA-018,5/29/2018,10,160,,,,BRDI2,28,LIBI5,PLLA,L,,,,,,,,S,,0
SMA-11-01,TOKA,TOKA-018,5/29/2018,11,160,,,,BRDI2,11,2GA,,,,,,,,,,S,1,0
SMA-11-01,TOKA,TOKA-018,5/29/2018,12,160,,,,DACA3,12,PLLA,L,,,,,,,,,S,,0
SMA-11-01,TOKA,TOKA-018,5/29/2018,13,160,,,,PLLA,20,2GA,,,,,,,,,,S,,0
SMA-11-01,TOKA,TOKA-018,5/29/2018,14,160,,,,LIBI5,17,BRDI2,L,,,,,,,,,S,,0
SMA-11-01,TOKA,TOKA-018,5/29/2018,15,160,,,,BRHO2,24,DACA3,L,,,,,,,,,S,,0
SMA-11-01,TOKA,TOKA-018,5/29/2018,16,160,,,,BRDI2,20,2GA,,,,,,,,,,S,1,0
SMA-11-01,TOKA,TOKA-018,5/29/2018,17,160,,,,DACA3,9,PLLA,,,,,,,,,,DACA3,,0
SMA-11-01,TOKA,TOKA-018,5/29/2018,18,160,,,,BRDI2,25,TRDU2,2GA,L,,,,,,,,S,2,0
SMA-11-01,TOKA,TOKA-018,5/29/2018,19,160,,,,BRDI2,15,PLLA,L,,,,,,,,,S,,0
SMA-11-01,TOKA,TOKA-018,5/29/2018,20,160,,,,BRDI2,4,2GA,,,,,,,,,,S,1,0
SMA-11-01,TOKA,TOKA-018,5/29/2018,21,160,,,,BRDI2,6,L,,,,,,,,,,S,,0
SMA-11-01,TOKA,TOKA-018,5/29/2018,22,160,,,,BRDI2,28,PLLA,LIBI5,L,,,,,,,,S,,0
SMA-11-01,TOKA,TOKA-018,5/29/2018,23,160,,,,BRDI2,11,DACA3,FRVE,L,,,,,,,,S,,0
SMA-11-01,TOKA,TOKA-018,5/29/2018,24,160,,,,LIBI5,20,BRDI2,PLLA,HYRA3,L,,,,,,,S,,0
SMA-11-01,TOKA,TOKA-018,5/29/2018,25,160,,,,BRDI2,10,LOCO6,2GA,,,,,,,,,S,2,0
SMA-11-01,TOKA,TOKA-018,5/29/2018,26,160,,,,BRDI2,15,PLLA,L,,,,,,,,,S,,0
SMA-11-01,TOKA,TOKA-018,5/29/2018,27,160,,,,BRDI2,24,2GA,,,,,,,,,,S,1,0
SMA-11-01,TOKA,TOKA-018,5/29/2018,28,160,,,,HYRA3,23,BRDI2,HYRA3,2GA,,,,,,,,,3,0
SMA-11-01,TOKA,TOKA-018,5/29/2018,29,160,,,,PLLA,9,L,,,,,,,,,,S,,0
SMA-11-01,TOKA,TOKA-018,5/29/2018,30,160,,,,LIBI5,6,2GA,,,,,,,,,,S,1,0
SMA-11-01,TOKA,TOKA-018,5/29/2018,31,160,,,,BRDI2,15,VITE,PLLA,2GA,,,,,,,,S,3,0
SMA-11-01,TOKA,TOKA-018,5/29/2018,32,160,,,,LIBI5,30,PLLA,L,,,,,,,,,S,,0
SMA-11-01,TOKA,TOKA-018,5/29/2018,33,160,,,,LIBI5,3,2GA,,,,,,,,,,S,1,0
SMA-11-01,TOKA,TOKA-018,5/29/2018,34,160,,,,BRDI2,26,LIBI5,LOCO6,2GA,,,,,,,,S,3,0
SMA-11-01,TOKA,TOKA-018,5/29/2018,35,160,,,,LIBI5,50,BRDI2,FRVE,2GA,,,,,,,,S,3,0
SMA-11-01,TOKA,TOKA-018,5/29/2018,36,160,BAPI,,,BRDI2,19,2GA,,,,,,,,,,S,1,0
SMA-11-01,TOKA,TOKA-018,5/29/2018,37,160,BAPI,,,BRDI2,19,L,,,,,,,,,,S,,0
SMA-11-01,TOKA,TOKA-018,5/29/2018,38,160,,,,LIBI5,40,BRDI2,BRCA5,2GA,,,,,,,,S,3,0
SMA-11-01,TOKA,TOKA-018,5/29/2018,39,160,BAPI,,,LOPEM2,14,L,,,,,,,,,,S,,0
SMA-11-01,TOKA,TOKA-018,5/29/2018,40,160,DIAUA,,,VITE,14,L,,,,,,,,,,S,,0
SMA-11-01,TOKA,TOKA-018,5/29/2018,41,160,BAPI,TODI,,BRDI2,21,L,,,,,,,,,,S,,0
SMA-11-01,TOKA,TOKA-018,5/29/2018,42,160,,,,BRDI2,9,L,,,,,,,,,,S,,0
SMA-11-01,TOKA,TOKA-018,5/29/2018,43,160,BAPI,,,2GA,14,,,,,,,,,,,S,,1
SMA-11-01,TOKA,TOKA-018,5/29/2018,44,160,,,,BRDI2,19,L,,,,,,,,,,S,,0
SMA-11-01,TOKA,TOKA-018,5/29/2018,45,160,BAPI,,,BRDI2,12,2GA,L,,,,,,,,,S,1,0
SMA-11-01,TOKA,TOKA-018,5/29/2018,46,160,,,,LOPEM2,30,RUUR,L,,,,,,,,,S,,0
SMA-11-01,TOKA,TOKA-018,5/29/2018,47,160,,,,VUBR,25,VITE,BRMI2,CLDO2,L,,,,,,,S,,0
SMA-11-01,TOKA,TOKA-018,5/29/2018,48,160,TODI,,,VITE,13,BRDI2,CLDO2,L,,,,,,,,S,,0
SMA-11-01,TOKA,TOKA-018,5/29/2018,49,160,BAPI,,,ANAR,20,BRDI2,2GA,,,,,,,,,S,2,0
SMA-11-01,TOKA,TOKA-018,5/29/2018,50,160,,,,VITE,30,BRDI2,VUBR,L,,,,,,,,S,,0
SMA-11-01,TOKA,TOKA-018,5/29/2018,1,340,,,,BRDI2,25,2GA,,,,,,,,,,S,1,0
SMA-11-01,TOKA,TOKA-018,5/29/2018,2,340,,,,HYRA3,2,2GA,,,,,,,,,,S,1,0
SMA-11-01,TOKA,TOKA-018,5/29/2018,3,340,,,,PLLA,5,L,,,,,,,,,,S,,0
SMA-11-01,TOKA,TOKA-018,5/29/2018,4,340,,,,DACA3,6,BRDI2,L,,,,,,,,,S,,0
SMA-11-01,TOKA,TOKA-018,5/29/2018,5,340,,,,PLLA,23,BRDI2,2GA,,,,,,,,,S,2,0
SMA-11-01,TOKA,TOKA-018,5/29/2018,6,340,,,,BRDI2,23,LIBI5,SIBE,PLLA,L,,,,,,,S,,0
SMA-11-01,TOKA,TOKA-018,5/29/2018,7,340,,,,PLLA,45,BRDI2,L,,,,,,,,,S,,0
SMA-11-01,TOKA,TOKA-018,5/29/2018,8,340,,,,,NA,,,,,,,,,,,,,0
SMA-11-01,TOKA,TOKA-018,5/29/2018,9,340,,,,,NA,,,,,,,,,,,,,0
SMA-11-01,TOKA,TOKA-018,5/29/2018,10,340,,,,,NA,,,,,,,,,,,,,0
SMA-11-01,TOKA,TOKA-018,5/29/2018,11,340,,,,,NA,,,,,,,,,,,,,0
SMA-11-01,TOKA,TOKA-018,5/29/2018,12,340,,,,,NA,,,,,,,,,,,,,0
SMA-11-01,TOKA,TOKA-018,5/29/2018,13,340,,,,,NA,,,,,,,,,,,,,0
SMA-11-01,TOKA,TOKA-018,5/29/2018,14,340,,,,,NA,,,,,,,,,,,,,0
SMA-11-01,TOKA,TOKA-018,5/29/2018,15,340,,,,,NA,,,,,,,,,,,,,0
SMA-11-01,TOKA,TOKA-018,5/29/2018,16,340,,,,,NA,,,,,,,,,,,,,0
SMA-11-01,TOKA,TOKA-018,5/29/2018,17,340,,,,,NA,,,,,,,,,,,,,0
SMA-11-01,TOKA,TOKA-018,5/29/2018,18,340,,,,PLLA,14,2GA,,,,,,,,,,S,1,0
SMA-11-01,TOKA,TOKA-018,5/29/2018,19,340,BAPI,,,BRDI2,10,L,,,,,,,,,,S,,0
SMA-11-01,TOKA,TOKA-018,5/29/2018,20,340,,,,BRDI2,15,L,,,,,,,,,,S,,0
SMA-11-01,TOKA,TOKA-018,5/29/2018,21,340,,,,BRDI2,14,2GA,,,,,,,,,,S,1,0
SMA-11-01,TOKA,TOKA-018,5/29/2018,22,340,,,,BRDI2,5,2GA,,,,,,,,,,S,1,0
SMA-11-01,TOKA,TOKA-018,5/29/2018,23,340,,,,BRDI2,10,2GA,,,,,,,,,,S,1,0
SMA-11-01,TOKA,TOKA-018,5/29/2018,24,340,,,,PLLA,16,BRDI2,2GA,,,,,,,,,S,2,0
SMA-11-01,TOKA,TOKA-018,5/29/2018,25,340,,,,PLLA,7,2GA,,,,,,,,,,S,1,0
SMA-11-01,TOKA,TOKA-018,5/29/2018,26,340,,,,BRDI2,20,DACA3,PLLA,L,,,,,,,,S,,0
SMA-11-01,TOKA,TOKA-018,5/29/2018,27,340,,,,BRDI2,10,2GA,,,,,,,,,,S,1,0
SMA-11-01,TOKA,TOKA-018,5/29/2018,28,340,,,,BRDI2,11,PLLA,L,,,,,,,,,S,,0
SMA-11-01,TOKA,TOKA-018,5/29/2018,29,340,,,,BRDI2,20,2GA,,,,,,,,,,S,1,0
SMA-11-01,TOKA,TOKA-018,5/29/2018,30,340,,,,BRDI2,10,2GA,,,,,,,,,,S,1,0
SMA-11-01,TOKA,TOKA-018,5/29/2018,31,340,,,,BRDI2,15,PLLA,2GA,,,,,,,,,S,2,0
SMA-11-01,TOKA,TOKA-018,5/29/2018,32,340,,,,BRDI2,25,2GA,,,,,,,,,,S,1,0
SMA-11-01,TOKA,TOKA-018,5/29/2018,33,340,,,,NOPLANT,NA,WL,L,,,,,,,,,S,,0
SMA-11-01,TOKA,TOKA-018,5/29/2018,34,340,,,,BRDI2,16,LIBI5,2GA,,,,,,,,,S,2,0
SMA-11-01,TOKA,TOKA-018,5/29/2018,35,340,,,,PLLA,3,L,,,,,,,,,,S,,0
SMA-11-01,TOKA,TOKA-018,5/29/2018,36,340,,,,BRHO2,16,RUUR,L,,,,,,,,,S,,0
SMA-11-01,TOKA,TOKA-018,5/29/2018,37,340,BAPI,,,BRDI2,30,L,,,,,,,,,,S,,0
SMA-11-01,TOKA,TOKA-018,5/29/2018,38,340,,,,PLLA,24,BRDI2,L,,,,,,,,,S,,0
SMA-11-01,TOKA,TOKA-018,5/29/2018,39,340,,,,BRHO2,25,BRDI2,L,,,,,,,,,S,,0
SMA-11-01,TOKA,TOKA-018,5/29/2018,40,340,,,,BRDI2,4,L,,,,,,,,,,S,,0
SMA-11-01,TOKA,TOKA-018,5/29/2018,41,340,,,,PLLA,4,L,,,,,,,,,,S,,0
SMA-11-01,TOKA,TOKA-018,5/29/2018,42,340,,,,PLLA,14,,,,,,,,,,,S,,0
SMA-11-01,TOKA,TOKA-018,5/29/2018,43,340,,,,LIBI5,6,HYRA3,L,,,,,,,,,S,,0
SMA-11-01,TOKA,TOKA-018,5/29/2018,44,340,,,,NOPLANT,NA,,,,,,,,,,,S,,0
SMA-11-01,TOKA,TOKA-018,5/29/2018,45,340,,,,TRAN6,21,BRDI2,PLLA,L,,,,,,,,S,,0
SMA-11-01,TOKA,TOKA-018,5/29/2018,46,340,,,,TRAN6,19,BRDI2,PLLA,L,,,,,,,,S,,0
SMA-11-01,TOKA,TOKA-018,5/29/2018,47,340,,,,LIBI5,7,BRDI2,L,,,,,,,,,S,,0
SMA-11-01,TOKA,TOKA-018,5/29/2018,48,340,,,,NOPLANT,NA,,,,,,,,,,,HYRA3,,0
SMA-11-01,TOKA,TOKA-018,5/29/2018,49,340,,,,BRDI2,15,PLLA,,,,,,,,,,S,,0
SMA-11-01,TOKA,TOKA-018,5/29/2018,50,340,,,,BRDI2,24,VITE,L,,,,,,,,,S,,0
SMA-11-01,TOKA,TOKA-018,6/29/2021,1,160,,,,PLLA,25,BRDI2,L,,,,,,,,,S,,0
SMA-11-01,TOKA,TOKA-018,6/29/2021,2,160,,,,PLLA,11,DACA3,BRDI2,L,,,,,,,,S,,0
SMA-11-01,TOKA,TOKA-018,6/29/2021,3,160,,,,DACA3,8,L,,,,,,,,,,S,,0
SMA-11-01,TOKA,TOKA-018,6/29/2021,4,160,,,,DACA3,6,DACA3,,,,,,,,,,S,,1
SMA-11-01,TOKA,TOKA-018,6/29/2021,5,160,,,,JUNCU,13,DACA3,DACA3,,,,,,,,,S,2,0
SMA-11-01,TOKA,TOKA-018,6/29/2021,6,160,,,,BRDI2,7,DACA3,DACA3,,,,,,,,,S,2,0
SMA-11-01,TOKA,TOKA-018,6/29/2021,7,160,,,,SIBE,14,BRDI2,BRDI2,,,,,,,,,S,2,0
SMA-11-01,TOKA,TOKA-018,6/29/2021,8,160,,,,PLLA,10,BRDI2,L,,,,,,,,,S,,0
SMA-11-01,TOKA,TOKA-018,6/29/2021,9,160,,,,BRDI2,5,2GA,,,,,,,,,,S,1,0
SMA-11-01,TOKA,TOKA-018,6/29/2021,10,160,,,,PLLA,5,2GA,,,,,,,,,,S,1,0
SMA-11-01,TOKA,TOKA-018,6/29/2021,11,160,,,,PLLA,7,2GA,,,,,,,,,,S,1,0
SMA-11-01,TOKA,TOKA-018,6/29/2021,12,160,,,,PLLA,9,BRDI2,,,,,,,,,,S,1,0
SMA-11-01,TOKA,TOKA-018,6/29/2021,13,160,,,,PLLA,7,BRDI2,,,,,,,,,,S,1,0
SMA-11-01,TOKA,TOKA-018,6/29/2021,14,160,,,,PLLA,24,BRDI2,L,,,,,,,,,S,,0
SMA-11-01,TOKA,TOKA-018,6/29/2021,15,160,,,,PLLA,24,BRDI2,,,,,,,,,,S,1,0
SMA-11-01,TOKA,TOKA-018,6/29/2021,16,160,,,,PLLA,26,BRDI2,BRDI2,,,,,,,,,S,2,0
SMA-11-01,TOKA,TOKA-018,6/29/2021,17,160,,,,BRDI2,14,PLLA,L,,,,,,,,,S,,0
SMA-11-01,TOKA,TOKA-018,6/29/2021,18,160,,,,PLLA,30,L,,,,,,,,,,S,,0
SMA-11-01,TOKA,TOKA-018,6/29/2021,19,160,,,,DACA3,9,DACA3,BRDI2,,,,,,,,,S,1,0
SMA-11-01,TOKA,TOKA-018,6/29/2021,20,160,,,,DACA3,5,PLLA,L,,,,,,,,,S,,0
SMA-11-01,TOKA,TOKA-018,6/29/2021,21,160,,,,PLLA,10,DACA3,DACA3,,,,,,,,,S,2,0
SMA-11-01,TOKA,TOKA-018,6/29/2021,22,160,,,,PLLA,7,BRDI2,BRDI2,,,,,,,,,S,2,0
SMA-11-01,TOKA,TOKA-018,6/29/2021,23,160,,,,BRDI2,8,PLLA,L,,,,,,,,,S,,0
SMA-11-01,TOKA,TOKA-018,6/29/2021,24,160,,,,BRDI2,11,BRDI2,,,,,,,,,,S,1,0
SMA-11-01,TOKA,TOKA-018,6/29/2021,25,160,,,,PLLA,16,BRDI2,,,,,,,,,,S,1,0
SMA-11-01,TOKA,TOKA-018,6/29/2021,26,160,RUUR,,,HYRA3,10,PLLA,2GA,,,,,,,,,S,2,0
SMA-11-01,TOKA,TOKA-018,6/29/2021,27,160,BAPI,,,FRVE,16,BRDI2,L,,,,,,,,,S,,0
SMA-11-01,TOKA,TOKA-018,6/29/2021,28,160,,,,BRDI2,10,PLLA,HYRA3,,,,,,,,,S,,0
SMA-11-01,TOKA,TOKA-018,6/29/2021,29,160,,,,PLLA,6,BRDI2,BRDI2,,,,,,,,,S,2,0
SMA-11-01,TOKA,TOKA-018,6/29/2021,30,160,,,,BRDI2,5,PLLA,L,,,,,,,,,S,,0
SMA-11-01,TOKA,TOKA-018,6/29/2021,31,160,,,,PLLA,8,FRVE,2GA,,,,,,,,,S,2,0
SMA-11-01,TOKA,TOKA-018,6/29/2021,32,160,,,,PLLA,5,BRDI2,2GA,,,,,,,,,S,2,0
SMA-11-01,TOKA,TOKA-018,6/29/2021,33,160,BAPI,RUUR,,2GA,4,,,,,,,,,,,S,,1
SMA-11-01,TOKA,TOKA-018,6/29/2021,34,160,,,,LIBI5,13,VUBR,L,,,,,,,,,S,,0
SMA-11-01,TOKA,TOKA-018,6/29/2021,35,160,BAPI,RUUR,,VICIA,25,BRDI2,L,,,,,,,,,S,,0
SMA-11-01,TOKA,TOKA-018,6/29/2021,36,160,BAPI,,,BRDI2,24,L,,,,,,,,,,S,,0
SMA-11-01,TOKA,TOKA-018,6/29/2021,37,160,,,,PLLA,20,BRDI2,2GA,,,,,,,,,S,2,0
SMA-11-01,TOKA,TOKA-018,6/29/2021,38,160,,,,BRDI2,5,L,,,,,,,,,,S,,0
SMA-11-01,TOKA,TOKA-018,6/29/2021,39,160,RUUR,,,LIBI5,7,BRDI2,2GA,,,,,,,,,S,2,0
SMA-11-01,TOKA,TOKA-018,6/29/2021,40,160,BAPI,TODI,RUUR,BRDI2,14,L,,,,,,,,,,S,,0
SMA-11-01,TOKA,TOKA-018,6/29/2021,41,160,BAPI,,,NOPLANT,NA,L,,,,,,,,,,S,,0
SMA-11-01,TOKA,TOKA-018,6/29/2021,42,160,BAPI,TODI,,2GA,5,L,,,,,,,,,,S,,1
SMA-11-01,TOKA,TOKA-018,6/29/2021,43,160,,,,BRDI2,40,TODI,2GA,,,,,,,,,S,2,0
SMA-11-01,TOKA,TOKA-018,6/29/2021,44,160,BAPI,,,BRDI2,25,L,,,,,,,,,,S,,0
SMA-11-01,TOKA,TOKA-018,6/29/2021,45,160,BAPI,,,PHAQ,83,PHAQ,,,,,,,,,,S,1,0
SMA-11-01,TOKA,TOKA-018,6/29/2021,46,160,BAPI,,,BRDI2,19,L,,,,,,,,,,S,,0
SMA-11-01,TOKA,TOKA-018,6/29/2021,47,160,BAPI,,,BRDI2,13,2GA,,,,,,,,,,S,1,0
SMA-11-01,TOKA,TOKA-018,6/29/2021,48,160,,,,BRDI2,15,CLDO2,2GA,,,,,,,,,S,2,0
SMA-11-01,TOKA,TOKA-018,6/29/2021,49,160,TODI,BAPI,,2GA,5,,,,,,,,,,,S,,1
SMA-11-01,TOKA,TOKA-018,6/29/2021,50,160,BAPI,,,2GA,12,L,,,,,,,,,,S,,1
SMA-11-01,TOKA,TOKA-018,6/29/2021,1,340,,,,PHAQ,30,,,,,,,,,,,S,,0
SMA-11-01,TOKA,TOKA-018,6/29/2021,2,340,,,,LIBI5,25,2GA,,,,,,,,,,S,,0
SMA-11-01,TOKA,TOKA-018,6/29/2021,3,340,,,,PLLA,19,PHAQ,BRDI2,BRDI2,,,,,,,,S,3,0
SMA-11-01,TOKA,TOKA-018,6/29/2021,4,340,,,,PLLA,31,BRDI2,L,,,,,,,,,S,,0
SMA-11-01,TOKA,TOKA-018,6/29/2021,5,340,,,,BRDI2,5,2GA,,,,,,,,,,S,1,0
SMA-11-01,TOKA,TOKA-018,6/29/2021,6,340,,,,LOPEM2,23,BRDI2,PLLA,L,,,,,,,,S,,0
SMA-11-01,TOKA,TOKA-018,6/29/2021,7,340,,,,PLLA,29,BRDI2,LIBI5,2GA,,,,,,,,S,3,0
SMA-11-01,TOKA,TOKA-018,6/29/2021,8,340,,,,PLLA,18,BRDI2,2GA,,,,,,,,,S,2,0
SMA-11-01,TOKA,TOKA-018,6/29/2021,9,340,BAPI,,,2GA,39,BRDI2,L,,,,,,,,,S,,1
SMA-11-01,TOKA,TOKA-018,6/29/2021,10,340,,,,,NA,,,,,,,,,,,,,0
SMA-11-01,TOKA,TOKA-018,6/29/2021,11,340,,,,,NA,,,,,,,,,,,,,0
SMA-11-01,TOKA,TOKA-018,6/29/2021,12,340,,,,,NA,,,,,,,,,,,,,0
SMA-11-01,TOKA,TOKA-018,6/29/2021,13,340,,,,,NA,,,,,,,,,,,,,0
SMA-11-01,TOKA,TOKA-018,6/29/2021,14,340,,,,,NA,,,,,,,,,,,,,0
SMA-11-01,TOKA,TOKA-018,6/29/2021,15,340,,,,,NA,,,,,,,,,,,,,0
SMA-11-01,TOKA,TOKA-018,6/29/2021,16,340,,,,,NA,,,,,,,,,,,,,0
SMA-11-01,TOKA,TOKA-018,6/29/2021,17,340,BAPI,DIAU,,NOPLANT,NA,L,,,,,,,,,,S,,0
SMA-11-01,TOKA,TOKA-018,6/29/2021,18,340,BAPI,,,BRDI2,3,L,,,,,,,,,,S,,0
SMA-11-01,TOKA,TOKA-018,6/29/2021,19,340,,,,PLLA,5,2GA,,,,,,,,,,S,1,0
SMA-11-01,TOKA,TOKA-018,6/29/2021,20,340,,,,BRDI2,3,L,,,,,,,,,,S,,0
SMA-11-01,TOKA,TOKA-018,6/29/2021,21,340,,,,LIBI5,10,PLLA,BAPI,BRDI2,2GA,,,,,,,S,4,0
SMA-11-01,TOKA,TOKA-018,6/29/2021,22,340,,,,BRDI2,5,L,,,,,,,,,,S,,0
SMA-11-01,TOKA,TOKA-018,6/29/2021,23,340,,,,PHAQ,28,BRDI2,2GA,,,,,,,,,S,2,0
SMA-11-01,TOKA,TOKA-018,6/29/2021,24,340,,,,PHAQ,19,BRDI2,PLLA,2GA,,,,,,,,S,3,1
SMA-11-01,TOKA,TOKA-018,6/29/2021,25,340,,,,PLLA,14,2GA,,,,,,,,,,S,1,0
SMA-11-01,TOKA,TOKA-018,6/29/2021,26,340,,,,PHAQ,58,PHAQ,2GA,,,,,,,,,S,"1,2",0
SMA-11-01,TOKA,TOKA-018,6/29/2021,27,340,,,,PLLA,3,L,,,,,,,,,,S,,0
SMA-11-01,TOKA,TOKA-018,6/29/2021,28,340,,,,PLLA,17,L,,,,,,,,,,S,,0
SMA-11-01,TOKA,TOKA-018,6/29/2021,29,340,,,,2GA,3,,,,,,,,,,,S,,1
SMA-11-01,TOKA,TOKA-018,6/29/2021,30,340,,,,LIBI5,13,BRDI2,PLLA,2GA,,,,,,,,S,3,0
SMA-11-01,TOKA,TOKA-018,6/29/2021,31,340,,,,2GA,9,PLLA,L,,,,,,,,,S,,1
SMA-11-01,TOKA,TOKA-018,6/29/2021,32,340,,,,BRDI2,1,L,,,,,,,,,,S,,0
SMA-11-01,TOKA,TOKA-018,6/29/2021,33,340,BAPI,,,NOPLANT,NA,L,,,,,,,,,,S,,0
SMA-11-01,TOKA,TOKA-018,6/29/2021,34,340,BAPI,,,NOPLANT,NA,L,,,,,,,,,,S,,0
SMA-11-01,TOKA,TOKA-018,6/29/2021,35,340,BAPI,,,BRDI2,10,2GA,L,,,,,,,,,S,1,0
SMA-11-01,TOKA,TOKA-018,6/29/2021,36,340,BAPI,RUUR,,NOPLANT,NA,L,,,,,,,,,,S,,0
SMA-11-01,TOKA,TOKA-018,6/29/2021,37,340,,,,PLLA,21,L,,,,,,,,,,S,,0
SMA-11-01,TOKA,TOKA-018,6/29/2021,38,340,BAPI,RUUR,,BRDI2,7,L,,,,,,,,,,S,,0
SMA-11-01,TOKA,TOKA-018,6/29/2021,39,340,,,,PLLA,16,L,,,,,,,,,,S,,0
SMA-11-01,TOKA,TOKA-018,6/29/2021,40,340,,,,NOPLANT,NA,L,,,,,,,,,,S,,0
SMA-11-01,TOKA,TOKA-018,6/29/2021,41,340,,,,PLLA,8,L,,,,,,,,,,S,,0
SMA-11-01,TOKA,TOKA-018,6/29/2021,42,340,BAPI,,,FRVE,12,JUNCU,L,,,,,,,,,S,,0
SMA-11-01,TOKA,TOKA-018,6/29/2021,43,340,BAPI,,,BRDI2,10,2GA,,,,,,,,,,S,1,0
SMA-11-01,TOKA,TOKA-018,6/29/2021,44,340,,,,NOPLANT,NA,,,,,,,,,,,S,,0
SMA-11-01,TOKA,TOKA-018,6/29/2021,45,340,,,,2GA,7,PLLA,,,,,,,,,,S,,1
SMA-11-01,TOKA,TOKA-018,6/29/2021,46,340,,,,BRDI2,7,PLLA,,,,,,,,,,S,,0
SMA-11-01,TOKA,TOKA-018,6/29/2021,47,340,,,,2GA,9,PLLA,,,,,,,,,,S,,1
SMA-11-01,TOKA,TOKA-018,6/29/2021,48,340,,,,PLLA,19,VUBR,2GA,,,,,,,,,S,2,0
SMA-11-01,TOKA,TOKA-018,6/29/2021,49,340,,,,NOPLANT,NA,L,,,,,,,,,,S,,0
SMA-11-01,TOKA,TOKA-018,6/29/2021,50,340,,,,PLLA,7,L,,,,,,,,,,S,,0
SMA-11-01,TOKA,TOKA-018,6/14/2024,1,160,,,,HYRA3,18,PLLA,BRDI2,DACA3,,,,,,,,S,,0
SMA-11-01,TOKA,TOKA-018,6/14/2024,2,160,,,,DACA3,4,PLLA,,,,,,,,,,S,,0
SMA-11-01,TOKA,TOKA-018,6/14/2024,3,160,,,,BRDI2,10,PLLA,LIBI5,,,,,,,,,S,,0
SMA-11-01,TOKA,TOKA-018,6/14/2024,4,160,,,,TRDU2,3,PLLA,L,,,,,,,,,S,,0
SMA-11-01,TOKA,TOKA-018,6/14/2024,5,160,,,,BRMI2,25,BRDI2,PLLA,L,,,,,,,,S,,0
SMA-11-01,TOKA,TOKA-018,6/14/2024,6,160,,,,AICA,28,CETE9,HYGL2,TRDU2,,,,,,,,S,,0
SMA-11-01,TOKA,TOKA-018,6/14/2024,7,160,,,,AVBA,50,AICA,BRDI2,PLLA,,,,,,,,S,,0
SMA-11-01,TOKA,TOKA-018,6/14/2024,8,160,,,,PLLA,12,TRDU2,AICA,PLLA,L,,,,,,,S,,0
SMA-11-01,TOKA,TOKA-018,6/14/2024,9,160,,,,PLLA,13,VITE,HYRA3,,,,,,,,,S,,0
SMA-11-01,TOKA,TOKA-018,6/14/2024,10,160,,,,DACA3,6,,,,,,,,,,,S,,0
SMA-11-01,TOKA,TOKA-018,6/14/2024,11,160,,,,VUBR,11,LIBI5,,,,,,,,,,S,,0
SMA-11-01,TOKA,TOKA-018,6/14/2024,12,160,,,,LIBI5,35,BRDI2,BRMI2,TRDU2,PLLA,,,,,,,S,,0
SMA-11-01,TOKA,TOKA-018,6/14/2024,13,160,,,,VUBR,30,BRDI2,TRDU2,L,,,,,,,,S,,0
SMA-11-01,TOKA,TOKA-018,6/14/2024,14,160,,,,TRDU2,8,BRDI2,DACA3,L,,,,,,,,S,,0
SMA-11-01,TOKA,TOKA-018,6/14/2024,15,160,,,,JUBU,22,HYPOC,,,,,,,,,,S,,0
SMA-11-01,TOKA,TOKA-018,6/14/2024,16,160,,,,PLLA,28,DACA3,TRDU2,HYRA3,,,,,,,,S,,0
SMA-11-01,TOKA,TOKA-018,6/14/2024,17,160,,,,JUBU,22,DACA3,HYRA3,,,,,,,,,S,,0
SMA-11-01,TOKA,TOKA-018,6/14/2024,18,160,,,,BRMI2,28,TRDU2,PLLA,DACA3,,,,,,,,S,,0
SMA-11-01,TOKA,TOKA-018,6/14/2024,19,160,,,,LIBI5,30,BRHO2,PLLA,,,,,,,,,S,,0
SMA-11-01,TOKA,TOKA-018,6/14/2024,20,160,,,,NOPLANT,NA,,,,,,,,,,,S,,0
SMA-11-01,TOKA,TOKA-018,6/14/2024,21,160,,,,DACA3,3,,,,,,,,,,,S,,0
SMA-11-01,TOKA,TOKA-018,6/14/2024,22,160,,,,LIBI5,16,TRAN6,TRDU2,PLLA,,,,,,,,S,,0
SMA-11-01,TOKA,TOKA-018,6/14/2024,23,160,,,,VUBR,22,BRDI2,PLLA,DACA3,,,,,,,,S,,0
SMA-11-01,TOKA,TOKA-018,6/14/2024,24,160,,,,BRDI2,18,,,,,,,,,,,S,,0
SMA-11-01,TOKA,TOKA-018,6/14/2024,25,160,,,,LIBI5,28,BRDI2,FRVE,,,,,,,,,S,,0
SMA-11-01,TOKA,TOKA-018,6/14/2024,26,160,BAPI,,,LIBI5,25,PLLA,L,,,,,,,,,S,,0
SMA-11-01,TOKA,TOKA-018,6/14/2024,27,160,,,,PLLA,20,VUBR,BRHO2,L,,,,,,,,S,,0
SMA-11-01,TOKA,TOKA-018,6/14/2024,28,160,,,,PLLA,43,HYRA3,,,,,,,,,,S,,0
SMA-11-01,TOKA,TOKA-018,6/14/2024,29,160,,,,PLLA,20,BRDI2,HYRA3,,,,,,,,,S,,0
SMA-11-01,TOKA,TOKA-018,6/14/2024,30,160,,,,BRDI2,8,PLLA,,,,,,,,,,S,,0
SMA-11-01,TOKA,TOKA-018,6/14/2024,31,160,BAPI,,,BRDI2,22,HYRA3,FRVE,,,,,,,,,S,,0
SMA-11-01,TOKA,TOKA-018,6/14/2024,32,160,,,,BRDI2,48,BAPI,,,,,,,,,,S,,0
SMA-11-01,TOKA,TOKA-018,6/14/2024,33,160,,,,PLLA,40,BRDI2,LIBI5,,,,,,,,,S,,0
SMA-11-01,TOKA,TOKA-018,6/14/2024,34,160,,,,BRDI2,21,L,,,,,,,,,,S,,0
SMA-11-01,TOKA,TOKA-018,6/14/2024,35,160,BAPI,,,BRDI2,10,L,,,,,,,,,,S,,0
SMA-11-01,TOKA,TOKA-018,6/14/2024,36,160,BAPI,TODI,,BRDI2,22,L,,,,,,,,,,S,,0
SMA-11-01,TOKA,TOKA-018,6/14/2024,37,160,BAPI,RUUR,,VITE,32,BRDI2,FRVE,L,,,,,,,,S,,0
SMA-11-01,TOKA,TOKA-018,6/14/2024,38,160,,,,NOPLANT,NA,,,,,,,,,,,S,,0
SMA-11-01,TOKA,TOKA-018,6/14/2024,39,160,RUUR,,,NOPLANT,NA,,,,,,,,,,,S,,0
SMA-11-01,TOKA,TOKA-018,6/14/2024,40,160,BAPI,RUUR,,LOPEM2,35,,,,,,,,,,,S,,0
SMA-11-01,TOKA,TOKA-018,6/14/2024,41,160,,,,NOPLANT,NA,,,,,,,,,,,S,,0
SMA-11-01,TOKA,TOKA-018,6/14/2024,42,160,RUUR,,,NOPLANT,NA,L,,,,,,,,,,S,,0
SMA-11-01,TOKA,TOKA-018,6/14/2024,43,160,BAPI,,,NOPLANT,NA,L,,,,,,,,,,S,,0
SMA-11-01,TOKA,TOKA-018,6/14/2024,44,160,TODI,,,SACR2,8,,,,,,,,,,,S,,0
SMA-11-01,TOKA,TOKA-018,6/14/2024,45,160,TODI,BAPI,RUUR,NOPLANT,NA,,,,,,,,,,,S,,0
SMA-11-01,TOKA,TOKA-018,6/14/2024,46,160,BAPI,,,VITE,55,RUUR,L,,,,,,,,,S,,0
SMA-11-01,TOKA,TOKA-018,6/14/2024,47,160,BAPI,RUUR,TODI,NOPLANT,NA,L,,,,,,,,,,S,,0
SMA-11-01,TOKA,TOKA-018,6/14/2024,48,160,BAPI,TODI,,NOPLANT,NA,L,,,,,,,,,,S,,0
SMA-11-01,TOKA,TOKA-018,6/14/2024,49,160,BAPI,RUUR,,NOPLANT,NA,L,,,,,,,,,,S,,0
SMA-11-01,TOKA,TOKA-018,6/14/2024,50,160,BAPI,,,NOPLANT,NA,L,,,,,,,,,,S,,0
SMA-11-01,TOKA,TOKA-018,6/14/2024,1,340,,,,GAPH2,15,,,,,,,,,,,S,,0
SMA-11-01,TOKA,TOKA-018,6/14/2024,2,340,,,,BRDI2,8,,,,,,,,,,,S,,0
SMA-11-01,TOKA,TOKA-018,6/14/2024,3,340,,,,DACA3,2,,,,,,,,,,,DACA3,,0
SMA-11-01,TOKA,TOKA-018,6/14/2024,4,340,,,,BRDI2,10,PLLA,L,,,,,,,,,S,,0
SMA-11-01,TOKA,TOKA-018,6/14/2024,5,340,,,,GAPH2,15,BRDI2,L,,,,,,,,,S,,0
SMA-11-01,TOKA,TOKA-018,6/14/2024,6,340,,,,BRDI2,18,L,,,,,,,,,,S,,0
SMA-11-01,TOKA,TOKA-018,6/14/2024,7,340,BAPI,TODI,,NOPLANT,NA,,,,,,,,,,,S,,0
SMA-11-01,TOKA,TOKA-018,6/14/2024,8,340,,,,,NA,,,,,,,,,,,,,0
SMA-11-01,TOKA,TOKA-018,6/14/2024,9,340,,,,,NA,,,,,,,,,,,,,0
SMA-11-01,TOKA,TOKA-018,6/14/2024,10,340,,,,,NA,,,,,,,,,,,,,0
SMA-11-01,TOKA,TOKA-018,6/14/2024,11,340,,,,,NA,,,,,,,,,,,,,0
SMA-11-01,TOKA,TOKA-018,6/14/2024,12,340,,,,,NA,,,,,,,,,,,,,0
SMA-11-01,TOKA,TOKA-018,6/14/2024,13,340,,,,,NA,,,,,,,,,,,,,0
SMA-11-01,TOKA,TOKA-018,6/14/2024,14,340,,,,,NA,,,,,,,,,,,,,0
SMA-11-01,TOKA,TOKA-018,6/14/2024,15,340,,,,,NA,,,,,,,,,,,,,0
SMA-11-01,TOKA,TOKA-018,6/14/2024,16,340,,,,,NA,,,,,,,,,,,,,0
SMA-11-01,TOKA,TOKA-018,6/14/2024,17,340,BAPI,,,BRDI2,25,TODI,L,,,,,,,,,S,,0
SMA-11-01,TOKA,TOKA-018,6/14/2024,18,340,,,,VUBR,25,BRDI2,CETE9,L,,,,,,,,S,,0
SMA-11-01,TOKA,TOKA-018,6/14/2024,19,340,,,,LIBI5,19,PLLA,DACA3,,,,,,,,,S,,0
SMA-11-01,TOKA,TOKA-018,6/14/2024,20,340,,,,NOPLANT,NA,,,,,,,,,,,S,,0
SMA-11-01,TOKA,TOKA-018,6/14/2024,21,340,,,,VUBR,25,PLLA,DACA3,,,,,,,,,S,,0
SMA-11-01,TOKA,TOKA-018,6/14/2024,22,340,,,,BRDI2,18,CETE9,,,,,,,,,,S,,0
SMA-11-01,TOKA,TOKA-018,6/14/2024,23,340,BAPI,,,BRDI2,19,PLLA,,,,,,,,,,S,,0
SMA-11-01,TOKA,TOKA-018,6/14/2024,24,340,,,,VUBR,17,DACA3,,,,,,,,,,S,,0
SMA-11-01,TOKA,TOKA-018,6/14/2024,25,340,,,,PLLA,6,,,,,,,,,,,S,,0
SMA-11-01,TOKA,TOKA-018,6/14/2024,26,340,,,,PHAQ,40,PLLA,,,,,,,,,,S,,1
SMA-11-01,TOKA,TOKA-018,6/14/2024,27,340,,,,VUBR,15,L,,,,,,,,,,S,,0
SMA-11-01,TOKA,TOKA-018,6/14/2024,28,340,,,,PLLA,34,BRMI2,L,,,,,,,,,S,,0
SMA-11-01,TOKA,TOKA-018,6/14/2024,29,340,,,,PHAQ,49,AICA,LOCO6,PLLA,L,,,,,,,S,,0
SMA-11-01,TOKA,TOKA-018,6/14/2024,30,340,RUUR,,,LOCO6,6,PLLA,,,,,,,,,,S,,0
SMA-11-01,TOKA,TOKA-018,6/14/2024,31,340,,,,VUBR,25,PLLA,L,,,,,,,,,S,,0
SMA-11-01,TOKA,TOKA-018,6/14/2024,32,340,,,,VUBR,15,L,,,,,,,,,,S,,0
SMA-11-01,TOKA,TOKA-018,6/14/2024,33,340,BAPI,,,CETE9,22,FRVE,L,,,,,,,,,S,,0
SMA-11-01,TOKA,TOKA-018,6/14/2024,34,340,BAPI,RUUR,,BRDI2,28,FRVE,L,,,,,,,,,S,,0
SMA-11-01,TOKA,TOKA-018,6/14/2024,35,340,,,,BRDI2,32,AICA,PLLA,L,,,,,,,,S,,0
SMA-11-01,TOKA,TOKA-018,6/14/2024,36,340,RUUR,,,BRDI2,6,L,,,,,,,,,,S,,0
SMA-11-01,TOKA,TOKA-018,6/14/2024,37,340,,,,CETE9,25,BRDI2,,,,,,,,,,S,,0
SMA-11-01,TOKA,TOKA-018,6/14/2024,38,340,BAPI,,,VUBR,13,PLLA,RUUR,L,,,,,,,,S,,0
SMA-11-01,TOKA,TOKA-018,6/14/2024,39,340,,,,VUBR,18,PLLA,L,,,,,,,,,S,,0
SMA-11-01,TOKA,TOKA-018,6/14/2024,40,340,,,,VUBR,21,PLLA,,,,,,,,,,S,,0
SMA-11-01,TOKA,TOKA-018,6/14/2024,41,340,,,,LOCO6,12,PLLA,,,,,,,,,,PLLA,,0
SMA-11-01,TOKA,TOKA-018,6/14/2024,42,340,,,,VUBR,13,LOCO6,PLLA,L,,,,,,,,S,,0
SMA-11-01,TOKA,TOKA-018,6/14/2024,43,340,,,,LOCO6,1,,,,,,,,,,,S,,0
SMA-11-01,TOKA,TOKA-018,6/14/2024,44,340,BAPI,,,PLLA,12,FRVE,,,,,,,,,,S,,0
SMA-11-01,TOKA,TOKA-018,6/14/2024,45,340,,,,PLLA,32,LOCO6,,,,,,,,,,S,,0
SMA-11-01,TOKA,TOKA-018,6/14/2024,46,340,,,,LOPEM2,60,AICA,LIBI5,TRDU2,L,,,,,,,S,,0
SMA-11-01,TOKA,TOKA-018,6/14/2024,47,340,,,,PLLA,10,,,,,,,,,,,S,,0
SMA-11-01,TOKA,TOKA-018,6/14/2024,48,340,,,,VUBR,30,PLLA,AICA,LOCO6,,,,,,,,S,,0
SMA-11-01,TOKA,TOKA-018,6/14/2024,49,340,,,,AICA,23,VUBR,PLLA,L,,,,,,,,S,,0
SMA-11-01,TOKA,TOKA-018,6/14/2024,50,340,,,,LOCO6,18,TRAN6,PLLA,L,,,,,,,,S,,0
SMA-11-01,TOKA,TOKA-022,4/17/2018,1,96,,,,BRHO2,35,HOMA2,L,,,,,,,,,S,,0
SMA-11-01,TOKA,TOKA-022,4/17/2018,2,96,,,,BRHO2,37,HOMA2,L,,,,,,,,,S,,0
SMA-11-01,TOKA,TOKA-022,4/17/2018,3,96,,,,BRHO2,18,L,,,,,,,,,,S,,0
SMA-11-01,TOKA,TOKA-022,4/17/2018,4,96,,,,BRDI3,43,BRHO2,L,,,,,,,,,S,,0
SMA-11-01,TOKA,TOKA-022,4/17/2018,5,96,,,,BRHO2,18,SCPE,L,,,,,,,,,S,,0
SMA-11-01,TOKA,TOKA-022,4/17/2018,6,96,,,,LOPEM2,15,L,,,,,,,,,,S,,0
SMA-11-01,TOKA,TOKA-022,4/17/2018,7,96,,,,BRDI3,38,LOPEM2,,,,,,,,,,S,,0
SMA-11-01,TOKA,TOKA-022,4/17/2018,8,96,,,,BRDI3,34,L,,,,,,,,,,S,,0
SMA-11-01,TOKA,TOKA-022,4/17/2018,9,96,,,,VUBR,14,CAPY2,L,,,,,,,,,S,,0
SMA-11-01,TOKA,TOKA-022,4/17/2018,10,96,BAPI,,,VELA,20,LOPEM2,L,,,,,,,,,S,,0
SMA-11-01,TOKA,TOKA-022,4/17/2018,11,96,,,,BRDI2,13,CAPY2,L,,,,,,,,,S,,0
SMA-11-01,TOKA,TOKA-022,4/17/2018,12,96,,,,BRDI3,30,VUBR,GEDI,SCPE,L,,,,,,,S,,0
SMA-11-01,TOKA,TOKA-022,4/17/2018,13,96,,,,DAGL,25,GEDI,LOPEM2,L,,,,,,,,S,,0
SMA-11-01,TOKA,TOKA-022,4/17/2018,14,96,,,,AVBA,20,CAPY2,BRHO2,L,,,,,,,,S,,0
SMA-11-01,TOKA,TOKA-022,4/17/2018,15,96,,,,BRHO2,40,SCPE,L,,,,,,,,,S,,0
SMA-11-01,TOKA,TOKA-022,4/17/2018,16,96,,,,CAPY2,11,BRDI3,L,,,,,,,,,S,,0
SMA-11-01,TOKA,TOKA-022,4/17/2018,17,96,,,,LOPEM2,16,LIBI5,L,,,,,,,,,S,,0
SMA-11-01,TOKA,TOKA-022,4/17/2018,18,96,,,,LIBI5,5,L,,,,,,,,,,S,,0
SMA-11-01,TOKA,TOKA-022,4/17/2018,19,96,,,,LOPEM2,15,LIBI5,L,,,,,,,,,S,,0
SMA-11-01,TOKA,TOKA-022,4/17/2018,20,96,,,,LIBI5,35,BRHO2,LOPEM2,VUBR,L,,,,,,,S,,0
SMA-11-01,TOKA,TOKA-022,4/17/2018,21,96,,,,LIBI5,35,VUBR,L,,,,,,,,,S,,0
SMA-11-01,TOKA,TOKA-022,4/17/2018,22,96,,,,VUBR,23,LOPEM2,L,,,,,,,,,S,,0
SMA-11-01,TOKA,TOKA-022,4/17/2018,23,96,,,,TRDU2,8,VUBR,L,,,,,,,,,S,,0
SMA-11-01,TOKA,TOKA-022,4/17/2018,24,96,,,,VUBR,30,PLLA,LOPEM2,L,,,,,,,,S,,0
SMA-11-01,TOKA,TOKA-022,4/17/2018,25,96,,,,BRHO2,25,LOPEM2,LIBI5,L,,,,,,,,S,,0
SMA-11-01,TOKA,TOKA-022,4/17/2018,26,96,,,,LOPEM2,12,GEDI,CAPY2,HYRA3,L,,,,,,,S,,0
SMA-11-01,TOKA,TOKA-022,4/17/2018,27,96,,,,LOPEM2,26,VUBR,L,,,,,,,,,S,,0
SMA-11-01,TOKA,TOKA-022,4/17/2018,28,96,,,,VUBR,20,BRHO2,L,,,,,,,,,S,,0
SMA-11-01,TOKA,TOKA-022,4/17/2018,29,96,,,,VUBR,33,CAPY2,LOPEM2,L,,,,,,,,S,,0
SMA-11-01,TOKA,TOKA-022,4/17/2018,30,96,,,,BRHO2,12,LOPEM2,L,,,,,,,,,S,,0
SMA-11-01,TOKA,TOKA-022,4/17/2018,31,96,,,,VUBR,25,GEDI,L,,,,,,,,,S,,0
SMA-11-01,TOKA,TOKA-022,4/17/2018,32,96,,,,BRHO2,20,L,,,,,,,,,,S,,0
SMA-11-01,TOKA,TOKA-022,4/17/2018,33,96,,,,VUBR,8,,,,,,,,,,,S,,0
SMA-11-01,TOKA,TOKA-022,4/17/2018,34,96,,,,VUBR,5,L,,,,,,,,,,S,,0
SMA-11-01,TOKA,TOKA-022,4/17/2018,35,96,,,,BRHO2,30,RUAC3,GEDI,BRDI2,L,,,,,,,S,,0
SMA-11-01,TOKA,TOKA-022,4/17/2018,36,96,,,,VUBR,35,L,,,,,,,,,,S,,0
SMA-11-01,TOKA,TOKA-022,4/17/2018,37,96,,,,VUBR,35,BRHO2,L,,,,,,,,,S,,0
SMA-11-01,TOKA,TOKA-022,4/17/2018,38,96,,,,BRDI3,35,BRDI2,L,,,,,,,,,S,,0
SMA-11-01,TOKA,TOKA-022,4/17/2018,39,96,,,,LIBI5,10,GEDI,L,,,,,,,,,S,,0
SMA-11-01,TOKA,TOKA-022,4/17/2018,40,96,,,,SCPE,6,L,,,,,,,,,,S,,0
SMA-11-01,TOKA,TOKA-022,4/17/2018,41,96,,,,VUBR,11,GEDI,L,,,,,,,,,S,,0
SMA-11-01,TOKA,TOKA-022,4/17/2018,42,96,,,,LOPEM2,17,PLLA,L,,,,,,,,,S,,0
SMA-11-01,TOKA,TOKA-022,4/17/2018,43,96,,,,NOPLANT,NA,L,,,,,,,,,,S,,0
SMA-11-01,TOKA,TOKA-022,4/17/2018,44,96,,,,BRDI3,34,BRHO2,L,,,,,,,,,S,,0
SMA-11-01,TOKA,TOKA-022,4/17/2018,45,96,,,,VUBR,25,BRHO2,L,,,,,,,,,S,,0
SMA-11-01,TOKA,TOKA-022,4/17/2018,46,96,,,,VUBR,18,ERODI,L,,,,,,,,,S,,0
SMA-11-01,TOKA,TOKA-022,4/17/2018,47,96,BAPI,,,VUBR,26,BRDI2,L,,,,,,,,,S,,0
SMA-11-01,TOKA,TOKA-022,4/17/2018,48,96,,,,BRHO2,50,BRDI3,CAPY2,L,,,,,,,,S,,0
SMA-11-01,TOKA,TOKA-022,4/17/2018,49,96,,,,BRHO2,21,,,,,,,,,,,S,,0
SMA-11-01,TOKA,TOKA-022,4/17/2018,50,96,,,,VUBR,10,L,,,,,,,,,,S,,0
SMA-11-01,TOKA,TOKA-022,4/17/2018,1,276,,,,LOPEM2,5,,,,,,,,,,,S,,0
SMA-11-01,TOKA,TOKA-022,4/17/2018,2,276,,,,HOMU,36,VUBR,L,,,,,,,,,S,,0
SMA-11-01,TOKA,TOKA-022,4/17/2018,3,276,,,,LOPEM2,40,HOMU,L,,,,,,,,,S,,0
SMA-11-01,TOKA,TOKA-022,4/17/2018,4,276,,,,BRDI3,33,HOMA2,L,,,,,,,,,S,,0
SMA-11-01,TOKA,TOKA-022,4/17/2018,5,276,,,,BRHO2,25,VUBR,L,,,,,,,,,S,,0
SMA-11-01,TOKA,TOKA-022,4/17/2018,6,276,,,,VUBR,16,L,,,,,,,,,,S,,0
SMA-11-01,TOKA,TOKA-022,4/17/2018,7,276,,,,BRHO2,32,VUBR,,,,,,,,,,S,,0
SMA-11-01,TOKA,TOKA-022,4/17/2018,8,276,,,,BRHO2,31,L,,,,,,,,,,S,,0
SMA-11-01,TOKA,TOKA-022,4/17/2018,9,276,,,,VUBR,23,L,,,,,,,,,,S,,0
SMA-11-01,TOKA,TOKA-022,4/17/2018,10,276,,,,BRHO2,16,L,,,,,,,,,,S,,0
SMA-11-01,TOKA,TOKA-022,4/17/2018,11,276,,,,SCPE,21,BRHO2,L,,,,,,,,,S,,0
SMA-11-01,TOKA,TOKA-022,4/17/2018,12,276,,,,BRHO2,10,LIBI5,L,,,,,,,,,S,,0
SMA-11-01,TOKA,TOKA-022,4/17/2018,13,276,,,,BRHO2,40,VUBR,L,,,,,,,,,S,,0
SMA-11-01,TOKA,TOKA-022,4/17/2018,14,276,,,,BRDI3,42,BRHO2,VUBR,HOMA2,L,,,,,,,S,,0
SMA-11-01,TOKA,TOKA-022,4/17/2018,15,276,,,,BRHO2,53,SCPE,VUBR,L,,,,,,,,S,,0
SMA-11-01,TOKA,TOKA-022,4/17/2018,16,276,,,,CRVET,14,LIBI5,BRHO2,L,,,,,,,,S,,0
SMA-11-01,TOKA,TOKA-022,4/17/2018,17,276,,,,BRHO2,20,VITE,L,,,,,,,,,S,,0
SMA-11-01,TOKA,TOKA-022,4/17/2018,18,276,,,,VUBR,21,BRHO2,,,,,,,,,,S,,0
SMA-11-01,TOKA,TOKA-022,4/17/2018,19,276,,,,BRDI3,16,VUBR,L,,,,,,,,,S,,0
SMA-11-01,TOKA,TOKA-022,4/17/2018,20,276,,,,BRHO2,20,VITE,L,,,,,,,,,S,,0
SMA-11-01,TOKA,TOKA-022,4/17/2018,21,276,,,,BRDI3,34,TRAN6,GEDI,VUBR,L,,,,,,,S,,0
SMA-11-01,TOKA,TOKA-022,4/17/2018,22,276,,,,GEDI,16,BRDI3,BRHO2,L,,,,,,,,S,,0
SMA-11-01,TOKA,TOKA-022,4/17/2018,23,276,,,,BRDI3,31,GEDI,L,,,,,,,,,S,,0
SMA-11-01,TOKA,TOKA-022,4/17/2018,24,276,,,,BRDI3,22,GEDI,L,,,,,,,,,S,,0
SMA-11-01,TOKA,TOKA-022,4/17/2018,25,276,,,,BRDI3,25,GEDI,L,,,,,,,,,S,,0
SMA-11-01,TOKA,TOKA-022,4/17/2018,26,276,,,,LIBI5,23,VITE,2FA,L,,,,,,,,S,,0
SMA-11-01,TOKA,TOKA-022,4/17/2018,27,276,,,,VUBR,20,GEDI,L,,,,,,,,,S,,0
SMA-11-01,TOKA,TOKA-022,4/17/2018,28,276,,,,HYRA3,5,,,,,,,,,,,HYRA3,,0
SMA-11-01,TOKA,TOKA-022,4/17/2018,29,276,,,,HYRA3,5,SCPE,L,,,,,,,,,S,,0
SMA-11-01,TOKA,TOKA-022,4/17/2018,30,276,,,,VUBR,19,SCPE,L,,,,,,,,,S,,0
SMA-11-01,TOKA,TOKA-022,4/17/2018,31,276,,,,SCPE,11,VITE,L,,,,,,,,,S,,0
SMA-11-01,TOKA,TOKA-022,4/17/2018,32,276,,,,VUBR,26,2FA,,,,,,,,,,S,,0
SMA-11-01,TOKA,TOKA-022,4/17/2018,33,276,,,,LIBI5,25,VUBR,L,,,,,,,,,S,,0
SMA-11-01,TOKA,TOKA-022,4/17/2018,34,276,,,,2FA,7,VUBR,L,,,,,,,,,S,,0
SMA-11-01,TOKA,TOKA-022,4/17/2018,35,276,,,,HYRA3,1,,,,,,,,,,,HYRA3,,0
SMA-11-01,TOKA,TOKA-022,4/17/2018,36,276,,,,LIBI5,11,RUUR,L,,,,,,,,,S,,0
SMA-11-01,TOKA,TOKA-022,4/17/2018,37,276,BAPI,,,BRHO2,21,L,,,,,,,,,,S,,0
SMA-11-01,TOKA,TOKA-022,4/17/2018,38,276,,,,BRHO2,18,L,,,,,,,,,,S,,0
SMA-11-01,TOKA,TOKA-022,4/17/2018,39,276,,,,SCPE,15,HYRA3,L,,,,,,,,,S,,0
SMA-11-01,TOKA,TOKA-022,4/17/2018,40,276,,,,VUBR,6,SCPE,L,,,,,,,,,S,,0
SMA-11-01,TOKA,TOKA-022,4/17/2018,41,276,,,,VUBR,5,PLLA,L,,,,,,,,,S,,0
SMA-11-01,TOKA,TOKA-022,4/17/2018,42,276,BAPI,,,VUBR,10,,,,,,,,,,,S,,0
SMA-11-01,TOKA,TOKA-022,4/17/2018,43,276,,,,VUBR,16,L,,,,,,,,,,S,,0
SMA-11-01,TOKA,TOKA-022,4/17/2018,44,276,,,,GEDI,10,L,,,,,,,,,,S,,0
SMA-11-01,TOKA,TOKA-022,4/17/2018,45,276,,,,BRCA5,15,L,,,,,,,,,,S,,0
SMA-11-01,TOKA,TOKA-022,4/17/2018,46,276,,,,VUBR,19,L,,,,,,,,,,S,,0
SMA-11-01,TOKA,TOKA-022,4/17/2018,47,276,BAPI,,,BRDI2,15,RUUR,L,,,,,,,,,S,,0
SMA-11-01,TOKA,TOKA-022,4/17/2018,48,276,BAPI,,,2GA,22,L,,,,,,,,,,S,,0
SMA-11-01,TOKA,TOKA-022,4/17/2018,49,276,,,,RUUR,10,WL,L,,,,,,,,,S,,0
SMA-11-01,TOKA,TOKA-022,4/17/2018,50,276,,,,VUBR,4,,,,,,,,,,,S,,0
SMA-11-01,TOKA,TOKA-022,5/26/2021,1,96,,,,LOPEM2,37,LIBI5,VUBR,MEPO3,L,,,,,,,S,,0
SMA-11-01,TOKA,TOKA-022,5/26/2021,2,96,BAPI,,,LOPEM2,50,VUBR,MEPO3,AVENA,L,,,,,,,S,,0
SMA-11-01,TOKA,TOKA-022,5/26/2021,3,96,BAPI,,,LOPEM2,75,VUBR,MEPO3,L,,,,,,,,S,,0
SMA-11-01,TOKA,TOKA-022,5/26/2021,4,96,BAPI,,,LOPEM2,100,VUBR,L,,,,,,,,,S,,0
SMA-11-01,TOKA,TOKA-022,5/26/2021,5,96,,,,LOPEM2,56,BRDI3,,,,,,,,,,S,,0
SMA-11-01,TOKA,TOKA-022,5/26/2021,6,96,,,,PLLA,25,BRDI3,MEPO3,L,,,,,,,,S,,0
SMA-11-01,TOKA,TOKA-022,5/26/2021,7,96,,,,LOPEM2,40,BRDI3,VUBR,L,,,,,,,,S,,0
SMA-11-01,TOKA,TOKA-022,5/26/2021,8,96,BAPI,,,BRHO2,30,BRDI3,VUBR,L,,,,,,,,S,,0
SMA-11-01,TOKA,TOKA-022,5/26/2021,9,96,BAPI,,,LOPEM2,45,BRHO2,BRDI3,L,,,,,,,,S,,0
SMA-11-01,TOKA,TOKA-022,5/26/2021,10,96,,,,LOPEM2,61,BRHO2,BRDI3,2GA,2GP,,,,,,,S,"3,4",0
SMA-11-01,TOKA,TOKA-022,5/26/2021,11,96,,,,BRHO2,45,BRDI2,LOPEM2,2GA,2GP,,,,,,,S,"3,4",0
SMA-11-01,TOKA,TOKA-022,5/26/2021,12,96,,,,LOPEM2,60,RUAC3,MEPO3,L,,,,,,,,S,,0
SMA-11-01,TOKA,TOKA-022,5/26/2021,13,96,RUUR,,,LOPEM2,75,BRHO2,VUBR,BRDI3,2GA,2GP,,,,,,S,"4,5",0
SMA-11-01,TOKA,TOKA-022,5/26/2021,14,96,,,,LOPEM2,65,BRHO2,MEPO3,SOOL,L,,,,,,,S,,0
SMA-11-01,TOKA,TOKA-022,5/26/2021,15,96,,,,AVENA,120,LOPEM2,BRHO2,MEPO3,2GA,2GP,,,,,,S,"4,5",0
SMA-11-01,TOKA,TOKA-022,5/26/2021,16,96,BAPI,,,LOPEM2,60,VUBR,BRDI3,2GA,L,,,,,,,S,3,0
SMA-11-01,TOKA,TOKA-022,5/26/2021,17,96,BAPI,,,BRDI3,20,BRHO2,L,,,,,,,,,S,,0
SMA-11-01,TOKA,TOKA-022,5/26/2021,18,96,BAPI,,,VUBR,25,BRDI3,LOPEM2,L,,,,,,,,S,,0
SMA-11-01,TOKA,TOKA-022,5/26/2021,19,96,,,,LOPEM2,40,MEPO3,BRMI2,ANAR,L,,,,,,,S,,0
SMA-11-01,TOKA,TOKA-022,5/26/2021,20,96,,,,LOPEM2,75,HOMU,MEPO3,2GP,,,,,,,,S,3,0
SMA-11-01,TOKA,TOKA-022,5/26/2021,21,96,BAPI,,,LOPEM2,80,MELU,KIEL,L,,,,,,,,S,,0
SMA-11-01,TOKA,TOKA-022,5/26/2021,22,96,,,,LOPEM2,65,BRHO2,PLLA,MEPO3,2GA,,,,,,,S,4,0
SMA-11-01,TOKA,TOKA-022,5/26/2021,23,96,,,,PLLA,40,TRAN6,VUBR,L,,,,,,,,AM,,0
SMA-11-01,TOKA,TOKA-022,5/26/2021,24,96,BAPI,,,BRDI3,35,PLLA,MEPO3,VITE,L,,,,,,,S,,0
SMA-11-01,TOKA,TOKA-022,5/26/2021,25,96,BAPI,,,PLLA,50,BRDI3,SHAR2,VITE,L,,,,,,,S,,0
SMA-11-01,TOKA,TOKA-022,5/26/2021,26,96,BAPI,,,BRDI3,15,L,,,,,,,,,,S,,0
SMA-11-01,TOKA,TOKA-022,5/26/2021,27,96,BAPI,,,BRDI2,20,BRDI3,BRHO2,VITE,L,,,,,,,S,,0
SMA-11-01,TOKA,TOKA-022,5/26/2021,28,96,BAPI,RUUR,,VITE,35,BRDI3,GAAP2,MEPO3,2GRAM,L,,,,,,S,4,0
SMA-11-01,TOKA,TOKA-022,5/26/2021,29,96,BAPI,RUUR,,BRDI3,25,PHAQ,VITE,L,,,,,,,,S,,0
SMA-11-01,TOKA,TOKA-022,5/26/2021,30,96,BAPI,,,BRDI3,20,L,,,,,,,,,,S,,0
SMA-11-01,TOKA,TOKA-022,5/26/2021,31,96,BAPI,,,AVENA,50,BRDI3,L,,,,,,,,,S,,0
SMA-11-01,TOKA,TOKA-022,5/26/2021,32,96,BAPI,,,VITE,25,VUBR,L,,,,,,,,,S,,0
SMA-11-01,TOKA,TOKA-022,5/26/2021,33,96,BAPI,,,BRDI3,30,VITE,L,,,,,,,,,S,,0
SMA-11-01,TOKA,TOKA-022,5/26/2021,34,96,BAPI,,,LOPEM2,70,BRDI3,MEPO3,2GRAM,,,,,,,,S,3,0
SMA-11-01,TOKA,TOKA-022,5/26/2021,35,96,,,,DAGL,100,BRHO2,LIBI5,BRDI3,L,,,,,,,S,,0
SMA-11-01,TOKA,TOKA-022,5/26/2021,36,96,,,,BRDI3,30,LOPEM2,AVENA,L,,,,,,,,S,,0
SMA-11-01,TOKA,TOKA-022,5/26/2021,37,96,,,,LOPEM2,45,MEPO3,MELU,BRHO2,L,2GA,,,,,,S,5,0
SMA-11-01,TOKA,TOKA-022,5/26/2021,38,96,,,,BRCA5,45,LIBI5,TRAN6,BRDI3,2GA,,,,,,,S,4,0
SMA-11-01,TOKA,TOKA-022,5/26/2021,39,96,,,,LOPEM2,36,ANAR,BRDI3,VITE,L,,,,,,,S,,0
SMA-11-01,TOKA,TOKA-022,5/26/2021,40,96,,,,LOPEM2,30,VITE,BRDI3,BRHO2,2GA,2GP,,,,,,S,"4,5",0
SMA-11-01,TOKA,TOKA-022,5/26/2021,41,96,,,,LOPEM2,50,BRHO2,VITE,BRDI3,2GA,2GP,,,,,,S,"4,5",0
SMA-11-01,TOKA,TOKA-022,5/26/2021,42,96,BAPI,,,LOPEM2,100,BRHO2,BRDI3,VITE,2GA,2GP,,,,,,S,"4,5",0
SMA-11-01,TOKA,TOKA-022,5/26/2021,43,96,BAPI,,,BRDI3,45,VITE,BRHO2,L,,,,,,,,S,,0
SMA-11-01,TOKA,TOKA-022,5/26/2021,44,96,BAPI,RUUR,,BRCA5,50,GEDI,BRDI3,BRHO2,2GRAM,,,,,,,S,4,0
SMA-11-01,TOKA,TOKA-022,5/26/2021,45,96,BAPI,,,BRHO2,100,VITE,BRDI3,GEDI,,,,,,,,,,0
SMA-11-01,TOKA,TOKA-022,5/26/2021,46,96,BAPI,,,BRHO2,45,BRDI3,VUBR,L,,,,,,,,S,,0
SMA-11-01,TOKA,TOKA-022,5/26/2021,47,96,BAPI,,,BRHO2,65,VITE,L,,,,,,,,,S,,0
SMA-11-01,TOKA,TOKA-022,5/26/2021,48,96,BAPI,,,BRDI3,80,BRDI2,BRHO2,VITE,2GRAM,,,,,,,S,4,0
SMA-11-01,TOKA,TOKA-022,5/26/2021,49,96,,,,AVENA,70,LOPEM2,BRHO2,VITE,L,,,,,,,S,,0
SMA-11-01,TOKA,TOKA-022,5/26/2021,50,96,,,,BRHO2,23,VITE,LIBI5,BRDI3,2GRAM,,,,,,,S,4,0
SMA-11-01,TOKA,TOKA-022,5/26/2021,1,276,,,,LOPEM2,50,MEPO3,TRAN6,HOMU,2GRAM,,,,,,,S,4,0
SMA-11-01,TOKA,TOKA-022,5/26/2021,2,276,,,,BRHO2,17,TRAN6,HOMU,LOPEM2,2GRAM,,,,,,,S,4,0
SMA-11-01,TOKA,TOKA-022,5/26/2021,3,276,,,,LOPEM2,40,BRDI3,MEPO3,TRAN6,L,,,,,,,S,,0
SMA-11-01,TOKA,TOKA-022,5/26/2021,4,276,,,,LOPEM2,50,TRAN6,BRDI3,MEPO3,2GRAM,,,,,,,S,4,0
SMA-11-01,TOKA,TOKA-022,5/26/2021,5,276,,,,LOPEM2,55,MEPO3,LIBI5,L,,,,,,,,S,,0
SMA-11-01,TOKA,TOKA-022,5/26/2021,6,276,,,,LOPEM2,55,HOMU,TRAN6,MEPO3,2GRAM,,,,,,,S,4,0
SMA-11-01,TOKA,TOKA-022,5/26/2021,7,276,,,,LOPEM2,75,MEPO3,HOMU,LIBI5,2GRAM,,,,,,,S,4,0
SMA-11-01,TOKA,TOKA-022,5/26/2021,8,276,,,,AVENA,100,LOPEM2,MEPO3,HOMU,2GRAM,,,,,,,S,4,0
SMA-11-01,TOKA,TOKA-022,5/26/2021,9,276,,,,LOPEM2,70,MEPO3,2GRAM,L,,,,,,,,S,2,0
SMA-11-01,TOKA,TOKA-022,5/26/2021,10,276,,,,CREPI,60,LOPEM2,BRHO2,MEPO3,2GRAM,,,,,,,S,4,0
SMA-11-01,TOKA,TOKA-022,5/26/2021,11,276,,,,PHAQ,70,LOPEM2,MEPO3,2GRAM,,,,,,,,S,3,0
SMA-11-01,TOKA,TOKA-022,5/26/2021,12,276,,,,LOPEM2,70,TOAR,HOMU,MEPO3,L,,,,,,,S,,0
SMA-11-01,TOKA,TOKA-022,5/26/2021,13,276,,,,LOPEM2,90,BRHO2,MEPO3,2GRAM,,,,,,,,S,3,0
SMA-11-01,TOKA,TOKA-022,5/26/2021,14,276,,,,LOPEM2,60,AVENA,MEPO3,HOMU,2GRAM,,,,,,,S,4,0
SMA-11-01,TOKA,TOKA-022,5/26/2021,15,276,,,,LOPEM2,65,HOMU,MEPO3,2GRAM,,,,,,,,S,3,0
SMA-11-01,TOKA,TOKA-022,5/26/2021,16,276,,,,LOPEM2,75,MEPO3,AVENA,2GRAM,,,,,,,,S,3,0
SMA-11-01,TOKA,TOKA-022,5/26/2021,17,276,BAPI,,,AVENA,100,LOPEM2,MEPO3,2GRAM,,,,,,,,S,3,0
SMA-11-01,TOKA,TOKA-022,5/26/2021,18,276,,,,AVENA,80,LOPEM2,MEPO3,2GRAM,,,,,,,,S,3,0
SMA-11-01,TOKA,TOKA-022,5/26/2021,19,276,,,,AVENA,60,LOPEM2,MEPO3,2GRAM,,,,,,,,S,3,0
SMA-11-01,TOKA,TOKA-022,5/26/2021,20,276,,,,LOPEM2,75,MEPO3,RUAC3,2GRAM,,,,,,,,S,3,0
SMA-11-01,TOKA,TOKA-022,5/26/2021,21,276,,,,AVENA,65,LOPEM2,RUAC3,MEPO3,2GRAM,,,,,,,S,4,0
SMA-11-01,TOKA,TOKA-022,5/26/2021,22,276,,,,LOPEM2,60,AVENA,RUMEX,2GRAM,,,,,,,,S,3,0
SMA-11-01,TOKA,TOKA-022,5/26/2021,23,276,,,,AVENA,130,LOPEM2,MEPO3,2GRAM,,,,,,,,S,3,0
SMA-11-01,TOKA,TOKA-022,5/26/2021,24,276,RUUR,,,AVENA,150,LOPEM2,VISA,MEPO3,2GRAM,,,,,,,S,4,0
SMA-11-01,TOKA,TOKA-022,5/26/2021,25,276,,,,LOPEM2,80,MEPO3,AVENA,2GRAM,,,,,,,,S,3,0
SMA-11-01,TOKA,TOKA-022,5/26/2021,26,276,,,,AVENA,150,MEPO3,,,,,,,,,,S,,0
SMA-11-01,TOKA,TOKA-022,5/26/2021,27,276,RUUR,,,AVENA,150,MEPO3,BRDI2,L,,,,,,,,S,,0
SMA-11-01,TOKA,TOKA-022,5/26/2021,28,276,BAPI,,,AVENA,200,BRDI2,2GRAM,L,,,,,,,,S,2,0
SMA-11-01,TOKA,TOKA-022,5/26/2021,29,276,BAPI,,,AVENA,200,L,,,,,,,,,,S,,0
SMA-11-01,TOKA,TOKA-022,5/26/2021,30,276,BAPI,,,AVENA,120,CREPI,GEDI,LIBI5,L,,,,,,,S,,0
SMA-11-01,TOKA,TOKA-022,5/26/2021,31,276,BAPI,,,AVENA,120,LOPEM2,SONCH,VUBR,L,,,,,,,S,,0
SMA-11-01,TOKA,TOKA-022,5/26/2021,32,276,BAPI,,,AVENA,100,MEPO3,LOPEM2,GEDI,L,,,,,,,S,,0
SMA-11-01,TOKA,TOKA-022,5/26/2021,33,276,BAPI,,,AVENA,50,VITE,GEDI,MELU,L,,,,,,,S,,0
SMA-11-01,TOKA,TOKA-022,5/26/2021,34,276,BAPI,,,AVENA,85,BRHO2,BRDI2,GEDI,,,,,,,,S,,0
SMA-11-01,TOKA,TOKA-022,5/26/2021,35,276,,,,AVENA,100,VITE,BRDI2,LOPEM2,L,2GRAM,,,,,,S,,0
SMA-11-01,TOKA,TOKA-022,5/26/2021,36,276,,,,AVENA,100,RUAC3,SCAND,CREPI,2GRAM,,,,,,,S,4,0
SMA-11-01,TOKA,TOKA-022,5/26/2021,37,276,,,,AVENA,95,BRDI2,MELU,TONO,L,,,,,,,S,,0
SMA-11-01,TOKA,TOKA-022,5/26/2021,38,276,,,,AVENA,85,PLLA,HYRA3,BRDI2,,,,,,,,S,,0
SMA-11-01,TOKA,TOKA-022,5/26/2021,39,276,,,,PLLA,45,BRDI2,TONO,VUBR,,,,,,,,AM,,0
SMA-11-01,TOKA,TOKA-022,5/26/2021,40,276,,,,CREPI,45,BRDI2,LIBI5,MELU,2GRAM,,,,,,,S,4,0
SMA-11-01,TOKA,TOKA-022,5/26/2021,41,276,,,,LOPEM2,50,BRDI2,LIBI5,VISA,L,,,,,,,S,,0
SMA-11-01,TOKA,TOKA-022,5/26/2021,42,276,,,,AVENA,65,BRDI2,PLLA,VUBR,2GRAM,L,,,,,,S,4,0
SMA-11-01,TOKA,TOKA-022,5/26/2021,43,276,,,,PLLA,25,LIBI5,BRDI3,ANAR,L,,,,,,,S,,0
SMA-11-01,TOKA,TOKA-022,5/26/2021,44,276,,,,PLLA,30,BRDI2,CREPI,2GRAM,L,,,,,,,S,3,0
SMA-11-01,TOKA,TOKA-022,5/26/2021,45,276,,,,PLLA,26,BRDI2,LOCO6,L,,,,,,,,S,,0
SMA-11-01,TOKA,TOKA-022,5/26/2021,46,276,,,,AVENA,15,PLLA,BRDI2,,,,,,,,,S,,0
SMA-11-01,TOKA,TOKA-022,5/26/2021,47,276,,,,PLLA,30,ANAR,LIBI5,BRDI3,,,,,,,,S,,0
SMA-11-01,TOKA,TOKA-022,5/26/2021,48,276,,,,AVENA,35,PLLA,TRAN6,LIBI5,L,,,,,,,S,,0
SMA-11-01,TOKA,TOKA-022,5/26/2021,49,276,BAPI,,,AVENA,NA,BRDI2,GEDI,BRDI3,BETR,L,,,,,,S,,0
SMA-11-01,TOKA,TOKA-022,5/26/2021,50,276,BAPI,,,VISA,NA,GEDI,SIBE,SCAND,L,,,,,,,S,,0
SMA-11-01,TOKA,TOKA-022,6/7/2024,1,175,,,,LOPEM2,55,BAPI,BRHO2,VUBR,L,,,,,,,S,,0
SMA-11-01,TOKA,TOKA-022,6/7/2024,2,175,,,,VUBR,48,BAPI,COAR4,PLLA,L,,,,,,,S,,0
SMA-11-01,TOKA,TOKA-022,6/7/2024,3,175,,,,BRHO2,36,BRDI2,VUBR,L,,,,,,,,S,,0
SMA-11-01,TOKA,TOKA-022,6/7/2024,4,175,,,,LIBI5,30,BRDI2,VUBR,L,,,,,,,,S,,0
SMA-11-01,TOKA,TOKA-022,6/7/2024,5,175,,,,AVBA,50,VUBR,BRHO2,LOCO6,HYRA3,L,,,,,,S,,0
SMA-11-01,TOKA,TOKA-022,6/7/2024,6,175,,,,AVBA,48,VUBR,BETR,BRDI2,L,,,,,,,S,,0
SMA-11-01,TOKA,TOKA-022,6/7/2024,7,175,,,,LOPEM2,5,VISA,AVBA,BRDI2,L,,,,,,,S,,0
SMA-11-01,TOKA,TOKA-022,6/7/2024,8,175,,,,AVBA,90,LOPEM2,L,,,,,,,,,S,,0
SMA-11-01,TOKA,TOKA-022,6/7/2024,9,175,,,,LIBI5,64,LOPEM2,L,,,,,,,,,S,,0
SMA-11-01,TOKA,TOKA-022,6/7/2024,10,175,,,,LOPEM2,90,BRDI2,VUBR,BAPI,L,,,,,,,S,,0
SMA-11-01,TOKA,TOKA-022,6/7/2024,11,175,,,,AVBA,91,LOPEM2,PLLA,SHAR2,L,,,,,,,S,,0
SMA-11-01,TOKA,TOKA-022,6/7/2024,12,175,,,,AVBA,120,LOPEM2,BAPI,L,,,,,,,,S,,0
SMA-11-01,TOKA,TOKA-022,6/7/2024,13,175,,,,AVBA,104,LOPEM2,VISA,BAPI,L,,,,,,,S,,0
SMA-11-01,TOKA,TOKA-022,6/7/2024,14,175,,,,LOPEM2,74,VISA,L,,,,,,,,,S,,0
SMA-11-01,TOKA,TOKA-022,6/7/2024,15,175,,,,LOPEM2,75,BRHO2,VISA,L,,,,,,,,S,,0
SMA-11-01,TOKA,TOKA-022,6/7/2024,16,175,,,,AVBA,47,LOPEM2,BRHO2,L,,,,,,,,S,,0
SMA-11-01,TOKA,TOKA-022,6/7/2024,17,175,BAPI,,,LOPEM2,35,L,,,,,,,,,,S,,0
SMA-11-01,TOKA,TOKA-022,6/7/2024,18,175,,,,AVBA,50,BRHO2,L,,,,,,,,,S,,0
SMA-11-01,TOKA,TOKA-022,6/7/2024,19,175,,,,AVBA,60,VUBR,L,,,,,,,,,S,,0
SMA-11-01,TOKA,TOKA-022,6/7/2024,20,175,,,,BRHO2,70,VUBR,BAPI,LOPEM2,L,,,,,,,S,,0
SMA-11-01,TOKA,TOKA-022,6/7/2024,21,175,BAPI,,,VUBR,55,RUUR,L,,,,,,,,,S,,0
SMA-11-01,TOKA,TOKA-022,6/7/2024,22,175,,,,MEPO3,15,TRDU2,PLLA,L,,,,,,,,S,,0
SMA-11-01,TOKA,TOKA-022,6/7/2024,23,175,,,,BRHO2,39,PLLA,BRDI2,L,,,,,,,,S,,0
SMA-11-01,TOKA,TOKA-022,6/7/2024,24,175,BAPI,,,VUBR,75,LOPEM2,L,,,,,,,,,S,,0
SMA-11-01,TOKA,TOKA-022,6/7/2024,25,175,BAPI,,,VUBR,70,LOPEM2,L,,,,,,,,,S,,0
SMA-11-01,TOKA,TOKA-022,6/7/2024,26,175,,,,VUBR,72,BAPI,RUUR,L,,,,,,,,S,,0
SMA-11-01,TOKA,TOKA-022,6/7/2024,27,175,,,,LOPEM2,63,VITE,RUUR,CAPY2,L,,,,,,,S,,0
SMA-11-01,TOKA,TOKA-022,6/7/2024,28,175,,,,LOPEM2,52,RUUR,BRDI2,L,,,,,,,,S,,0
SMA-11-01,TOKA,TOKA-022,6/7/2024,29,175,,,,CRVE3,46,VUBR,BRHO2,VISA,PLLA,L,,,,,,S,,0
SMA-11-01,TOKA,TOKA-022,6/7/2024,30,175,,,,AVBA,75,VISA,TRDU2,BRDI2,L,,,,,,,S,,0
SMA-11-01,TOKA,TOKA-022,6/7/2024,31,175,,,,LOPEM2,55,BRHO2,VISA,VITE,L,,,,,,,S,,0
SMA-11-01,TOKA,TOKA-022,6/7/2024,32,175,,,,LOPEM2,38,BRDI2,BRHO2,RUAC3,L,,,,,,,S,,0
SMA-11-01,TOKA,TOKA-022,6/7/2024,33,175,,,,BRHO2,42,BRDI2,LIBI5,L,,,,,,,,S,,0
SMA-11-01,TOKA,TOKA-022,6/7/2024,34,175,BAPI,,,LOPEM2,70,PLLA,SHAR2,L,,,,,,,,S,,0
SMA-11-01,TOKA,TOKA-022,6/7/2024,35,175,BAPI,,,BRDI2,30,LOPEM2,L,,,,,,,,,S,,0
SMA-11-01,TOKA,TOKA-022,6/7/2024,36,175,BAPI,,,PLLA,25,RUUR,L,,,,,,,,,S,,0
SMA-11-01,TOKA,TOKA-022,6/7/2024,37,175,,,,NOPLANT,NA,,,,,,,,,,,S,,0
SMA-11-01,TOKA,TOKA-022,6/7/2024,38,175,,,,AVBA,30,BRDI2,PLLA,,,,,,,,,S,,0
SMA-11-01,TOKA,TOKA-022,6/7/2024,39,175,,,,PLLA,31,VUBR,BRDI2,L,,,,,,,,S,,0
SMA-11-01,TOKA,TOKA-022,6/7/2024,40,175,,,,LOPEM2,75,BAPI,VUBR,L,,,,,,,,S,,0
SMA-11-01,TOKA,TOKA-022,6/7/2024,41,175,,,,BRDI2,35,VUBR,L,,,,,,,,,S,,0
SMA-11-01,TOKA,TOKA-022,6/7/2024,42,175,,,,VUBR,45,BRDI2,PLLA,L,,,,,,,,S,,0
SMA-11-01,TOKA,TOKA-022,6/7/2024,43,175,,,,LOPEM2,75,PLLA,BRDI2,L,,,,,,,,S,,0
SMA-11-01,TOKA,TOKA-022,6/7/2024,44,175,,,,BRDI3,28,PLLA,BRDI2,L,,,,,,,,S,,0
SMA-11-01,TOKA,TOKA-022,6/7/2024,45,175,,,,VUBR,25,PLLA,L,,,,,,,,,S,,0
SMA-11-01,TOKA,TOKA-022,6/7/2024,46,175,,,,VUBR,24,BRDI2,PLLA,,,,,,,,,S,,0
SMA-11-01,TOKA,TOKA-022,6/7/2024,47,175,,,,PLLA,18,BRDI2,LIBI5,,,,,,,,,S,,0
SMA-11-01,TOKA,TOKA-022,6/7/2024,48,175,,,,BRDI2,15,LIBI5,PLLA,L,,,,,,,,S,,0
SMA-11-01,TOKA,TOKA-022,6/7/2024,49,175,,,,AVBA,50,TRAN6,PLLA,L,,,,,,,,S,,0
SMA-11-01,TOKA,TOKA-022,6/7/2024,50,175,,,,LIBI5,35,PLLA,DACA3,L,,,,,,,,S,,0
SMA-11-01,TOKA,TOKA-022,6/7/2024,1,355,,,,LOPEM2,38,BRDI2,L,,,,,,,,,S,,0
SMA-11-01,TOKA,TOKA-022,6/7/2024,2,355,,,,LOPEM2,40,BRDI2,BRHO2,L,,,,,,,,S,,0
SMA-11-01,TOKA,TOKA-022,6/7/2024,3,355,BAPI,,,BRDI2,33,L,,,,,,,,,,S,,0
SMA-11-01,TOKA,TOKA-022,6/7/2024,4,355,,,,LIBI5,25,BRDI2,BRHO2,GEDI,L,,,,,,,S,,0
SMA-11-01,TOKA,TOKA-022,6/7/2024,5,355,,,,LOPEM2,47,BRDI2,L,,,,,,,,,S,,0
SMA-11-01,TOKA,TOKA-022,6/7/2024,6,355,,,,LOPEM2,48,BRDI2,L,,,,,,,,,S,,0
SMA-11-01,TOKA,TOKA-022,6/7/2024,7,355,BAPI,,,AVBA,75,LOPEM2,,,,,,,,,,S,,0
SMA-11-01,TOKA,TOKA-022,6/7/2024,8,355,BAPI,,,BRHO2,42,BRDI2,L,,,,,,,,,S,,0
SMA-11-01,TOKA,TOKA-022,6/7/2024,9,355,BAPI,,,LOPEM2,70,RUUR,VUBR,L,,,,,,,,S,,0
SMA-11-01,TOKA,TOKA-022,6/7/2024,10,355,BAPI,,,GEDI,35,BRDI2,L,,,,,,,,,S,,0
SMA-11-01,TOKA,TOKA-022,6/7/2024,11,355,BAPI,,,BRDI2,25,L,,,,,,,,,,S,,0
SMA-11-01,TOKA,TOKA-022,6/7/2024,12,355,BAPI,,,LOPEM2,68,VUBR,ANAR,L,,,,,,,,S,,0
SMA-11-01,TOKA,TOKA-022,6/7/2024,13,355,,,,LOPEM2,32,BRHO2,BRDI2,L,,,,,,,,S,,0
SMA-11-01,TOKA,TOKA-022,6/7/2024,14,355,,,,AVBA,75,LIBI5,BRDI2,L,,,,,,,,S,,0
SMA-11-01,TOKA,TOKA-022,6/7/2024,15,355,,,,LOPEM2,50,AVBA,BRDI2,L,,,,,,,,S,,0
SMA-11-01,TOKA,TOKA-022,6/7/2024,16,355,,,,VUBR,45,BRHO2,LOPEM2,L,,,,,,,,S,,0
SMA-11-01,TOKA,TOKA-022,6/7/2024,17,355,BAPI,,,SOAS,54,LOPEM2,L,,,,,,,,,S,,0
SMA-11-01,TOKA,TOKA-022,6/7/2024,18,355,,,,BRHO2,44,LOPEM2,VUBR,L,,,,,,,,S,,0
SMA-11-01,TOKA,TOKA-022,6/7/2024,19,355,,,,AVBA,67,BRHO2,BRDI2,L,,,,,,,,S,,0
SMA-11-01,TOKA,TOKA-022,6/7/2024,20,355,,,,AVBA,58,LOPEM2,BRHO2,L,,,,,,,,S,,0
SMA-11-01,TOKA,TOKA-022,6/7/2024,21,355,,,,AVBA,32,PLLA,BRDI2,BRHO2,L,,,,,,,S,,0
SMA-11-01,TOKA,TOKA-022,6/7/2024,22,355,BAPI,,,AVBA,120,LOPEM2,L,,,,,,,,,S,,0
SMA-11-01,TOKA,TOKA-022,6/7/2024,23,355,BAPI,,,ANAR,48,,,,,,,,,,,S,,0
SMA-11-01,TOKA,TOKA-022,6/7/2024,24,355,BAPI,,,COMA2,63,BRHO2,LOPEM2,VUBR,L,,,,,,,S,,0
SMA-11-01,TOKA,TOKA-022,6/7/2024,25,355,,,,LOPEM2,70,AVBA,BRDI2,L,,,,,,,,S,,0
SMA-11-01,TOKA,TOKA-022,6/7/2024,26,355,,,,LOPEM2,23,VUBR,BRDI2,L,,,,,,,,S,,0
SMA-11-01,TOKA,TOKA-022,6/7/2024,27,355,BAPI,,,LOPEM2,35,VUBR,BRDI2,L,,,,,,,,S,,0
SMA-11-01,TOKA,TOKA-022,6/7/2024,28,355,,,,LOPEM2,65,BRDI3,VUBR,L,,,,,,,,S,,0
SMA-11-01,TOKA,TOKA-022,6/7/2024,29,355,BAPI,,,VUBR,25,GEDI,BRDI2,L,,,,,,,,S,,0
SMA-11-01,TOKA,TOKA-022,6/7/2024,30,355,,,,LOPEM2,50,VUBR,2GA,,,,,,,,,S,2,0
SMA-11-01,TOKA,TOKA-022,6/7/2024,31,355,,,,LOPEM2,40,VUBR,2GA,,,,,,,,,S,2,0
SMA-11-01,TOKA,TOKA-022,6/7/2024,32,355,,,,VUBR,15,BRDI2,L,,,,,,,,,S,,0
SMA-11-01,TOKA,TOKA-022,6/7/2024,33,355,BAPI,,,VUBR,62,BRHO2,BRDI2,,,,,,,,,S,,0
SMA-11-01,TOKA,TOKA-022,6/7/2024,34,355,BAPI,,,VUBR,15,,,,,,,,,,,S,,0
SMA-11-01,TOKA,TOKA-022,6/7/2024,35,355,BAPI,,,LOPEM2,100,BRHO2,BRDI2,VUBR,2GA,,,,,,,S,4,0
SMA-11-01,TOKA,TOKA-022,6/7/2024,36,355,BAPI,,,VUBR,18,BRDI2,BRHO2,2GA,L,,,,,,,S,3,0
SMA-11-01,TOKA,TOKA-022,6/7/2024,37,355,BAPI,,,VUBR,55,BRDI2,LOPEM2,2GA,L,,,,,,,S,3,0
SMA-11-01,TOKA,TOKA-022,6/7/2024,38,355,,,,BRHO2,30,LOPEM2,BRDI2,VITE,2GA,L,,,,,,S,4,0
SMA-11-01,TOKA,TOKA-022,6/7/2024,39,355,,,,LOPEM2,18,LOPEM2,L,,,,,,,,,S,1,0
SMA-11-01,TOKA,TOKA-022,6/7/2024,40,355,,,,LOPEM2,38,VISA,TRDU2,2GA,,,,,,,,S,3,0
SMA-11-01,TOKA,TOKA-022,6/7/2024,41,355,,,,LOPEM2,35,CAPY2,2GA,,,,,,,,,S,2,0
SMA-11-01,TOKA,TOKA-022,6/7/2024,42,355,,,,LOPEM2,45,L,,,,,,,,,,S,,0
SMA-11-01,TOKA,TOKA-022,6/7/2024,43,355,,,,LOPEM2,35,LIBI5,HYRA3,2GA,,,,,,,,S,3,0
SMA-11-01,TOKA,TOKA-022,6/7/2024,44,355,,,,LOPEM2,28,CAPY2,BRDI2,2GA,,,,,,,,S,3,0
SMA-11-01,TOKA,TOKA-022,6/7/2024,45,355,,,,LOPEM2,65,BRHO2,GEDI,L,,,,,,,,S,,0
SMA-11-01,TOKA,TOKA-022,6/7/2024,46,355,,,,SOAS,55,LOPEM2,CAPY2,L,,,,,,,,S,,0
SMA-11-01,TOKA,TOKA-022,6/7/2024,47,355,,,,CAPY2,70,LOPEM2,COAR4,L,,,,,,,,S,,0
SMA-11-01,TOKA,TOKA-022,6/7/2024,48,355,,,,LOPEM2,60,PLLA,L,,,,,,,,,S,,0
SMA-11-01,TOKA,TOKA-022,6/7/2024,49,355,,,,CAPY2,120,AVBA,LOPEM2,GEDI,,,,,,,,S,,0
SMA-11-01,TOKA,TOKA-022,6/7/2024,50,355,,,,CAPY2,48,,,,,,,,,,,AM,,0
SMA-11-01,TOKA,TOKA-029,6/15/2016,1,32,,,,BRDI2,20,L,,,,,,,,,,S,,0
SMA-11-01,TOKA,TOKA-029,6/15/2016,2,32,,,,BRDI2,18,L,,,,,,,,,,S,,0
SMA-11-01,TOKA,TOKA-029,6/15/2016,3,32,,,,BRDI2,12,2PLANT,,,,,,,,,,S,,0
SMA-11-01,TOKA,TOKA-029,6/15/2016,4,32,,,,LOCO6,8,HYRA3,,,,,,,,,,S,,0
SMA-11-01,TOKA,TOKA-029,6/15/2016,5,32,,,,NOPLANT,0,,,,,,,,,,,S,,0
SMA-11-01,TOKA,TOKA-029,6/15/2016,6,32,,,,ASTERA,1,,,,,,,,,,,S,,0
SMA-11-01,TOKA,TOKA-029,6/15/2016,7,32,,,,BRDI2,12,,,,,,,,,,,S,,0
SMA-11-01,TOKA,TOKA-029,6/15/2016,8,32,,,,VUMY,27,BRDI2,L,,,,,,,,,S,,0
SMA-11-01,TOKA,TOKA-029,6/15/2016,9,32,,,,BRDI2,20,LOCO6,,,,,,,,,,S,,0
SMA-11-01,TOKA,TOKA-029,6/15/2016,10,32,,,,NAPU4,34,BRDI2,L,,,,,,,,,S,,0
SMA-11-01,TOKA,TOKA-029,6/15/2016,11,32,,,,BRDI2,25,L,,,,,,,,,,S,,0
SMA-11-01,TOKA,TOKA-029,6/15/2016,12,32,,,,,NA,,,,,,,,,,,,,0
SMA-11-01,TOKA,TOKA-029,6/15/2016,13,32,,,,,NA,,,,,,,,,,,,,0
SMA-11-01,TOKA,TOKA-029,6/15/2016,14,32,,,,,NA,,,,,,,,,,,,,0
SMA-11-01,TOKA,TOKA-029,6/15/2016,15,32,,,,,NA,,,,,,,,,,,,,0
SMA-11-01,TOKA,TOKA-029,6/15/2016,16,32,,,,,NA,,,,,,,,,,,,,0
SMA-11-01,TOKA,TOKA-029,6/15/2016,17,32,,,,,NA,,,,,,,,,,,,,0
SMA-11-01,TOKA,TOKA-029,6/15/2016,18,32,,,,,NA,,,,,,,,,,,,,0
SMA-11-01,TOKA,TOKA-029,6/15/2016,19,32,,,,,NA,,,,,,,,,,,,,0
SMA-11-01,TOKA,TOKA-029,6/15/2016,20,32,,,,,NA,,,,,,,,,,,,,0
SMA-11-01,TOKA,TOKA-029,6/15/2016,21,32,,,,,NA,,,,,,,,,,,,,0
SMA-11-01,TOKA,TOKA-029,6/15/2016,22,32,,,,,NA,,,,,,,,,,,,,0
SMA-11-01,TOKA,TOKA-029,6/15/2016,23,32,,,,,NA,,,,,,,,,,,,,0
SMA-11-01,TOKA,TOKA-029,6/15/2016,24,32,,,,,NA,,,,,,,,,,,,,0
SMA-11-01,TOKA,TOKA-029,6/15/2016,25,32,,,,,NA,,,,,,,,,,,,,0
SMA-11-01,TOKA,TOKA-029,6/15/2016,26,32,,,,,NA,,,,,,,,,,,,,0
SMA-11-01,TOKA,TOKA-029,6/15/2016,27,32,,,,,NA,,,,,,,,,,,,,0
SMA-11-01,TOKA,TOKA-029,6/15/2016,28,32,,,,,NA,,,,,,,,,,,,,0
SMA-11-01,TOKA,TOKA-029,6/15/2016,29,32,,,,,NA,,,,,,,,,,,,,0
SMA-11-01,TOKA,TOKA-029,6/15/2016,30,32,,,,,NA,,,,,,,,,,,,,0
SMA-11-01,TOKA,TOKA-029,6/15/2016,31,32,,,,,NA,,,,,,,,,,,,,0
SMA-11-01,TOKA,TOKA-029,6/15/2016,32,32,,,,,NA,,,,,,,,,,,,,0
SMA-11-01,TOKA,TOKA-029,6/15/2016,33,32,,,,,NA,,,,,,,,,,,,,0
SMA-11-01,TOKA,TOKA-029,6/15/2016,34,32,,,,,NA,,,,,,,,,,,,,0
SMA-11-01,TOKA,TOKA-029,6/15/2016,35,32,,,,,NA,,,,,,,,,,,,,0
SMA-11-01,TOKA,TOKA-029,6/15/2016,36,32,,,,,NA,,,,,,,,,,,,,0
SMA-11-01,TOKA,TOKA-029,6/15/2016,37,32,,,,,NA,,,,,,,,,,,,,0
SMA-11-01,TOKA,TOKA-029,6/15/2016,38,32,,,,,NA,,,,,,,,,,,,,0
SMA-11-01,TOKA,TOKA-029,6/15/2016,39,32,,,,,NA,,,,,,,,,,,,,0
SMA-11-01,TOKA,TOKA-029,6/15/2016,40,32,,,,,NA,,,,,,,,,,,,,0
SMA-11-01,TOKA,TOKA-029,6/15/2016,41,32,,,,,NA,,,,,,,,,,,,,0
SMA-11-01,TOKA,TOKA-029,6/15/2016,42,32,,,,,NA,,,,,,,,,,,,,0
SMA-11-01,TOKA,TOKA-029,6/15/2016,43,32,,,,,NA,,,,,,,,,,,,,0
SMA-11-01,TOKA,TOKA-029,6/15/2016,44,32,,,,,NA,,,,,,,,,,,,,0
SMA-11-01,TOKA,TOKA-029,6/15/2016,45,32,,,,,NA,,,,,,,,,,,,,0
SMA-11-01,TOKA,TOKA-029,6/15/2016,46,32,,,,,NA,,,,,,,,,,,,,0
SMA-11-01,TOKA,TOKA-029,6/15/2016,47,32,,,,,NA,,,,,,,,,,,,,0
SMA-11-01,TOKA,TOKA-029,6/15/2016,48,32,,,,,NA,,,,,,,,,,,,,0
SMA-11-01,TOKA,TOKA-029,6/15/2016,49,32,,,,,NA,,,,,,,,,,,,,0
SMA-11-01,TOKA,TOKA-029,6/15/2016,50,32,,,,,NA,,,,,,,,,,,,,0
SMA-11-01,TOKA,TOKA-029,6/15/2016,1,212,,,,BRDI2,25,PLLA,L,,,,,,,,,S,,0
SMA-11-01,TOKA,TOKA-029,6/15/2016,2,212,,,,BRDI2,23,NAPU4,L,,,,,,,,,S,,0
SMA-11-01,TOKA,TOKA-029,6/15/2016,3,212,,,,NOPLANT,0,L,,,,,,,,,,S,,0
SMA-11-01,TOKA,TOKA-029,6/15/2016,4,212,,,,BRDI2,22,L,,,,,,,,,,S,,0
SMA-11-01,TOKA,TOKA-029,6/15/2016,5,212,,,,NAPU4,20,L,,,,,,,,,,S,,0
SMA-11-01,TOKA,TOKA-029,6/15/2016,6,212,,,,BRDI2,999,L,,,,,,,,,,S,,0
SMA-11-01,TOKA,TOKA-029,6/15/2016,7,212,,,,CIVU,49,BRDI2,L,,,,,,,,,S,,0
SMA-11-01,TOKA,TOKA-029,6/15/2016,8,212,,,,NOPLANT,0,L,,,,,,,,,,S,,0
SMA-11-01,TOKA,TOKA-029,6/15/2016,9,212,,,,BRDI2,23,L,,,,,,,,,,S,,0
SMA-11-01,TOKA,TOKA-029,6/15/2016,10,212,,,,NOPLANT,0,,,,,,,,,,,S,,0
SMA-11-01,TOKA,TOKA-029,6/15/2016,11,212,,,,VUMY,999,L,,,,,,,,,,S,,0
SMA-11-01,TOKA,TOKA-029,6/15/2016,12,212,,,,LOPEM2,62,VUMY,L,,,,,,,,,S,,0
SMA-11-01,TOKA,TOKA-029,6/15/2016,13,212,,,,LOPEM2,45,L,,,,,,,,,,S,,0
SMA-11-01,TOKA,TOKA-029,6/15/2016,14,212,,,,NOPLANT,0,,,,,,,,,,,S,,0
SMA-11-01,TOKA,TOKA-029,6/15/2016,15,212,,,,NOPLANT,0,,,,,,,,,,,S,,0
SMA-11-01,TOKA,TOKA-029,6/15/2016,16,212,,,,NOPLANT,0,,,,,,,,,,,S,,0
SMA-11-01,TOKA,TOKA-029,6/15/2016,17,212,,,,PLLA,6,L,,,,,,,,,,S,,0
SMA-11-01,TOKA,TOKA-029,6/15/2016,18,212,,,,BRDI2,9,,,,,,,,,,,S,,0
SMA-11-01,TOKA,TOKA-029,6/15/2016,19,212,,,,BRDI2,10,PLLA,PLLA,L,,,,,,,,S,,0
SMA-11-01,TOKA,TOKA-029,6/15/2016,20,212,,,,AVBA,72,PLLA,BRDI2,L,,,,,,,,S,,0
SMA-11-01,TOKA,TOKA-029,6/15/2016,21,212,,,,BRDI2,16,PLLA,,,,,,,,,,S,,0
SMA-11-01,TOKA,TOKA-029,6/15/2016,22,212,,,,PLLA,23,AVBA,BRDI2,,,,,,,,,S,,0
SMA-11-01,TOKA,TOKA-029,6/15/2016,23,212,,,,PLLA,18,BRDI2,,,,,,,,,,S,,0
SMA-11-01,TOKA,TOKA-029,6/15/2016,24,212,,,,BRDI2,20,,,,,,,,,,,S,,0
SMA-11-01,TOKA,TOKA-029,6/15/2016,25,212,,,,NAPU4,18,PLLA,BRDI2,L,,,,,,,,S,,0
SMA-11-01,TOKA,TOKA-029,6/15/2016,26,212,,,,BRDI2,8,PLLA,,,,,,,,,,S,,0
SMA-11-01,TOKA,TOKA-029,6/15/2016,27,212,,,,BRDI2,18,L,,,,,,,,,,S,,0
SMA-11-01,TOKA,TOKA-029,6/15/2016,28,212,,,,NAPU4,45,BRDI2,L,,,,,,,,,S,,0
SMA-11-01,TOKA,TOKA-029,6/15/2016,29,212,,,,PLLA,30,BRDI2,L,,,,,,,,,S,,0
SMA-11-01,TOKA,TOKA-029,6/15/2016,30,212,,,,BRDI2,22,L,,,,,,,,,,S,,0
SMA-11-01,TOKA,TOKA-029,6/15/2016,31,212,,,,BRDI2,15,L,,,,,,,,,,S,,0
SMA-11-01,TOKA,TOKA-029,6/15/2016,32,212,,,,BRDI2,70,ANAR,L,,,,,,,,,S,,0
SMA-11-01,TOKA,TOKA-029,6/15/2016,33,212,,,,BRDI2,14,L,,,,,,,,,,S,,0
SMA-11-01,TOKA,TOKA-029,6/15/2016,34,212,,,,BRDI2,21,L,,,,,,,,,,S,,0
SMA-11-01,TOKA,TOKA-029,6/15/2016,35,212,,,,2PLANT,43,BRDI2,L,,,,,,,,,S,,0
SMA-11-01,TOKA,TOKA-029,6/15/2016,36,212,,,,BRDI2,2,L,,,,,,,,,,S,,0
SMA-11-01,TOKA,TOKA-029,6/15/2016,37,212,,,,BRDI2,11,L,,,,,,,,,,S,,0
SMA-11-01,TOKA,TOKA-029,6/15/2016,38,212,,,,NOPLANT,0,L,,,,,,,,,,S,,0
SMA-11-01,TOKA,TOKA-029,6/15/2016,39,212,,,,BRDI2,13,L,,,,,,,,,,S,,0
SMA-11-01,TOKA,TOKA-029,6/15/2016,40,212,,,,BRDI2,3,L,,,,,,,,,,S,,0
SMA-11-01,TOKA,TOKA-029,6/15/2016,41,212,,,,NAPU4,21,L,,,,,,,,,,S,,0
SMA-11-01,TOKA,TOKA-029,6/15/2016,42,212,,,,BRDI2,10,L,,,,,,,,,,S,,0
SMA-11-01,TOKA,TOKA-029,6/15/2016,43,212,,,,BRDI2,20,L,,,,,,,,,,S,,0
SMA-11-01,TOKA,TOKA-029,6/15/2016,44,212,,,,NAPU4,35,BRDI2,L,,,,,,,,,S,,0
SMA-11-01,TOKA,TOKA-029,6/15/2016,45,212,,,,VUMY,20,L,,,,,,,,,,S,,0
SMA-11-01,TOKA,TOKA-029,6/15/2016,46,212,,,,NAPU4,13,BRDI2,L,,,,,,,,,S,,0
SMA-11-01,TOKA,TOKA-029,6/15/2016,47,212,,,,VUMY,21,L,,,,,,,,,,S,,0
SMA-11-01,TOKA,TOKA-029,6/15/2016,48,212,,,,BRDI2,15,L,,,,,,,,,,S,,0
SMA-11-01,TOKA,TOKA-029,6/15/2016,49,212,,,,BRDI2,20,L,,,,,,,,,,S,,0
SMA-11-01,TOKA,TOKA-029,6/15/2016,50,212,,,,BRDI2,19,L,,,,,,,,,,S,,0
SMA-11-01,TOKA,TOKA-029,4/23/2018,1,32,PSME,,,VUBR,4,LOCO6,HYGL2,L,,,,,,,,S,,0
SMA-11-01,TOKA,TOKA-029,4/23/2018,2,32,PSME,,,LOCO6,7,HYRA3,L,,,,,,,,,S,,0
SMA-11-01,TOKA,TOKA-029,4/23/2018,3,32,PSME,,,VUBR,10,BRHO2,LOCO6,L,,,,,,,,S,,0
SMA-11-01,TOKA,TOKA-029,4/23/2018,4,32,PSME,,,VUBR,5,WL,L,,,,,,,,,S,,0
SMA-11-01,TOKA,TOKA-029,4/23/2018,5,32,PSME,,,VUBR,3,L,,,,,,,,,,S,,0
SMA-11-01,TOKA,TOKA-029,4/23/2018,6,32,PSME,,,VUBR,5,L,,,,,,,,,,S,,0
SMA-11-01,TOKA,TOKA-029,4/23/2018,7,32,PSME,,,VUBR,11,PLLA,L,,,,,,,,,S,,0
SMA-11-01,TOKA,TOKA-029,4/23/2018,8,32,,,,PLLA,3,L,,,,,,,,,,S,,0
SMA-11-01,TOKA,TOKA-029,4/23/2018,9,32,,,,BRHO2,4,L,,,,,,,,,,S,,0
SMA-11-01,TOKA,TOKA-029,4/23/2018,10,32,,,,,NA,,,,,,,,,,,,,0
SMA-11-01,TOKA,TOKA-029,4/23/2018,11,32,,,,,NA,,,,,,,,,,,,,0
SMA-11-01,TOKA,TOKA-029,4/23/2018,12,32,,,,,NA,,,,,,,,,,,,,0
SMA-11-01,TOKA,TOKA-029,4/23/2018,13,32,,,,,NA,,,,,,,,,,,,,0
SMA-11-01,TOKA,TOKA-029,4/23/2018,14,32,,,,,NA,,,,,,,,,,,,,0
SMA-11-01,TOKA,TOKA-029,4/23/2018,15,32,,,,,NA,,,,,,,,,,,,,0
SMA-11-01,TOKA,TOKA-029,4/23/2018,16,32,,,,,NA,,,,,,,,,,,,,0
SMA-11-01,TOKA,TOKA-029,4/23/2018,17,32,,,,,NA,,,,,,,,,,,,,0
SMA-11-01,TOKA,TOKA-029,4/23/2018,18,32,,,,,NA,,,,,,,,,,,,,0
SMA-11-01,TOKA,TOKA-029,4/23/2018,19,32,,,,,NA,,,,,,,,,,,,,0
SMA-11-01,TOKA,TOKA-029,4/23/2018,20,32,,,,,NA,,,,,,,,,,,,,0
SMA-11-01,TOKA,TOKA-029,4/23/2018,21,32,,,,,NA,,,,,,,,,,,,,0
SMA-11-01,TOKA,TOKA-029,4/23/2018,22,32,,,,,NA,,,,,,,,,,,,,0
SMA-11-01,TOKA,TOKA-029,4/23/2018,23,32,,,,,NA,,,,,,,,,,,,,0
SMA-11-01,TOKA,TOKA-029,4/23/2018,24,32,,,,,NA,,,,,,,,,,,,,0
SMA-11-01,TOKA,TOKA-029,4/23/2018,25,32,,,,,NA,,,,,,,,,,,,,0
SMA-11-01,TOKA,TOKA-029,4/23/2018,26,32,,,,,NA,,,,,,,,,,,,,0
SMA-11-01,TOKA,TOKA-029,4/23/2018,27,32,,,,,NA,,,,,,,,,,,,,0
SMA-11-01,TOKA,TOKA-029,4/23/2018,28,32,,,,,NA,,,,,,,,,,,,,0
SMA-11-01,TOKA,TOKA-029,4/23/2018,29,32,,,,,NA,,,,,,,,,,,,,0
SMA-11-01,TOKA,TOKA-029,4/23/2018,30,32,,,,,NA,,,,,,,,,,,,,0
SMA-11-01,TOKA,TOKA-029,4/23/2018,31,32,,,,,NA,,,,,,,,,,,,,0
SMA-11-01,TOKA,TOKA-029,4/23/2018,32,32,,,,,NA,,,,,,,,,,,,,0
SMA-11-01,TOKA,TOKA-029,4/23/2018,33,32,,,,,NA,,,,,,,,,,,,,0
SMA-11-01,TOKA,TOKA-029,4/23/2018,34,32,,,,,NA,,,,,,,,,,,,,0
SMA-11-01,TOKA,TOKA-029,4/23/2018,35,32,,,,,NA,,,,,,,,,,,,,0
SMA-11-01,TOKA,TOKA-029,4/23/2018,36,32,,,,,NA,,,,,,,,,,,,,0
SMA-11-01,TOKA,TOKA-029,4/23/2018,37,32,,,,,NA,,,,,,,,,,,,,0
SMA-11-01,TOKA,TOKA-029,4/23/2018,38,32,,,,,NA,,,,,,,,,,,,,0
SMA-11-01,TOKA,TOKA-029,4/23/2018,39,32,,,,,NA,,,,,,,,,,,,,0
SMA-11-01,TOKA,TOKA-029,4/23/2018,40,32,,,,,NA,,,,,,,,,,,,,0
SMA-11-01,TOKA,TOKA-029,4/23/2018,41,32,,,,,NA,,,,,,,,,,,,,0
SMA-11-01,TOKA,TOKA-029,4/23/2018,42,32,,,,,NA,,,,,,,,,,,,,0
SMA-11-01,TOKA,TOKA-029,4/23/2018,43,32,,,,,NA,,,,,,,,,,,,,0
SMA-11-01,TOKA,TOKA-029,4/23/2018,44,32,,,,,NA,,,,,,,,,,,,,0
SMA-11-01,TOKA,TOKA-029,4/23/2018,45,32,,,,,NA,,,,,,,,,,,,,0
SMA-11-01,TOKA,TOKA-029,4/23/2018,46,32,,,,,NA,,,,,,,,,,,,,0
SMA-11-01,TOKA,TOKA-029,4/23/2018,47,32,,,,,NA,,,,,,,,,,,,,0
SMA-11-01,TOKA,TOKA-029,4/23/2018,48,32,,,,,NA,,,,,,,,,,,,,0
SMA-11-01,TOKA,TOKA-029,4/23/2018,49,32,,,,,NA,,,,,,,,,,,,,0
SMA-11-01,TOKA,TOKA-029,4/23/2018,50,32,,,,,NA,,,,,,,,,,,,,0
SMA-11-01,TOKA,TOKA-029,4/23/2018,1,212,PSME,,,BRDI2,14,LOCO6,L,,,,,,,,,S,,0
SMA-11-01,TOKA,TOKA-029,4/23/2018,2,212,BAPI,,,2GA,13,L,,,,,,,,,,S,,0
SMA-11-01,TOKA,TOKA-029,4/23/2018,3,212,,,,NALE2,8,L,,,,,,,,,,S,,0
SMA-11-01,TOKA,TOKA-029,4/23/2018,4,212,BAPI,,,RUUR,27,NALE2,L,,,,,,,,,S,,0
SMA-11-01,TOKA,TOKA-029,4/23/2018,5,212,BAPI,TODI,,NOPLANT,NA,L,,,,,,,,,,S,,0
SMA-11-01,TOKA,TOKA-029,4/23/2018,6,212,BAPI,,,NALE2,25,L,,,,,,,,,,S,,0
SMA-11-01,TOKA,TOKA-029,4/23/2018,7,212,BAPI,,,RUUR,21,NALE2,L,,,,,,,,,S,,0
SMA-11-01,TOKA,TOKA-029,4/23/2018,8,212,BAPI,,,NALE2,19,L,,,,,,,,,,S,,0
SMA-11-01,TOKA,TOKA-029,4/23/2018,9,212,,,,NALE2,32,VUBR,L,,,,,,,,,S,,0
SMA-11-01,TOKA,TOKA-029,4/23/2018,10,212,,,,NOPLANT,NA,L,,,,,,,,,,S,,0
SMA-11-01,TOKA,TOKA-029,4/23/2018,11,212,,,,RUUR,15,VUBR,L,,,,,,,,,S,,0
SMA-11-01,TOKA,TOKA-029,4/23/2018,12,212,,,,2GA,14,GEDI,L,,,,,,,,,S,,0
SMA-11-01,TOKA,TOKA-029,4/23/2018,13,212,,,,LOCO6,10,PLLA,SIBE,L,,,,,,,,S,,0
SMA-11-01,TOKA,TOKA-029,4/23/2018,14,212,,,,TRSU3,5,VUBR,LIBI5,L,,,,,,,,S,,0
SMA-11-01,TOKA,TOKA-029,4/23/2018,15,212,,,,NOPLANT,NA,,,,,,,,,,,S,,0
SMA-11-01,TOKA,TOKA-029,4/23/2018,16,212,,,,NOPLANT,NA,,,,,,,,,,,S,,0
SMA-11-01,TOKA,TOKA-029,4/23/2018,17,212,,,,AVBA,19,RUUR,L,,,,,,,,,S,,0
SMA-11-01,TOKA,TOKA-029,4/23/2018,18,212,,,,PLLA,5,L,,,,,,,,,,S,,0
SMA-11-01,TOKA,TOKA-029,4/23/2018,19,212,,,,RUUR,7,L,,,,,,,,,,S,,0
SMA-11-01,TOKA,TOKA-029,4/23/2018,20,212,,,,VUBR,19,PLLA,WL,L,,,,,,,,S,,0
SMA-11-01,TOKA,TOKA-029,4/23/2018,21,212,,,,LOPEM2,10,L,,,,,,,,,,S,,0
SMA-11-01,TOKA,TOKA-029,4/23/2018,22,212,,,,LOPEM2,30,LOCO6,L,,,,,,,,,S,,0
SMA-11-01,TOKA,TOKA-029,4/23/2018,23,212,PSME,,,VUBR,20,LOCO6,LOPEM2,L,,,,,,,,S,,0
SMA-11-01,TOKA,TOKA-029,4/23/2018,24,212,PSME,,,LOPEM2,17,GEDI,RUUR,L,,,,,,,,S,,0
SMA-11-01,TOKA,TOKA-029,4/23/2018,25,212,PSME,,,LOPEM2,23,VUBR,HYGL2,L,,,,,,,,S,,0
SMA-11-01,TOKA,TOKA-029,4/23/2018,26,212,PSME,,,LIBI5,20,VUBR,L,,,,,,,,,S,,0
SMA-11-01,TOKA,TOKA-029,4/23/2018,27,212,PSME,,,LOPEM2,10,VICIA,L,,,,,,,,,S,,0
SMA-11-01,TOKA,TOKA-029,4/23/2018,28,212,PSME,BAPI,,RUUR,22,L,,,,,,,,,,S,,0
SMA-11-01,TOKA,TOKA-029,4/23/2018,29,212,PSME,BAPI,,VUBR,10,,,,,,,,,,,S,,0
SMA-11-01,TOKA,TOKA-029,4/23/2018,30,212,,,,VUBR,5,LIBI5,L,,,,,,,,,S,,0
SMA-11-01,TOKA,TOKA-029,4/23/2018,31,212,,,,BRHO2,26,VUBR,L,,,,,,,,,S,,0
SMA-11-01,TOKA,TOKA-029,4/23/2018,32,212,,,,LIBI5,15,L,,,,,,,,,,S,,0
SMA-11-01,TOKA,TOKA-029,4/23/2018,33,212,,,,LOPEM2,11,BRHO2,L,,,,,,,,,S,,0
SMA-11-01,TOKA,TOKA-029,4/23/2018,34,212,,,,VUBR,3,L,,,,,,,,,,S,,0
SMA-11-01,TOKA,TOKA-029,4/23/2018,35,212,BAPI,,,RUUR,13,2GA,L,,,,,,,,,S,,0
SMA-11-01,TOKA,TOKA-029,4/23/2018,36,212,BAPI,TODI,RUUR,NOPLANT,NA,L,,,,,,,,,,S,,0
SMA-11-01,TOKA,TOKA-029,4/23/2018,37,212,BAPI,TODI,,NOPLANT,NA,L,,,,,,,,,,S,,0
SMA-11-01,TOKA,TOKA-029,4/23/2018,38,212,BAPI,,,RUUR,64,BRDI2,VITE,L,,,,,,,,S,,0
SMA-11-01,TOKA,TOKA-029,4/23/2018,39,212,BAPI,,,VITE,14,L,,,,,,,,,,S,,0
SMA-11-01,TOKA,TOKA-029,4/23/2018,40,212,BAPI,,,RUUR,18,L,,,,,,,,,,S,,0
SMA-11-01,TOKA,TOKA-029,4/23/2018,41,212,,,,NOPLANT,NA,L,,,,,,,,,,S,,0
SMA-11-01,TOKA,TOKA-029,4/23/2018,42,212,BAPI,TODI,,NOPLANT,NA,L,,,,,,,,,,S,,0
SMA-11-01,TOKA,TOKA-029,4/23/2018,43,212,BAPI,,,BRDI2,11,VITE,L,,,,,,,,,S,,0
SMA-11-01,TOKA,TOKA-029,4/23/2018,44,212,BAPI,,,RUUR,11,VITE,L,,,,,,,,,S,,0
SMA-11-01,TOKA,TOKA-029,4/23/2018,45,212,TODI,,,RUUR,10,L,,,,,,,,,,S,,0
SMA-11-01,TOKA,TOKA-029,4/23/2018,46,212,BAPI,,,RUUR,15,VITE,L,,,,,,,,,S,,0
SMA-11-01,TOKA,TOKA-029,4/23/2018,47,212,BAPI,,,NOPLANT,NA,L,,,,,,,,,,S,,0
SMA-11-01,TOKA,TOKA-029,4/23/2018,48,212,,,,TODI,2,L,,,,,,,,,,S,,0
SMA-11-01,TOKA,TOKA-029,4/23/2018,49,212,BAPI,,,NOPLANT,NA,L,,,,,,,,,,S,,0
SMA-11-01,TOKA,TOKA-029,4/23/2018,50,212,,,,BRDI2,12,LIBI5,L,,,,,,,,,S,,0
SMA-11-01,TOKA,TOKA-030,5/16/2018,1,85,,,,BRDI2,10,2GA,,,,,,,,,,S,1,0
SMA-11-01,TOKA,TOKA-030,5/16/2018,2,85,,,,LOPEM2,45,BRDI2,RUAC3,L,,,,,,,,S,,0
SMA-11-01,TOKA,TOKA-030,5/16/2018,3,85,,,,LOPEM2,37,VUBR,TODI,BRDI2,SOOL,2GA,L,,,,,S,5,0
SMA-11-01,TOKA,TOKA-030,5/16/2018,4,85,,,,LIBI5,32,CIVU,BRDI2,RUAC3,L,,,,,,,S,,0
SMA-11-01,TOKA,TOKA-030,5/16/2018,5,85,,,,LOPEM2,26,VUBR,LIBI5,L,,,,,,,,S,,0
SMA-11-01,TOKA,TOKA-030,5/16/2018,6,85,,,,BRCA5,45,VUBR,RUUR,L,,,,,,,,S,,0
SMA-11-01,TOKA,TOKA-030,5/16/2018,7,85,,,,NOPLANT,NA,,,,,,,,,,,S,,0
SMA-11-01,TOKA,TOKA-030,5/16/2018,8,85,BAPI,,,BRDI2,15,L,,,,,,,,,,S,,0
SMA-11-01,TOKA,TOKA-030,5/16/2018,9,85,BAPI,TODI,,NOPLANT,NA,L,,,,,,,,,,S,,0
SMA-11-01,TOKA,TOKA-030,5/16/2018,10,85,BAPI,TODI,,NOPLANT,NA,L,,,,,,,,,,S,,0
SMA-11-01,TOKA,TOKA-030,5/16/2018,11,85,,,,LIBI5,36,VUBR,VITE,L,,,,,,,,S,,0
SMA-11-01,TOKA,TOKA-030,5/16/2018,12,85,,,,VUBR,15,ACMO2,BRDI2,L,,,,,,,,S,,0
SMA-11-01,TOKA,TOKA-030,5/16/2018,13,85,BAPI,TODI,,BRDI2,23,L,,,,,,,,,,S,,0
SMA-11-01,TOKA,TOKA-030,5/16/2018,14,85,BAPI,TODI,RUUR,NOPLANT,NA,L,,,,,,,,,,S,,0
SMA-11-01,TOKA,TOKA-030,5/16/2018,15,85,BAPI,,,NOPLANT,NA,L,,,,,,,,,,S,,0
SMA-11-01,TOKA,TOKA-030,5/16/2018,16,85,,,,BRDI2,27,BRCA5,,,,,,,,,,S,,0
SMA-11-01,TOKA,TOKA-030,5/16/2018,17,85,TODI,,,RUUR,26,SOOL,DAPU3,L,,,,,,,,S,,0
SMA-11-01,TOKA,TOKA-030,5/16/2018,18,85,TODI,,,BRHO2,46,BRHO2,L,,,,,,,,,S,,0
SMA-11-01,TOKA,TOKA-030,5/16/2018,19,85,,,,BRCA5,53,VUBR,LIBI5,VITE,L,,,,,,,S,,0
SMA-11-01,TOKA,TOKA-030,5/16/2018,20,85,,,,VUBR,20,DAPU3,BRDI2,2GA,L,,,,,,,S,3,0
SMA-11-01,TOKA,TOKA-030,5/16/2018,21,85,,,,BRHO2,26,BRDI2,2GA,,,,,,,,,S,2,0
SMA-11-01,TOKA,TOKA-030,5/16/2018,22,85,BAPI,TODI,,NOPLANT,NA,L,,,,,,,,,,S,,0
SMA-11-01,TOKA,TOKA-030,5/16/2018,23,85,BAPI,TODI,,NOPLANT,NA,L,,,,,,,,,,S,,0
SMA-11-01,TOKA,TOKA-030,5/16/2018,24,85,BAPI,,,LOPEM2,32,BRDI2,L,,,,,,,,,S,,0
SMA-11-01,TOKA,TOKA-030,5/16/2018,25,85,,,,BRCA5,34,PLLA,BRDI2,L,,,,,,,,S,,0
SMA-11-01,TOKA,TOKA-030,5/16/2018,26,85,,,,PLLA,22,,,,,,,,,,,S,,0
SMA-11-01,TOKA,TOKA-030,5/16/2018,27,85,,,,NOPLANT,NA,,,,,,,,,,,AM,,0
SMA-11-01,TOKA,TOKA-030,5/16/2018,28,85,,,,BRDI2,17,LIBI5,,,,,,,,,,S,,0
SMA-11-01,TOKA,TOKA-030,5/16/2018,29,85,,,,PLLA,18,L,,,,,,,,,,S,,0
SMA-11-01,TOKA,TOKA-030,5/16/2018,30,85,,,,PLLA,11,,,,,,,,,,,S,,0
SMA-11-01,TOKA,TOKA-030,5/16/2018,31,85,,,,BRHO2,26,BRCA5,L,,,,,,,,,S,,0
SMA-11-01,TOKA,TOKA-030,5/16/2018,32,85,,,,BRHO2,34,PLLA,L,,,,,,,,,S,,0
SMA-11-01,TOKA,TOKA-030,5/16/2018,33,85,,,,LIBI5,19,BRDI2,,,,,,,,,,S,,0
SMA-11-01,TOKA,TOKA-030,5/16/2018,34,85,,,,PLLA,11,VITE,L,,,,,,,,,S,,0
SMA-11-01,TOKA,TOKA-030,5/16/2018,35,85,,,,PLLA,27,,,,,,,,,,,S,,0
SMA-11-01,TOKA,TOKA-030,5/16/2018,36,85,,,,PLLA,17,TRDU2,PLER3,L,,,,,,,,S,,0
SMA-11-01,TOKA,TOKA-030,5/16/2018,37,85,,,,VUBR,15,BRDI2,LIBI5,PLER3,,,,,,,,S,,0
SMA-11-01,TOKA,TOKA-030,5/16/2018,38,85,,,,ESCA2,14,PLLA,,,,,,,,,,S,,0
SMA-11-01,TOKA,TOKA-030,5/16/2018,39,85,,,,BRDI2,11,LOWR2,,,,,,,,,,S,,0
SMA-11-01,TOKA,TOKA-030,5/16/2018,40,85,,,,LOPEM2,31,PLLA,2GA,L,,,,,,,,S,,0
SMA-11-01,TOKA,TOKA-030,5/16/2018,41,85,BAPI,RUUR,,BRDI2,15,L,,,,,,,,,,S,,0
SMA-11-01,TOKA,TOKA-030,5/16/2018,42,85,,,,PLLA,19,,,,,,,,,,,S,,0
SMA-11-01,TOKA,TOKA-030,5/16/2018,43,85,,,,AVBA,50,LOPEM2,PLLA,L,,,,,,,,S,,0
SMA-11-01,TOKA,TOKA-030,5/16/2018,44,85,,,,BRDI2,6,TRAN6,,,,,,,,,,S,,0
SMA-11-01,TOKA,TOKA-030,5/16/2018,45,85,,,,LIBI5,20,PLLA,,,,,,,,,,S,,0
SMA-11-01,TOKA,TOKA-030,5/16/2018,46,85,,,,AVBA,34,TRDU2,BRDI2,,,,,,,,,S,,0
SMA-11-01,TOKA,TOKA-030,5/16/2018,47,85,,,,NOPLANT,NA,,,,,,,,,,,S,,0
SMA-11-01,TOKA,TOKA-030,5/16/2018,48,85,,,,AVBA,69,LIBI5,PLLA,,,,,,,,,S,,0
SMA-11-01,TOKA,TOKA-030,5/16/2018,49,85,,,,PLLA,9,DACA3,,,,,,,,,,S,,0
SMA-11-01,TOKA,TOKA-030,5/16/2018,50,85,,,,BRDI2,20,VUBR,ACMI2,,,,,,,,,S,,0
SMA-11-01,TOKA,TOKA-030,5/16/2018,1,265,,,,VUBR,19,2GA,,,,,,,,,,S,1,0
SMA-11-01,TOKA,TOKA-030,5/16/2018,2,265,,,,BRDI2,9,VUBR,2GA,,,,,,,,,S,2,0
SMA-11-01,TOKA,TOKA-030,5/16/2018,3,265,TODI,RUUR,,VITE,21,SOOL,BRDI2,LOPEM2,LIBI5,L,,,,,,S,,0
SMA-11-01,TOKA,TOKA-030,5/16/2018,4,265,,,,LOPEM2,40,BRDI2,VUBR,2GA,,,,,,,,S,3,0
SMA-11-01,TOKA,TOKA-030,5/16/2018,5,265,,,,LOPEM2,46,VUBR,SOAS,BRDI2,RUUR,L,,,,,,S,,0
SMA-11-01,TOKA,TOKA-030,5/16/2018,6,265,,,,VUBR,40,BRDI2,2GA,,,,,,,,,S,2,0
SMA-11-01,TOKA,TOKA-030,5/16/2018,7,265,BAPI,RUUR,,BRDI2,24,VUBR,LIBI5,2GA,,,,,,,,S,3,0
SMA-11-01,TOKA,TOKA-030,5/16/2018,8,265,BAPI,RUUR,,BRCA5,29,ANAR,2GA,,,,,,,,,S,2,0
SMA-11-01,TOKA,TOKA-030,5/16/2018,9,265,,,,VUBR,42,PSEUD43,BRDI2,2GA,,,,,,,,S,3,0
SMA-11-01,TOKA,TOKA-030,5/16/2018,10,265,RUUR,,,PSEUD43,43,2GA,,,,,,,,,,S,1,0
SMA-11-01,TOKA,TOKA-030,5/16/2018,11,265,RUUR,,,2GA,5,,,,,,,,,,,S,,1
SMA-11-01,TOKA,TOKA-030,5/16/2018,12,265,RUUR,,,ANAR,26,2GA,,,,,,,,,,S,1,0
SMA-11-01,TOKA,TOKA-030,5/16/2018,13,265,TODI,RUUR,,GEDI,16,2GA,,,,,,,,,,S,1,0
SMA-11-01,TOKA,TOKA-030,5/16/2018,14,265,BAPI,RUUR,,NOPLANT,NA,L,,,,,,,,,,S,,0
SMA-11-01,TOKA,TOKA-030,5/16/2018,15,265,BAPI,TODI,,NOPLANT,NA,L,,,,,,,,,,S,,0
SMA-11-01,TOKA,TOKA-030,5/16/2018,16,265,TODI,RUUR,,2GA,3,,,,,,,,,,,S,,1
SMA-11-01,TOKA,TOKA-030,5/16/2018,17,265,TODI,RUUR,,NOPLANT,NA,,,,,,,,,,,AM,,0
SMA-11-01,TOKA,TOKA-030,5/16/2018,18,265,BAPI,TODI,RUUR,2GA,1,,,,,,,,,,,S,,0
SMA-11-01,TOKA,TOKA-030,5/16/2018,19,265,BAPI,,,BRDI2,17,ANAR,RUUR,2GA,,,,,,,,S,3,0
SMA-11-01,TOKA,TOKA-030,5/16/2018,20,265,BAPI,RUUR,,VITE,64,HYRA3,2GA,,,,,,,,,S,2,0
SMA-11-01,TOKA,TOKA-030,5/16/2018,21,265,RUUR,,,BRDI2,36,VUBR,GEDI,2GA,,,,,,,,S,3,0
SMA-11-01,TOKA,TOKA-030,5/16/2018,22,265,,,,LIBI5,48,VUBR,BRDI2,HYRA3,,,,,,,,S,,0
SMA-11-01,TOKA,TOKA-030,5/16/2018,23,265,,,,BRHO2,34,HYRA3,2GA,,,,,,,,,,2,0
SMA-11-01,TOKA,TOKA-030,5/16/2018,24,265,,,,LIBI5,38,VUBR,VITE,SOOL,HYRA3,L,,,,,,S,,0
SMA-11-01,TOKA,TOKA-030,5/16/2018,25,265,BAPI,RUUR,TODI,NOPLANT,NA,WL,L,,,,,,,,,S,,0
SMA-11-01,TOKA,TOKA-030,5/16/2018,26,265,BAPI,RUUR,,VITE,37,BRDI2,L,,,,,,,,,S,,0
SMA-11-01,TOKA,TOKA-030,5/16/2018,27,265,BAPI,,,NOPLANT,NA,L,,,,,,,,,,S,,0
SMA-11-01,TOKA,TOKA-030,5/16/2018,28,265,BAPI,RUUR,,NOPLANT,NA,L,,,,,,,,,,S,,0
SMA-11-01,TOKA,TOKA-030,5/16/2018,29,265,BAPI,TODI,,NOPLANT,NA,L,,,,,,,,,,S,,0
SMA-11-01,TOKA,TOKA-030,5/16/2018,30,265,BAPI,TODI,,2GA,1,,,,,,,,,,,S,,1
SMA-11-01,TOKA,TOKA-030,5/16/2018,31,265,BAPI,TODI,,2GA,1,L,,,,,,,,,,S,,1
SMA-11-01,TOKA,TOKA-030,5/16/2018,32,265,RUUR,,,LIBI5,9,2GA,,,,,,,,,,S,,0
SMA-11-01,TOKA,TOKA-030,5/16/2018,33,265,BAPI,RUUR,,2GA,1,,,,,,,,,,,S,,1
SMA-11-01,TOKA,TOKA-030,5/16/2018,34,265,BAPI,,,NOPLANT,NA,L,,,,,,,,,,S,,0
SMA-11-01,TOKA,TOKA-030,5/16/2018,35,265,BAPI,,,BRCA5,79,NALE2,NALE2,L,,,,,,,,S,2,0
SMA-11-01,TOKA,TOKA-030,5/16/2018,36,265,BAPI,,,BRCA5,45,VITE,RUUR,2GA,L,,,,,,,S,3,0
SMA-11-01,TOKA,TOKA-030,5/16/2018,37,265,,,,NALE2,35,VUBR,BRDI2,VITE,L,,,,,,,S,,0
SMA-11-01,TOKA,TOKA-030,5/16/2018,38,265,BAPI,,,VITE,38,NALE2,NALE2,,,,,,,,,S,2,0
SMA-11-01,TOKA,TOKA-030,5/16/2018,39,265,BAPI,,,NALE2,29,NALE2,,,,,,,,,,S,1,0
SMA-11-01,TOKA,TOKA-030,5/16/2018,40,265,BAPI,TODI,,VITE,34,BRDI2,2GA,,,,,,,,,S,2,0
SMA-11-01,TOKA,TOKA-030,5/16/2018,41,265,BAPI,TODI,,NOPLANT,NA,,,,,,,,,,,BAPI,,0
SMA-11-01,TOKA,TOKA-030,5/16/2018,42,265,BAPI,,,VUBR,26,2GA,L,,,,,,,,,S,,0
SMA-11-01,TOKA,TOKA-030,5/16/2018,43,265,BAPI,TODI,RUUR,NOPLANT,NA,L,,,,,,,,,,S,,0
SMA-11-01,TOKA,TOKA-030,5/16/2018,44,265,,,,BRDI2,12,RUUR,PSEUD43,LOCO6,2GA,,,,,,,S,4,0
SMA-11-01,TOKA,TOKA-030,5/16/2018,45,265,RUUR,,,BRCA5,44,BRDI2,VUBR,VITE,2GA,L,,,,,,S,4,0
SMA-11-01,TOKA,TOKA-030,5/16/2018,46,265,BAPI,RUUR,,VUBR,26,2GA,L,,,,,,,,,S,1,0
SMA-11-01,TOKA,TOKA-030,5/16/2018,47,265,TODI,,,SOAS,14,BRDI2,VUBR,GEDI,2GA,L,,,,,,S,4,0
SMA-11-01,TOKA,TOKA-030,5/16/2018,48,265,,,,COMA2,30,SOAS,ANAR,2GA,L,,,,,,,S,3,0
SMA-11-01,TOKA,TOKA-030,5/16/2018,49,265,,,,PSEUD43,59,COMA2,L,,,,,,,,,S,,0
SMA-11-01,TOKA,TOKA-030,5/16/2018,50,265,TODI,,,COMA2,38,VUBR,RUUR,2GA,,,,,,,,S,3,0
SMA-11-01,TOKA,TOKA-034,6/14/2016,1,328,,,,PHAQ,35,JUNCU,LOTUS,,,,,,,,,S,,0
SMA-11-01,TOKA,TOKA-034,6/14/2016,2,328,,,,PHAQ,61,,,,,,,,,,,S,,0
SMA-11-01,TOKA,TOKA-034,6/14/2016,3,328,,,,PHAQ,85,2FORB,,,,,,,,,,S,,0
SMA-11-01,TOKA,TOKA-034,6/14/2016,4,328,,,,PHAQ,49,L,,,,,,,,,,S,,0
SMA-11-01,TOKA,TOKA-034,6/14/2016,5,328,,,,PHAQ,35,L,,,,,,,,,,S,,0
SMA-11-01,TOKA,TOKA-034,6/14/2016,6,328,,,,PHAQ,72,L,,,,,,,,,,S,,0
SMA-11-01,TOKA,TOKA-034,6/14/2016,7,328,,,,PHAQ,50,L,,,,,,,,,,S,,0
SMA-11-01,TOKA,TOKA-034,6/14/2016,8,328,,,,GEDI,38,PHAQ,L,,,,,,,,,S,,0
SMA-11-01,TOKA,TOKA-034,6/14/2016,9,328,,,,PHAQ,8,L,,,,,,,,,,S,,0
SMA-11-01,TOKA,TOKA-034,6/14/2016,10,328,,,,VUMY,6,LIUS,L,,,,,,,,,S,,0
SMA-11-01,TOKA,TOKA-034,6/14/2016,11,328,,,,NOPLANT,NA,L,,,,,,,,,,S,,0
SMA-11-01,TOKA,TOKA-034,6/14/2016,12,328,,,,PHAQ,54,HOMA2,L,,,,,,,,,S,,0
SMA-11-01,TOKA,TOKA-034,6/14/2016,13,328,,,,2FORB,20,PHAQ,L,,,,,,,,,S,,0
SMA-11-01,TOKA,TOKA-034,6/14/2016,14,328,,,,VUBR,14,,,,,,,,,,,S,,0
SMA-11-01,TOKA,TOKA-034,6/14/2016,15,328,,,,VUBR,15,L,,,,,,,,,,S,,0
SMA-11-01,TOKA,TOKA-034,6/14/2016,16,328,,,,PHAQ,85,VUBR,L,,,,,,,,,S,,0
SMA-11-01,TOKA,TOKA-034,6/14/2016,17,328,,,,DAGL,62,PHAQ,L,,,,,,,,,S,,0
SMA-11-01,TOKA,TOKA-034,6/14/2016,18,328,,,,VUBR,14,LOTUS,2FORB,BRHO2,2LTR,,,,,,,S,,0
SMA-11-01,TOKA,TOKA-034,6/14/2016,19,328,,,,LOPEM2,12,VUBR,L,,,,,,,,,S,,0
SMA-11-01,TOKA,TOKA-034,6/14/2016,20,328,,,,PHAQ,48,HOMA2,L,,,,,,,,,S,,0
SMA-11-01,TOKA,TOKA-034,6/14/2016,21,328,,,,PHAQ,14,2FORB,L,,,,,,,,,S,,0
SMA-11-01,TOKA,TOKA-034,6/14/2016,22,328,,,,PHAQ,44,2FORB,LOTUS,2LTR,,,,,,,,S,,0
SMA-11-01,TOKA,TOKA-034,6/14/2016,23,328,,,,2FORB,18,COAR4,LOTUS,VUBR,,,,,,,,S,,0
SMA-11-01,TOKA,TOKA-034,6/14/2016,24,328,,,,LOPEM2,11,HOMA2,L,,,,,,,,,S,,0
SMA-11-01,TOKA,TOKA-034,6/14/2016,25,328,,,,LOPEM2,18,VUBR,VUMY,2LTR,,,,,,,,S,,0
SMA-11-01,TOKA,TOKA-034,6/14/2016,26,328,,,,HOMA2,12,2FORB,LOPEM2,2LTR,,,,,,,,S,,0
SMA-11-01,TOKA,TOKA-034,6/14/2016,27,328,,,,VUBR,9,2FORB,LOTUS,2LTR,,,,,,,,S,,0
SMA-11-01,TOKA,TOKA-034,6/14/2016,28,328,,,,HOBR2,31,LOTUS,L,,,,,,,,,S,,0
SMA-11-01,TOKA,TOKA-034,6/14/2016,29,328,,,,PHAQ,64,HOBR2,LOPEM2,VUBR,LOTUS,2LTR,,,,,,S,,0
SMA-11-01,TOKA,TOKA-034,6/14/2016,30,328,,,,LOPEM2,16,PHAQ,LOTUS,2LTR,,,,,,,,S,,0
SMA-11-01,TOKA,TOKA-034,6/14/2016,31,328,,,,HOBR2,35,BRHO2,PHAQ,LOTUS,2LTR,,,,,,,S,,0
SMA-11-01,TOKA,TOKA-034,6/14/2016,32,328,,,,2GA,44,PHAQ,L,,,,,,,,,S,,0
SMA-11-01,TOKA,TOKA-034,6/14/2016,33,328,,,,PHAQ,2,L,,,,,,,,,,S,,0
SMA-11-01,TOKA,TOKA-034,6/14/2016,34,328,,,,LOPEM2,2,L,,,,,,,,,,S,,0
SMA-11-01,TOKA,TOKA-034,6/14/2016,35,328,,,,HOBR2,6,VUBR,L,,,,,,,,,S,,0
SMA-11-01,TOKA,TOKA-034,6/14/2016,36,328,,,,PHAQ,23,LOTUS,L,,,,,,,,,S,,0
SMA-11-01,TOKA,TOKA-034,6/14/2016,37,328,,,,PHAQ,18,HOMA2,L,,,,,,,,,S,,0
SMA-11-01,TOKA,TOKA-034,6/14/2016,38,328,,,,PHAQ,40,L,,,,,,,,,,S,,0
SMA-11-01,TOKA,TOKA-034,6/14/2016,39,328,,,,PHAQ,67,L,,,,,,,,,,S,,0
SMA-11-01,TOKA,TOKA-034,6/14/2016,40,328,,,,PHAQ,16,LOTUS,L,,,,,,,,,S,,0
SMA-11-01,TOKA,TOKA-034,6/14/2016,41,328,,,,PHAQ,15,LOTUS,L,,,,,,,,,S,,0
SMA-11-01,TOKA,TOKA-034,6/14/2016,42,328,,,,PHAQ,102,L,,,,,,,,,,S,,0
SMA-11-01,TOKA,TOKA-034,6/14/2016,43,328,,,,PHAQ,57,2FORB,L,,,,,,,,,S,,0
SMA-11-01,TOKA,TOKA-034,6/14/2016,44,328,,,,NOPLANT,NA,,,,,,,,,,,S,,0
SMA-11-01,TOKA,TOKA-034,6/14/2016,45,328,,,,NOPLANT,NA,,,,,,,,,,,S,,0
SMA-11-01,TOKA,TOKA-034,6/14/2016,46,328,,,,NOPLANT,NA,,,,,,,,,,,S,,0
SMA-11-01,TOKA,TOKA-034,6/14/2016,47,328,,,,LOPEM2,40,BRHO2,LOTUS,,,,,,,,,S,,0
SMA-11-01,TOKA,TOKA-034,6/14/2016,48,328,,,,PHAQ,41,BRHO2,BRDI2,2LTR,,,,,,,,S,,0
SMA-11-01,TOKA,TOKA-034,6/14/2016,49,328,,,,AVENA,20,BRDI2,L,,,,,,,,,S,,0
SMA-11-01,TOKA,TOKA-034,6/14/2016,50,328,,,,NOPLANT,NA,L,,,,,,,,,,S,,0
SMA-11-01,TOKA,TOKA-034,6/14/2016,1,NA,,,,,NA,,,,,,,,,,,,,0
SMA-11-01,TOKA,TOKA-034,6/14/2016,2,NA,,,,,NA,,,,,,,,,,,,,0
SMA-11-01,TOKA,TOKA-034,6/14/2016,3,NA,,,,,NA,,,,,,,,,,,,,0
SMA-11-01,TOKA,TOKA-034,6/14/2016,4,NA,,,,,NA,,,,,,,,,,,,,0
SMA-11-01,TOKA,TOKA-034,6/14/2016,5,NA,,,,,NA,,,,,,,,,,,,,0
SMA-11-01,TOKA,TOKA-034,6/14/2016,6,NA,,,,,NA,,,,,,,,,,,,,0
SMA-11-01,TOKA,TOKA-034,6/14/2016,7,NA,,,,,NA,,,,,,,,,,,,,0
SMA-11-01,TOKA,TOKA-034,6/14/2016,8,NA,,,,,NA,,,,,,,,,,,,,0
SMA-11-01,TOKA,TOKA-034,6/14/2016,9,NA,,,,,NA,,,,,,,,,,,,,0
SMA-11-01,TOKA,TOKA-034,6/14/2016,10,NA,,,,,NA,,,,,,,,,,,,,0
SMA-11-01,TOKA,TOKA-034,6/14/2016,11,NA,,,,,NA,,,,,,,,,,,,,0
SMA-11-01,TOKA,TOKA-034,6/14/2016,12,NA,,,,,NA,,,,,,,,,,,,,0
SMA-11-01,TOKA,TOKA-034,6/14/2016,13,NA,,,,,NA,,,,,,,,,,,,,0
SMA-11-01,TOKA,TOKA-034,6/14/2016,14,NA,,,,,NA,,,,,,,,,,,,,0
SMA-11-01,TOKA,TOKA-034,6/14/2016,15,NA,,,,,NA,,,,,,,,,,,,,0
SMA-11-01,TOKA,TOKA-034,6/14/2016,16,NA,,,,,NA,,,,,,,,,,,,,0
SMA-11-01,TOKA,TOKA-034,6/14/2016,17,NA,,,,,NA,,,,,,,,,,,,,0
SMA-11-01,TOKA,TOKA-034,6/14/2016,18,NA,,,,,NA,,,,,,,,,,,,,0
SMA-11-01,TOKA,TOKA-034,6/14/2016,19,NA,,,,,NA,,,,,,,,,,,,,0
SMA-11-01,TOKA,TOKA-034,6/14/2016,20,NA,,,,,NA,,,,,,,,,,,,,0
SMA-11-01,TOKA,TOKA-034,6/14/2016,21,NA,,,,,NA,,,,,,,,,,,,,0
SMA-11-01,TOKA,TOKA-034,6/14/2016,22,NA,,,,,NA,,,,,,,,,,,,,0
SMA-11-01,TOKA,TOKA-034,6/14/2016,23,NA,,,,,NA,,,,,,,,,,,,,0
SMA-11-01,TOKA,TOKA-034,6/14/2016,24,NA,,,,,NA,,,,,,,,,,,,,0
SMA-11-01,TOKA,TOKA-034,6/14/2016,25,NA,,,,,NA,,,,,,,,,,,,,0
SMA-11-01,TOKA,TOKA-034,6/14/2016,26,NA,,,,,NA,,,,,,,,,,,,,0
SMA-11-01,TOKA,TOKA-034,6/14/2016,27,NA,,,,,NA,,,,,,,,,,,,,0
SMA-11-01,TOKA,TOKA-034,6/14/2016,28,NA,,,,,NA,,,,,,,,,,,,,0
SMA-11-01,TOKA,TOKA-034,6/14/2016,29,NA,,,,,NA,,,,,,,,,,,,,0
SMA-11-01,TOKA,TOKA-034,6/14/2016,30,NA,,,,,NA,,,,,,,,,,,,,0
SMA-11-01,TOKA,TOKA-034,6/14/2016,31,NA,,,,,NA,,,,,,,,,,,,,0
SMA-11-01,TOKA,TOKA-034,6/14/2016,32,NA,,,,,NA,,,,,,,,,,,,,0
SMA-11-01,TOKA,TOKA-034,6/14/2016,33,NA,,,,,NA,,,,,,,,,,,,,0
SMA-11-01,TOKA,TOKA-034,6/14/2016,34,NA,,,,,NA,,,,,,,,,,,,,0
SMA-11-01,TOKA,TOKA-034,6/14/2016,35,NA,,,,,NA,,,,,,,,,,,,,0
SMA-11-01,TOKA,TOKA-034,6/14/2016,36,NA,,,,,NA,,,,,,,,,,,,,0
SMA-11-01,TOKA,TOKA-034,6/14/2016,37,NA,,,,,NA,,,,,,,,,,,,,0
SMA-11-01,TOKA,TOKA-034,6/14/2016,38,NA,,,,,NA,,,,,,,,,,,,,0
SMA-11-01,TOKA,TOKA-034,6/14/2016,39,NA,,,,,NA,,,,,,,,,,,,,0
SMA-11-01,TOKA,TOKA-034,6/14/2016,40,NA,,,,,NA,,,,,,,,,,,,,0
SMA-11-01,TOKA,TOKA-034,6/14/2016,41,NA,,,,,NA,,,,,,,,,,,,,0
SMA-11-01,TOKA,TOKA-034,6/14/2016,42,NA,,,,,NA,,,,,,,,,,,,,0
SMA-11-01,TOKA,TOKA-034,6/14/2016,43,NA,,,,,NA,,,,,,,,,,,,,0
SMA-11-01,TOKA,TOKA-034,6/14/2016,44,NA,,,,,NA,,,,,,,,,,,,,0
SMA-11-01,TOKA,TOKA-034,6/14/2016,45,NA,,,,,NA,,,,,,,,,,,,,0
SMA-11-01,TOKA,TOKA-034,6/14/2016,46,NA,,,,,NA,,,,,,,,,,,,,0
SMA-11-01,TOKA,TOKA-034,6/14/2016,47,NA,,,,,NA,,,,,,,,,,,,,0
SMA-11-01,TOKA,TOKA-034,6/14/2016,48,NA,,,,,NA,,,,,,,,,,,,,0
SMA-11-01,TOKA,TOKA-034,6/14/2016,49,NA,,,,,NA,,,,,,,,,,,,,0
SMA-11-01,TOKA,TOKA-034,6/14/2016,50,NA,,,,,NA,,,,,,,,,,,,,0
SMA-11-01,TOKA,TOKA-034,4/23/2018,1,328,SALIX,,,JUEF,10,L,,,,,,,,,,S,,0
SMA-11-01,TOKA,TOKA-034,4/23/2018,2,328,SALIX,,,PHAQ,19,L,,,,,,,,,,S,,0
SMA-11-01,TOKA,TOKA-034,4/23/2018,3,328,SALIX,,,PHAQ,20,L,,,,,,,,,,S,,0
SMA-11-01,TOKA,TOKA-034,4/23/2018,4,328,,,,PHAQ,37,RUUR,L,,,,,,,,,S,,0
SMA-11-01,TOKA,TOKA-034,4/23/2018,5,328,,,,PHAQ,48,L,,,,,,,,,,S,,0
SMA-11-01,TOKA,TOKA-034,4/23/2018,6,328,,,,PHAQ,53,L,,,,,,,,,,S,,0
SMA-11-01,TOKA,TOKA-034,4/23/2018,7,328,,,,PHAQ,35,L,,,,,,,,,,S,,0
SMA-11-01,TOKA,TOKA-034,4/23/2018,8,328,,,,PHAQ,25,L,,,,,,,,,,S,,0
SMA-11-01,TOKA,TOKA-034,4/23/2018,9,328,,,,PHAQ,38,PHAQ,L,,,,,,,,,S,1,0
SMA-11-01,TOKA,TOKA-034,4/23/2018,10,328,,,,PHAQ,20,PHAQ,L,,,,,,,,,S,1,0
SMA-11-01,TOKA,TOKA-034,4/23/2018,11,328,,,,PHAQ,24,L,,,,,,,,,,S,,0
SMA-11-01,TOKA,TOKA-034,4/23/2018,12,328,,,,PHAQ,40,L,,,,,,,,,,S,,0
SMA-11-01,TOKA,TOKA-034,4/23/2018,13,328,,,,PHAQ,63,L,,,,,,,,,,S,,0
SMA-11-01,TOKA,TOKA-034,4/23/2018,14,328,,,,PHAQ,51,GEDI,L,,,,,,,,,S,,0
SMA-11-01,TOKA,TOKA-034,4/23/2018,15,328,,,,PHAQ,59,,,,,,,,,,,PHAQ,,0
SMA-11-01,TOKA,TOKA-034,4/23/2018,16,328,,,,GEDI,33,PHAQ,L,,,,,,,,,S,,0
SMA-11-01,TOKA,TOKA-034,4/23/2018,17,328,,,,DAGL,30,PHAQ,L,,,,,,,,,S,,0
SMA-11-01,TOKA,TOKA-034,4/23/2018,18,328,,,,PHAQ,10,GEDI,L,,,,,,,,,S,,0
SMA-11-01,TOKA,TOKA-034,4/23/2018,19,328,,,,BRHO2,28,VUBR,MEPO3,L,,,,,,,,S,,0
SMA-11-01,TOKA,TOKA-034,4/23/2018,20,328,,,,PHAQ,50,GEDI,VUBR,COAR4,,,,,,,,S,,0
SMA-11-01,TOKA,TOKA-034,4/23/2018,21,328,,,,VUBR,35,GEDI,L,,,,,,,,,S,,0
SMA-11-01,TOKA,TOKA-034,4/23/2018,22,328,,,,PHAQ,44,L,,,,,,,,,,S,,0
SMA-11-01,TOKA,TOKA-034,4/23/2018,23,328,,,,PHAQ,53,L,,,,,,,,,,S,,0
SMA-11-01,TOKA,TOKA-034,4/23/2018,24,328,,,,PHAQ,40,SCAR7,L,,,,,,,,,S,,0
SMA-11-01,TOKA,TOKA-034,4/23/2018,25,328,,,,LOPEM2,33,GEDI,HOBR2,2GA,,,,,,,,S,3,0
SMA-11-01,TOKA,TOKA-034,4/23/2018,26,328,,,,PHAQ,35,PHAQ,L,,,,,,,,,S,1,0
SMA-11-01,TOKA,TOKA-034,4/23/2018,27,328,,,,HOBR2,14,L,,,,,,,,,,S,,0
SMA-11-01,TOKA,TOKA-034,4/23/2018,28,328,,,,HOBR2,21,L,,,,,,,,,,S,,0
SMA-11-01,TOKA,TOKA-034,4/23/2018,29,328,,,,LOPEM2,15,HOBR2,2GA,L,,,,,,,,S,,0
SMA-11-01,TOKA,TOKA-034,4/23/2018,30,328,,,,HOBR2,15,L,,,,,,,,,,S,,0
SMA-11-01,TOKA,TOKA-034,4/23/2018,31,328,,,,HOBR2,31,LOCO6,L,,,,,,,,,S,,0
SMA-11-01,TOKA,TOKA-034,4/23/2018,32,328,,,,LOPEM2,20,HOBR2,L,,,,,,,,,S,,0
SMA-11-01,TOKA,TOKA-034,4/23/2018,33,328,,,,PHAQ,13,L,,,,,,,,,,S,,0
SMA-11-01,TOKA,TOKA-034,4/23/2018,34,328,,,,PHAQ,28,L,,,,,,,,,,S,,0
SMA-11-01,TOKA,TOKA-034,4/23/2018,35,328,,,,HOBR2,26,L,,,,,,,,,,S,,0
SMA-11-01,TOKA,TOKA-034,4/23/2018,36,328,,,,PHAQ,35,GEDI,L,,,,,,,,,S,,0
SMA-11-01,TOKA,TOKA-034,4/23/2018,37,328,,,,PHAQ,24,,,,,,,,,,,PHAQ,,0
SMA-11-01,TOKA,TOKA-034,4/23/2018,38,328,,,,PHAQ,28,L,,,,,,,,,,S,,0
SMA-11-01,TOKA,TOKA-034,4/23/2018,39,328,,,,2GP,34,HOBR2,L,,,,,,,,,S,,0
SMA-11-01,TOKA,TOKA-034,4/23/2018,40,328,,,,PHAQ,48,L,,,,,,,,,,S,,0
SMA-11-01,TOKA,TOKA-034,4/23/2018,41,328,,,,PHAQ,39,PHAQ,L,,,,,,,,,S,,1
SMA-11-01,TOKA,TOKA-034,4/23/2018,42,328,,,,PHAQ,23,L,,,,,,,,,,S,,0
SMA-11-01,TOKA,TOKA-034,4/23/2018,43,328,,,,SCAR7,37,PHAQ,L,,,,,,,,,S,,0
SMA-11-01,TOKA,TOKA-034,4/23/2018,44,328,,,,PHAQ,40,SCAR7,L,,,,,,,,,S,,0
SMA-11-01,TOKA,TOKA-034,4/23/2018,45,328,,,,PHAQ,26,L,,,,,,,,,,S,,0
SMA-11-01,TOKA,TOKA-034,4/23/2018,46,328,,,,PHAQ,39,PHAQ,L,,,,,,,,,S,1,0
SMA-11-01,TOKA,TOKA-034,4/23/2018,47,328,,,,PHAQ,32,GEDI,L,,,,,,,,,S,,0
SMA-11-01,TOKA,TOKA-034,4/23/2018,48,328,,,,GEDI,5,L,,,,,,,,,,S,,0
SMA-11-01,TOKA,TOKA-034,4/23/2018,49,328,,,,MEPO3,9,BRDI2,L,,,,,,,,,S,,0
SMA-11-01,TOKA,TOKA-034,4/23/2018,50,328,,,,MEPO3,13,TRSU3,,,,,,,,,,S,,0
SMA-11-01,TOKA,TOKA-034,4/23/2018,1,NA,,,,,NA,,,,,,,,,,,,,0
SMA-11-01,TOKA,TOKA-034,4/23/2018,2,NA,,,,,NA,,,,,,,,,,,,,0
SMA-11-01,TOKA,TOKA-034,4/23/2018,3,NA,,,,,NA,,,,,,,,,,,,,0
SMA-11-01,TOKA,TOKA-034,4/23/2018,4,NA,,,,,NA,,,,,,,,,,,,,0
SMA-11-01,TOKA,TOKA-034,4/23/2018,5,NA,,,,,NA,,,,,,,,,,,,,0
SMA-11-01,TOKA,TOKA-034,4/23/2018,6,NA,,,,,NA,,,,,,,,,,,,,0
SMA-11-01,TOKA,TOKA-034,4/23/2018,7,NA,,,,,NA,,,,,,,,,,,,,0
SMA-11-01,TOKA,TOKA-034,4/23/2018,8,NA,,,,,NA,,,,,,,,,,,,,0
SMA-11-01,TOKA,TOKA-034,4/23/2018,9,NA,,,,,NA,,,,,,,,,,,,,0
SMA-11-01,TOKA,TOKA-034,4/23/2018,10,NA,,,,,NA,,,,,,,,,,,,,0
SMA-11-01,TOKA,TOKA-034,4/23/2018,11,NA,,,,,NA,,,,,,,,,,,,,0
SMA-11-01,TOKA,TOKA-034,4/23/2018,12,NA,,,,,NA,,,,,,,,,,,,,0
SMA-11-01,TOKA,TOKA-034,4/23/2018,13,NA,,,,,NA,,,,,,,,,,,,,0
SMA-11-01,TOKA,TOKA-034,4/23/2018,14,NA,,,,,NA,,,,,,,,,,,,,0
SMA-11-01,TOKA,TOKA-034,4/23/2018,15,NA,,,,,NA,,,,,,,,,,,,,0
SMA-11-01,TOKA,TOKA-034,4/23/2018,16,NA,,,,,NA,,,,,,,,,,,,,0
SMA-11-01,TOKA,TOKA-034,4/23/2018,17,NA,,,,,NA,,,,,,,,,,,,,0
SMA-11-01,TOKA,TOKA-034,4/23/2018,18,NA,,,,,NA,,,,,,,,,,,,,0
SMA-11-01,TOKA,TOKA-034,4/23/2018,19,NA,,,,,NA,,,,,,,,,,,,,0
SMA-11-01,TOKA,TOKA-034,4/23/2018,20,NA,,,,,NA,,,,,,,,,,,,,0
SMA-11-01,TOKA,TOKA-034,4/23/2018,21,NA,,,,,NA,,,,,,,,,,,,,0
SMA-11-01,TOKA,TOKA-034,4/23/2018,22,NA,,,,,NA,,,,,,,,,,,,,0
SMA-11-01,TOKA,TOKA-034,4/23/2018,23,NA,,,,,NA,,,,,,,,,,,,,0
SMA-11-01,TOKA,TOKA-034,4/23/2018,24,NA,,,,,NA,,,,,,,,,,,,,0
SMA-11-01,TOKA,TOKA-034,4/23/2018,25,NA,,,,,NA,,,,,,,,,,,,,0
SMA-11-01,TOKA,TOKA-034,4/23/2018,26,NA,,,,,NA,,,,,,,,,,,,,0
SMA-11-01,TOKA,TOKA-034,4/23/2018,27,NA,,,,,NA,,,,,,,,,,,,,0
SMA-11-01,TOKA,TOKA-034,4/23/2018,28,NA,,,,,NA,,,,,,,,,,,,,0
SMA-11-01,TOKA,TOKA-034,4/23/2018,29,NA,,,,,NA,,,,,,,,,,,,,0
SMA-11-01,TOKA,TOKA-034,4/23/2018,30,NA,,,,,NA,,,,,,,,,,,,,0
SMA-11-01,TOKA,TOKA-034,4/23/2018,31,NA,,,,,NA,,,,,,,,,,,,,0
SMA-11-01,TOKA,TOKA-034,4/23/2018,32,NA,,,,,NA,,,,,,,,,,,,,0
SMA-11-01,TOKA,TOKA-034,4/23/2018,33,NA,,,,,NA,,,,,,,,,,,,,0
SMA-11-01,TOKA,TOKA-034,4/23/2018,34,NA,,,,,NA,,,,,,,,,,,,,0
SMA-11-01,TOKA,TOKA-034,4/23/2018,35,NA,,,,,NA,,,,,,,,,,,,,0
SMA-11-01,TOKA,TOKA-034,4/23/2018,36,NA,,,,,NA,,,,,,,,,,,,,0
SMA-11-01,TOKA,TOKA-034,4/23/2018,37,NA,,,,,NA,,,,,,,,,,,,,0
SMA-11-01,TOKA,TOKA-034,4/23/2018,38,NA,,,,,NA,,,,,,,,,,,,,0
SMA-11-01,TOKA,TOKA-034,4/23/2018,39,NA,,,,,NA,,,,,,,,,,,,,0
SMA-11-01,TOKA,TOKA-034,4/23/2018,40,NA,,,,,NA,,,,,,,,,,,,,0
SMA-11-01,TOKA,TOKA-034,4/23/2018,41,NA,,,,,NA,,,,,,,,,,,,,0
SMA-11-01,TOKA,TOKA-034,4/23/2018,42,NA,,,,,NA,,,,,,,,,,,,,0
SMA-11-01,TOKA,TOKA-034,4/23/2018,43,NA,,,,,NA,,,,,,,,,,,,,0
SMA-11-01,TOKA,TOKA-034,4/23/2018,44,NA,,,,,NA,,,,,,,,,,,,,0
SMA-11-01,TOKA,TOKA-034,4/23/2018,45,NA,,,,,NA,,,,,,,,,,,,,0
SMA-11-01,TOKA,TOKA-034,4/23/2018,46,NA,,,,,NA,,,,,,,,,,,,,0
SMA-11-01,TOKA,TOKA-034,4/23/2018,47,NA,,,,,NA,,,,,,,,,,,,,0
SMA-11-01,TOKA,TOKA-034,4/23/2018,48,NA,,,,,NA,,,,,,,,,,,,,0
SMA-11-01,TOKA,TOKA-034,4/23/2018,49,NA,,,,,NA,,,,,,,,,,,,,0
SMA-11-01,TOKA,TOKA-034,4/23/2018,50,NA,,,,,NA,,,,,,,,,,,,,0
SMA-11-01,TOKA,TOKA-035,5/26/2022,1,274,BAPI,,,NOPLANT,NA,L,,,,,,,,,,S,,0
SMA-11-01,TOKA,TOKA-035,5/26/2022,2,274,BAPI,,,NOPLANT,NA,ARCA11,L,,,,,,,,,S,,0
SMA-11-01,TOKA,TOKA-035,5/26/2022,3,274,BAPI,,,NOPLANT,NA,L,,,,,,,,,,S,,0
SMA-11-01,TOKA,TOKA-035,5/26/2022,4,274,ARCA11,,,NOPLANT,NA,L,,,,,,,,,,S,,0
SMA-11-01,TOKA,TOKA-035,5/26/2022,5,274,ARCA11,,,NOPLANT,NA,L,,,,,,,,,,S,,0
SMA-11-01,TOKA,TOKA-035,5/26/2022,6,274,,,,,NA,,,,,,,,,,,,,0
SMA-11-01,TOKA,TOKA-035,5/26/2022,7,274,,,,,NA,,,,,,,,,,,,,0
SMA-11-01,TOKA,TOKA-035,5/26/2022,8,274,,,,,NA,,,,,,,,,,,,,0
SMA-11-01,TOKA,TOKA-035,5/26/2022,9,274,,,,,NA,,,,,,,,,,,,,0
SMA-11-01,TOKA,TOKA-035,5/26/2022,10,274,,,,,NA,,,,,,,,,,,,,0
SMA-11-01,TOKA,TOKA-035,5/26/2022,11,274,,,,,NA,,,,,,,,,,,,,0
SMA-11-01,TOKA,TOKA-035,5/26/2022,12,274,,,,,NA,,,,,,,,,,,,,0
SMA-11-01,TOKA,TOKA-035,5/26/2022,13,274,,,,,NA,,,,,,,,,,,,,0
SMA-11-01,TOKA,TOKA-035,5/26/2022,14,274,,,,,NA,,,,,,,,,,,,,0
SMA-11-01,TOKA,TOKA-035,5/26/2022,15,274,,,,,NA,,,,,,,,,,,,,0
SMA-11-01,TOKA,TOKA-035,5/26/2022,16,274,,,,,NA,,,,,,,,,,,,,0
SMA-11-01,TOKA,TOKA-035,5/26/2022,17,274,,,,,NA,,,,,,,,,,,,,0
SMA-11-01,TOKA,TOKA-035,5/26/2022,18,274,,,,,NA,,,,,,,,,,,,,0
SMA-11-01,TOKA,TOKA-035,5/26/2022,19,274,,,,,NA,,,,,,,,,,,,,0
SMA-11-01,TOKA,TOKA-035,5/26/2022,20,274,,,,,NA,,,,,,,,,,,,,0
SMA-11-01,TOKA,TOKA-035,5/26/2022,21,274,,,,,NA,,,,,,,,,,,,,0
SMA-11-01,TOKA,TOKA-035,5/26/2022,22,274,,,,,NA,,,,,,,,,,,,,0
SMA-11-01,TOKA,TOKA-035,5/26/2022,23,274,,,,,NA,,,,,,,,,,,,,0
SMA-11-01,TOKA,TOKA-035,5/26/2022,24,274,,,,,NA,,,,,,,,,,,,,0
SMA-11-01,TOKA,TOKA-035,5/26/2022,25,274,,,,,NA,,,,,,,,,,,,,0
SMA-11-01,TOKA,TOKA-035,5/26/2022,26,274,,,,,NA,,,,,,,,,,,,,0
SMA-11-01,TOKA,TOKA-035,5/26/2022,27,274,,,,,NA,,,,,,,,,,,,,0
SMA-11-01,TOKA,TOKA-035,5/26/2022,28,274,,,,,NA,,,,,,,,,,,,,0
SMA-11-01,TOKA,TOKA-035,5/26/2022,29,274,,,,,NA,,,,,,,,,,,,,0
SMA-11-01,TOKA,TOKA-035,5/26/2022,30,274,,,,,NA,,,,,,,,,,,,,0
SMA-11-01,TOKA,TOKA-035,5/26/2022,31,274,,,,,NA,,,,,,,,,,,,,0
SMA-11-01,TOKA,TOKA-035,5/26/2022,32,274,,,,,NA,,,,,,,,,,,,,0
SMA-11-01,TOKA,TOKA-035,5/26/2022,33,274,,,,,NA,,,,,,,,,,,,,0
SMA-11-01,TOKA,TOKA-035,5/26/2022,34,274,,,,,NA,,,,,,,,,,,,,0
SMA-11-01,TOKA,TOKA-035,5/26/2022,35,274,,,,,NA,,,,,,,,,,,,,0
SMA-11-01,TOKA,TOKA-035,5/26/2022,36,274,,,,,NA,,,,,,,,,,,,,0
SMA-11-01,TOKA,TOKA-035,5/26/2022,37,274,,,,,NA,,,,,,,,,,,,,0
SMA-11-01,TOKA,TOKA-035,5/26/2022,38,274,,,,,NA,,,,,,,,,,,,,0
SMA-11-01,TOKA,TOKA-035,5/26/2022,39,274,,,,,NA,,,,,,,,,,,,,0
SMA-11-01,TOKA,TOKA-035,5/26/2022,40,274,,,,,NA,,,,,,,,,,,,,0
SMA-11-01,TOKA,TOKA-035,5/26/2022,41,274,,,,,NA,,,,,,,,,,,,,0
SMA-11-01,TOKA,TOKA-035,5/26/2022,42,274,,,,,NA,,,,,,,,,,,,,0
SMA-11-01,TOKA,TOKA-035,5/26/2022,43,274,,,,,NA,,,,,,,,,,,,,0
SMA-11-01,TOKA,TOKA-035,5/26/2022,44,274,,,,,NA,,,,,,,,,,,,,0
SMA-11-01,TOKA,TOKA-035,5/26/2022,45,274,,,,,NA,,,,,,,,,,,,,0
SMA-11-01,TOKA,TOKA-035,5/26/2022,46,274,,,,,NA,,,,,,,,,,,,,0
SMA-11-01,TOKA,TOKA-035,5/26/2022,47,274,,,,,NA,,,,,,,,,,,,,0
SMA-11-01,TOKA,TOKA-035,5/26/2022,48,274,,,,,NA,,,,,,,,,,,,,0
SMA-11-01,TOKA,TOKA-035,5/26/2022,49,274,,,,,NA,,,,,,,,,,,,,0
SMA-11-01,TOKA,TOKA-035,5/26/2022,50,274,,,,,NA,,,,,,,,,,,,,0
SMA-11-01,TOKA,TOKA-035,5/26/2022,1,74,ARCA11,,,ANAR,7,L,,,,,,,,,,S,,0
SMA-11-01,TOKA,TOKA-035,5/26/2022,2,74,BAPI,,,NOPLANT,NA,L,,,,,,,,,,S,,0
SMA-11-01,TOKA,TOKA-035,5/26/2022,3,74,ARCA11,,,NOPLANT,NA,,,,,,,,,,,S,,0
SMA-11-01,TOKA,TOKA-035,5/26/2022,4,74,ARCA11,,,NOPLANT,NA,L,,,,,,,,,,S,,0
SMA-11-01,TOKA,TOKA-035,5/26/2022,5,74,BAPI,ARCA11,,NOPLANT,NA,L,,,,,,,,,,S,,0
SMA-11-01,TOKA,TOKA-035,5/26/2022,6,74,ARCA11,,,NOPLANT,NA,L,,,,,,,,,,S,,0
SMA-11-01,TOKA,TOKA-035,5/26/2022,7,74,BAPI,DIAU,,NOPLANT,NA,L,,,,,,,,,,S,,0
SMA-11-01,TOKA,TOKA-035,5/26/2022,8,74,BAPI,,,ANAR,11,L,,,,,,,,,,S,,0
SMA-11-01,TOKA,TOKA-035,5/26/2022,9,74,ARCA11,TODI,,NOPLANT,NA,L,,,,,,,,,,S,,0
SMA-11-01,TOKA,TOKA-035,5/26/2022,10,74,ARCA11,,,NOPLANT,NA,L,,,,,,,,,,S,,0
SMA-11-01,TOKA,TOKA-035,5/26/2022,11,74,ARCA11,,,NOPLANT,NA,L,,,,,,,,,,S,,0
SMA-11-01,TOKA,TOKA-035,5/26/2022,12,74,ARCA11,,,NOPLANT,NA,L,,,,,,,,,,S,,0
SMA-11-01,TOKA,TOKA-035,5/26/2022,13,74,NOPLANT,,,NOPLANT,NA,L,,,,,,,,,,S,,0
SMA-11-01,TOKA,TOKA-035,5/26/2022,14,74,ARCA11,,,NOPLANT,NA,L,,,,,,,,,,S,,0
SMA-11-01,TOKA,TOKA-035,5/26/2022,15,74,ARCA11,TODI,,NOPLANT,NA,L,,,,,,,,,,S,,0
SMA-11-01,TOKA,TOKA-035,5/26/2022,16,74,ARCA11,,,NOPLANT,NA,L,,,,,,,,,,S,,0
SMA-11-01,TOKA,TOKA-035,5/26/2022,17,74,ARCA11,,,NOPLANT,NA,,,,,,,,,,,S,,0
SMA-11-01,TOKA,TOKA-035,5/26/2022,18,74,ARCA11,,,NOPLANT,NA,WL,L,,,,,,,,,S,,0
SMA-11-01,TOKA,TOKA-035,5/26/2022,19,74,BAPI,DIAU,,NOPLANT,NA,WL,L,,,,,,,,,S,,0
SMA-11-01,TOKA,TOKA-035,5/26/2022,20,74,BAPI,,,NOPLANT,NA,L,,,,,,,,,,S,,0
SMA-11-01,TOKA,TOKA-035,5/26/2022,21,74,BAPI,,,NOPLANT,NA,L,,,,,,,,,,S,,0
SMA-11-01,TOKA,TOKA-035,5/26/2022,22,74,ARCA11,,,NOPLANT,NA,L,,,,,,,,,,S,,0
SMA-11-01,TOKA,TOKA-035,5/26/2022,23,74,ARCA11,,,ANAR,4,,,,,,,,,,,S,,0
SMA-11-01,TOKA,TOKA-035,5/26/2022,24,74,BAPI,,,NOPLANT,NA,WL,L,,,,,,,,,S,,0
SMA-11-01,TOKA,TOKA-035,5/26/2022,25,74,BAPI,,,NOPLANT,NA,L,,,,,,,,,,S,,0
SMA-11-01,TOKA,TOKA-035,5/26/2022,26,74,BAPI,ARCA11,,NOPLANT,NA,WL,L,,,,,,,,,S,,0
SMA-11-01,TOKA,TOKA-035,5/26/2022,27,74,BAPI,,,NOPLANT,NA,L,,,,,,,,,,S,,0
SMA-11-01,TOKA,TOKA-035,5/26/2022,28,74,ARCA11,,,NOPLANT,NA,L,,,,,,,,,,S,,0
SMA-11-01,TOKA,TOKA-035,5/26/2022,29,74,BAPI,,,NOPLANT,NA,,,,,,,,,,,S,,0
SMA-11-01,TOKA,TOKA-035,5/26/2022,30,74,BAPI,,,NOPLANT,NA,WL,,,,,,,,,,S,,0
SMA-11-01,TOKA,TOKA-035,5/26/2022,31,74,BAPI,ARCA11,,NOPLANT,NA,,,,,,,,,,,S,,0
SMA-11-01,TOKA,TOKA-035,5/26/2022,32,74,ARCA11,,,NOPLANT,NA,L,,,,,,,,,,S,,0
SMA-11-01,TOKA,TOKA-035,5/26/2022,33,74,ARCA11,,,NOPLANT,NA,L,,,,,,,,,,S,,0
SMA-11-01,TOKA,TOKA-035,5/26/2022,34,74,BAPI,,,PTAQ,44,L,,,,,,,,,,S,,0
SMA-11-01,TOKA,TOKA-035,5/26/2022,35,74,BAPI,,,NOPLANT,NA,L,,,,,,,,,,S,,0
SMA-11-01,TOKA,TOKA-035,5/26/2022,36,74,BAPI,,,NOPLANT,NA,WL,L,,,,,,,,,S,,0
SMA-11-01,TOKA,TOKA-035,5/26/2022,37,74,BAPI,,,NOPLANT,NA,L,,,,,,,,,,S,,0
SMA-11-01,TOKA,TOKA-035,5/26/2022,38,74,BAPI,ARCA11,,NOPLANT,NA,L,,,,,,,,,,S,,0
SMA-11-01,TOKA,TOKA-035,5/26/2022,39,74,ARCA11,,,NOPLANT,NA,L,,,,,,,,,,S,,0
SMA-11-01,TOKA,TOKA-035,5/26/2022,40,74,ARCA11,,,PTAQ,85,WL,L,,,,,,,,,S,,1
SMA-11-01,TOKA,TOKA-035,5/26/2022,41,74,ARCA11,,,NOPLANT,NA,WL,L,,,,,,,,,S,,0
SMA-11-01,TOKA,TOKA-035,5/26/2022,42,74,ARCA11,,,PTAQ,60,CLDO2,WL,L,,,,,,,,S,,1
SMA-11-01,TOKA,TOKA-035,5/26/2022,43,74,ARCA11,DIAU,,CLDO2,30,WL,L,,,,,,,,,S,,0
SMA-11-01,TOKA,TOKA-035,5/26/2022,44,74,FRCA12,DIAU,,NOPLANT,NA,WL,L,,,,,,,,,S,,0
SMA-11-01,TOKA,TOKA-035,5/26/2022,45,74,BAPI,DIAU,,NOPLANT,NA,WL,L,,,,,,,,,S,,0
SMA-11-01,TOKA,TOKA-035,5/26/2022,46,74,BAPI,,,PTAQ,51,WL,L,,,,,,,,,S,,1
SMA-11-01,TOKA,TOKA-035,5/26/2022,47,74,ARCA11,TODI,,NOPLANT,NA,WL,L,,,,,,,,,S,,0
SMA-11-01,TOKA,TOKA-035,5/26/2022,48,74,BAPI,DIAU,TODI,NOPLANT,NA,WL,L,,,,,,,,,S,,0
SMA-11-01,TOKA,TOKA-035,5/26/2022,49,74,BAPI,DIAU,TODI,NOPLANT,NA,WL,L,,,,,,,,,S,,0
SMA-11-01,TOKA,TOKA-035,5/26/2022,50,74,BAPI,,,NOPLANT,NA,WL,L,,,,,,,,,S,,0
SMA-11-01,TOKA,TOKA-041,6/13/2016,1,164,,,,CAPY2,74,VUBR,BRHO2,MASA,L,,,,,,,S,,0
SMA-11-01,TOKA,TOKA-041,6/13/2016,2,164,,,,BRHO2,45,CAPY2,LOPEM2,L,,,,,,,,S,,0
SMA-11-01,TOKA,TOKA-041,6/13/2016,3,164,,,,BRHO2,54,VUBR,L,,,,,,,,,S,,0
SMA-11-01,TOKA,TOKA-041,6/13/2016,4,164,,,,NOPLANT,0,L,,,,,,,,,,S,,0
SMA-11-01,TOKA,TOKA-041,6/13/2016,5,164,,,,NOPLANT,0,L,,,,,,,,,,S,,0
SMA-11-01,TOKA,TOKA-041,6/13/2016,6,164,,,,VUBR,12,,,,,,,,,,,S,,0
SMA-11-01,TOKA,TOKA-041,6/13/2016,7,164,,,,LOPEM2,40,CAPY2,LOCO6,,,,,,,,,S,,0
SMA-11-01,TOKA,TOKA-041,6/13/2016,8,164,,,,BRHO2,45,LOPEM2,L,,,,,,,,,S,,0
SMA-11-01,TOKA,TOKA-041,6/13/2016,9,164,,,,ARDO3,41,L,,,,,,,,,,S,,0
SMA-11-01,TOKA,TOKA-041,6/13/2016,10,164,,,,BRDI2,13,L,,,,,,,,,,S,,0
SMA-11-01,TOKA,TOKA-041,6/13/2016,11,164,,,,NOPLANT,0,L,,,,,,,,,,S,,0
SMA-11-01,TOKA,TOKA-041,6/13/2016,12,164,,,,NOPLANT,0,L,,,,,,,,,,S,,0
SMA-11-01,TOKA,TOKA-041,6/13/2016,13,164,,,,BRHO2,61,LIUS,,,,,,,,,,S,,0
SMA-11-01,TOKA,TOKA-041,6/13/2016,14,164,,,,BRCA5,56,L,,,,,,,,,,S,,0
SMA-11-01,TOKA,TOKA-041,6/13/2016,15,164,,,,VUBR,38,SANIC,BRHO2,BRMI2,MASA,L,,,,,,S,,0
SMA-11-01,TOKA,TOKA-041,6/13/2016,16,164,,,,VICIA,23,L,,,,,,,,,,S,,0
SMA-11-01,TOKA,TOKA-041,6/13/2016,17,164,,,,NOPLANT,0,L,,,,,,,,,,S,,0
SMA-11-01,TOKA,TOKA-041,6/13/2016,18,164,,,,NOPLANT,0,L,,,,,,,,,,S,,0
SMA-11-01,TOKA,TOKA-041,6/13/2016,19,164,,,,VUBR,36,BRDI2,L,,,,,,,,,S,,0
SMA-11-01,TOKA,TOKA-041,6/13/2016,20,164,,,,BRCA5,61,VUBR,L,,,,,,,,,S,,0
SMA-11-01,TOKA,TOKA-041,6/13/2016,21,164,,,,JUNCU,53,L,,,,,,,,,,S,,0
SMA-11-01,TOKA,TOKA-041,6/13/2016,22,164,,,,VUBR,19,L,,,,,,,,,,S,,0
SMA-11-01,TOKA,TOKA-041,6/13/2016,23,164,,,,NOPLANT,0,L,,,,,,,,,,S,,0
SMA-11-01,TOKA,TOKA-041,6/13/2016,24,164,,,,BRMI2,25,PLLA,L,,,,,,,,,S,,0
SMA-11-01,TOKA,TOKA-041,6/13/2016,25,164,,,,PLLA,42,L,,,,,,,,,,S,,0
SMA-11-01,TOKA,TOKA-041,6/13/2016,26,164,,,,VUBR,9,L,,,,,,,,,,S,,0
SMA-11-01,TOKA,TOKA-041,6/13/2016,27,164,,,,VUBR,22,MEPO3,L,,,,,,,,,S,,0
SMA-11-01,TOKA,TOKA-041,6/13/2016,28,164,,,,NOPLANT,0,,,,,,,,,,,S,,0
SMA-11-01,TOKA,TOKA-041,6/13/2016,29,164,,,,NOPLANT,0,L,,,,,,,,,,S,,0
SMA-11-01,TOKA,TOKA-041,6/13/2016,30,164,,,,PHAQ,37,L,,,,,,,,,,S,,0
SMA-11-01,TOKA,TOKA-041,6/13/2016,31,164,,,,BRHO2,29,L,,,,,,,,,,S,,0
SMA-11-01,TOKA,TOKA-041,6/13/2016,32,164,,,,LIUS,17,VUBR,L,,,,,,,,,S,,0
SMA-11-01,TOKA,TOKA-041,6/13/2016,33,164,,,,NOPLANT,0,,,,,,,,,,,S,,0
SMA-11-01,TOKA,TOKA-041,6/13/2016,34,164,,,,BRDI2,5,L,,,,,,,,,,S,,0
SMA-11-01,TOKA,TOKA-041,6/13/2016,35,164,,,,BRDI2,26,VUBR,L,,,,,,,,,S,,0
SMA-11-01,TOKA,TOKA-041,6/13/2016,36,164,,,,PHAQ,64,BRDI2,VUBR,L,,,,,,,,S,,0
SMA-11-01,TOKA,TOKA-041,6/13/2016,37,164,,,,BRDI2,15,L,,,,,,,,,,S,,0
SMA-11-01,TOKA,TOKA-041,6/13/2016,38,164,,,,NOPLANT,0,L,,,,,,,,,,S,,0
SMA-11-01,TOKA,TOKA-041,6/13/2016,39,164,,,,LIUS,21,VUBR,L,,,,,,,,,S,,0
SMA-11-01,TOKA,TOKA-041,6/13/2016,40,164,,,,VUBR,43,BRDI2,L,,,,,,,,,S,,0
SMA-11-01,TOKA,TOKA-041,6/13/2016,41,164,,,,BRCA5,16,L,,,,,,,,,,S,,0
SMA-11-01,TOKA,TOKA-041,6/13/2016,42,164,,,,VUBR,28,TODI,L,,,,,,,,,S,,0
SMA-11-01,TOKA,TOKA-041,6/13/2016,43,164,,,,PHAQ,67,LIUS,L,,,,,,,,,S,,0
SMA-11-01,TOKA,TOKA-041,6/13/2016,44,164,,,,VICIA,81,LOPEM2,,L,,,,,,,,S,,0
SMA-11-01,TOKA,TOKA-041,6/13/2016,45,164,,,,LOPEM2,36,PLLA,LIUS,L,,,,,,,,S,,0
SMA-11-01,TOKA,TOKA-041,6/13/2016,46,164,,,,BRDI2,26,VUBR,PLLA,L,,,,,,,,S,,0
SMA-11-01,TOKA,TOKA-041,6/13/2016,47,164,,,,LIUS,24,BRDI2,L,,,,,,,,,S,,0
SMA-11-01,TOKA,TOKA-041,6/13/2016,48,164,,,,BRDI3,34,LIUS,BRDI2,PLLA,L,,,,,,,S,,0
SMA-11-01,TOKA,TOKA-041,6/13/2016,49,164,,,,VUBR,20,L,,,,,,,,,,S,,0
SMA-11-01,TOKA,TOKA-041,6/13/2016,50,164,,,,BRDI2,37,LOPEM2,L,,,,,,,,,S,,0
SMA-11-01,TOKA,TOKA-041,6/13/2016,1,343,,,,LOPEM2,19,BRHO2,LIUS,PAVI3,L,,,,,,,S,,0
SMA-11-01,TOKA,TOKA-041,6/13/2016,2,343,,,,LOPEM2,60,GEDI,L,,,,,,,,,S,,0
SMA-11-01,TOKA,TOKA-041,6/13/2016,3,343,,,,LOPEM2,41,BRHO2,LOCO6,L,,,,,,,,S,,0
SMA-11-01,TOKA,TOKA-041,6/13/2016,4,343,,,,LOPEM2,52,LIUS,HOMA2,LOCO6,L,,,,,,,S,,0
SMA-11-01,TOKA,TOKA-041,6/13/2016,5,343,,,,LOPEM2,40,BRHO2,LOCO6,GEDI,L,,,,,,,S,,0
SMA-11-01,TOKA,TOKA-041,6/13/2016,6,343,,,,BRHO2,58,LOPEM2,LOCO6,,,,,,,,,S,,0
SMA-11-01,TOKA,TOKA-041,6/13/2016,7,343,,,,LOPEM2,42,CYEC,LOCO6,L,,,,,,,,S,,0
SMA-11-01,TOKA,TOKA-041,6/13/2016,8,343,,,,PHAQ,28,LOPEM2,CYEC,L,,,,,,,,S,,0
SMA-11-01,TOKA,TOKA-041,6/13/2016,9,343,,,,PLLA,22,LOPEM2,LOCO6,ASTERA,,,,,,,,S,,0
SMA-11-01,TOKA,TOKA-041,6/13/2016,10,343,,,,LOPEM2,61,BRHO2,LOCO6,,,,,,,,,S,,0
SMA-11-01,TOKA,TOKA-041,6/13/2016,11,343,,,,LOPEM2,61,PHAQ,LIUS,L,,,,,,,,S,,0
SMA-11-01,TOKA,TOKA-041,6/13/2016,12,343,,,,PHAQ,61,LOPEM2,LOCO6,L,,,,,,,,S,,0
SMA-11-01,TOKA,TOKA-041,6/13/2016,13,343,,,,LOPEM2,45,BRHO2,LOCO6,,,,,,,,,S,,0
SMA-11-01,TOKA,TOKA-041,6/13/2016,14,343,,,,LOPEM2,53,PLLA,LOCO6,,,,,,,,,S,,0
SMA-11-01,TOKA,TOKA-041,6/13/2016,15,343,,,,LOPEM2,45,BRHO2,LOCO6,,,,,,,,,S,,0
SMA-11-01,TOKA,TOKA-041,6/13/2016,16,343,,,,LOPEM2,25,BRHO2,,,,,,,,,,S,,0
SMA-11-01,TOKA,TOKA-041,6/13/2016,17,343,,,,PHAQ,47,LOPEM2,LIUS,LOCO6,L,,,,,,,S,,0
SMA-11-01,TOKA,TOKA-041,6/13/2016,18,343,,,,PHAQ,48,LOPEM2,VUBR,LOCO6,,,,,,,,S,,0
SMA-11-01,TOKA,TOKA-041,6/13/2016,19,343,,,,LOPEM2,60,MEPO3,VUBR,,,,,,,,,S,,0
SMA-11-01,TOKA,TOKA-041,6/13/2016,20,343,,,,LOPEM2,40,LOCO6,RUMEX,L,,,,,,,,S,,0
SMA-11-01,TOKA,TOKA-041,6/13/2016,21,343,,,,LOPEM2,35,LOCO6,,,,,,,,,,S,,0
SMA-11-01,TOKA,TOKA-041,6/13/2016,22,343,,,,LIUS,53,BRHO2,ASTERA,LOCO6,PAVI3,L,,,,,,S,,0
SMA-11-01,TOKA,TOKA-041,6/13/2016,23,343,,,,PHAQ,54,VUBR,CETE9,LOCO6,L,,,,,,,S,,0
SMA-11-01,TOKA,TOKA-041,6/13/2016,24,343,,,,PHAQ,22,BRHO2,LOCO6,L,,,,,,,,S,,0
SMA-11-01,TOKA,TOKA-041,6/13/2016,25,343,,,,LOPEM2,48,BRHO2,VUBR,L,,,,,,,,S,,0
SMA-11-01,TOKA,TOKA-041,6/13/2016,26,343,,,,PHAQ,51,LOPEM2,LOCO6,L,,,,,,,,S,,0
SMA-11-01,TOKA,TOKA-041,6/13/2016,27,343,,,,PHAQ,75,LOCO6,L,,,,,,,,,S,,0
SMA-11-01,TOKA,TOKA-041,6/13/2016,28,343,,,,LOPEM2,40,VUBR,MEPO3,L,,,,,,,,S,,0
SMA-11-01,TOKA,TOKA-041,6/13/2016,29,343,,,,LOPEM2,50,LOCO6,PLLA,L,,,,,,,,S,,0
SMA-11-01,TOKA,TOKA-041,6/13/2016,30,343,,,,LOPEM2,37,LIUS,PLLA,L,,,,,,,,S,,0
SMA-11-01,TOKA,TOKA-041,6/13/2016,31,343,,,,LOPEM2,52,VUBR,MEPO3,LOCO6,PLLA,L,,,,,,S,,0
SMA-11-01,TOKA,TOKA-041,6/13/2016,32,343,,,,PHAQ,21,PLLA,L,,,,,,,,,S,,0
SMA-11-01,TOKA,TOKA-041,6/13/2016,33,343,,,,CETE9,20,LOPEM2,PLLA,,,,,,,,,S,,0
SMA-11-01,TOKA,TOKA-041,6/13/2016,34,343,,,,VUBR,32,LIUS,LOCO6,L,,,,,,,,S,,0
SMA-11-01,TOKA,TOKA-041,6/13/2016,35,343,,,,LOPEM2,40,VUBR,LOCO6,JUNCU,L,,,,,,,S,,0
SMA-11-01,TOKA,TOKA-041,6/13/2016,36,343,,,,PHAQ,37,LIUS,LOCO6,L,,,,,,,,S,,0
SMA-11-01,TOKA,TOKA-041,6/13/2016,37,343,,,,COMA2,22,L,,,,,,,,,,S,,0
SMA-11-01,TOKA,TOKA-041,6/13/2016,38,343,,,,COMA2,41,LOPEM2,L,,,,,,,,,S,,0
SMA-11-01,TOKA,TOKA-041,6/13/2016,39,343,,,,COMA2,25,L,,,,,,,,,,S,,0
SMA-11-01,TOKA,TOKA-041,6/13/2016,40,343,,,,VUBR,18,ANAR,L,WL,,,,,,,,S,,0
SMA-11-01,TOKA,TOKA-041,6/13/2016,41,343,,,,CAPY2,35,LOPEM2,MASA,,,,,,,,,S,,0
SMA-11-01,TOKA,TOKA-041,6/13/2016,42,343,,,,CAPY2,62,LOPEM2,BRDI2,LOCO6,COMA2,L,,,,,,S,,0
SMA-11-01,TOKA,TOKA-041,6/13/2016,43,343,,,,COMA2,115,PHAQ,,,,,,,,,,S,,0
SMA-11-01,TOKA,TOKA-041,6/13/2016,44,343,,,,COMA2,15,ANAR,,,,,,,,,,S,,0
SMA-11-01,TOKA,TOKA-041,6/13/2016,45,343,,,,COMA2,86,ANAR,L,,,,,,,,,S,,0
SMA-11-01,TOKA,TOKA-041,6/13/2016,46,343,,,,COMA2,91,ANAR,L,,,,,,,,,S,,0
SMA-11-01,TOKA,TOKA-041,6/13/2016,47,343,,,,COMA2,120,L,,,,,,,,,,S,,0
SMA-11-01,TOKA,TOKA-041,6/13/2016,48,343,,,,COMA2,107,L,,,,,,,,,,S,,0
SMA-11-01,TOKA,TOKA-041,6/13/2016,49,343,,,,COMA2,65,GALIU,,,,,,,,,,S,,0
SMA-11-01,TOKA,TOKA-041,6/13/2016,50,343,,,,GALIU,50,L,,,,,,,,,,S,,0
SMA-11-01,TOKA,TOKA-041,4/20/2018,1,164,,,,VUBR,5,BRHO2,GEDI,L,,,,,,,,S,,0
SMA-11-01,TOKA,TOKA-041,4/20/2018,2,164,,,,JUNCU,17,GEDI,RUUR,BRDI3,L,,,,,,,S,,0
SMA-11-01,TOKA,TOKA-041,4/20/2018,3,164,BAPI,,,BRCA5,43,GEDI,RUUR,L,,,,,,,,S,,0
SMA-11-01,TOKA,TOKA-041,4/20/2018,4,164,BAPI,,,RUUR,64,L,,,,,,,,,,S,,0
SMA-11-01,TOKA,TOKA-041,4/20/2018,5,164,BAPI,,,BRCA5,30,RUUR,L,,,,,,,,,S,,0
SMA-11-01,TOKA,TOKA-041,4/20/2018,6,164,,,,VUBR,5,VUBR,,,,,,,,,,S,1,0
SMA-11-01,TOKA,TOKA-041,4/20/2018,7,164,,,,RUUR,18,2GA,,,,,,,,,,S,1,0
SMA-11-01,TOKA,TOKA-041,4/20/2018,8,164,,,,RUUR,6,2FA,L,,,,,,,,,S,,0
SMA-11-01,TOKA,TOKA-041,4/20/2018,9,164,,,,RUUR,13,L,,,,,,,,,,S,,0
SMA-11-01,TOKA,TOKA-041,4/20/2018,10,164,,,,RUUR,26,GEDI,BRCA5,L,,,,,,,,S,,0
SMA-11-01,TOKA,TOKA-041,4/20/2018,11,164,BAPI,,,RUUR,14,L,,,,,,,,,,S,,0
SMA-11-01,TOKA,TOKA-041,4/20/2018,12,164,BAPI,,,RUUR,51,WL,,,,,,,,,,S,,0
SMA-11-01,TOKA,TOKA-041,4/20/2018,13,164,BAPI,,,RUUR,28,BRCA5,L,,,,,,,,,S,,0
SMA-11-01,TOKA,TOKA-041,4/20/2018,14,164,,,,NOPLANT,NA,WL,,,,,,,,,,S,,0
SMA-11-01,TOKA,TOKA-041,4/20/2018,15,164,BAPI,,,NOPLANT,NA,WL,L,,,,,,,,,S,,0
SMA-11-01,TOKA,TOKA-041,4/20/2018,16,164,,,,NOPLANT,NA,L,,,,,,,,,,S,,0
SMA-11-01,TOKA,TOKA-041,4/20/2018,17,164,,,,GEDI,3,WL,,,,,,,,,,S,,0
SMA-11-01,TOKA,TOKA-041,4/20/2018,18,164,,,,ANAR,1,,,,,,,,,,,S,,0
SMA-11-01,TOKA,TOKA-041,4/20/2018,19,164,,,,PHAQ,33,PLLA,RUUR,L,,,,,,,,S,,0
SMA-11-01,TOKA,TOKA-041,4/20/2018,20,164,BAPI,,,VUBR,11,PLLA,GEDI,L,,,,,,,,S,,0
SMA-11-01,TOKA,TOKA-041,4/20/2018,21,164,BAPI,,,PHAQ,51,RUUR,L,,,,,,,,,S,,0
SMA-11-01,TOKA,TOKA-041,4/20/2018,22,164,BAPI,,,VITE,23,BRCA5,L,,,,,,,,,S,,0
SMA-11-01,TOKA,TOKA-041,4/20/2018,23,164,BAPI,,,BRCA5,31,RUUR,SACR2,L,,,,,,,,S,,0
SMA-11-01,TOKA,TOKA-041,4/20/2018,24,164,,,,RUUR,10,VUBR,VUBR,,,,,,,,,S,2,0
SMA-11-01,TOKA,TOKA-041,4/20/2018,25,164,BAPI,,,PHAQ,38,RUUR,L,,,,,,,,,S,1,0
SMA-11-01,TOKA,TOKA-041,4/20/2018,26,164,BAPI,,,BRDI3,15,PLLA,L,,,,,,,,,S,,0
SMA-11-01,TOKA,TOKA-041,4/20/2018,27,164,BAPI,,,PLLA,5,BRCA5,L,,,,,,,,,S,,0
SMA-11-01,TOKA,TOKA-041,4/20/2018,28,164,BAPI,,,PHAQ,14,VITE,L,,,,,,,,,S,,0
SMA-11-01,TOKA,TOKA-041,4/20/2018,29,164,BAPI,,,NOPLANT,NA,L,,,,,,,,,,S,,0
SMA-11-01,TOKA,TOKA-041,4/20/2018,30,164,,,,PLLA,14,PHAQ,,,,,,,,,,BRDI3,,0
SMA-11-01,TOKA,TOKA-041,4/20/2018,31,164,,,,RUUR,16,L,,,,,,,,,,S,,1
SMA-11-01,TOKA,TOKA-041,4/20/2018,32,164,BAPI,,,VITE,16,RUUR,L,,,,,,,,,S,,0
SMA-11-01,TOKA,TOKA-041,4/20/2018,33,164,,,,MASA,41,ANAR,L,,,,,,,,,S,,1
SMA-11-01,TOKA,TOKA-041,4/20/2018,34,164,,,,BRCA5,7,PLLA,L,,,,,,,,,S,,0
SMA-11-01,TOKA,TOKA-041,4/20/2018,35,164,,,,BRCA5,5,L,,,,,,,,,,S,,0
SMA-11-01,TOKA,TOKA-041,4/20/2018,36,164,BAPI,,,RUUR,23,GEDI,BRCA5,L,,,,,,,,S,,0
SMA-11-01,TOKA,TOKA-041,4/20/2018,37,164,,,,BRCA5,20,BRCA5,,,,,,,,,,S,1,0
SMA-11-01,TOKA,TOKA-041,4/20/2018,38,164,,,,JUNCU,30,PLLA,BRCA5,L,,,,,,,,S,,0
SMA-11-01,TOKA,TOKA-041,4/20/2018,39,164,,,,RUUR,10,CAPY2,L,,,,,,,,,S,,0
SMA-11-01,TOKA,TOKA-041,4/20/2018,40,164,BAPI,,,VITE,42,RUUR,RUUR,CIVU,L,,,,,,,,2,0
SMA-11-01,TOKA,TOKA-041,4/20/2018,41,164,BAPI,,,BRCA5,18,VUBR,RUUR,VITE,L,,,,,,,S,,0
SMA-11-01,TOKA,TOKA-041,4/20/2018,42,164,,,,PHAQ,5,BRCA5,L,,,,,,,,,S,,0
SMA-11-01,TOKA,TOKA-041,4/20/2018,43,164,,,,PHAQ,21,RUUR,BRCA5,L,,,,,,,,S,,0
SMA-11-01,TOKA,TOKA-041,4/20/2018,44,164,,,,CAPY2,14,L,,,,,,,,,,S,,0
SMA-11-01,TOKA,TOKA-041,4/20/2018,45,164,,,,BRCA5,15,VUBR,VUBR,,,,,,,,,S,2,0
SMA-11-01,TOKA,TOKA-041,4/20/2018,46,164,,,,BRCA5,10,RUUR,L,,,,,,,,,S,1,0
SMA-11-01,TOKA,TOKA-041,4/20/2018,47,164,BAPI,,,NOPLANT,NA,L,,,,,,,,,,S,,0
SMA-11-01,TOKA,TOKA-041,4/20/2018,48,164,BAPI,,,CAPY2,19,RUUR,,,,,,,,,,S,,0
SMA-11-01,TOKA,TOKA-041,4/20/2018,49,164,,,,RUUR,14,BRCA5,VUBR,L,,,,,,,,S,,0
SMA-11-01,TOKA,TOKA-041,4/20/2018,50,164,,,,PLLA,20,BRCA5,CAPY2,GEDI,L,,,,,,,S,,0
SMA-11-01,TOKA,TOKA-041,4/20/2018,1,343,BAPI,,,VUBR,19,BRHO2,2GA,L,,,,,,,,S,2,0
SMA-11-01,TOKA,TOKA-041,4/20/2018,2,343,BAPI,,,VUBR,16,VUBR,,,,,,,,,,S,1,0
SMA-11-01,TOKA,TOKA-041,4/20/2018,3,343,,,,VUBR,12,L,,,,,,,,,,S,,0
SMA-11-01,TOKA,TOKA-041,4/20/2018,4,343,,,,COMA2,43,RUUR,2GA,,,,,,,,,S,2,0
SMA-11-01,TOKA,TOKA-041,4/20/2018,5,343,,,,BRCA5,27,RUUR,LIBI5,CAPY2,L,,,,,,,S,,0
SMA-11-01,TOKA,TOKA-041,4/20/2018,6,343,,,,BRCA5,28,BRHO2,COMA2,L,,,,,,,,S,,0
SMA-11-01,TOKA,TOKA-041,4/20/2018,7,343,,,,BRCA5,19,BRCA5,L,,,,,,,,,S,1,0
SMA-11-01,TOKA,TOKA-041,4/20/2018,8,343,,,,JUNCU,35,PHAQ,BRCA5,VITE,LIBI5,,,,,,,S,,0
SMA-11-01,TOKA,TOKA-041,4/20/2018,9,343,,,,PHAQ,23,JUNCU,L,,,,,,,,,S,,0
SMA-11-01,TOKA,TOKA-041,4/20/2018,10,343,,,,PHAQ,20,PHAQ,,,,,,,,,,S,1,0
SMA-11-01,TOKA,TOKA-041,4/20/2018,11,343,,,,LIBI5,19,PHAQ,BRCA5,RUCR,L,,,,,,,S,,0
SMA-11-01,TOKA,TOKA-041,4/20/2018,12,343,,,,PHAQ,16,CAPY2,COMA2,L,,,,,,,,S,,0
SMA-11-01,TOKA,TOKA-041,4/20/2018,13,343,,,,CIVU,22,RUUR,BRCA5,L,,,,,,,,S,,0
SMA-11-01,TOKA,TOKA-041,4/20/2018,14,343,,,,VUBR,20,MEPO3,,,,,,,,,,S,,0
SMA-11-01,TOKA,TOKA-041,4/20/2018,15,343,BAPI,,,VITE,34,PHAQ,L,,,,,,,,,S,,0
SMA-11-01,TOKA,TOKA-041,4/20/2018,16,343,,,,PHAQ,35,L,,,,,,,,,,S,,0
SMA-11-01,TOKA,TOKA-041,4/20/2018,17,343,,,,PHAQ,56,PLLA,MEPO3,L,,,,,,,,S,,0
SMA-11-01,TOKA,TOKA-041,4/20/2018,18,343,,,,MEPO3,24,GEDI,BRCA5,,,,,,,,,S,,0
SMA-11-01,TOKA,TOKA-041,4/20/2018,19,343,,,,BRCA5,34,MEPO3,,,,,,,,,,S,,0
SMA-11-01,TOKA,TOKA-041,4/20/2018,20,343,,,,BRCA5,25,GEDI,L,,,,,,,,,S,,0
SMA-11-01,TOKA,TOKA-041,4/20/2018,21,343,,,,PLLA,21,GEDI,MEPO3,BRCA5,L,,,,,,,S,,0
SMA-11-01,TOKA,TOKA-041,4/20/2018,22,343,,,,BRCA5,23,BRHO2,L,,,,,,,,,S,,0
SMA-11-01,TOKA,TOKA-041,4/20/2018,23,343,,,,PHAQ,18,GEDI,PHAQ,,,,,,,,,S,2,0
SMA-11-01,TOKA,TOKA-041,4/20/2018,24,343,,,,MEPO3,12,PLLA,VUBR,L,,,,,,,,S,,0
SMA-11-01,TOKA,TOKA-041,4/20/2018,25,343,,,,VUBR,19,MEPO3,PLLA,L,,,,,,,,S,,0
SMA-11-01,TOKA,TOKA-041,4/20/2018,26,343,,,,PLLA,30,MEPO3,VUBR,L,,,,,,,,S,,0
SMA-11-01,TOKA,TOKA-041,4/20/2018,27,343,,,,VUBR,15,LOCO6,2GA,L,,,,,,,,S,2,0
SMA-11-01,TOKA,TOKA-041,4/20/2018,28,343,BAPI,,,BRDI2,12,2GA,L,,,,,,,,,S,1,0
SMA-11-01,TOKA,TOKA-041,4/20/2018,29,343,BAPI,,,JUNCU,25,VELA,L,,,,,,,,,S,,0
SMA-11-01,TOKA,TOKA-041,4/20/2018,30,343,BAPI,,,RUUR,61,L,,,,,,,,,,S,,0
SMA-11-01,TOKA,TOKA-041,4/20/2018,31,343,BAPI,,,RUUR,45,L,,,,,,,,,,S,,0
SMA-11-01,TOKA,TOKA-041,4/20/2018,32,343,,,,COMA2,15,L,,,,,,,,,,S,,0
SMA-11-01,TOKA,TOKA-041,4/20/2018,33,343,,,,COMA2,20,RUUR,2GA,L,,,,,,,,S,,0
SMA-11-01,TOKA,TOKA-041,4/20/2018,34,343,,,,COMA2,54,RUUR,L,,,,,,,,,S,,0
SMA-11-01,TOKA,TOKA-041,4/20/2018,35,343,,,,COMA2,107,COMA2,,,,,,,,,,S,,1
SMA-11-01,TOKA,TOKA-041,4/20/2018,36,343,,,,COMA2,35,RUUR,WL,,,,,,,,,S,,0
SMA-11-01,TOKA,TOKA-041,4/20/2018,37,343,,,,RUUR,31,COMA2,WL,,,,,,,,,S,,0
SMA-11-01,TOKA,TOKA-041,4/20/2018,38,343,TODI,,,RUUR,75,WL,,,,,,,,,,S,,0
SMA-11-01,TOKA,TOKA-041,4/20/2018,39,343,,,,SCCA2,46,RUUR,L,,,,,,,,,S,,0
SMA-11-01,TOKA,TOKA-041,4/20/2018,40,343,BAPI,TODI,,RUUR,49,L,,,,,,,,,,S,,0
SMA-11-01,TOKA,TOKA-041,4/20/2018,41,343,TODI,,,COMA2,11,L,,,,,,,,,,S,,0
SMA-11-01,TOKA,TOKA-041,4/20/2018,42,343,,,,COMA2,30,WL,,,,,,,,,,S,,0
SMA-11-01,TOKA,TOKA-041,4/20/2018,43,343,,,,COMA2,112,RUUR,COMA2,WL,,,,,,,,S,,1
SMA-11-01,TOKA,TOKA-041,4/20/2018,44,343,,,,COMA2,107,COMA2,RUUR,,,,,,,,,S,,1
SMA-11-01,TOKA,TOKA-041,4/20/2018,45,343,,,,SCCA2,72,RUUR,COMA2,WL,,,,,,,,S,,0
SMA-11-01,TOKA,TOKA-041,4/20/2018,46,343,BAPI,,,RUUR,85,COMA2,WL,,,,,,,,,S,,0
SMA-11-01,TOKA,TOKA-041,4/20/2018,47,343,,,,,NA,,,,,,,,,,,,,0
SMA-11-01,TOKA,TOKA-041,4/20/2018,48,343,,,,,NA,,,,,,,,,,,,,0
SMA-11-01,TOKA,TOKA-041,4/20/2018,49,343,,,,,NA,,,,,,,,,,,,,0
SMA-11-01,TOKA,TOKA-041,4/20/2018,50,343,,,,,NA,,,,,,,,,,,,,0
SMA-11-01,TOKA,TOKA-041,5/24/2022,1,164,BAPI,RUUR,,RUAC3,21,L,,,,,,,,,,S,,0
SMA-11-01,TOKA,TOKA-041,5/24/2022,2,164,BAPI,RUUR,,NOPLANT,NA,L,,,,,,,,,,S,,0
SMA-11-01,TOKA,TOKA-041,5/24/2022,3,164,BAPI,RUUR,,NOPLANT,NA,L,,,,,,,,,,S,,0
SMA-11-01,TOKA,TOKA-041,5/24/2022,4,164,BAPI,RUUR,,VISA,27,DAPU3,L,,,,,,,,,S,,0
SMA-11-01,TOKA,TOKA-041,5/24/2022,5,164,BAPI,,,NOPLANT,NA,L,,,,,,,,,,S,,0
SMA-11-01,TOKA,TOKA-041,5/24/2022,6,164,BAPI,RUUR,,GEDI,39,L,,,,,,,,,,S,,0
SMA-11-01,TOKA,TOKA-041,5/24/2022,7,164,RUUR,,,JUNCU,62,L,,,,,,,,,,S,,0
SMA-11-01,TOKA,TOKA-041,5/24/2022,8,164,BAPI,RUUR,,BRCA5,29,L,,,,,,,,,,S,,0
SMA-11-01,TOKA,TOKA-041,5/24/2022,9,164,NOPLANT,,,NOPLANT,NA,L,,,,,,,,,,S,,0
SMA-11-01,TOKA,TOKA-041,5/24/2022,10,164,BAPI,,,NOPLANT,NA,L,,,,,,,,,,S,,0
SMA-11-01,TOKA,TOKA-041,5/24/2022,11,164,RUUR,BAPI,,SANIC,65,CLDO2,L,,,,,,,,,S,,0
SMA-11-01,TOKA,TOKA-041,5/24/2022,12,164,RUUR,BAPI,,VITE,74,CLDO2,L,,,,,,,,,S,,0
SMA-11-01,TOKA,TOKA-041,5/24/2022,13,164,RUUR,,,SANIC,36,L,,,,,,,,,,S,,0
SMA-11-01,TOKA,TOKA-041,5/24/2022,14,164,BAPI,RUUR,,VITE,14,L,,,,,,,,,,S,,0
SMA-11-01,TOKA,TOKA-041,5/24/2022,15,164,BAPI,,,SANIC,62,BRCA5,L,,,,,,,,,S,,0
SMA-11-01,TOKA,TOKA-041,5/24/2022,16,164,BAPI,RUUR,,VITE,20,L,,,,,,,,,,S,,0
SMA-11-01,TOKA,TOKA-041,5/24/2022,17,164,BAPI,RUUR,,VITE,9,LYHY3,L,,,,,,,,,S,,0
SMA-11-01,TOKA,TOKA-041,5/24/2022,18,164,BAPI,RUUR,,PHAQ,76,VITE,GEDI,L,,,,,,,,S,,0
SMA-11-01,TOKA,TOKA-041,5/24/2022,19,164,NOPLANT,,,BRCA5,16,,,,,,,,,,,S,,0
SMA-11-01,TOKA,TOKA-041,5/24/2022,20,164,BAPI,RUUR,,BRCA5,41,L,,,,,,,,,,S,,0
SMA-11-01,TOKA,TOKA-041,5/24/2022,21,164,BAPI,RUUR,,VITE,77,BRCA5,L,,,,,,,,,S,,0
SMA-11-01,TOKA,TOKA-041,5/24/2022,22,164,NOPLANT,,,BRCA5,46,,,,,,,,,,,S,,0
SMA-11-01,TOKA,TOKA-041,5/24/2022,23,164,BAPI,RUUR,,BRCA5,76,VITE,L,,,,,,,,,S,,0
SMA-11-01,TOKA,TOKA-041,5/24/2022,24,164,BAPI,RUUR,,NOPLANT,NA,L,,,,,,,,,,S,,0
SMA-11-01,TOKA,TOKA-041,5/24/2022,25,164,BAPI,RUUR,,NOPLANT,NA,L,,,,,,,,,,S,,0
SMA-11-01,TOKA,TOKA-041,5/24/2022,26,164,BAPI,TODI,RUUR,NOPLANT,NA,L,,,,,,,,,,S,,0
SMA-11-01,TOKA,TOKA-041,5/24/2022,27,164,NOPLANT,,,BRMI2,5,GERAN,L,,,,,,,,,S,,0
SMA-11-01,TOKA,TOKA-041,5/24/2022,28,164,RUUR,,,LIBI5,10,LYHY3,L,,,,,,,,,S,,0
SMA-11-01,TOKA,TOKA-041,5/24/2022,29,164,NOPLANT,,,VITE,51,PHAQ,L,,,,,,,,,S,,0
SMA-11-01,TOKA,TOKA-041,5/24/2022,30,164,BAPI,RUUR,,VITE,44,PHAQ,L,,,,,,,,,S,,0
SMA-11-01,TOKA,TOKA-041,5/24/2022,31,164,BAPI,RUUR,,NOPLANT,NA,L,,,,,,,,,,S,,0
SMA-11-01,TOKA,TOKA-041,5/24/2022,32,164,NOPLANT,,,PHAQ,106,LIBI5,GEDI,L,,,,,,,,S,,0
SMA-11-01,TOKA,TOKA-041,5/24/2022,33,164,BAPI,RUUR,,VITE,30,PHAQ,L,,,,,,,,,S,,0
SMA-11-01,TOKA,TOKA-041,5/24/2022,34,164,BAPI,,,VITE,35,L,,,,,,,,,,S,,0
SMA-11-01,TOKA,TOKA-041,5/24/2022,35,164,NOPLANT,,,BRCA5,65,BRDI2,VITE,PHAQ,L,,,,,,,S,,0
SMA-11-01,TOKA,TOKA-041,5/24/2022,36,164,BAPI,TODI,,VITE,70,L,,,,,,,,,,S,,0
SMA-11-01,TOKA,TOKA-041,5/24/2022,37,164,BAPI,TODI,RUUR,NOPLANT,NA,L,,,,,,,,,,S,,0
SMA-11-01,TOKA,TOKA-041,5/24/2022,38,164,BAPI,,,VITE,52,BRCA5,MAEX,,,,,,,,,S,,0
SMA-11-01,TOKA,TOKA-041,5/24/2022,39,164,BAPI,,,VITE,29,L,,,,,,,,,,S,,0
SMA-11-01,TOKA,TOKA-041,5/24/2022,40,164,BAPI,RUUR,,VITE,37,L,,,,,,,,,,S,,0
SMA-11-01,TOKA,TOKA-041,5/24/2022,41,164,BAPI,TODI,RUUR,POGLG4,45,L,,,,,,,,,,S,,0
SMA-11-01,TOKA,TOKA-041,5/24/2022,42,164,BAPI,RUUR,,VITE,51,POGLG4,L,,,,,,,,,S,,0
SMA-11-01,TOKA,TOKA-041,5/24/2022,43,164,NOPLANT,,,PHAQ,111,GEDI,VITE,PHAQ,,,,,,,,S,3,0
SMA-11-01,TOKA,TOKA-041,5/24/2022,44,164,NOPLANT,,,BRCA5,58,VITE,L,,,,,,,,,S,,0
SMA-11-01,TOKA,TOKA-041,5/24/2022,45,164,NOPLANT,,,BRDI2,11,GEDI,L,,,,,,,,,S,,0
SMA-11-01,TOKA,TOKA-041,5/24/2022,46,164,NOPLANT,,,LIBI5,26,VUBR,CRVE3,L,,,,,,,,S,,0
SMA-11-01,TOKA,TOKA-041,5/24/2022,47,164,NOPLANT,,,SACR2,25,LOCO6,BRCA5,,,,,,,,,S,,0
SMA-11-01,TOKA,TOKA-041,5/24/2022,48,164,BAPI,,,BRCA5,33,BRDI2,LIBI5,ASTERA,,,,,,,,S,,0
SMA-11-01,TOKA,TOKA-041,5/24/2022,49,164,NOPLANT,,,BRCA5,21,RUAC3,L,,,,,,,,,S,,0
SMA-11-01,TOKA,TOKA-041,5/24/2022,50,164,BAPI,,,RUAC3,8,2GA,,,,,,,,,,S,1,0
SMA-11-01,TOKA,TOKA-041,5/24/2022,1,343,BAPI,RUUR,,VITE,48,L,,,,,,,,,,S,,0
SMA-11-01,TOKA,TOKA-041,5/24/2022,2,343,BAPI,RUUR,,NOPLANT,NA,L,,,,,,,,,,S,,0
SMA-11-01,TOKA,TOKA-041,5/24/2022,3,343,BAPI,RUUR,,NOPLANT,NA,L,,,,,,,,,,S,,0
SMA-11-01,TOKA,TOKA-041,5/24/2022,4,343,BAPI,RUUR,,COMA2,20,L,,,,,,,,,,S,,0
SMA-11-01,TOKA,TOKA-041,5/24/2022,5,343,BAPI,RUUR,,NOPLANT,NA,L,,,,,,,,,,S,,0
SMA-11-01,TOKA,TOKA-041,5/24/2022,6,343,BAPI,RUUR,,NOPLANT,NA,L,,,,,,,,,,S,,0
SMA-11-01,TOKA,TOKA-041,5/24/2022,7,343,BAPI,RUUR,,NOPLANT,NA,L,,,,,,,,,,S,,0
SMA-11-01,TOKA,TOKA-041,5/24/2022,8,343,NOPLANT,,,CAPY2,80,BRDI3,2GA,,,,,,,,,S,2,0
SMA-11-01,TOKA,TOKA-041,5/24/2022,9,343,NOPLANT,,,NOPLANT,NA,L,,,,,,,,,,S,,0
SMA-11-01,TOKA,TOKA-041,5/24/2022,10,343,NOPLANT,,,NOPLANT,NA,L,,,,,,,,,,S,,0
SMA-11-01,TOKA,TOKA-041,5/24/2022,11,343,RUUR,,,SYCH4,29,PHAQ,GEDI,L,,,,,,,,S,,0
SMA-11-01,TOKA,TOKA-041,5/24/2022,12,343,RUUR,,,PHAQ,112,PHAQ,,,,,,,,,,S,1,0
SMA-11-01,TOKA,TOKA-041,5/24/2022,13,343,NOPLANT,,,GEDI,17,PLLA,L,,,,,,,,,S,,0
SMA-11-01,TOKA,TOKA-041,5/24/2022,14,343,NOPLANT,,,PHAQ,46,2GA,,,,,,,,,,S,1,0
SMA-11-01,TOKA,TOKA-041,5/24/2022,15,343,NOPLANT,,,PHAQ,16,PHAQ,,,,,,,,,,S,1,0
SMA-11-01,TOKA,TOKA-041,5/24/2022,16,343,NOPLANT,,,PHAQ,47,PHAQ,,,,,,,,,,S,1,0
SMA-11-01,TOKA,TOKA-041,5/24/2022,17,343,BAPI,,,NOPLANT,NA,L,,,,,,,,,,S,,0
SMA-11-01,TOKA,TOKA-041,5/24/2022,18,343,BAPI,,,PHAQ,61,PHAQ,,,,,,,,,,S,1,0
SMA-11-01,TOKA,TOKA-041,5/24/2022,19,343,NOPLANT,,,PHAQ,40,CYEC,GEDI,,,,,,,,,S,,0
SMA-11-01,TOKA,TOKA-041,5/24/2022,20,343,NOPLANT,,,PHAQ,6,MEDIC,L,,,,,,,,,S,,0
SMA-11-01,TOKA,TOKA-041,5/24/2022,21,343,NOPLANT,,,PHAQ,56,VITE,PHAQ,,,,,,,,,S,2,0
SMA-11-01,TOKA,TOKA-041,5/24/2022,22,343,NOPLANT,,,MEDIC,17,2GA,,,,,,,,,,S,1,0
SMA-11-01,TOKA,TOKA-041,5/24/2022,23,343,NOPLANT,,,MEDIC,8,2GA,,,,,,,,,,S,1,0
SMA-11-01,TOKA,TOKA-041,5/24/2022,24,343,NOPLANT,,,VITE,21,MEDIC,L,,,,,,,,,S,,0
SMA-11-01,TOKA,TOKA-041,5/24/2022,25,343,NOPLANT,,,LIBI5,18,MEDIC,L,,,,,,,,,S,,0
SMA-11-01,TOKA,TOKA-041,5/24/2022,26,343,NOPLANT,,,LIBI5,45,VITE,CYEC,L,,,,,,,,S,,0
SMA-11-01,TOKA,TOKA-041,5/24/2022,27,343,NOPLANT,,,JUNCU,40,LIBI5,MEDIC,L,,,,,,,,S,,0
SMA-11-01,TOKA,TOKA-041,5/24/2022,28,343,NOPLANT,,,LOPEM2,32,PLLA,L,,,,,,,,,S,,0
SMA-11-01,TOKA,TOKA-041,5/24/2022,29,343,NOPLANT,,,LOPEM2,32,PLLA,L,,,,,,,,,S,,0
SMA-11-01,TOKA,TOKA-041,5/24/2022,30,343,NOPLANT,,,NOPLANT,NA,L,,,,,,,,,,S,,0
SMA-11-01,TOKA,TOKA-041,5/24/2022,31,343,NOPLANT,,,CIVU,3,L,,,,,,,,,,S,,0
SMA-11-01,TOKA,TOKA-041,5/24/2022,32,343,NOPLANT,,,NOPLANT,NA,L,,,,,,,,,,S,,0
SMA-11-01,TOKA,TOKA-041,5/24/2022,33,343,BAPI,,,VUBR,10,,,,,,,,,,,S,,0
SMA-11-01,TOKA,TOKA-041,5/24/2022,34,343,BAPI,,,NOPLANT,NA,L,,,,,,,,,,S,,0
SMA-11-01,TOKA,TOKA-041,5/24/2022,35,343,BAPI,RUUR,,JUNCU,25,COMA2,L,,,,,,,,,S,,0
SMA-11-01,TOKA,TOKA-041,5/24/2022,36,343,BAPI,,,COMA2,27,L,,,,,,,,,,S,,0
SMA-11-01,TOKA,TOKA-041,5/24/2022,37,343,BAPI,RUUR,,PHAQ,20,L,,,,,,,,,,S,,0
SMA-11-01,TOKA,TOKA-041,5/24/2022,38,343,BAPI,RUUR,,VITE,62,JUNCU,L,,,,,,,,,S,,0
SMA-11-01,TOKA,TOKA-041,5/24/2022,39,343,BAPI,RUUR,,PHAQ,95,JUNCU,,,,,,,,,,S,,0
SMA-11-01,TOKA,TOKA-041,5/24/2022,40,343,BAPI,RUUR,,JUNCU,26,L,,,,,,,,,,S,,0
SMA-11-01,TOKA,TOKA-041,5/24/2022,41,343,BAPI,RUUR,,COMA2,5,L,,,,,,,,,,S,,0
SMA-11-01,TOKA,TOKA-041,5/24/2022,42,343,BAPI,RUUR,,COMA2,56,L,,,,,,,,,,S,,0
SMA-11-01,TOKA,TOKA-041,5/24/2022,43,343,RUUR,,,NOPLANT,NA,L,,,,,,,,,,S,,0
SMA-11-01,TOKA,TOKA-041,5/24/2022,44,343,NOPLANT,,,VELA,31,L,,,,,,,,,,S,,0
SMA-11-01,TOKA,TOKA-041,5/24/2022,45,343,TODI,,,COMA2,40,L,,,,,,,,,,S,,1
SMA-11-01,TOKA,TOKA-041,5/24/2022,46,343,NOPLANT,,,COMA2,121,SCCA2,L,,,,,,,,,S,,0
SMA-11-01,TOKA,TOKA-041,5/24/2022,47,343,NOPLANT,,,SCCA2,72,COMA2,L,,,,,,,,,S,1,0
SMA-11-01,TOKA,TOKA-041,5/24/2022,48,343,NOPLANT,,,SCCA2,31,L,,,,,,,,,,S,,0
SMA-11-01,TOKA,TOKA-041,5/24/2022,49,343,RUUR,,,SCCA2,123,L,,,,,,,,,,S,,1
SMA-11-01,TOKA,TOKA-041,5/24/2022,50,343,RUUR,,,SCCA2,122,COMA2,L,,,,,,,,,S,,1
SMA-11-01,TOKA,TOKA-055,5/24/2016,1,11,,,,NOPLANT,0,L,,,,,,,,,,S,,0
SMA-11-01,TOKA,TOKA-055,5/24/2016,2,11,,,,TRDU2,5,,,,,,,,,,,S,,0
SMA-11-01,TOKA,TOKA-055,5/24/2016,3,11,,,,MASA,5,L,,,,,,,,,,S,,0
SMA-11-01,TOKA,TOKA-055,5/24/2016,4,11,,,,VUMY,8,ASTERA,,,,,,,,,,S,,0
SMA-11-01,TOKA,TOKA-055,5/24/2016,5,11,,,,NOPLANT,0,L,,,,,,,,,,S,,0
SMA-11-01,TOKA,TOKA-055,5/24/2016,6,11,,,,BRHO2,30,LIUS,L,,,,,,,,,S,,0
SMA-11-01,TOKA,TOKA-055,5/24/2016,7,11,,,,BRHO2,4,ASTERA,BRDI2,L,,,,,,,,S,,0
SMA-11-01,TOKA,TOKA-055,5/24/2016,8,11,,,,BRHO2,10,BRDI2,L,,,,,,,,,S,,0
SMA-11-01,TOKA,TOKA-055,5/24/2016,9,11,,,,MASA,2,L,,,,,,,,,,S,,0
SMA-11-01,TOKA,TOKA-055,5/24/2016,10,11,,,,BRDI2,5,TRIFO,L,,,,,,,,,S,,0
SMA-11-01,TOKA,TOKA-055,5/24/2016,11,11,,,,NOPLANT,0,L,,,,,,,,,,S,,0
SMA-11-01,TOKA,TOKA-055,5/24/2016,12,11,,,,TRAN6,9,L,,,,,,,,,,S,,0
SMA-11-01,TOKA,TOKA-055,5/24/2016,13,11,,,,AVBA,14,L,,,,,,,,,,S,,0
SMA-11-01,TOKA,TOKA-055,5/24/2016,14,11,,,,TRDU2,5,2PLANT,,,,,,,,,,S,,0
SMA-11-01,TOKA,TOKA-055,5/24/2016,15,11,,,,MASA,4,L,,,,,,,,,,S,,0
SMA-11-01,TOKA,TOKA-055,5/24/2016,16,11,,,,ERODI,4,,,,,,,,,,,S,,0
SMA-11-01,TOKA,TOKA-055,5/24/2016,17,11,,,,NOPLANT,0,L,,,,,,,,,,S,,0
SMA-11-01,TOKA,TOKA-055,5/24/2016,18,11,,,,LOPEM2,12,L,,,,,,,,,,S,,0
SMA-11-01,TOKA,TOKA-055,5/24/2016,19,11,,,,TRIFO,4,L,,,,,,,,,,S,,0
SMA-11-01,TOKA,TOKA-055,5/24/2016,20,11,,,,AVBA,37,BRHO2,L,,,,,,,,,S,,0
SMA-11-01,TOKA,TOKA-055,5/24/2016,21,11,,,,NOPLANT,0,L,,,,,,,,,,S,,0
SMA-11-01,TOKA,TOKA-055,5/24/2016,22,11,,,,BRDI2,5,L,,,,,,,,,,S,,0
SMA-11-01,TOKA,TOKA-055,5/24/2016,23,11,,,,NOPLANT,0,L,,,,,,,,,,S,,0
SMA-11-01,TOKA,TOKA-055,5/24/2016,24,11,,,,BRDI2,11,TRDU2,L,,,,,,,,,S,,0
SMA-11-01,TOKA,TOKA-055,5/24/2016,25,11,,,,NOPLANT,0,L,,,,,,,,,,S,,0
SMA-11-01,TOKA,TOKA-055,5/24/2016,26,11,,,,NOPLANT,0,,,,,,,,,,,S,,0
SMA-11-01,TOKA,TOKA-055,5/24/2016,27,11,,,,AVBA,40,LOPEM2,L,,,,,,,,,S,,0
SMA-11-01,TOKA,TOKA-055,5/24/2016,28,11,,,,BRDI2,15,L,,,,,,,,,,S,,0
SMA-11-01,TOKA,TOKA-055,5/24/2016,29,11,,,,2PLANT,15,,,,,,,,,,,S,,0
SMA-11-01,TOKA,TOKA-055,5/24/2016,30,11,,,,BRDI2,6,VUBR,L,,,,,,,,,S,,0
SMA-11-01,TOKA,TOKA-055,5/24/2016,31,11,,,,AVBA,12,L,,,,,,,,,,S,,0
SMA-11-01,TOKA,TOKA-055,5/24/2016,32,11,,,,BRDI2,1,L,,,,,,,,,,S,,0
SMA-11-01,TOKA,TOKA-055,5/24/2016,33,11,,,,NOPLANT,0,L,,,,,,,,,,S,,0
SMA-11-01,TOKA,TOKA-055,5/24/2016,34,11,,,,NOPLANT,0,L,,,,,,,,,,S,,0
SMA-11-01,TOKA,TOKA-055,5/24/2016,35,11,,,,,NA,,,,,,,,,,,,,0
SMA-11-01,TOKA,TOKA-055,5/24/2016,36,11,,,,,NA,,,,,,,,,,,,,0
SMA-11-01,TOKA,TOKA-055,5/24/2016,37,11,,,,,NA,,,,,,,,,,,,,0
SMA-11-01,TOKA,TOKA-055,5/24/2016,38,11,,,,,NA,,,,,,,,,,,,,0
SMA-11-01,TOKA,TOKA-055,5/24/2016,39,11,,,,,NA,,,,,,,,,,,,,0
SMA-11-01,TOKA,TOKA-055,5/24/2016,40,11,,,,,NA,,,,,,,,,,,,,0
SMA-11-01,TOKA,TOKA-055,5/24/2016,41,11,,,,,NA,,,,,,,,,,,,,0
SMA-11-01,TOKA,TOKA-055,5/24/2016,42,11,,,,,NA,,,,,,,,,,,,,0
SMA-11-01,TOKA,TOKA-055,5/24/2016,43,11,,,,,NA,,,,,,,,,,,,,0
SMA-11-01,TOKA,TOKA-055,5/24/2016,44,11,,,,,NA,,,,,,,,,,,,,0
SMA-11-01,TOKA,TOKA-055,5/24/2016,45,11,,,,,NA,,,,,,,,,,,,,0
SMA-11-01,TOKA,TOKA-055,5/24/2016,46,11,,,,,NA,,,,,,,,,,,,,0
SMA-11-01,TOKA,TOKA-055,5/24/2016,47,11,,,,,NA,,,,,,,,,,,,,0
SMA-11-01,TOKA,TOKA-055,5/24/2016,48,11,,,,,NA,,,,,,,,,,,,,0
SMA-11-01,TOKA,TOKA-055,5/24/2016,49,11,,,,,NA,,,,,,,,,,,,,0
SMA-11-01,TOKA,TOKA-055,5/24/2016,50,11,,,,,NA,,,,,,,,,,,,,0
SMA-11-01,TOKA,TOKA-055,5/24/2016,1,191,,,,TRAN6,10,BRDI2,L,,,,,,,,,S,,0
SMA-11-01,TOKA,TOKA-055,5/24/2016,2,191,,,,TRAN6,10,ERODI,L,,,,,,,,,S,,0
SMA-11-01,TOKA,TOKA-055,5/24/2016,3,191,,,,NOPLANT,0,L,,,,,,,,,,S,,0
SMA-11-01,TOKA,TOKA-055,5/24/2016,4,191,,,,NOPLANT,0,L,,,,,,,,,,S,,0
SMA-11-01,TOKA,TOKA-055,5/24/2016,5,191,,,,ERODI,2,TRDU2,L,,,,,,,,,S,,0
SMA-11-01,TOKA,TOKA-055,5/24/2016,6,191,,,,2PLANT,15,L,,,,,,,,,,S,,0
SMA-11-01,TOKA,TOKA-055,5/24/2016,7,191,,,,TRIFO,10,ASTERA,ERODI,L,,,,,,,,S,,0
SMA-11-01,TOKA,TOKA-055,5/24/2016,8,191,,,,NOPLANT,0,,,,,,,,,,,S,,0
SMA-11-01,TOKA,TOKA-055,5/24/2016,9,191,,,,CAPY2,39,L,,,,,,,,,,S,,0
SMA-11-01,TOKA,TOKA-055,5/24/2016,10,191,,,,LOPEM2,7,L,,,,,,,,,,S,,0
SMA-11-01,TOKA,TOKA-055,5/24/2016,11,191,,,,BRDI3,20,MEPO3,,,,,,,,,,S,,0
SMA-11-01,TOKA,TOKA-055,5/24/2016,12,191,,,,NOPLANT,0,L,,,,,,,,,,S,,0
SMA-11-01,TOKA,TOKA-055,5/24/2016,13,191,,,,NOPLANT,0,L,,,,,,,,,,S,,0
SMA-11-01,TOKA,TOKA-055,5/24/2016,14,191,,,,LOPEM2,9,L,,,,,,,,,,S,,0
SMA-11-01,TOKA,TOKA-055,5/24/2016,15,191,,,,LOPEM2,10,L,,,,,,,,,,S,,0
SMA-11-01,TOKA,TOKA-055,5/24/2016,16,191,,,,LOPEM2,10,L,,,,,,,,,,S,,0
SMA-11-01,TOKA,TOKA-055,5/24/2016,17,191,,,,LOPEM2,15,,,,,,,,,,,S,,0
SMA-11-01,TOKA,TOKA-055,5/24/2016,18,191,,,,BRDI3,18,LOPEM2,L,,,,,,,,,S,,0
SMA-11-01,TOKA,TOKA-055,5/24/2016,19,191,,,,ANAR,7,LOPEM2,L,,,,,,,,,S,,0
SMA-11-01,TOKA,TOKA-055,5/24/2016,20,191,,,,LIUS,1,LOPEM2,L,,,,,,,,,S,,0
SMA-11-01,TOKA,TOKA-055,5/24/2016,21,191,,,,LOPEM2,40,BRHO2,ESCA2,L,,,,,,,,S,,0
SMA-11-01,TOKA,TOKA-055,5/24/2016,22,191,,,,LOPEM2,15,TRDU2,L,,,,,,,,,S,,0
SMA-11-01,TOKA,TOKA-055,5/24/2016,23,191,,,,TRIFO,5,L,,,,,,,,,,S,,0
SMA-11-01,TOKA,TOKA-055,5/24/2016,24,191,,,,ANAR,6,L,,,,,,,,,,S,,0
SMA-11-01,TOKA,TOKA-055,5/24/2016,25,191,,,,LOPEM2,50,VISA,BRDI3,L,,,,,,,,S,,0
SMA-11-01,TOKA,TOKA-055,5/24/2016,26,191,,,,NOPLANT,0,L,,,,,,,,,,S,,0
SMA-11-01,TOKA,TOKA-055,5/24/2016,27,191,,,,AVBA,100,LOPEM2,VISA,L,,,,,,,,S,,0
SMA-11-01,TOKA,TOKA-055,5/24/2016,28,191,,,,LOPEM2,47,BRDI2,TRDU2,L,,,,,,,,S,,0
SMA-11-01,TOKA,TOKA-055,5/24/2016,29,191,,,,LOPEM2,16,TRDU2,BRHO2,,,,,,,,,S,,0
SMA-11-01,TOKA,TOKA-055,5/24/2016,30,191,,,,LOPEM2,32,ESCA2,VUBR,CAPY2,L,,,,,,,S,,0
SMA-11-01,TOKA,TOKA-055,5/24/2016,31,191,,,,AVBA,87,BRHO2,BRDI3,MASA,L,,,,,,,S,,0
SMA-11-01,TOKA,TOKA-055,5/24/2016,32,191,,,,VUBR,33,CAPY2,BRDI3,L,,,,,,,,S,,0
SMA-11-01,TOKA,TOKA-055,5/24/2016,33,191,,,,LOPEM2,10,TRDU2,L,,,,,,,,,S,,0
SMA-11-01,TOKA,TOKA-055,5/24/2016,34,191,,,,BRDI2,17,LOPEM2,,,,,,,,,,S,,0
SMA-11-01,TOKA,TOKA-055,5/24/2016,35,191,,,,LOPEM2,15,L,,,,,,,,,,S,,0
SMA-11-01,TOKA,TOKA-055,5/24/2016,36,191,,,,LOPEM2,27,L,,,,,,,,,,S,,0
SMA-11-01,TOKA,TOKA-055,5/24/2016,37,191,,,,LOPEM2,21,L,,,,,,,,,,S,,0
SMA-11-01,TOKA,TOKA-055,5/24/2016,38,191,,,,LOPEM2,20,CAPY2,L,,,,,,,,,S,,0
SMA-11-01,TOKA,TOKA-055,5/24/2016,39,191,,,,NOPLANT,0,,,,,,,,,,,S,,0
SMA-11-01,TOKA,TOKA-055,5/24/2016,40,191,,,,LOPEM2,19,L,,,,,,,,,,S,,0
SMA-11-01,TOKA,TOKA-055,5/24/2016,41,191,,,,LOPEM2,60,,,,,,,,,,,S,,0
SMA-11-01,TOKA,TOKA-055,5/24/2016,42,191,,,,LOPEM2,50,CAPY2,BRDI3,L,,,,,,,,S,,0
SMA-11-01,TOKA,TOKA-055,5/24/2016,43,191,,,,LOPEM2,7,,,,,,,,,,,S,,0
SMA-11-01,TOKA,TOKA-055,5/24/2016,44,191,,,,CAPY2,38,LOPEM2,TRIFO,,,,,,,,,S,,0
SMA-11-01,TOKA,TOKA-055,5/24/2016,45,191,,,,LOPEM2,9,,,,,,,,,,,S,,0
SMA-11-01,TOKA,TOKA-055,5/24/2016,46,191,,,,NOPLANT,0,,,,,,,,,,,S,,0
SMA-11-01,TOKA,TOKA-055,5/24/2016,47,191,,,,AVBA,70,,,,,,,,,,,S,,0
SMA-11-01,TOKA,TOKA-055,5/24/2016,48,191,,,,BRHO2,19,LOPEM2,L,,,,,,,,,S,,0
SMA-11-01,TOKA,TOKA-055,5/24/2016,49,191,,,,ESCA2,2,L,,,,,,,,,,S,,0
SMA-11-01,TOKA,TOKA-055,5/24/2016,50,191,,,,BRDI3,10,,,,,,,,,,,S,,0
SMA-11-01,TOKA,TOKA-055,5/3/2018,1,11,,,,BRHO2,47,VUBR,AVBA,LIBI5,,,,,,,,S,,0
SMA-11-01,TOKA,TOKA-055,5/3/2018,2,11,,,,AVBA,63,BRHO2,VUBR,,,,,,,,,S,,0
SMA-11-01,TOKA,TOKA-055,5/3/2018,3,11,,,,BRDI2,25,2GA,,,,,,,,,,S,1,0
SMA-11-01,TOKA,TOKA-055,5/3/2018,4,11,,,,VUBR,33,2GA,,,,,,,,,,S,1,0
SMA-11-01,TOKA,TOKA-055,5/3/2018,5,11,,,,BRHO2,57,BRDI2,HYRA3,,,,,,,,,S,,0
SMA-11-01,TOKA,TOKA-055,5/3/2018,6,11,,,,2FA,36,VUBR,2GA,,,,,,,,,S,2,1
SMA-11-01,TOKA,TOKA-055,5/3/2018,7,11,BAPI,,,BRDI2,48,2GA,,,,,,,,,,S,1,0
SMA-11-01,TOKA,TOKA-055,5/3/2018,8,11,,,,2GA,49,,,,,,,,,,,S,,1
SMA-11-01,TOKA,TOKA-055,5/3/2018,9,11,BAPI,,,AVBA,20,BRDI2,2GA,,,,,,,,,S,2,0
SMA-11-01,TOKA,TOKA-055,5/3/2018,10,11,BAPI,,,VUBR,49,,,,,,,,,,,BAPI,,0
SMA-11-01,TOKA,TOKA-055,5/3/2018,11,11,,,,AVBA,25,2GA,,,,,,,,,,S,1,0
SMA-11-01,TOKA,TOKA-055,5/3/2018,12,11,,,,BRDI2,28,2GA,,,,,,,,,,S,1,0
SMA-11-01,TOKA,TOKA-055,5/3/2018,13,11,,,,2GA,49,VUBR,BRDI2,,,,,,,,,S,,1
SMA-11-01,TOKA,TOKA-055,5/3/2018,14,11,,,,BRHO2,51,BRDI2,LIBI5,2GA,,,,,,,,S,3,0
SMA-11-01,TOKA,TOKA-055,5/3/2018,15,11,,,,VUBR,31,,,,,,,,,,,S,,0
SMA-11-01,TOKA,TOKA-055,5/3/2018,16,11,,,,AVBA,95,VUBR,L,,,,,,,,,S,,0
SMA-11-01,TOKA,TOKA-055,5/3/2018,17,11,,,,BRHO2,53,VUBR,2GA,,,,,,,,,S,2,0
SMA-11-01,TOKA,TOKA-055,5/3/2018,18,11,,,,AVBA,50,BRHO2,2GA,,,,,,,,,S,2,0
SMA-11-01,TOKA,TOKA-055,5/3/2018,19,11,,,,BRHO2,45,LOPEM2,BRDI2,VUBR,2GA,,,,,,,S,4,0
SMA-11-01,TOKA,TOKA-055,5/3/2018,20,11,,,,BRHO2,50,2GA,VUBR,BRDI2,,,,,,,,S,,0
SMA-11-01,TOKA,TOKA-055,5/3/2018,21,11,,,,AVBA,56,BRHO2,2GA,,,,,,,,,S,,0
SMA-11-01,TOKA,TOKA-055,5/3/2018,22,11,,,,AVBA,53,BRHO2,BRDI2,2GA,,,,,,,,S,3,0
SMA-11-01,TOKA,TOKA-055,5/3/2018,23,11,,,,BRHO2,35,2GA,L,,,,,,,,,S,,0
SMA-11-01,TOKA,TOKA-055,5/3/2018,24,11,BAPI,,,NOPLANT,NA,L,,,,,,,,,,S,,0
SMA-11-01,TOKA,TOKA-055,5/3/2018,25,11,BAPI,,,NOPLANT,NA,L,,,,,,,,,,S,,0
SMA-11-01,TOKA,TOKA-055,5/3/2018,26,11,,,,BRDI2,1,,,,,,,,,,,S,,0
SMA-11-01,TOKA,TOKA-055,5/3/2018,27,11,,,,NOPLANT,NA,,,,,,,,,,,S,,0
SMA-11-01,TOKA,TOKA-055,5/3/2018,28,11,,,,,NA,,,,,,,,,,,,,0
SMA-11-01,TOKA,TOKA-055,5/3/2018,29,11,,,,,NA,,,,,,,,,,,,,0
SMA-11-01,TOKA,TOKA-055,5/3/2018,30,11,,,,,NA,,,,,,,,,,,,,0
SMA-11-01,TOKA,TOKA-055,5/3/2018,31,11,,,,,NA,,,,,,,,,,,,,0
SMA-11-01,TOKA,TOKA-055,5/3/2018,32,11,,,,,NA,,,,,,,,,,,,,0
SMA-11-01,TOKA,TOKA-055,5/3/2018,33,11,,,,,NA,,,,,,,,,,,,,0
SMA-11-01,TOKA,TOKA-055,5/3/2018,34,11,,,,,NA,,,,,,,,,,,,,0
SMA-11-01,TOKA,TOKA-055,5/3/2018,35,11,,,,,NA,,,,,,,,,,,,,0
SMA-11-01,TOKA,TOKA-055,5/3/2018,36,11,,,,,NA,,,,,,,,,,,,,0
SMA-11-01,TOKA,TOKA-055,5/3/2018,37,11,,,,,NA,,,,,,,,,,,,,0
SMA-11-01,TOKA,TOKA-055,5/3/2018,38,11,,,,,NA,,,,,,,,,,,,,0
SMA-11-01,TOKA,TOKA-055,5/3/2018,39,11,,,,,NA,,,,,,,,,,,,,0
SMA-11-01,TOKA,TOKA-055,5/3/2018,40,11,,,,,NA,,,,,,,,,,,,,0
SMA-11-01,TOKA,TOKA-055,5/3/2018,41,11,,,,,NA,,,,,,,,,,,,,0
SMA-11-01,TOKA,TOKA-055,5/3/2018,42,11,,,,,NA,,,,,,,,,,,,,0
SMA-11-01,TOKA,TOKA-055,5/3/2018,43,11,,,,,NA,,,,,,,,,,,,,0
SMA-11-01,TOKA,TOKA-055,5/3/2018,44,11,,,,,NA,,,,,,,,,,,,,0
SMA-11-01,TOKA,TOKA-055,5/3/2018,45,11,,,,,NA,,,,,,,,,,,,,0
SMA-11-01,TOKA,TOKA-055,5/3/2018,46,11,,,,,NA,,,,,,,,,,,,,0
SMA-11-01,TOKA,TOKA-055,5/3/2018,47,11,,,,,NA,,,,,,,,,,,,,0
SMA-11-01,TOKA,TOKA-055,5/3/2018,48,11,,,,,NA,,,,,,,,,,,,,0
SMA-11-01,TOKA,TOKA-055,5/3/2018,49,11,,,,,NA,,,,,,,,,,,,,0
SMA-11-01,TOKA,TOKA-055,5/3/2018,50,11,,,,,NA,,,,,,,,,,,,,0
SMA-11-01,TOKA,TOKA-055,5/3/2018,1,191,,,,2GA,1,,,,,,,,,,,S,,1
SMA-11-01,TOKA,TOKA-055,5/3/2018,2,191,,,,VUBR,20,BRDI2,,,,,,,,,,S,,0
SMA-11-01,TOKA,TOKA-055,5/3/2018,3,191,,,,VUBR,44,2GA,,,,,,,,,,S,1,0
SMA-11-01,TOKA,TOKA-055,5/3/2018,4,191,,,,VUBR,45,BRHO2,,,,,,,,,,S,,0
SMA-11-01,TOKA,TOKA-055,5/3/2018,5,191,,,,AVFA,106,BRHO2,BRDI2,VUBR,,,,,,,,S,,0
SMA-11-01,TOKA,TOKA-055,5/3/2018,6,191,,,,VUBR,37,2GA,,,,,,,,,,S,1,0
SMA-11-01,TOKA,TOKA-055,5/3/2018,7,191,,,,LOPEM2,49,VUBR,2GA,,,,,,,,,S,2,0
SMA-11-01,TOKA,TOKA-055,5/3/2018,8,191,,,,AVBA,75,BRDI3,2GA,,,,,,,,,S,2,0
SMA-11-01,TOKA,TOKA-055,5/3/2018,9,191,,,,BRDI3,47,LOPEM2,2GA,,,,,,,,,S,,0
SMA-11-01,TOKA,TOKA-055,5/3/2018,10,191,,,,LOPEM2,40,BRHO2,2GA,,,,,,,,,S,2,0
SMA-11-01,TOKA,TOKA-055,5/3/2018,11,191,,,,BRHO2,48,2GA,,,,,,,,,,S,1,0
SMA-11-01,TOKA,TOKA-055,5/3/2018,12,191,,,,LOPEM2,49,VUBR,2GA,,,,,,,,,S,2,0
SMA-11-01,TOKA,TOKA-055,5/3/2018,13,191,,,,AVBA,59,BRHO2,2GA,,,,,,,,,S,2,0
SMA-11-01,TOKA,TOKA-055,5/3/2018,14,191,,,,LOPEM2,35,BRDI2,2GA,,,,,,,,,S,2,0
SMA-11-01,TOKA,TOKA-055,5/3/2018,15,191,,,,BRHO2,43,2GA,,,,,,,,,,S,1,0
SMA-11-01,TOKA,TOKA-055,5/3/2018,16,191,,,,LOPEM2,40,BRHO2,2GA,,,,,,,,,S,2,0
SMA-11-01,TOKA,TOKA-055,5/3/2018,17,191,BAPI,,,VUBR,43,BRDI2,2GA,L,,,,,,,,S,,0
SMA-11-01,TOKA,TOKA-055,5/3/2018,18,191,,,,BRDI3,35,BRDI2,HYRA3,2GA,,,,,,,,S,3,0
SMA-11-01,TOKA,TOKA-055,5/3/2018,19,191,,,,VUBR,37,BRDI2,LIBI5,HYGL2,2GA,,,,,,,S,4,0
SMA-11-01,TOKA,TOKA-055,5/3/2018,20,191,BAPI,,,BRDI2,25,VICIA,2GA,L,,,,,,,,S,2,0
SMA-11-01,TOKA,TOKA-055,5/3/2018,21,191,BAPI,,,LOPEM2,16,BRDI2,2GA,L,,,,,,,,S,2,0
SMA-11-01,TOKA,TOKA-055,5/3/2018,22,191,BAPI,,,VUBR,35,2GA,L,,,,,,,,,S,1,0
SMA-11-01,TOKA,TOKA-055,5/3/2018,23,191,,,,BRHO2,36,BRDI2,2GA,,,,,,,,,S,2,0
SMA-11-01,TOKA,TOKA-055,5/3/2018,24,191,BAPI,,,BRDI2,20,2GA,L,,,,,,,,,S,1,0
SMA-11-01,TOKA,TOKA-055,5/3/2018,25,191,BAPI,,,2GA,7,L,,,,,,,,,,S,,1
SMA-11-01,TOKA,TOKA-055,5/3/2018,26,191,,,,LOPEM2,23,2GA,,,,,,,,,,S,1,0
SMA-11-01,TOKA,TOKA-055,5/3/2018,27,191,BAPI,,,BRDI2,25,2GA,L,,,,,,,,,S,1,0
SMA-11-01,TOKA,TOKA-055,5/3/2018,28,191,,,,BRHO2,34,BRCA5,2GA,L,,,,,,,,S,2,0
SMA-11-01,TOKA,TOKA-055,5/3/2018,29,191,,,,BRCA5,45,VUBR,BRDI2,2GA,L,,,,,,,S,3,0
SMA-11-01,TOKA,TOKA-055,5/3/2018,30,191,BAPI,,,LOPEM2,25,2GA,L,,,,,,,,,S,1,0
SMA-11-01,TOKA,TOKA-055,5/3/2018,31,191,,,,VUBR,15,BRCA5,2GA,,,,,,,,,S,2,0
SMA-11-01,TOKA,TOKA-055,5/3/2018,32,191,,,,CAPY2,64,AVBA,BRDI2,2GA,,,,,,,,S,3,1
SMA-11-01,TOKA,TOKA-055,5/3/2018,33,191,,,,BRHO2,45,VUBR,BRDI3,GEDI,2GA,,,,,,,S,4,0
SMA-11-01,TOKA,TOKA-055,5/3/2018,34,191,,,,BRDI3,15,BRHO2,2GA,,,,,,,,,S,2,0
SMA-11-01,TOKA,TOKA-055,5/3/2018,35,191,BAPI,,,VUBR,32,2GA,L,,,,,,,,,S,1,0
SMA-11-01,TOKA,TOKA-055,5/3/2018,36,191,,,,BRDI3,47,BRHO2,2GA,,,,,,,,,S,2,0
SMA-11-01,TOKA,TOKA-055,5/3/2018,37,191,,,,CAPY2,47,CAPY2,BRHO2,BRDI2,,,,,,,,S,,1
SMA-11-01,TOKA,TOKA-055,5/3/2018,38,191,,,,BRDI3,30,LOPEM2,VUBR,2GA,,,,,,,,S,3,0
SMA-11-01,TOKA,TOKA-055,5/3/2018,39,191,,,,VUBR,35,2GA,,,,,,,,,,S,1,0
SMA-11-01,TOKA,TOKA-055,5/3/2018,40,191,,,,BRHO2,23,VUBR,2GA,,,,,,,,,S,2,0
SMA-11-01,TOKA,TOKA-055,5/3/2018,41,191,,,,VUBR,21,LOPEM2,2GA,,,,,,,,,S,2,0
SMA-11-01,TOKA,TOKA-055,5/3/2018,42,191,BAPI,,,2GA,1,L,,,,,,,,,,S,,1
SMA-11-01,TOKA,TOKA-055,5/3/2018,43,191,BAPI,,,BRHO2,60,L,,,,,,,,,,S,,0
SMA-11-01,TOKA,TOKA-055,5/3/2018,44,191,,,,BRHO2,65,2GA,,,,,,,,,,S,1,0
SMA-11-01,TOKA,TOKA-055,5/3/2018,45,191,,,,BRHO2,61,LOPEM2,,,,,,,,,,S,,0
SMA-11-01,TOKA,TOKA-055,5/3/2018,46,191,,,,VUBR,24,TRSU3,BRHO2,2GA,,,,,,,,S,3,0
SMA-11-01,TOKA,TOKA-055,5/3/2018,47,191,,,,BRHO2,65,AVBA,L,,,,,,,,,S,,0
SMA-11-01,TOKA,TOKA-055,5/3/2018,48,191,,,,AVBA,73,BRHO2,2GA,,,,,,,,,S,2,0
SMA-11-01,TOKA,TOKA-055,5/3/2018,49,191,,,,BRHO2,25,,,,,,,,,,,S,,0
SMA-11-01,TOKA,TOKA-055,5/3/2018,50,191,,,,BRHO2,50,AVBA,2GA,,,,,,,,,S,2,0
SMA-11-01,TOKA,TOKA-057,5/24/2016,1,54,,,,CAPY2,60,BRDI3,ANAR,L,,,,,,,,S,,0
SMA-11-01,TOKA,TOKA-057,5/24/2016,2,54,,,,BRDI2,47,LOPEM2,L,,,,,,,,,S,,0
SMA-11-01,TOKA,TOKA-057,5/24/2016,3,54,,,,LOPEM2,40,TRDU2,CAPY2,L,,,,,,,,S,,0
SMA-11-01,TOKA,TOKA-057,5/24/2016,4,54,,,,LOPEM2,37,BRDI2,VITE,L,,,,,,,,S,,0
SMA-11-01,TOKA,TOKA-057,5/24/2016,5,54,,,,LOPEM2,30,BRDI2,L,,,,,,,,,S,,0
SMA-11-01,TOKA,TOKA-057,5/24/2016,6,54,,,,CAPY2,52,BRDI3,BRDI2,VISA,L,,,,,,,S,,0
SMA-11-01,TOKA,TOKA-057,5/24/2016,7,54,,,,LOPEM2,62,CAPY2,VISA,L,,,,,,,,S,,0
SMA-11-01,TOKA,TOKA-057,5/24/2016,8,54,,,,LOPEM2,42,BRDI2,BRDI3,L,,,,,,,,S,,0
SMA-11-01,TOKA,TOKA-057,5/24/2016,9,54,,,,LOPEM2,48,L,,,,,,,,,,S,,0
SMA-11-01,TOKA,TOKA-057,5/24/2016,10,54,,,,CAPY2,65,LOPEM2,VISA,,,,,,,,,S,,0
SMA-11-01,TOKA,TOKA-057,5/24/2016,11,54,,,,AVBA,65,BRDI3,LOPEM2,BRDI2,CAPY2,L,,,,,,S,,0
SMA-11-01,TOKA,TOKA-057,5/24/2016,12,54,,,,DAGL,30,BRDI2,VITE,,,,,,,,,S,,0
SMA-11-01,TOKA,TOKA-057,5/24/2016,13,54,,,,LOPEM2,39,BRDI2,CAPY2,VISA,L,,,,,,,S,,0
SMA-11-01,TOKA,TOKA-057,5/24/2016,14,54,,,,AVBA,65,BRDI3,VUMY,L,,,,,,,,S,,0
SMA-11-01,TOKA,TOKA-057,5/24/2016,15,54,,,,AVBA,61,LOPEM2,L,,,,,,,,,S,,0
SMA-11-01,TOKA,TOKA-057,5/24/2016,16,54,,,,LOPEM2,52,AVBA,BRDI2,L,,,,,,,,S,,0
SMA-11-01,TOKA,TOKA-057,5/24/2016,17,54,,,,AVBA,49,LOPEM2,BRDI3,L,,,,,,,,S,,0
SMA-11-01,TOKA,TOKA-057,5/24/2016,18,54,,,,LOPEM2,82,CAPY2,L,,,,,,,,,S,,0
SMA-11-01,TOKA,TOKA-057,5/24/2016,19,54,,,,LOPEM2,36,CAPY2,L,,,,,,,,,S,,0
SMA-11-01,TOKA,TOKA-057,5/24/2016,20,54,,,,CIVU,20,AVBA,L,,,,,,,,,S,,0
SMA-11-01,TOKA,TOKA-057,5/24/2016,21,54,,,,CAPY2,56,VITE,TRAN6,L,,,,,,,,S,,0
SMA-11-01,TOKA,TOKA-057,5/24/2016,22,54,,,,AVBA,51,BRDI3,BRDI2,L,,,,,,,,S,,0
SMA-11-01,TOKA,TOKA-057,5/24/2016,23,54,,,,AVBA,70,LOPEM2,BRDI3,CAPY2,L,,,,,,,S,,0
SMA-11-01,TOKA,TOKA-057,5/24/2016,24,54,,,,VISA,34,BRDI2,L,,,,,,,,,S,,0
SMA-11-01,TOKA,TOKA-057,5/24/2016,25,54,,,,LOPEM2,26,CAPY2,L,,,,,,,,,S,,0
SMA-11-01,TOKA,TOKA-057,5/24/2016,26,54,,,,LOPEM2,20,CAPY2,L,,,,,,,,,S,,0
SMA-11-01,TOKA,TOKA-057,5/24/2016,27,54,,,,AVBA,88,CAPY2,L,,,,,,,,,S,,0
SMA-11-01,TOKA,TOKA-057,5/24/2016,28,54,,,,LOPEM2,32,AVBA,L,,,,,,,,,S,,0
SMA-11-01,TOKA,TOKA-057,5/24/2016,29,54,,,,AVBA,14,,,,,,,,,,,S,,0
SMA-11-01,TOKA,TOKA-057,5/24/2016,30,54,,,,AVBA,61,VISA,L,,,,,,,,,S,,0
SMA-11-01,TOKA,TOKA-057,5/24/2016,31,54,,,,LOPEM2,31,AVBA,L,,,,,,,,,S,,0
SMA-11-01,TOKA,TOKA-057,5/24/2016,32,54,,,,CAPY2,75,AVBA,L,,,,,,,,,S,,0
SMA-11-01,TOKA,TOKA-057,5/24/2016,33,54,,,,LOPEM2,20,,,,,,,,,,,S,,0
SMA-11-01,TOKA,TOKA-057,5/24/2016,34,54,,,,AVBA,10,L,,,,,,,,,,S,,0
SMA-11-01,TOKA,TOKA-057,5/24/2016,35,54,,,,AVBA,68,BRDI3,L,,,,,,,,,S,,0
SMA-11-01,TOKA,TOKA-057,5/24/2016,36,54,,,,AVBA,57,L,,,,,,,,,,S,,0
SMA-11-01,TOKA,TOKA-057,5/24/2016,37,54,,,,AVBA,42,L,,,,,,,,,,S,,0
SMA-11-01,TOKA,TOKA-057,5/24/2016,38,54,,,,AVBA,61,BRDI2,L,,,,,,,,,S,,0
SMA-11-01,TOKA,TOKA-057,5/24/2016,39,54,,,,AVBA,59,L,,,,,,,,,,S,,0
SMA-11-01,TOKA,TOKA-057,5/24/2016,40,54,,,,AVBA,30,BRDI2,VISA,,,,,,,,,S,,0
SMA-11-01,TOKA,TOKA-057,5/24/2016,41,54,,,,BRDI2,16,AVBA,L,,,,,,,,,S,,0
SMA-11-01,TOKA,TOKA-057,5/24/2016,42,54,,,,CAPY2,60,BRDI2,L,,,,,,,,,S,,0
SMA-11-01,TOKA,TOKA-057,5/24/2016,43,54,,,,BRDI2,20,L,,,,,,,,,,S,,0
SMA-11-01,TOKA,TOKA-057,5/24/2016,44,54,,,,AVBA,53,VISA,L,,,,,,,,,S,,0
SMA-11-01,TOKA,TOKA-057,5/24/2016,45,54,,,,AVBA,34,L,,,,,,,,,,S,,0
SMA-11-01,TOKA,TOKA-057,5/24/2016,46,54,,,,CAPY2,39,L,,,,,,,,,,S,,0
SMA-11-01,TOKA,TOKA-057,5/24/2016,47,54,,,,CAPY2,1,L,,,,,,,,,,S,,0
SMA-11-01,TOKA,TOKA-057,5/24/2016,48,54,,,,AVBA,72,MEDIC,TRAN6,L,,,,,,,,S,,0
SMA-11-01,TOKA,TOKA-057,5/24/2016,49,54,,,,NOPLANT,0,L,,,,,,,,,,S,,0
SMA-11-01,TOKA,TOKA-057,5/24/2016,50,54,,,,AVBA,20,L,,,,,,,,,,S,,0
SMA-11-01,TOKA,TOKA-057,5/24/2016,1,234,,,,LOPEM2,58,DAGL,CAPY2,L,,,,,,,,S,,0
SMA-11-01,TOKA,TOKA-057,5/24/2016,2,234,,,,BRDI2,34,CAPY2,AVBA,L,,,,,,,,S,,0
SMA-11-01,TOKA,TOKA-057,5/24/2016,3,234,,,,AVBA,85,CAPY2,BRDI2,L,,,,,,,,S,,0
SMA-11-01,TOKA,TOKA-057,5/24/2016,4,234,,,,AVBA,69,CAPY2,L,,,,,,,,,S,,0
SMA-11-01,TOKA,TOKA-057,5/24/2016,5,234,,,,AVBA,70,BRDI2,VITE,L,,,,,,,,S,,0
SMA-11-01,TOKA,TOKA-057,5/24/2016,6,234,,,,AVBA,71,L,,,,,,,,,,S,,0
SMA-11-01,TOKA,TOKA-057,5/24/2016,7,234,,,,AVBA,69,BRDI2,L,,,,,,,,,S,,0
SMA-11-01,TOKA,TOKA-057,5/24/2016,8,234,,,,AVBA,95,BRDI2,L,,,,,,,,,S,,0
SMA-11-01,TOKA,TOKA-057,5/24/2016,9,234,,,,AVBA,71,BRDI2,MASA,L,,,,,,,,S,,0
SMA-11-01,TOKA,TOKA-057,5/24/2016,10,234,,,,AVBA,70,BRDI2,L,,,,,,,,,S,,0
SMA-11-01,TOKA,TOKA-057,5/24/2016,11,234,,,,BRDI2,15,L,,,,,,,,,,S,,0
SMA-11-01,TOKA,TOKA-057,5/24/2016,12,234,,,,BRDI2,10,L,,,,,,,,,,S,,0
SMA-11-01,TOKA,TOKA-057,5/24/2016,13,234,,,,BRDI2,35,,,,,,,,,,,S,,0
SMA-11-01,TOKA,TOKA-057,5/24/2016,14,234,,,,BRDI2,31,CAPY2,L,,,,,,,,,S,,0
SMA-11-01,TOKA,TOKA-057,5/24/2016,15,234,,,,BRDI2,33,PIEC,LOCO6,L,,,,,,,,S,,0
SMA-11-01,TOKA,TOKA-057,5/24/2016,16,234,,,,BRDI2,20,LOCO6,L,,,,,,,,,S,,0
SMA-11-01,TOKA,TOKA-057,5/24/2016,17,234,,,,BRDI2,11,L,,,,,,,,,,S,,0
SMA-11-01,TOKA,TOKA-057,5/24/2016,18,234,,,,BRDI2,38,PHAQ,L,,,,,,,,,S,,0
SMA-11-01,TOKA,TOKA-057,5/24/2016,19,234,,,,BRDI2,33,L,,,,,,,,,,S,,0
SMA-11-01,TOKA,TOKA-057,5/24/2016,20,234,,,,BRDI2,27,CAPY2,L,,,,,,,,,S,,0
SMA-11-01,TOKA,TOKA-057,5/24/2016,21,234,,,,BRDI3,40,BRDI2,CAPY2,L,,,,,,,,S,,0
SMA-11-01,TOKA,TOKA-057,5/24/2016,22,234,,,,PHAQ,63,BRDI2,L,,,,,,,,,S,,0
SMA-11-01,TOKA,TOKA-057,5/24/2016,23,234,,,,PHAQ,50,L,,,,,,,,,,S,,0
SMA-11-01,TOKA,TOKA-057,5/24/2016,24,234,,,,LIUS,65,LOPEM2,BRDI2,VISA,L,,,,,,,S,,0
SMA-11-01,TOKA,TOKA-057,5/24/2016,25,234,,,,PHAQ,38,BRDI2,L,,,,,,,,,S,,0
SMA-11-01,TOKA,TOKA-057,5/24/2016,26,234,,,,BRDI2,37,PHAQ,L,,,,,,,,,S,,0
SMA-11-01,TOKA,TOKA-057,5/24/2016,27,234,,,,BRDI2,38,L,,,,,,,,,,S,,0
SMA-11-01,TOKA,TOKA-057,5/24/2016,28,234,,,,PHAQ,31,TRDU2,ASTERA,L,,,,,,,,S,,0
SMA-11-01,TOKA,TOKA-057,5/24/2016,29,234,,,,PHAQ,41,L,,,,,,,,,,S,,0
SMA-11-01,TOKA,TOKA-057,5/24/2016,30,234,,,,PHAQ,35,BRDI2,L,,,,,,,,,S,,0
SMA-11-01,TOKA,TOKA-057,5/24/2016,31,234,,,,PHAQ,43,BRDI2,LOCO6,L,,,,,,,,S,,0
SMA-11-01,TOKA,TOKA-057,5/24/2016,32,234,,,,PHAQ,31,BRDI2,L,,,,,,,,,S,,0
SMA-11-01,TOKA,TOKA-057,5/24/2016,33,234,,,,PHAQ,39,L,,,,,,,,,,S,,0
SMA-11-01,TOKA,TOKA-057,5/24/2016,34,234,,,,LIUS,40,PHAQ,,,,,,,,,,S,,0
SMA-11-01,TOKA,TOKA-057,5/24/2016,35,234,,,,BRDI2,40,,,,,,,,,,,S,,0
SMA-11-01,TOKA,TOKA-057,5/24/2016,36,234,,,,BRDI2,60,PHAQ,L,,,,,,,,,S,,0
SMA-11-01,TOKA,TOKA-057,5/24/2016,37,234,,,,BRDI2,15,LOCO6,L,,,,,,,,,S,,0
SMA-11-01,TOKA,TOKA-057,5/24/2016,38,234,,,,,NA,,,,,,,,,,,,,0
SMA-11-01,TOKA,TOKA-057,5/24/2016,39,234,,,,,NA,,,,,,,,,,,,,0
SMA-11-01,TOKA,TOKA-057,5/24/2016,40,234,,,,,NA,,,,,,,,,,,,,0
SMA-11-01,TOKA,TOKA-057,5/24/2016,41,234,,,,,NA,,,,,,,,,,,,,0
SMA-11-01,TOKA,TOKA-057,5/24/2016,42,234,,,,,NA,,,,,,,,,,,,,0
SMA-11-01,TOKA,TOKA-057,5/24/2016,43,234,,,,,NA,,,,,,,,,,,,,0
SMA-11-01,TOKA,TOKA-057,5/24/2016,44,234,,,,,NA,,,,,,,,,,,,,0
SMA-11-01,TOKA,TOKA-057,5/24/2016,45,234,,,,,NA,,,,,,,,,,,,,0
SMA-11-01,TOKA,TOKA-057,5/24/2016,46,234,,,,,NA,,,,,,,,,,,,,0
SMA-11-01,TOKA,TOKA-057,5/24/2016,47,234,,,,,NA,,,,,,,,,,,,,0
SMA-11-01,TOKA,TOKA-057,5/24/2016,48,234,,,,,NA,,,,,,,,,,,,,0
SMA-11-01,TOKA,TOKA-057,5/24/2016,49,234,,,,,NA,,,,,,,,,,,,,0
SMA-11-01,TOKA,TOKA-057,5/24/2016,50,234,,,,,NA,,,,,,,,,,,,,0
SMA-11-01,TOKA,TOKA-057,5/21/2018,1,54,,,,AVFA,74,BRDI2,BRDI3,L,,,,,,,,S,,0
SMA-11-01,TOKA,TOKA-057,5/21/2018,2,54,,,,LOPEM2,55,BRDI3,BRDI2,L,,,,,,,,S,,0
SMA-11-01,TOKA,TOKA-057,5/21/2018,3,54,,,,BRDI2,50,DAGL,L,,,,,,,,,S,,0
SMA-11-01,TOKA,TOKA-057,5/21/2018,4,54,,,,BRDI2,25,L,,,,,,,,,,S,,0
SMA-11-01,TOKA,TOKA-057,5/21/2018,5,54,,,,BRDI3,54,BRDI2,L,,,,,,,,,S,,0
SMA-11-01,TOKA,TOKA-057,5/21/2018,6,54,,,,BRDI3,40,BRDI2,L,,,,,,,,,S,,0
SMA-11-01,TOKA,TOKA-057,5/21/2018,7,54,,,,VUBR,40,VISA,2GA,,,,,,,,,S,2,0
SMA-11-01,TOKA,TOKA-057,5/21/2018,8,54,,,,BRDI3,54,BRHO2,LOPEM2,BRDI2,2GA,,,,,,,S,4,0
SMA-11-01,TOKA,TOKA-057,5/21/2018,9,54,,,,BRHO2,29,BRDI2,2GA,,,,,,,,,S,2,0
SMA-11-01,TOKA,TOKA-057,5/21/2018,10,54,,,,LOPEM2,51,BRHO2,VUBR,BRDI2,2GA,,,,,,,S,4,0
SMA-11-01,TOKA,TOKA-057,5/21/2018,11,54,,,,DAGL,57,BRDI2,2GA,,,,,,,,,S,2,0
SMA-11-01,TOKA,TOKA-057,5/21/2018,12,54,,,,AVFA,80,LOPEM2,BRDI2,2GA,,,,,,,,S,3,0
SMA-11-01,TOKA,TOKA-057,5/21/2018,13,54,,,,LOPEM2,51,2GA,,,,,,,,,,S,1,0
SMA-11-01,TOKA,TOKA-057,5/21/2018,14,54,,,,AVFA,75,LOPEM2,BRDI3,BRDI2,GEDI,2GA,,,,,,S,5,0
SMA-11-01,TOKA,TOKA-057,5/21/2018,15,54,,,,AVFA,75,BRDI2,GEDI,2GA,,,,,,,,S,3,0
SMA-11-01,TOKA,TOKA-057,5/21/2018,16,54,,,,DAGL,85,LOPEM2,BRDI2,L,,,,,,,,S,,0
SMA-11-01,TOKA,TOKA-057,5/21/2018,17,54,,,,AVFA,90,BRDI3,LOPEM2,BRDI2,2GA,,,,,,,S,4,0
SMA-11-01,TOKA,TOKA-057,5/21/2018,18,54,,,,AVFA,73,2GA,,,,,,,,,,S,1,0
SMA-11-01,TOKA,TOKA-057,5/21/2018,19,54,,,,AVFA,100,BRDI2,2GA,,,,,,,,,S,2,0
SMA-11-01,TOKA,TOKA-057,5/21/2018,20,54,,,,AVBA,97,VITE,BRDI2,2GA,,,,,,,,S,3,0
SMA-11-01,TOKA,TOKA-057,5/21/2018,21,54,,,,AVBA,35,BRDI2,2GA,,,,,,,,,S,2,0
SMA-11-01,TOKA,TOKA-057,5/21/2018,22,54,,,,AVFA,84,BRDI3,BRDI2,2GA,,,,,,,,S,3,0
SMA-11-01,TOKA,TOKA-057,5/21/2018,23,54,,,,BRDI3,65,LOPEM2,2GA,,,,,,,,,S,2,0
SMA-11-01,TOKA,TOKA-057,5/21/2018,24,54,,,,LOPEM2,52,BRDI3,BRDI2,2GA,,,,,,,,S,3,0
SMA-11-01,TOKA,TOKA-057,5/21/2018,25,54,,,,BRDI3,64,LOPEM2,BRDI2,2GA,,,,,,,,S,3,0
SMA-11-01,TOKA,TOKA-057,5/21/2018,26,54,,,,LOPEM2,65,BRDI3,CIVU,2GA,,,,,,,,S,3,0
SMA-11-01,TOKA,TOKA-057,5/21/2018,27,54,,,,BRDI3,63,LOPEM2,CAPY2,2GA,,,,,,,,S,3,0
SMA-11-01,TOKA,TOKA-057,5/21/2018,28,54,,,,PHAQ,86,PHAQ,,,,,,,,,,S,1,0
SMA-11-01,TOKA,TOKA-057,5/21/2018,29,54,,,,LOPEM2,50,BRDI3,2GA,,,,,,,,,S,2,0
SMA-11-01,TOKA,TOKA-057,5/21/2018,30,54,,,,BRDI3,56,LOPEM2,BRDI2,2GA,,,,,,,,S,3,0
SMA-11-01,TOKA,TOKA-057,5/21/2018,31,54,,,,CAPY2,66,L,,,,,,,,,,S,,0
SMA-11-01,TOKA,TOKA-057,5/21/2018,32,54,,,,BRDI3,57,BRDI2,LOPEM2,L,,,,,,,,S,,0
SMA-11-01,TOKA,TOKA-057,5/21/2018,33,54,,,,BRDI3,54,LOPEM2,BRDI2,2GA,,,,,,,,S,3,0
SMA-11-01,TOKA,TOKA-057,5/21/2018,34,54,,,,CAPY2,59,BRDI2,L,,,,,,,,,S,,0
SMA-11-01,TOKA,TOKA-057,5/21/2018,35,54,,,,CAPY2,15,BRDI3,BRDI2,2GA,,,,,,,,S,3,0
SMA-11-01,TOKA,TOKA-057,5/21/2018,36,54,,,,LOPEM2,55,BRDI2,AVFA,L,,,,,,,,S,,0
SMA-11-01,TOKA,TOKA-057,5/21/2018,37,54,,,,AVFA,66,BRDI2,LOPEM2,L,,,,,,,,S,,0
SMA-11-01,TOKA,TOKA-057,5/21/2018,38,54,,,,AVFA,95,BRDI2,LIBI5,L,,,,,,,,S,,0
SMA-11-01,TOKA,TOKA-057,5/21/2018,39,54,,,,BRDI3,56,PIEC,L,,,,,,,,,S,,0
SMA-11-01,TOKA,TOKA-057,5/21/2018,40,54,,,,BRDI3,42,BRDI2,L,,,,,,,,,S,,0
SMA-11-01,TOKA,TOKA-057,5/21/2018,41,54,,,,BRDI2,17,HYRA3,L,,,,,,,,,S,,0
SMA-11-01,TOKA,TOKA-057,5/21/2018,42,54,,,,BRDI2,45,2GA,,,,,,,,,,S,1,0
SMA-11-01,TOKA,TOKA-057,5/21/2018,43,54,,,,AVFA,76,LOPEM2,BRDI2,L,,,,,,,,S,,0
SMA-11-01,TOKA,TOKA-057,5/21/2018,44,54,,,,LOPEM2,60,BRDI2,L,,,,,,,,,S,,0
SMA-11-01,TOKA,TOKA-057,5/21/2018,45,54,,,,LOPEM2,79,AVFA,BRDI2,L,,,,,,,,S,,0
SMA-11-01,TOKA,TOKA-057,5/21/2018,46,54,,,,BRDI3,50,BRDI2,AVFA,CAPY2,L,,,,,,,S,,0
SMA-11-01,TOKA,TOKA-057,5/21/2018,47,54,,,,BRDI3,38,BRDI2,2GA,,,,,,,,,S,2,0
SMA-11-01,TOKA,TOKA-057,5/21/2018,48,54,,,,AVFA,73,BRDI2,L,,,,,,,,,S,,0
SMA-11-01,TOKA,TOKA-057,5/21/2018,49,54,,,,LOPEM2,50,BRDI2,AVFA,L,,,,,,,,S,,0
SMA-11-01,TOKA,TOKA-057,5/21/2018,50,54,,,,AVFA,103,LOPEM2,BRDI2,L,,,,,,,,S,,0
SMA-11-01,TOKA,TOKA-057,5/21/2018,1,234,,,,AVBA,106,BRDI3,BRDI2,GEDI,2GA,,,,,,,S,4,0
SMA-11-01,TOKA,TOKA-057,5/21/2018,2,234,,,,AVBA,107,VITE,BRDI2,BRHO2,L,,,,,,,S,,0
SMA-11-01,TOKA,TOKA-057,5/21/2018,3,234,,,,AVBA,138,BRDI2,BRDI3,2GA,,,,,,,,S,3,0
SMA-11-01,TOKA,TOKA-057,5/21/2018,4,234,,,,AVBA,114,BRDI3,VITE,BRDI2,2GA,,,,,,,S,4,0
SMA-11-01,TOKA,TOKA-057,5/21/2018,5,234,,,,AVBA,140,BRDI2,2GA,,,,,,,,,S,2,0
SMA-11-01,TOKA,TOKA-057,5/21/2018,6,234,,,,AVBA,103,LOPEM2,AVFA,BRDI2,2GA,,,,,,,S,4,0
SMA-11-01,TOKA,TOKA-057,5/21/2018,7,234,,,,AVBA,129,BRDI3,AVFA,BRDI2,2GA,,,,,,,S,4,0
SMA-11-01,TOKA,TOKA-057,5/21/2018,8,234,,,,AVBA,122,AVFA,BRDI2,2GA,,,,,,,,S,3,0
SMA-11-01,TOKA,TOKA-057,5/21/2018,9,234,,,,AVBA,94,BRDI3,BRDI2,2GA,,,,,,,,S,,0
SMA-11-01,TOKA,TOKA-057,5/21/2018,10,234,,,,AVBA,58,LOPEM2,BRDI3,LIBI5,2GA,,,,,,,S,,0
SMA-11-01,TOKA,TOKA-057,5/21/2018,11,234,,,,AVBA,129,PHAQ,BRDI2,SIBE,BRDI3,2GA,,,,,,S,5,0
SMA-11-01,TOKA,TOKA-057,5/21/2018,12,234,,,,BRDI3,64,BRDI2,DAGL,2GA,,,,,,,,S,,0
SMA-11-01,TOKA,TOKA-057,5/21/2018,13,234,,,,AVBA,79,PHAQ,LOPEM2,BRDI2,LIBI5,2GA,,,,,,S,5,0
SMA-11-01,TOKA,TOKA-057,5/21/2018,14,234,,,,AVBA,47,LOPEM2,LIBI5,BRDI2,2GA,,,,,,,S,4,0
SMA-11-01,TOKA,TOKA-057,5/21/2018,15,234,,,,AVBA,92,BRDI3,BRDI2,2GA,,,,,,,,S,3,0
SMA-11-01,TOKA,TOKA-057,5/21/2018,16,234,,,,BRDI3,60,AVFA,LOPEM2,BRDI2,BRDI3,2GA,,,,,,S,5,0
SMA-11-01,TOKA,TOKA-057,5/21/2018,17,234,,,,LIBI5,85,BRHO2,BRDI2,BRDI3,AVBA,2GA,,,,,,S,5,0
SMA-11-01,TOKA,TOKA-057,5/21/2018,18,234,,,,PIEC,70,LIBI5,LOPEM2,BRDI2,2GA,,,,,,,S,4,1
SMA-11-01,TOKA,TOKA-057,5/21/2018,19,234,,,,PHAQ,64,BRDI2,LOPEM2,2GA,,,,,,,,S,3,0
SMA-11-01,TOKA,TOKA-057,5/21/2018,20,234,,,,PHAQ,74,BRHO2,LIBI5,BRDI2,2GA,,,,,,,S,4,0
SMA-11-01,TOKA,TOKA-057,5/21/2018,21,234,,,,PHAQ,71,BRDI2,2GA,,,,,,,,,S,2,0
SMA-11-01,TOKA,TOKA-057,5/21/2018,22,234,,,,PHAQ,44,BRDI2,PHAQ,,,,,,,,,S,2,0
SMA-11-01,TOKA,TOKA-057,5/21/2018,23,234,,,,BRHO2,52,LIBI5,BRDI2,2GA,,,,,,,,S,3,0
SMA-11-01,TOKA,TOKA-057,5/21/2018,24,234,,,,PHAQ,60,GEDI,BRDI2,BRHO2,2GA,,,,,,,S,4,0
SMA-11-01,TOKA,TOKA-057,5/21/2018,25,234,,,,BRDI2,36,LIBI5,2GA,,,,,,,,,S,2,0
SMA-11-01,TOKA,TOKA-057,5/21/2018,26,234,,,,PHAQ,52,BRDI2,GEDI,2GA,,,,,,,,S,3,0
SMA-11-01,TOKA,TOKA-057,5/21/2018,27,234,,,,PHAQ,40,LOCO6,BRDI2,L,,,,,,,,S,,0
SMA-11-01,TOKA,TOKA-057,5/21/2018,28,234,,,,PHAQ,55,BRDI2,GEDI,2GA,,,,,,,,S,3,0
SMA-11-01,TOKA,TOKA-057,5/21/2018,29,234,,,,PHAQ,61,PHAQ,,,,,,,,,,S,1,0
SMA-11-01,TOKA,TOKA-057,5/21/2018,30,234,,,,LIBI5,60,BRDI2,LOCO6,2GA,,,,,,,,S,3,0
SMA-11-01,TOKA,TOKA-057,5/21/2018,31,234,,,,PHAQ,60,GEDI,BRDI2,2GA,,,,,,,,S,3,0
SMA-11-01,TOKA,TOKA-057,5/21/2018,32,234,,,,BRDI2,25,2GA,,,,,,,,,,S,1,0
SMA-11-01,TOKA,TOKA-057,5/21/2018,33,234,,,,PHAQ,50,BRDI2,2GA,,,,,,,,,S,2,0
SMA-11-01,TOKA,TOKA-057,5/21/2018,34,234,,,,BRDI2,34,BRHO2,SOAS,BRMI2,L,,,,,,,S,,0
SMA-11-01,TOKA,TOKA-057,5/21/2018,35,234,,,,BRDI2,40,PHAQ,LOCO6,2GA,,,,,,,,S,3,0
SMA-11-01,TOKA,TOKA-057,5/21/2018,36,234,,,,LOCO6,2,,,,,,,,,,,S,,0
SMA-11-01,TOKA,TOKA-057,5/21/2018,37,234,,,,2GA,3,,,,,,,,,,,S,,1
SMA-11-01,TOKA,TOKA-057,5/21/2018,38,234,,,,PHAQ,41,L,,,,,,,,,,S,,1
SMA-11-01,TOKA,TOKA-057,5/21/2018,39,234,BAPI,,,PTAQ,72,PHAQ,PHAQ,,,,,,,,,S,,0
SMA-11-01,TOKA,TOKA-057,5/21/2018,40,234,BAPI,TODI,RUUR,NOPLANT,NA,L,,,,,,,,,,S,,0
SMA-11-01,TOKA,TOKA-057,5/21/2018,41,234,,,,,NA,,,,,,,,,,,,,0
SMA-11-01,TOKA,TOKA-057,5/21/2018,42,234,,,,,NA,,,,,,,,,,,,,0
SMA-11-01,TOKA,TOKA-057,5/21/2018,43,234,,,,,NA,,,,,,,,,,,,,0
SMA-11-01,TOKA,TOKA-057,5/21/2018,44,234,,,,,NA,,,,,,,,,,,,,0
SMA-11-01,TOKA,TOKA-057,5/21/2018,45,234,,,,,NA,,,,,,,,,,,,,0
SMA-11-01,TOKA,TOKA-057,5/21/2018,46,234,,,,,NA,,,,,,,,,,,,,0
SMA-11-01,TOKA,TOKA-057,5/21/2018,47,234,,,,,NA,,,,,,,,,,,,,0
SMA-11-01,TOKA,TOKA-057,5/21/2018,48,234,,,,,NA,,,,,,,,,,,,,0
SMA-11-01,TOKA,TOKA-057,5/21/2018,49,234,,,,,NA,,,,,,,,,,,,,0
SMA-11-01,TOKA,TOKA-057,5/21/2018,50,234,,,,,NA,,,,,,,,,,,,,0
SMA-11-01,TOKA,TOKA-057,6/25/2021,1,54,,,,LOPEM2,30,CAPY2,BRDI2,L,,,,,,,,S,,0
SMA-11-01,TOKA,TOKA-057,6/25/2021,2,54,,,,AVENA,64,BRDI3,L,,,,,,,,,S,,0
SMA-11-01,TOKA,TOKA-057,6/25/2021,3,54,,,,AVENA,54,2GA,,,,,,,,,,S,1,0
SMA-11-01,TOKA,TOKA-057,6/25/2021,4,54,,,,AVENA,72,LOPEM2,CAPY2,2GA,,,,,,,,S,3,0
SMA-11-01,TOKA,TOKA-057,6/25/2021,5,54,,,,NOPLANT,NA,L,,,,,,,,,,S,,0
SMA-11-01,TOKA,TOKA-057,6/25/2021,6,54,,,,AVENA,22,BRDI3,CAPY2,LOPEM2,L,,,,,,,S,,0
SMA-11-01,TOKA,TOKA-057,6/25/2021,7,54,,,,AVENA,41,LOPEM2,BRDI2,2GA,,,,,,,,S,3,0
SMA-11-01,TOKA,TOKA-057,6/25/2021,8,54,BAPI,,,LOPEM2,20,2GA,L,,,,,,,,,S,1,0
SMA-11-01,TOKA,TOKA-057,6/25/2021,9,54,,,,AVENA,44,VUBR,BRDI2,2GA,,,,,,,,S,3,0
SMA-11-01,TOKA,TOKA-057,6/25/2021,10,54,,,,AVENA,20,2GA,,,,,,,,,,S,1,0
SMA-11-01,TOKA,TOKA-057,6/25/2021,11,54,,,,DAGL,36,DAGL,,,,,,,,,,S,1,0
SMA-11-01,TOKA,TOKA-057,6/25/2021,12,54,,,,AVENA,46,LOPEM2,2GA,,,,,,,,,S,2,0
SMA-11-01,TOKA,TOKA-057,6/25/2021,13,54,,,,AVENA,64,LOPEM2,L,,,,,,,,,S,,0
SMA-11-01,TOKA,TOKA-057,6/25/2021,14,54,,,,BRDI3,9,LOPEM2,AVENA,2GA,,,,,,,,S,3,0
SMA-11-01,TOKA,TOKA-057,6/25/2021,15,54,,,,AVENA,25,BRHO2,2GA,,,,,,,,,S,2,0
SMA-11-01,TOKA,TOKA-057,6/25/2021,16,54,,,,NOPLANT,NA,L,,,,,,,,,,S,,0
SMA-11-01,TOKA,TOKA-057,6/25/2021,17,54,,,,BRHO2,23,AVENA,L,,,,,,,,,S,,0
SMA-11-01,TOKA,TOKA-057,6/25/2021,18,54,,,,AVENA,33,L,,,,,,,,,,S,,0
SMA-11-01,TOKA,TOKA-057,6/25/2021,19,54,,,,BRDI3,17,2GA,,,,,,,,,,S,1,0
SMA-11-01,TOKA,TOKA-057,6/25/2021,20,54,,,,DAGL,70,AVENA,L,,,,,,,,,S,,0
SMA-11-01,TOKA,TOKA-057,6/25/2021,21,54,,,,AVENA,62,LOPEM2,2GA,2GA,,,,,,,,S,3,0
SMA-11-01,TOKA,TOKA-057,6/25/2021,22,54,,,,AVENA,58,LOPEM2,DAGL,,,,,,,,,S,,0
SMA-11-01,TOKA,TOKA-057,6/25/2021,23,54,,,,AVENA,56,LOPEM2,VUBR,2GA,,,,,,,,S,3,0
SMA-11-01,TOKA,TOKA-057,6/25/2021,24,54,,,,DAGL,54,LOPEM2,L,,,,,,,,,S,,0
SMA-11-01,TOKA,TOKA-057,6/25/2021,25,54,,,,LOPEM2,17,BRDI2,2GA,,,,,,,,,S,2,0
SMA-11-01,TOKA,TOKA-057,6/25/2021,26,54,,,,LOPEM2,17,2GA,2GA,,,,,,,,,S,2,0
SMA-11-01,TOKA,TOKA-057,6/25/2021,27,54,,,,DAGL,24,LOCO6,BRDI2,L,,,,,,,,S,,0
SMA-11-01,TOKA,TOKA-057,6/25/2021,28,54,,,,LOPEM2,16,BRDI2,2GA,,,,,,,,,S,2,0
SMA-11-01,TOKA,TOKA-057,6/25/2021,29,54,,,,2GA,5,L,,,,,,,,,,S,,1
SMA-11-01,TOKA,TOKA-057,6/25/2021,30,54,,,,LOPEM2,17,2GA,,,,,,,,,,S,1,0
SMA-11-01,TOKA,TOKA-057,6/25/2021,31,54,,,,LOPEM2,13,BRDI2,,,,,,,,,,AM,,0
SMA-11-01,TOKA,TOKA-057,6/25/2021,32,54,,,,LOPEM2,29,RUMEX,AVENA,L,,,,,,,,S,,0
SMA-11-01,TOKA,TOKA-057,6/25/2021,33,54,,,,LOPEM2,34,AVENA,BRDI2,L,,,,,,,,S,,0
SMA-11-01,TOKA,TOKA-057,6/25/2021,34,54,,,,DAGL,33,BRDI3,BRHO2,2GA,,,,,,,,S,3,0
SMA-11-01,TOKA,TOKA-057,6/25/2021,35,54,,,,AVENA,25,BRDI2,L,,,,,,,,,S,,0
SMA-11-01,TOKA,TOKA-057,6/25/2021,36,54,,,,BRDI2,7,L,,,,,,,,,,S,,0
SMA-11-01,TOKA,TOKA-057,6/25/2021,37,54,BAPI,,,BRDI3,15,VUBR,BRHO2,CAPY2,L,,,,,,,S,,0
SMA-11-01,TOKA,TOKA-057,6/25/2021,38,54,BAPI,,,NOPLANT,NA,L,,,,,,,,,,S,,0
SMA-11-01,TOKA,TOKA-057,6/25/2021,39,54,RUUR,,,DAGL,48,L,,,,,,,,,,S,,0
SMA-11-01,TOKA,TOKA-057,6/25/2021,40,54,,,,PLLA,4,2GA,L,,,,,,,,,S,,0
SMA-11-01,TOKA,TOKA-057,6/25/2021,41,54,,,,PLLA,6,L,,,,,,,,,,S,,0
SMA-11-01,TOKA,TOKA-057,6/25/2021,42,54,,,,LIBI5,20,PLLA,L,,,,,,,,,S,,0
SMA-11-01,TOKA,TOKA-057,6/25/2021,43,54,,,,SIBE,6,PLLA,L,,,,,,,,,S,,0
SMA-11-01,TOKA,TOKA-057,6/25/2021,44,54,BAPI,,,DAGL,60,RUUR,BRDI2,L,,,,,,,,S,,0
SMA-11-01,TOKA,TOKA-057,6/25/2021,45,54,BAPI,RUUR,,NOPLANT,NA,L,,,,,,,,,,S,,0
SMA-11-01,TOKA,TOKA-057,6/25/2021,46,54,BAPI,RUUR,,AVENA,3,L,,,,,,,,,,S,,0
SMA-11-01,TOKA,TOKA-057,6/25/2021,47,54,BAPI,RUUR,,BRDI2,9,2GA,,,,,,,,,,S,1,0
SMA-11-01,TOKA,TOKA-057,6/25/2021,48,54,,,,AVENA,34,VUBR,,,,,,,,,,S,,0
SMA-11-01,TOKA,TOKA-057,6/25/2021,49,54,,,,AVENA,28,2GA,,,,,,,,,,S,1,0
SMA-11-01,TOKA,TOKA-057,6/25/2021,50,54,,,,AVENA,23,BRDI2,,,,,,,,,,S,,0
SMA-11-01,TOKA,TOKA-057,6/25/2021,1,234,,,,AVENA,54,L,,,,,,,,,,S,,0
SMA-11-01,TOKA,TOKA-057,6/25/2021,2,234,,,,AVENA,46,LOPEM2,GEDI,L,,,,,,,,S,,0
SMA-11-01,TOKA,TOKA-057,6/25/2021,3,234,,,,AVENA,63,BRDI3,LOPEM2,L,,,,,,,,S,,0
SMA-11-01,TOKA,TOKA-057,6/25/2021,4,234,,,,DAGL,73,AVENA,BRDI2,2GA,,,,,,,,S,3,0
SMA-11-01,TOKA,TOKA-057,6/25/2021,5,234,,,,AVENA,60,2GA,,,,,,,,,,S,1,0
SMA-11-01,TOKA,TOKA-057,6/25/2021,6,234,,,,AVENA,40,LOPEM2,BRDI3,DAGL,BRDI2,L,,,,,,S,,0
SMA-11-01,TOKA,TOKA-057,6/25/2021,7,234,,,,DAGL,26,BRDI3,BRHO2,CAPY2,2GA,,,,,,,S,4,0
SMA-11-01,TOKA,TOKA-057,6/25/2021,8,234,,,,AVENA,17,VUBR,BRDI2,L,,,,,,,,S,,0
SMA-11-01,TOKA,TOKA-057,6/25/2021,9,234,,,,DAGL,47,AVENA,LOPEM2,DAGL,,,,,,,,S,3,0
SMA-11-01,TOKA,TOKA-057,6/25/2021,10,234,,,,AVENA,91,BRDI2,2GA,,,,,,,,,S,2,0
SMA-11-01,TOKA,TOKA-057,6/25/2021,11,234,,,,AVENA,90,DAGL,DAGL,BRDI2,,,,,,,,S,1,0
SMA-11-01,TOKA,TOKA-057,6/25/2021,12,234,,,,DAGL,62,BRDI2,L,,,,,,,,,S,,0
SMA-11-01,TOKA,TOKA-057,6/25/2021,13,234,,,,DAGL,80,VISA,2GA,,,,,,,,,S,2,0
SMA-11-01,TOKA,TOKA-057,6/25/2021,14,234,,,,2GA,2,,,,,,,,,,,S,,1
SMA-11-01,TOKA,TOKA-057,6/25/2021,15,234,,,,NOPLANT,NA,L,,,,,,,,,,S,,0
SMA-11-01,TOKA,TOKA-057,6/25/2021,16,234,,,,AVENA,57,DAGL,L,,,,,,,,,S,,0
SMA-11-01,TOKA,TOKA-057,6/25/2021,17,234,,,,PHAQ,64,BRDI3,BRDI2,PIEC,L,,,,,,,S,,0
SMA-11-01,TOKA,TOKA-057,6/25/2021,18,234,,,,AVENA,36,BRDI2,L,,,,,,,,,S,,0
SMA-11-01,TOKA,TOKA-057,6/25/2021,19,234,,,,BRDI2,16,L,,,,,,,,,,S,,0
SMA-11-01,TOKA,TOKA-057,6/25/2021,20,234,,,,PHAQ,69,BRHO2,L,,,,,,,,,S,,0
SMA-11-01,TOKA,TOKA-057,6/25/2021,21,234,,,,BRHO2,35,BRDI2,PHAQ,PHAQ,,,,,,,,S,3,0
SMA-11-01,TOKA,TOKA-057,6/25/2021,22,234,,,,LIBI5,27,BRHO2,BRDI2,2GA,,,,,,,,S,3,0
SMA-11-01,TOKA,TOKA-057,6/25/2021,23,234,,,,PHAQ,22,2GA,2GA,,,,,,,,,S,2,0
SMA-11-01,TOKA,TOKA-057,6/25/2021,24,234,,,,PHAQ,82,PHAQ,L,,,,,,,,,S,1,0
SMA-11-01,TOKA,TOKA-057,6/25/2021,25,234,,,,PHAQ,65,BRDI2,PHAQ,,,,,,,,,S,2,0
SMA-11-01,TOKA,TOKA-057,6/25/2021,26,234,BAPI,,,PHAQ,28,BRDI2,GEDI,L,,,,,,,,S,,0
SMA-11-01,TOKA,TOKA-057,6/25/2021,27,234,BAPI,,,PHAQ,27,BRDI2,L,,,,,,,,,S,,0
SMA-11-01,TOKA,TOKA-057,6/25/2021,28,234,,,,PHAQ,100,CIVU,L,,,,,,,,,S,,1
SMA-11-01,TOKA,TOKA-057,6/25/2021,29,234,,,,PHAQ,99,BRDI2,2GA,,,,,,,,,S,2,0
SMA-11-01,TOKA,TOKA-057,6/25/2021,30,234,,,,PHAQ,71,2GA,2GA,PHAQ,,,,,,,,S,"2,3",0
SMA-11-01,TOKA,TOKA-057,6/25/2021,31,234,,,,PHAQ,35,VIVI,PHAQ,,,,,,,,,S,2,0
SMA-11-01,TOKA,TOKA-057,6/25/2021,32,234,,,,BRDI2,20,GEDI,PHAQ,2GA,,,,,,,,S,"2,3",0
SMA-11-01,TOKA,TOKA-057,6/25/2021,33,234,,,,PHAQ,49,BRDI2,2GA,,,,,,,,,S,2,0
SMA-11-01,TOKA,TOKA-057,6/25/2021,34,234,,,,PHAQ,57,BRDI2,LIBI5,GEDI,PHAQ,,,,,,,S,4,0
SMA-11-01,TOKA,TOKA-057,6/25/2021,35,234,,,,PHAQ,24,SIBE,VIVI,PHAQ,,,,,,,,S,3,0
SMA-11-01,TOKA,TOKA-057,6/25/2021,36,234,,,,BRDI2,20,SIBE,PHAQ,L,,,,,,,,S,2,0
SMA-11-01,TOKA,TOKA-057,6/25/2021,37,234,,,,PHAQ,30,LIBI5,BRDI2,2GA,,,,,,,,S,3,0
SMA-11-01,TOKA,TOKA-057,6/25/2021,38,234,,,,PHAQ,16,PHAQ,BRDI2,,,,,,,,,S,,1
SMA-11-01,TOKA,TOKA-057,6/25/2021,39,234,,,,NOPLANT,NA,L,,,,,,,,,,S,,0
SMA-11-01,TOKA,TOKA-057,6/25/2021,40,234,,,,PHAQ,22,PHAQ,,,,,,,,,,S,1,0
SMA-11-01,TOKA,TOKA-057,6/25/2021,41,234,,,,,NA,,,,,,,,,,,,,0
SMA-11-01,TOKA,TOKA-057,6/25/2021,42,234,,,,,NA,,,,,,,,,,,,,0
SMA-11-01,TOKA,TOKA-057,6/25/2021,43,234,,,,,NA,,,,,,,,,,,,,0
SMA-11-01,TOKA,TOKA-057,6/25/2021,44,234,,,,,NA,,,,,,,,,,,,,0
SMA-11-01,TOKA,TOKA-057,6/25/2021,45,234,,,,,NA,,,,,,,,,,,,,0
SMA-11-01,TOKA,TOKA-057,6/25/2021,46,234,,,,,NA,,,,,,,,,,,,,0
SMA-11-01,TOKA,TOKA-057,6/25/2021,47,234,,,,,NA,,,,,,,,,,,,,0
SMA-11-01,TOKA,TOKA-057,6/25/2021,48,234,,,,,NA,,,,,,,,,,,,,0
SMA-11-01,TOKA,TOKA-057,6/25/2021,49,234,,,,,NA,,,,,,,,,,,,,0
SMA-11-01,TOKA,TOKA-057,6/25/2021,50,234,,,,,NA,,,,,,,,,,,,,0
SMA-11-01,TOKA,TOKA-057,5/31/2024,1,54,,,,BRDI2,4,L,,,,,,,,,,S,,0
SMA-11-01,TOKA,TOKA-057,5/31/2024,2,54,,,,LOPEM2,14,BRDI2,,,,,,,,,,S,,0
SMA-11-01,TOKA,TOKA-057,5/31/2024,3,54,,,,BRDI2,12,BRHO2,,,,,,,,,,AM,,0
SMA-11-01,TOKA,TOKA-057,5/31/2024,4,54,,,,VUBR,14,BRDI2,LOPEM2,2GA,L,,,,,,,S,3,0
SMA-11-01,TOKA,TOKA-057,5/31/2024,5,54,,,,LOPEM2,20,BRDI2,TRDU2,2GA,L,,,,,,,S,3,0
SMA-11-01,TOKA,TOKA-057,5/31/2024,6,54,,,,LOPEM2,20,BRDI2,VISA,2GA,L,,,,,,,S,3,0
SMA-11-01,TOKA,TOKA-057,5/31/2024,7,54,BAPI,,,CIVU,4,VUBR,2GA,L,,,,,,,,S,2,0
SMA-11-01,TOKA,TOKA-057,5/31/2024,8,54,BAPI,,,LOPEM2,15,WL,,,,,,,,,,S,,0
SMA-11-01,TOKA,TOKA-057,5/31/2024,9,54,BAPI,,,LOPEM2,18,BRDI2,MASA,L,,,,,,,,S,,0
SMA-11-01,TOKA,TOKA-057,5/31/2024,10,54,,,,BRDI2,14,DAGL,VUBR,DAGL,,,,,,,,S,3,0
SMA-11-01,TOKA,TOKA-057,5/31/2024,11,54,,,,DAGL,20,LOPEM2,BRDI2,DAGL,L,,,,,,,S,,0
SMA-11-01,TOKA,TOKA-057,5/31/2024,12,54,,,,LOPEM2,21,DAGL,BRDI2,BRHO2,MASA,L,,,,,,S,,0
SMA-11-01,TOKA,TOKA-057,5/31/2024,13,54,,,,BRDI2,4,MASA,L,,,,,,,,,S,,0
SMA-11-01,TOKA,TOKA-057,5/31/2024,14,54,,,,DAGL,20,LOPEM2,L,,,,,,,,,S,,0
SMA-11-01,TOKA,TOKA-057,5/31/2024,15,54,,,,DAGL,25,L,,,,,,,,,,S,,0
SMA-11-01,TOKA,TOKA-057,5/31/2024,16,54,,,,LOPEM2,12,VISA,PIEC,BRDI2,,,,,,,,S,,0
SMA-11-01,TOKA,TOKA-057,5/31/2024,17,54,,,,LOPEM2,20,BRDI2,GEDI,LOPEM2,,,,,,,,S,3,0
SMA-11-01,TOKA,TOKA-057,5/31/2024,18,54,,,,LOPEM2,48,BRDI2,AVBA,GEDI,L,,,,,,,S,,0
SMA-11-01,TOKA,TOKA-057,5/31/2024,19,54,,,,LOPEM2,19,MASA,AVBA,L,,,,,,,,S,,0
SMA-11-01,TOKA,TOKA-057,5/31/2024,20,54,,,,BRDI3,44,LOCO6,LOPEM2,BRDI2,MASA,L,,,,,,S,,0
SMA-11-01,TOKA,TOKA-057,5/31/2024,21,54,,,,BRDI2,25,LOPEM2,VISA,LOCO6,BRDI3,L,,,,,,S,,0
SMA-11-01,TOKA,TOKA-057,5/31/2024,22,54,,,,LOPEM2,20,AVBA,2GA,L,,,,,,,,S,2,0
SMA-11-01,TOKA,TOKA-057,5/31/2024,23,54,,,,PHAQ,41,LOPEM2,TRAN6,TRDU2,L,,,,,,,S,,0
SMA-11-01,TOKA,TOKA-057,5/31/2024,24,54,,,,PHAQ,15,BRDI2,LOCO6,L,,,,,,,,S,,0
SMA-11-01,TOKA,TOKA-057,5/31/2024,25,54,,,,LOPEM2,34,BRDI2,LOCO6,L,,,,,,,,S,,0
SMA-11-01,TOKA,TOKA-057,5/31/2024,26,54,,,,LOPEM2,44,TRAN6,LOCO6,BRDI2,L,,,,,,,S,,0
SMA-11-01,TOKA,TOKA-057,5/31/2024,27,54,,,,LOPEM2,20,LOCO6,BRDI2,TRAN6,L,,,,,,,S,,0
SMA-11-01,TOKA,TOKA-057,5/31/2024,28,54,,,,LOPEM2,25,LIBI5,BRHO2,L,,,,,,,,S,,0
SMA-11-01,TOKA,TOKA-057,5/31/2024,29,54,,,,LOPEM2,16,BRHO2,BRDI2,L,,,,,,,,S,,0
SMA-11-01,TOKA,TOKA-057,5/31/2024,30,54,,,,VUBR,20,LOPEM2,BRDI3,L,,,,,,,,S,,0
SMA-11-01,TOKA,TOKA-057,5/31/2024,31,54,,,,CIVU,21,BAPI,VUBR,BRHO2,L,,,,,,,S,,0
SMA-11-01,TOKA,TOKA-057,5/31/2024,32,54,BAPI,,,VUBR,42,BRDI2,L,,,,,,,,,S,,0
SMA-11-01,TOKA,TOKA-057,5/31/2024,33,54,BAPI,,,DAGL,14,L,,,,,,,,,,S,,0
SMA-11-01,TOKA,TOKA-057,5/31/2024,34,54,,,,BRDI2,12,DAGL,L,,,,,,,,,S,,0
SMA-11-01,TOKA,TOKA-057,5/31/2024,35,54,,,,GEDI,35,MASA,DAGL,HYPOC,,,,,,,,S,,0
SMA-11-01,TOKA,TOKA-057,5/31/2024,36,54,,,,CAPY2,75,RUUR,VUBR,L,,,,,,,,S,,0
SMA-11-01,TOKA,TOKA-057,5/31/2024,37,54,,,,LOPEM2,53,MASA,GEDI,L,,,,,,,,S,,0
SMA-11-01,TOKA,TOKA-057,5/31/2024,38,54,,,,LOPEM2,54,BRDI2,VUBR,CAPY2,VISA,L,,,,,,S,,0
SMA-11-01,TOKA,TOKA-057,5/31/2024,39,54,,,,BRDI2,28,HYRA3,2GA,,,,,,,,,S,2,0
SMA-11-01,TOKA,TOKA-057,5/31/2024,40,54,,,,BRDI2,23,PLLA,GEDI,2GA,,,,,,,,S,,0
SMA-11-01,TOKA,TOKA-057,5/31/2024,41,54,,,,BRDI2,4,L,,,,,,,,,,S,,0
SMA-11-01,TOKA,TOKA-057,5/31/2024,42,54,,,,PLLA,22,DAGL,HYRA3,L,,,,,,,,S,,0
SMA-11-01,TOKA,TOKA-057,5/31/2024,43,54,RUUR,,,BRDI2,16,BRDI3,L,,,,,,,,,S,,0
SMA-11-01,TOKA,TOKA-057,5/31/2024,44,54,,,,CAPY2,90,SOAS,LOPEM2,L,,,,,,,,S,,0
SMA-11-01,TOKA,TOKA-057,5/31/2024,45,54,,,,CAPY2,80,BRDI2,RUUR,GEDI,L,,,,,,,S,,0
SMA-11-01,TOKA,TOKA-057,5/31/2024,46,54,,,,CAPY2,100,RUUR,LOPEM2,VUBR,L,,,,,,,S,,0
SMA-11-01,TOKA,TOKA-057,5/31/2024,47,54,,,,CAPY2,95,BRHO2,VUBR,LOPEM2,MASA,L,,,,,,S,,0
SMA-11-01,TOKA,TOKA-057,5/31/2024,48,54,,,,CAPY2,25,RUUR,BRDI2,L,,,,,,,,S,,0
SMA-11-01,TOKA,TOKA-057,5/31/2024,49,54,,,,HYRA3,15,BRDI2,LIBI5,L,,,,,,,,S,,0
SMA-11-01,TOKA,TOKA-057,5/31/2024,50,54,,,,PHAQ,45,AVBA,BRDI2,L,,,,,,,,S,,0
SMA-11-01,TOKA,TOKA-057,5/31/2024,1,234,,,,LOPEM2,11,BRDI2,L,,,,,,,,,S,,0
SMA-11-01,TOKA,TOKA-057,5/31/2024,2,234,,,,BRDI2,9,AVBA,VUBR,L,,,,,,,,S,,0
SMA-11-01,TOKA,TOKA-057,5/31/2024,3,234,,,,LOPEM2,38,VUBR,AVBA,L,,,,,,,,S,,0
SMA-11-01,TOKA,TOKA-057,5/31/2024,4,234,,,,BRDI2,27,LOPEM2,PHAQ,2GA,,,,,,,,S,3,0
SMA-11-01,TOKA,TOKA-057,5/31/2024,5,234,,,,PHAQ,35,LOPEM2,L,,,,,,,,,S,,0
SMA-11-01,TOKA,TOKA-057,5/31/2024,6,234,,,,VISA,4,GEDI,VITE,BRDI2,L,,,,,,,S,,0
SMA-11-01,TOKA,TOKA-057,5/31/2024,7,234,,,,LOPEM2,11,PHAQ,BRDI2,L,,,,,,,,S,,0
SMA-11-01,TOKA,TOKA-057,5/31/2024,8,234,,,,BRDI2,40,PHAQ,GEDI,L,,,,,,,,S,,0
SMA-11-01,TOKA,TOKA-057,5/31/2024,9,234,,,,LIBI5,20,PHAQ,LOPEM2,L,,,,,,,,S,,0
SMA-11-01,TOKA,TOKA-057,5/31/2024,10,234,,,,PHAQ,40,BRDI2,PHAQ,L,,,,,,,,S,2,0
SMA-11-01,TOKA,TOKA-057,5/31/2024,11,234,,,,BRHO2,25,LIBI5,MASA,VUBR,L,,,,,,,S,,0
SMA-11-01,TOKA,TOKA-057,5/31/2024,12,234,,,,LIBI5,20,PHAQ,L,,,,,,,,,S,,0
SMA-11-01,TOKA,TOKA-057,5/31/2024,13,234,,,,HYPOC,50,BRHO2,AVBA,TRIFO,L,,,,,,,S,,0
SMA-11-01,TOKA,TOKA-057,5/31/2024,14,234,,,,VUBR,40,BRDI2,LOCO6,L,,,,,,,,S,,0
SMA-11-01,TOKA,TOKA-057,5/31/2024,15,234,,,,PHAQ,7,LOCO6,2GA,,,,,,,,,S,,0
SMA-11-01,TOKA,TOKA-057,5/31/2024,16,234,,,,PHAQ,38,BRDI2,L,,,,,,,,,S,,0
SMA-11-01,TOKA,TOKA-057,5/31/2024,17,234,,,,AVBA,20,BRDI2,HYPOC,LOCO6,L,,,,,,,S,,0
SMA-11-01,TOKA,TOKA-057,5/31/2024,18,234,,,,BRDI2,12,GEDI,PHAQ,L,,,,,,,,S,,0
SMA-11-01,TOKA,TOKA-057,5/31/2024,19,234,,,,PHAQ,42,LOCO6,BRDI2,PHAQ,L,,,,,,,S,3,0
SMA-11-01,TOKA,TOKA-057,5/31/2024,20,234,,,,PHAQ,90,PHAQ,L,,,,,,,,,S,1,0
SMA-11-01,TOKA,TOKA-057,5/31/2024,21,234,,,,BRHO2,38,LIBI5,BRDI2,LOCO6,L,,,,,,,S,,0
SMA-11-01,TOKA,TOKA-057,5/31/2024,22,234,,,,VUBR,22,PHAQ,LOCO6,L,,,,,,,,S,,0
SMA-11-01,TOKA,TOKA-057,5/31/2024,23,234,,,,PHAQ,12,TRDU2,L,,,,,,,,,S,,0
SMA-11-01,TOKA,TOKA-057,5/31/2024,24,234,,,,PHAQ,35,BRDI2,L,,,,,,,,,S,,0
SMA-11-01,TOKA,TOKA-057,5/31/2024,25,234,,,,PHAQ,52,BRDI2,LOCO6,L,,,,,,,,S,,0
SMA-11-01,TOKA,TOKA-057,5/31/2024,26,234,,,,CIVU,28,LOCO6,L,,,,,,,,,S,,0
SMA-11-01,TOKA,TOKA-057,5/31/2024,27,234,BAPI,,,PHAQ,42,PHAQ,,,,,,,,,,S,1,0
SMA-11-01,TOKA,TOKA-057,5/31/2024,28,234,BAPI,,,BRDI2,44,CIVU,PHAQ,LOCO6,L,,,,,,,S,,0
SMA-11-01,TOKA,TOKA-057,5/31/2024,29,234,,,,PHAQ,25,BRDI2,L,,,,,,,,,S,,0
SMA-11-01,TOKA,TOKA-057,5/31/2024,30,234,,,,PHAQ,10,LOCO6,PHAQ,L,,,,,,,,S,2,0
SMA-11-01,TOKA,TOKA-057,5/31/2024,31,234,,,,PHAQ,42,TRAN6,LOCO6,PHAQ,,,,,,,,S,3,0
SMA-11-01,TOKA,TOKA-057,5/31/2024,32,234,,,,PHAQ,60,LOCO6,L,,,,,,,,,S,,0
SMA-11-01,TOKA,TOKA-057,5/31/2024,33,234,,,,LOCO6,30,PHAQ,VUBR,L,,,,,,,,S,,0
SMA-11-01,TOKA,TOKA-057,5/31/2024,34,234,,,,LOCO6,10,BRDI2,L,,,,,,,,,S,,0
SMA-11-01,TOKA,TOKA-057,5/31/2024,35,234,,,,PAVI3,20,LOCO6,BRDI2,L,,,,,,,,S,,0
SMA-11-01,TOKA,TOKA-057,5/31/2024,36,234,,,,LOCO6,4,2GA,,,,,,,,,,S,,0
SMA-11-01,TOKA,TOKA-057,5/31/2024,37,234,,,,PHAQ,4,ANAR,,,,,,,,,,S,,0
SMA-11-01,TOKA,TOKA-057,5/31/2024,38,234,,,,NOPLANT,NA,,,,,,,,,,,S,,0
SMA-11-01,TOKA,TOKA-057,5/31/2024,39,234,,,,LOCO6,2,L,,,,,,,,,,S,,0
SMA-11-01,TOKA,TOKA-057,5/31/2024,40,234,,,,NOPLANT,NA,,,,,,,,,,,AM,,0
SMA-11-01,TOKA,TOKA-057,5/31/2024,41,234,,,,VUBR,45,PHAQ,L,,,,,,,,,S,,0
SMA-11-01,TOKA,TOKA-057,5/31/2024,42,234,BAPI,RUUR,,PHAQ,45,TODI,L,,,,,,,,,S,,1
SMA-11-01,TOKA,TOKA-057,5/31/2024,43,234,,,,,NA,,,,,,,,,,,,,0
SMA-11-01,TOKA,TOKA-057,5/31/2024,44,234,,,,,NA,,,,,,,,,,,,,0
SMA-11-01,TOKA,TOKA-057,5/31/2024,45,234,,,,,NA,,,,,,,,,,,,,0
SMA-11-01,TOKA,TOKA-057,5/31/2024,46,234,,,,,NA,,,,,,,,,,,,,0
SMA-11-01,TOKA,TOKA-057,5/31/2024,47,234,,,,,NA,,,,,,,,,,,,,0
SMA-11-01,TOKA,TOKA-057,5/31/2024,48,234,,,,,NA,,,,,,,,,,,,,0
SMA-11-01,TOKA,TOKA-057,5/31/2024,49,234,,,,,NA,,,,,,,,,,,,,0
SMA-11-01,TOKA,TOKA-057,5/31/2024,50,234,,,,,NA,,,,,,,,,,,,,0
SMA-11-01,TOKA,TOKA-060,5/27/2016,1,97,,,,BRHO2,20,GEDI,,,,,,,,,,S,,0
SMA-11-01,TOKA,TOKA-060,5/27/2016,2,97,,,,BRCA5,0,,,,,,,,,,,S,,0
SMA-11-01,TOKA,TOKA-060,5/27/2016,3,97,,,,LOPEM2,41,BRHO2,ERODI,,,,,,,,,S,,0
SMA-11-01,TOKA,TOKA-060,5/27/2016,4,97,,,,LOPEM2,45,,,,,,,,,,,S,,0
SMA-11-01,TOKA,TOKA-060,5/27/2016,5,97,,,,LOPEM2,60,BRHO2,,,,,,,,,,S,,0
SMA-11-01,TOKA,TOKA-060,5/27/2016,6,97,,,,GEDI,21,L,,,,,,,,,,S,,0
SMA-11-01,TOKA,TOKA-060,5/27/2016,7,97,,,,DAGL,46,VISA,BRDI2,L,,,,,,,,S,,0
SMA-11-01,TOKA,TOKA-060,5/27/2016,8,97,,,,BRCA5,73,DAGL,GEDI,L,,,,,,,,S,,0
SMA-11-01,TOKA,TOKA-060,5/27/2016,9,97,,,,DAGL,40,LOPEM2,BRHO2,GEDI,,,,,,,,S,,0
SMA-11-01,TOKA,TOKA-060,5/27/2016,10,97,,,,DAGL,78,LOPEM2,L,,,,,,,,,S,,0
SMA-11-01,TOKA,TOKA-060,5/27/2016,11,97,,,,BRHO2,48,VISA,LOPEM2,,,,,,,,,S,,0
SMA-11-01,TOKA,TOKA-060,5/27/2016,12,97,,,,DAGL,73,LOPEM2,L,,,,,,,,,S,,0
SMA-11-01,TOKA,TOKA-060,5/27/2016,13,97,,,,NOPLANT,0,,,,,,,,,,,S,,0
SMA-11-01,TOKA,TOKA-060,5/27/2016,14,97,,,,LOPEM2,34,,,,,,,,,,,S,,0
SMA-11-01,TOKA,TOKA-060,5/27/2016,15,97,,,,VUMY,4,,,,,,,,,,,S,,0
SMA-11-01,TOKA,TOKA-060,5/27/2016,16,97,,,,NOPLANT,0,,,,,,,,,,,S,,0
SMA-11-01,TOKA,TOKA-060,5/27/2016,17,97,,,,2PLANT,15,L,,,,,,,,,,S,,0
SMA-11-01,TOKA,TOKA-060,5/27/2016,18,97,,,,NOPLANT,0,L,,,,,,,,,,S,,0
SMA-11-01,TOKA,TOKA-060,5/27/2016,19,97,,,,BRCA5,9,L,,,,,,,,,,S,,0
SMA-11-01,TOKA,TOKA-060,5/27/2016,20,97,,,,BRCA5,15,L,,,,,,,,,,S,,0
SMA-11-01,TOKA,TOKA-060,5/27/2016,21,97,,,,BRCA5,48,BRDI2,CAPY2,L,,,,,,,,S,,0
SMA-11-01,TOKA,TOKA-060,5/27/2016,22,97,,,,LOPEM2,35,BRHO2,,,,,,,,,,S,,0
SMA-11-01,TOKA,TOKA-060,5/27/2016,23,97,,,,LOPEM2,36,BRHO2,L,,,,,,,,,S,,0
SMA-11-01,TOKA,TOKA-060,5/27/2016,24,97,,,,LOPEM2,66,VUMY,L,,,,,,,,,S,,0
SMA-11-01,TOKA,TOKA-060,5/27/2016,25,97,,,,VUMY,37,LOPEM2,BRDI2,LOCO6,L,,,,,,,S,,0
SMA-11-01,TOKA,TOKA-060,5/27/2016,26,97,,,,LIUS,39,VUMY,DAGL,CAPY2,L,,,,,,,S,,0
SMA-11-01,TOKA,TOKA-060,5/27/2016,27,97,,,,VUMY,15,BRCA5,,,,,,,,,,S,,0
SMA-11-01,TOKA,TOKA-060,5/27/2016,28,97,,,,BRHO2,36,BRDI2,BRCA5,L,,,,,,,,S,,0
SMA-11-01,TOKA,TOKA-060,5/27/2016,29,97,,,,LIUS,48,BRCA5,ASTERA,LOCO6,,,,,,,,S,,0
SMA-11-01,TOKA,TOKA-060,5/27/2016,30,97,,,,LIUS,32,DAGL,,,,,,,,,,S,,0
SMA-11-01,TOKA,TOKA-060,5/27/2016,31,97,,,,DAGL,37,L,,,,,,,,,,S,,0
SMA-11-01,TOKA,TOKA-060,5/27/2016,32,97,,,,DAGL,32,L,,,,,,,,,,S,,0
SMA-11-01,TOKA,TOKA-060,5/27/2016,33,97,,,,DAGL,37,L,,,,,,,,,,S,,0
SMA-11-01,TOKA,TOKA-060,5/27/2016,34,97,,,,DAGL,50,COMA2,L,,,,,,,,,S,,0
SMA-11-01,TOKA,TOKA-060,5/27/2016,35,97,,,,NOPLANT,0,,,,,,,,,,,S,,0
SMA-11-01,TOKA,TOKA-060,5/27/2016,36,97,,,,,NA,,,,,,,,,,,,,0
SMA-11-01,TOKA,TOKA-060,5/27/2016,37,97,,,,,NA,,,,,,,,,,,,,0
SMA-11-01,TOKA,TOKA-060,5/27/2016,38,97,,,,,NA,,,,,,,,,,,,,0
SMA-11-01,TOKA,TOKA-060,5/27/2016,39,97,,,,,NA,,,,,,,,,,,,,0
SMA-11-01,TOKA,TOKA-060,5/27/2016,40,97,,,,,NA,,,,,,,,,,,,,0
SMA-11-01,TOKA,TOKA-060,5/27/2016,41,97,,,,,NA,,,,,,,,,,,,,0
SMA-11-01,TOKA,TOKA-060,5/27/2016,42,97,,,,,NA,,,,,,,,,,,,,0
SMA-11-01,TOKA,TOKA-060,5/27/2016,43,97,,,,,NA,,,,,,,,,,,,,0
SMA-11-01,TOKA,TOKA-060,5/27/2016,44,97,,,,,NA,,,,,,,,,,,,,0
SMA-11-01,TOKA,TOKA-060,5/27/2016,45,97,,,,,NA,,,,,,,,,,,,,0
SMA-11-01,TOKA,TOKA-060,5/27/2016,46,97,,,,,NA,,,,,,,,,,,,,0
SMA-11-01,TOKA,TOKA-060,5/27/2016,47,97,,,,,NA,,,,,,,,,,,,,0
SMA-11-01,TOKA,TOKA-060,5/27/2016,48,97,,,,,NA,,,,,,,,,,,,,0
SMA-11-01,TOKA,TOKA-060,5/27/2016,49,97,,,,,NA,,,,,,,,,,,,,0
SMA-11-01,TOKA,TOKA-060,5/27/2016,50,97,,,,,NA,,,,,,,,,,,,,0
SMA-11-01,TOKA,TOKA-060,5/27/2016,1,237,,,,CAPY2,13,LOCO6,LOPEM2,L,,,,,,,,S,,0
SMA-11-01,TOKA,TOKA-060,5/27/2016,2,237,,,,DAGL,35,,,,,,,,,,,S,,0
SMA-11-01,TOKA,TOKA-060,5/27/2016,3,237,,,,DAGL,20,VITE,L,,,,,,,,,S,,0
SMA-11-01,TOKA,TOKA-060,5/27/2016,4,237,,,,DAGL,37,L,,,,,,,,,,S,,0
SMA-11-01,TOKA,TOKA-060,5/27/2016,5,237,,,,DAGL,25,,,,,,,,,,,S,,0
SMA-11-01,TOKA,TOKA-060,5/27/2016,6,237,,,,DAGL,51,,,,,,,,,,,S,,0
SMA-11-01,TOKA,TOKA-060,5/27/2016,7,237,,,,DAGL,33,L,,,,,,,,,,S,,0
SMA-11-01,TOKA,TOKA-060,5/27/2016,8,237,,,,DAGL,48,L,,,,,,,,,,S,,0
SMA-11-01,TOKA,TOKA-060,5/27/2016,9,237,,,,BRCA5,50,L,,,,,,,,,,S,,0
SMA-11-01,TOKA,TOKA-060,5/27/2016,10,237,,,,BRCA5,41,DAGL,BRHO2,L,,,,,,,,S,,0
SMA-11-01,TOKA,TOKA-060,5/27/2016,11,237,,,,DAGL,37,L,,,,,,,,,,S,,0
SMA-11-01,TOKA,TOKA-060,5/27/2016,12,237,,,,BRCA5,38,BRDI2,DAGL,VUMY,L,,,,,,,S,,0
SMA-11-01,TOKA,TOKA-060,5/27/2016,13,237,,,,DAGL,15,L,,,,,,,,,,S,,0
SMA-11-01,TOKA,TOKA-060,5/27/2016,14,237,,,,BRCA5,33,DAGL,L,,,,,,,,,S,,0
SMA-11-01,TOKA,TOKA-060,5/27/2016,15,237,,,,LOPEM2,40,DAGL,L,,,,,,,,,S,,0
SMA-11-01,TOKA,TOKA-060,5/27/2016,16,237,,,,DAGL,45,,,,,,,,,,,DAGL,,0
SMA-11-01,TOKA,TOKA-060,5/27/2016,17,237,,,,CAPY2,112,BRCA5,BRHO2,L,,,,,,,,S,,0
SMA-11-01,TOKA,TOKA-060,5/27/2016,18,237,,,,LOPEM2,50,BRCA5,DAGL,L,,,,,,,,S,,0
SMA-11-01,TOKA,TOKA-060,5/27/2016,19,237,,,,BRHO2,33,BRDI2,DAGL,L,,,,,,,,S,,0
SMA-11-01,TOKA,TOKA-060,5/27/2016,20,237,,,,CAPY2,70,BRDI2,LOPEM2,L,,,,,,,,S,,0
SMA-11-01,TOKA,TOKA-060,5/27/2016,21,237,,,,LOPEM2,41,CAPY2,L,,,,,,,,,S,,0
SMA-11-01,TOKA,TOKA-060,5/27/2016,22,237,,,,BRDI2,25,L,,,,,,,,,,S,,0
SMA-11-01,TOKA,TOKA-060,5/27/2016,23,237,,,,BRDI2,15,L,,,,,,,,,,S,,0
SMA-11-01,TOKA,TOKA-060,5/27/2016,24,237,,,,VIVI,25,PLLA,BRCA5,L,,,,,,,,S,,0
SMA-11-01,TOKA,TOKA-060,5/27/2016,25,237,,,,BRDI2,53,BRCA5,L,,,,,,,,,S,,0
SMA-11-01,TOKA,TOKA-060,5/27/2016,26,237,,,,VUMY,23,BRHO2,GEDI,BRDI2,L,,,,,,,S,,0
SMA-11-01,TOKA,TOKA-060,5/27/2016,27,237,,,,BRCA5,58,BRDI2,DAGL,L,,,,,,,,S,,0
SMA-11-01,TOKA,TOKA-060,5/27/2016,28,237,,,,BRDI2,7,L,,,,,,,,,,S,,0
SMA-11-01,TOKA,TOKA-060,5/27/2016,29,237,,,,BRDI2,20,L,,,,,,,,,,S,,0
SMA-11-01,TOKA,TOKA-060,5/27/2016,30,237,,,,BRDI2,28,BRHO2,L,,,,,,,,,S,,0
SMA-11-01,TOKA,TOKA-060,5/27/2016,31,237,,,,BRCA5,40,DAGL,,,,,,,,,,S,,0
SMA-11-01,TOKA,TOKA-060,5/27/2016,32,237,,,,BRCA5,72,BRDI2,GEDI,L,,,,,,,,S,,0
SMA-11-01,TOKA,TOKA-060,5/27/2016,33,237,,,,ERODI,22,DAGL,BRDI2,L,,,,,,,,S,,0
SMA-11-01,TOKA,TOKA-060,5/27/2016,34,237,,,,DAGL,71,L,,,,,,,,,,S,,0
SMA-11-01,TOKA,TOKA-060,5/27/2016,35,237,,,,LOPEM2,58,DAGL,GEDI,L,,,,,,,,S,,0
SMA-11-01,TOKA,TOKA-060,5/27/2016,36,237,,,,LOCO6,12,VUMY,L,,,,,,,,,S,,0
SMA-11-01,TOKA,TOKA-060,5/27/2016,37,237,,,,VUMY,22,,,,,,,,,,,S,,0
SMA-11-01,TOKA,TOKA-060,5/27/2016,38,237,,,,LOPEM2,29,HYRA3,LOCO6,L,,,,,,,,S,,0
SMA-11-01,TOKA,TOKA-060,5/27/2016,39,237,,,,LOPEM2,23,LIUS,DAGL,,,,,,,,,S,,0
SMA-11-01,TOKA,TOKA-060,5/27/2016,40,237,,,,LOPEM2,30,DAGL,,,,,,,,,,S,,0
SMA-11-01,TOKA,TOKA-060,5/27/2016,41,237,,,,BRDI2,1,,,,,,,,,,,S,,0
SMA-11-01,TOKA,TOKA-060,5/27/2016,42,237,,,,LOPEM2,50,,,,,,,,,,,S,,0
SMA-11-01,TOKA,TOKA-060,5/27/2016,43,237,,,,BRDI2,33,,,,,,,,,,,S,,0
SMA-11-01,TOKA,TOKA-060,5/27/2016,44,237,,,,LOPEM2,27,BRDI2,,,,,,,,,,S,,0
SMA-11-01,TOKA,TOKA-060,5/27/2016,45,237,,,,NOPLANT,0,L,,,,,,,,,,S,,0
SMA-11-01,TOKA,TOKA-060,5/27/2016,46,237,,,,BRCA5,65,LOPEM2,L,,,,,,,,,S,,0
SMA-11-01,TOKA,TOKA-060,5/27/2016,47,237,,,,LOPEM2,38,BRHO2,L,,,,,,,,,S,,0
SMA-11-01,TOKA,TOKA-060,5/27/2016,48,237,,,,LOPEM2,0,L,,,,,,,,,,S,,0
SMA-11-01,TOKA,TOKA-060,5/27/2016,49,237,,,,LOPEM2,31,BRDI2,,,,,,,,,,S,,0
SMA-11-01,TOKA,TOKA-060,5/27/2016,50,237,,,,BRDI2,0,,,,,,,,,,,S,,0
SMA-11-01,TOKA,TOKA-060,5/30/2018,1,97,,,,LOPEM2,65,DAGL,DAGL,,,,,,,,,S,2,0
SMA-11-01,TOKA,TOKA-060,5/30/2018,2,97,TODI,,,LOPEM2,59,BRCA5,LOCO6,DAGL,L,,,,,,,S,,0
SMA-11-01,TOKA,TOKA-060,5/30/2018,3,97,,,,DAGL,34,TODI,2GA,,,,,,,,,S,2,0
SMA-11-01,TOKA,TOKA-060,5/30/2018,4,97,,,,DAGL,69,LOPEM2,DAGL,,,,,,,,,S,2,0
SMA-11-01,TOKA,TOKA-060,5/30/2018,5,97,,,,LOPEM2,75,DAGL,RUUR,L,,,,,,,,S,,0
SMA-11-01,TOKA,TOKA-060,5/30/2018,6,97,,,,DAGL,40,VISA,DAGL,,,,,,,,,S,2,0
SMA-11-01,TOKA,TOKA-060,5/30/2018,7,97,,,,DAGL,40,VISA,DAGL,,,,,,,,,S,2,0
SMA-11-01,TOKA,TOKA-060,5/30/2018,8,97,PSME,,,DAGL,27,VISA,TRDU2,2GRAM,L,,,,,,,S,3,0
SMA-11-01,TOKA,TOKA-060,5/30/2018,9,97,PSME,,,LOPEM2,57,VISA,2GRAM,L,,,,,,,,S,2,0
SMA-11-01,TOKA,TOKA-060,5/30/2018,10,97,PSME,,,NOPLANT,NA,L,,,,,,,,,,S,,0
SMA-11-01,TOKA,TOKA-060,5/30/2018,11,97,PSME,,,BRHO2,5,L,,,,,,,,,,S,,0
SMA-11-01,TOKA,TOKA-060,5/30/2018,12,97,PSME,,,NOPLANT,NA,,,,,,,,,,,S,,0
SMA-11-01,TOKA,TOKA-060,5/30/2018,13,97,PSME,,,RUUR,15,WL,L,,,,,,,,,S,,0
SMA-11-01,TOKA,TOKA-060,5/30/2018,14,97,PSME,,,LOPEM2,35,WL,,,,,,,,,,S,,0
SMA-11-01,TOKA,TOKA-060,5/30/2018,15,97,PSME,,,LOPEM2,45,CAPY2,2GRAM,L,,,,,,,,S,2,0
SMA-11-01,TOKA,TOKA-060,5/30/2018,16,97,PSME,,,LOPEM2,55,RUUR,PLLA,L,,,,,,,,S,,0
SMA-11-01,TOKA,TOKA-060,5/30/2018,17,97,PSME,,,LOPEM2,62,TODI,2GRAM,L,,,,,,,,S,2,0
SMA-11-01,TOKA,TOKA-060,5/30/2018,18,97,PSME,,,LOPEM2,90,TODI,LOPEM2,,,,,,,,,S,2,0
SMA-11-01,TOKA,TOKA-060,5/30/2018,19,97,,,,LOPEM2,65,LOCO6,LOPEM2,L,,,,,,,,S,2,0
SMA-11-01,TOKA,TOKA-060,5/30/2018,20,97,,,,LOPEM2,50,LOPEM2,,,,,,,,,,S,1,0
SMA-11-01,TOKA,TOKA-060,5/30/2018,21,97,,,,LOPEM2,45,PLLA,LIBI5,VUBR,BRDI2,LOCO6,L,,,,,S,,0
SMA-11-01,TOKA,TOKA-060,5/30/2018,22,97,,,,LOPEM2,65,BRDI2,VUBR,LOCO6,2GA,,,,,,,S,4,0
SMA-11-01,TOKA,TOKA-060,5/30/2018,23,97,,,,BRDI2,33,LOCO6,BRCA6,TODI,2GA,,,,,,,S,4,0
SMA-11-01,TOKA,TOKA-060,5/30/2018,24,97,,,,LOPEM2,40,LIBI5,BRDI2,LOCO6,2GA,,,,,,,S,4,0
SMA-11-01,TOKA,TOKA-060,5/30/2018,25,97,BAPI,,,BRDI2,49,DAGL,2GA,L,,,,,,,,S,2,0
SMA-11-01,TOKA,TOKA-060,5/30/2018,26,97,,,,DAGL,63,TODI,2GA,,,,,,,,,S,2,0
SMA-11-01,TOKA,TOKA-060,5/30/2018,27,97,,,,DAGL,39,DAGL,,,,,,,,,,S,1,0
SMA-11-01,TOKA,TOKA-060,5/30/2018,28,97,,,,BRDI2,6,BRDI2,L,,,,,,,,,S,1,0
SMA-11-01,TOKA,TOKA-060,5/30/2018,29,97,BAPI,,,TODI,38,DAGL,L,,,,,,,,,S,,0
SMA-11-01,TOKA,TOKA-060,5/30/2018,30,97,,,,,NA,,,,,,,,,,,,,0
SMA-11-01,TOKA,TOKA-060,5/30/2018,31,97,,,,,NA,,,,,,,,,,,,,0
SMA-11-01,TOKA,TOKA-060,5/30/2018,32,97,,,,,NA,,,,,,,,,,,,,0
SMA-11-01,TOKA,TOKA-060,5/30/2018,33,97,,,,,NA,,,,,,,,,,,,,0
SMA-11-01,TOKA,TOKA-060,5/30/2018,34,97,,,,,NA,,,,,,,,,,,,,0
SMA-11-01,TOKA,TOKA-060,5/30/2018,35,97,,,,,NA,,,,,,,,,,,,,0
SMA-11-01,TOKA,TOKA-060,5/30/2018,36,97,,,,,NA,,,,,,,,,,,,,0
SMA-11-01,TOKA,TOKA-060,5/30/2018,37,97,,,,,NA,,,,,,,,,,,,,0
SMA-11-01,TOKA,TOKA-060,5/30/2018,38,97,,,,,NA,,,,,,,,,,,,,0
SMA-11-01,TOKA,TOKA-060,5/30/2018,39,97,,,,,NA,,,,,,,,,,,,,0
SMA-11-01,TOKA,TOKA-060,5/30/2018,40,97,,,,,NA,,,,,,,,,,,,,0
SMA-11-01,TOKA,TOKA-060,5/30/2018,41,97,,,,,NA,,,,,,,,,,,,,0
SMA-11-01,TOKA,TOKA-060,5/30/2018,42,97,,,,,NA,,,,,,,,,,,,,0
SMA-11-01,TOKA,TOKA-060,5/30/2018,43,97,,,,,NA,,,,,,,,,,,,,0
SMA-11-01,TOKA,TOKA-060,5/30/2018,44,97,,,,,NA,,,,,,,,,,,,,0
SMA-11-01,TOKA,TOKA-060,5/30/2018,45,97,,,,,NA,,,,,,,,,,,,,0
SMA-11-01,TOKA,TOKA-060,5/30/2018,46,97,,,,,NA,,,,,,,,,,,,,0
SMA-11-01,TOKA,TOKA-060,5/30/2018,47,97,,,,,NA,,,,,,,,,,,,,0
SMA-11-01,TOKA,TOKA-060,5/30/2018,48,97,,,,,NA,,,,,,,,,,,,,0
SMA-11-01,TOKA,TOKA-060,5/30/2018,49,97,,,,,NA,,,,,,,,,,,,,0
SMA-11-01,TOKA,TOKA-060,5/30/2018,50,97,,,,,NA,,,,,,,,,,,,,0
SMA-11-01,TOKA,TOKA-060,5/30/2018,1,237,,,,LOPEM2,71,DAGL,TODI,LOPEM2,,,,,,,,S,3,0
SMA-11-01,TOKA,TOKA-060,5/30/2018,2,237,,,,LOPEM2,97,DAGL,GEDI,LOPEM2,,,,,,,,S,3,0
SMA-11-01,TOKA,TOKA-060,5/30/2018,3,237,,,,LOPEM2,69,TODI,LOPEM2,L,,,,,,,,S,2,0
SMA-11-01,TOKA,TOKA-060,5/30/2018,4,237,,,,LOPEM2,68,RUUR,LOPEM2,,,,,,,,,S,2,0
SMA-11-01,TOKA,TOKA-060,5/30/2018,5,237,,,,LOPEM2,58,GEDI,TODI,VUBR,L,,,,,,,S,,0
SMA-11-01,TOKA,TOKA-060,5/30/2018,6,237,,,,LOPEM2,55,DAGL,L,,,,,,,,,S,,0
SMA-11-01,TOKA,TOKA-060,5/30/2018,7,237,,,,VIVI,26,DAGL,L,,,,,,,,,S,,0
SMA-11-01,TOKA,TOKA-060,5/30/2018,8,237,,,,LOPEM2,47,DAGL,BRHO2,L,,,,,,,,S,,0
SMA-11-01,TOKA,TOKA-060,5/30/2018,9,237,,,,DAGL,67,VISA,2GA,,,,,,,,,S,2,0
SMA-11-01,TOKA,TOKA-060,5/30/2018,10,237,,,,DAGL,40,BRCA5,DAGL,,,,,,,,,S,2,0
SMA-11-01,TOKA,TOKA-060,5/30/2018,11,237,,,,DAGL,26,TODI,DAGL,,,,,,,,,S,2,0
SMA-11-01,TOKA,TOKA-060,5/30/2018,12,237,,,,BRCA5,34,DAGL,HYRA3,,,,,,,,,S,1,0
SMA-11-01,TOKA,TOKA-060,5/30/2018,13,237,,,,LOPEM2,53,DAGL,2GA,,,,,,,,,S,2,0
SMA-11-01,TOKA,TOKA-060,5/30/2018,14,237,,,,GEDI,24,DAGL,L,,,,,,,,,S,1,0
SMA-11-01,TOKA,TOKA-060,5/30/2018,15,237,,,,DAGL,33,DAGL,,,,,,,,,,S,1,0
SMA-11-01,TOKA,TOKA-060,5/30/2018,16,237,,,,DAGL,25,,,,,,,,,,,DAGL,,0
SMA-11-01,TOKA,TOKA-060,5/30/2018,17,237,,,,DAGL,57,LOPEM2,BRDI2,GEDI,2GA,,,,,,,S,4,0
SMA-11-01,TOKA,TOKA-060,5/30/2018,18,237,,,,BRCA5,41,BRDI2,TODI,DAGL,RUUR,2GA,L,,,,,S,5,0
SMA-11-01,TOKA,TOKA-060,5/30/2018,19,237,,,,DAGL,35,BRDI2,RUUR,2GA,L,,,,,,,S,3,0
SMA-11-01,TOKA,TOKA-060,5/30/2018,20,237,,,,LIBI5,52,BRCA5,RUUR,,,,,,,,,AM,,0
SMA-11-01,TOKA,TOKA-060,5/30/2018,21,237,,,,DAGL,89,RUUR,2GRAM,L,,,,,,,,S,2,0
SMA-11-01,TOKA,TOKA-060,5/30/2018,22,237,BAPI,,,RUUR,39,,,,,,,,,,,BAPI,,0
SMA-11-01,TOKA,TOKA-060,5/30/2018,23,237,,,,ARDO3,70,DAGL,L,,,,,,,,,S,,0
SMA-11-01,TOKA,TOKA-060,5/30/2018,24,237,,,,LOPEM2,55,BRCA5,VITE,RUUR,2GA,,,,,,,S,,0
SMA-11-01,TOKA,TOKA-060,5/30/2018,25,237,,,,LOPEM2,73,2GA,,,,,,,,,,S,1,0
SMA-11-01,TOKA,TOKA-060,5/30/2018,26,237,,,,LOPEM2,76,BRCA5,DAGL,TRDU2,RUUR,GEDI,2GA,,,,,S,6,0
SMA-11-01,TOKA,TOKA-060,5/30/2018,27,237,,,,LOPEM2,76,BRDI2,TODI,RUUR,2GA,,,,,,,S,4,0
SMA-11-01,TOKA,TOKA-060,5/30/2018,28,237,,,,LOPEM2,50,,BRCA5,2GA,,,,,,,,S,3,0
SMA-11-01,TOKA,TOKA-060,5/30/2018,29,237,,,,LOPEM2,53,GEDI,2GRAM,,,,,,,,,S,2,0
SMA-11-01,TOKA,TOKA-060,5/30/2018,30,237,,,,BRCA5,70,DAGL,BRDI2,2GA,,,,,,,,S,3,0
SMA-11-01,TOKA,TOKA-060,5/30/2018,31,237,,,,LOPEM2,80,BRDI2,LOCO6,2GA,,,,,,,,S,3,0
SMA-11-01,TOKA,TOKA-060,5/30/2018,32,237,,,,LOPEM2,55,BRDI2,DAGL,TODI,HYRA3,2GA,L,,,,,S,5,0
SMA-11-01,TOKA,TOKA-060,5/30/2018,33,237,BAPI,,,BRCA5,88,BRDI2,2GA,L,,,,,,,,S,2,0
SMA-11-01,TOKA,TOKA-060,5/30/2018,34,237,BAPI,,,DAGL,60,L,,,,,,,,,,S,,0
SMA-11-01,TOKA,TOKA-060,5/30/2018,35,237,BAPI,,,DAGL,82,RUUR,L,,,,,,,,,S,,0
SMA-11-01,TOKA,TOKA-060,5/30/2018,36,237,BAPI,,,LOPEM2,84,DAGL,RUUR,2GRAM,L,,,,,,,S,3,0
SMA-11-01,TOKA,TOKA-060,5/30/2018,37,237,,,,DAGL,97,LOPEM2,RUUR,L,,,,,,,,S,,0
SMA-11-01,TOKA,TOKA-060,5/30/2018,38,237,,,,LOPEM2,56,LOCO6,LOPEM2,,,,,,,,,S,2,0
SMA-11-01,TOKA,TOKA-060,5/30/2018,39,237,,,,LOPEM2,40,TODI,RUUR,,,,,,,,,S,,0
SMA-11-01,TOKA,TOKA-060,5/30/2018,40,237,,,,CAPY2,67,BRCA5,HYRA3,LIBI5,GEDI,L,,,,,,S,,0
SMA-11-01,TOKA,TOKA-060,5/30/2018,41,237,,,,LOPEM2,40,GEDI,HYRA3,,,,,,,,,S,,0
SMA-11-01,TOKA,TOKA-060,5/30/2018,42,237,,,,LOPEM2,70,BRDI2,HYRA3,L,,,,,,,,S,,0
SMA-11-01,TOKA,TOKA-060,5/30/2018,43,237,,,,LOPEM2,85,BRCA5,BRDI2,RUUR,HYRA3,,,,,,,S,,0
SMA-11-01,TOKA,TOKA-060,5/30/2018,44,237,TODI,,,LOPEM2,86,BRDI2,COMA2,2GRAM,L,,,,,,,S,"3,4",0
SMA-11-01,TOKA,TOKA-060,5/30/2018,45,237,,,,BRDI2,40,LOPEM2,TODI,2GRAM,,,,,,,,S,,0
SMA-11-01,TOKA,TOKA-060,5/30/2018,46,237,,,,LOPEM2,49,GEDI,2GRAM,,,,,,,,,S,2,0
SMA-11-01,TOKA,TOKA-060,5/30/2018,47,237,,,,DAGL,54,GEDI,2GRAM,L,,,,,,,,S,2,0
SMA-11-01,TOKA,TOKA-060,5/30/2018,48,237,,,,LOPEM2,76,VUBR,GEDI,RUUR,2GRAM,,,,,,,S,4,0
SMA-11-01,TOKA,TOKA-060,5/30/2018,49,237,,,,LOPEM2,56,RUUR,2GRAM,,,,,,,,,S,2,0
SMA-11-01,TOKA,TOKA-060,5/30/2018,50,237,,,,BRDI2,54,BRCA5,LOPEM2,GEDI,HYGL2,2GRAM,,,,,,S,5,0
SMA-11-01,TOKA,TOKA-060,7/1/2021,1,97,TODI,,,AVENA,49,DAGL,GEDI,L,,,,,,,,S,,0
SMA-11-01,TOKA,TOKA-060,7/1/2021,2,97,BAPI,,,BRDI2,12,RUUR,VIVI,DAGL,,,,,,,,S,,0
SMA-11-01,TOKA,TOKA-060,7/1/2021,3,97,BAPI,,,LOCO6,16,BRDI2,RUUR,,,,,,,,,S,,0
SMA-11-01,TOKA,TOKA-060,7/1/2021,4,97,TODI,,,DAGL,57,VISA,BRDI2,RUUR,,,,,,,,S,,0
SMA-11-01,TOKA,TOKA-060,7/1/2021,5,97,TODI,,,DAGL,87,BRDI2,L,,,,,,,,,S,,0
SMA-11-01,TOKA,TOKA-060,7/1/2021,6,97,TODI,,,DAGL,81,L,,,,,,,,,,S,,0
SMA-11-01,TOKA,TOKA-060,7/1/2021,7,97,TODI,,,DAGL,91,DAGL,VISA,,,,,,,,,S,1,0
SMA-11-01,TOKA,TOKA-060,7/1/2021,8,97,TODI,,,VISA,30,L,,,,,,,,,,S,,0
SMA-11-01,TOKA,TOKA-060,7/1/2021,9,97,TODI,,,BRDI2,20,VISA,L,,,,,,,,,S,,0
SMA-11-01,TOKA,TOKA-060,7/1/2021,10,97,PSME,,,BRDI2,14,L,,,,,,,,,,S,,0
SMA-11-01,TOKA,TOKA-060,7/1/2021,11,97,PSME,,,DAGL,33,DAGL,,,,,,,,,,S,1,0
SMA-11-01,TOKA,TOKA-060,7/1/2021,12,97,PSME,,,BRCA5,61,LIBI5,BRDI2,L,,,,,,,,S,,1
SMA-11-01,TOKA,TOKA-060,7/1/2021,13,97,PSME,,,NOPLANT,NA,L,,,,,,,,,,S,,0
SMA-11-01,TOKA,TOKA-060,7/1/2021,14,97,PSME,,,NOPLANT,NA,L,,,,,,,,,,S,,0
SMA-11-01,TOKA,TOKA-060,7/1/2021,15,97,PSME,,,NOPLANT,NA,L,,,,,,,,,,S,,0
SMA-11-01,TOKA,TOKA-060,7/1/2021,16,97,PSME,,,BRDI2,25,L,,,,,,,,,,S,,0
SMA-11-01,TOKA,TOKA-060,7/1/2021,17,97,PSME,,,CAPY2,27,L,,,,,,,,,,S,,0
SMA-11-01,TOKA,TOKA-060,7/1/2021,18,97,PSME,,,LOPEM2,46,BRDI2,L,,,,,,,,,S,,0
SMA-11-01,TOKA,TOKA-060,7/1/2021,19,97,PSME,,,LOPEM2,34,L,,,,,,,,,,S,,0
SMA-11-01,TOKA,TOKA-060,7/1/2021,20,97,PSME,,,LOPEM2,30,BRDI2,L,,,,,,,,,S,,0
SMA-11-01,TOKA,TOKA-060,7/1/2021,21,97,PSME,,,DAGL,60,DAGL,,,,,,,,,,S,,1
SMA-11-01,TOKA,TOKA-060,7/1/2021,22,97,PSME,,,LOPEM2,34,PLLA,HYPOC,L,,,,,,,,S,,0
SMA-11-01,TOKA,TOKA-060,7/1/2021,23,97,,,,PLLA,15,L,,,,,,,,,,S,,0
SMA-11-01,TOKA,TOKA-060,7/1/2021,24,97,,,,LOPEM2,5,L,,,,,,,,,,S,,0
SMA-11-01,TOKA,TOKA-060,7/1/2021,25,97,,,,BRDI2,21,L,,,,,,,,,,S,,0
SMA-11-01,TOKA,TOKA-060,7/1/2021,26,97,,,,PLLA,28,L,,,,,,,,,,S,,0
SMA-11-01,TOKA,TOKA-060,7/1/2021,27,97,,,,BRCA5,48,LOPEM2,L,,,,,,,,,S,,0
SMA-11-01,TOKA,TOKA-060,7/1/2021,28,97,BAPI,,,PLLA,60,BRDI2,,,,,,,,,,S,,0
SMA-11-01,TOKA,TOKA-060,7/1/2021,29,97,,,,DAGL,25,WL,L,,,,,,,,,S,,0
SMA-11-01,TOKA,TOKA-060,7/1/2021,30,97,,,,NOPLANT,NA,L,,,,,,,,,,S,,0
SMA-11-01,TOKA,TOKA-060,7/1/2021,31,97,BAPI,RUUR,,NOPLANT,NA,L,,,,,,,,,,S,,0
SMA-11-01,TOKA,TOKA-060,7/1/2021,32,97,,,,,NA,,,,,,,,,,,,,0
SMA-11-01,TOKA,TOKA-060,7/1/2021,33,97,,,,,NA,,,,,,,,,,,,,0
SMA-11-01,TOKA,TOKA-060,7/1/2021,34,97,,,,,NA,,,,,,,,,,,,,0
SMA-11-01,TOKA,TOKA-060,7/1/2021,35,97,,,,,NA,,,,,,,,,,,,,0
SMA-11-01,TOKA,TOKA-060,7/1/2021,36,97,,,,,NA,,,,,,,,,,,,,0
SMA-11-01,TOKA,TOKA-060,7/1/2021,37,97,,,,,NA,,,,,,,,,,,,,0
SMA-11-01,TOKA,TOKA-060,7/1/2021,38,97,,,,,NA,,,,,,,,,,,,,0
SMA-11-01,TOKA,TOKA-060,7/1/2021,39,97,,,,,NA,,,,,,,,,,,,,0
SMA-11-01,TOKA,TOKA-060,7/1/2021,40,97,,,,,NA,,,,,,,,,,,,,0
SMA-11-01,TOKA,TOKA-060,7/1/2021,41,97,,,,,NA,,,,,,,,,,,,,0
SMA-11-01,TOKA,TOKA-060,7/1/2021,42,97,,,,,NA,,,,,,,,,,,,,0
SMA-11-01,TOKA,TOKA-060,7/1/2021,43,97,,,,,NA,,,,,,,,,,,,,0
SMA-11-01,TOKA,TOKA-060,7/1/2021,44,97,,,,,NA,,,,,,,,,,,,,0
SMA-11-01,TOKA,TOKA-060,7/1/2021,45,97,,,,,NA,,,,,,,,,,,,,0
SMA-11-01,TOKA,TOKA-060,7/1/2021,46,97,,,,,NA,,,,,,,,,,,,,0
SMA-11-01,TOKA,TOKA-060,7/1/2021,47,97,,,,,NA,,,,,,,,,,,,,0
SMA-11-01,TOKA,TOKA-060,7/1/2021,48,97,,,,,NA,,,,,,,,,,,,,0
SMA-11-01,TOKA,TOKA-060,7/1/2021,49,97,,,,,NA,,,,,,,,,,,,,0
SMA-11-01,TOKA,TOKA-060,7/1/2021,50,97,,,,,NA,,,,,,,,,,,,,0
SMA-11-01,TOKA,TOKA-060,7/1/2021,1,237,TODI,,,BRDI2,31,VISA,L,,,,,,,,,S,,0
SMA-11-01,TOKA,TOKA-060,7/1/2021,2,237,TODI,,,DAGL,31,VISA,L,,,,,,,,,S,,0
SMA-11-01,TOKA,TOKA-060,7/1/2021,3,237,TODI,RUUR,,DAGL,26,L,,,,,,,,,,S,,0
SMA-11-01,TOKA,TOKA-060,7/1/2021,4,237,,,,DAGL,32,DAGL,,,,,,,,,,S,1,0
SMA-11-01,TOKA,TOKA-060,7/1/2021,5,237,,,,DAGL,46,VISA,L,,,,,,,,,S,,0
SMA-11-01,TOKA,TOKA-060,7/1/2021,6,237,,,,BRDI2,27,DAGL,DAGL,,,,,,,,,S,2,0
SMA-11-01,TOKA,TOKA-060,7/1/2021,7,237,,,,DAGL,81,DAGL,,,,,,,,,,S,1,0
SMA-11-01,TOKA,TOKA-060,7/1/2021,8,237,TODI,,,VISA,35,BRCA5,L,,,,,,,,,S,,0
SMA-11-01,TOKA,TOKA-060,7/1/2021,9,237,TODI,,,BRCA5,48,LIBI5,L,,,,,,,,,S,,0
SMA-11-01,TOKA,TOKA-060,7/1/2021,10,237,TODI,,,DAGL,13,L,,,,,,,,,,S,,0
SMA-11-01,TOKA,TOKA-060,7/1/2021,11,237,,,,DAGL,11,L,,,,,,,,,,S,,0
SMA-11-01,TOKA,TOKA-060,7/1/2021,12,237,,,,BRCA5,55,DAGL,L,,,,,,,,,S,,0
SMA-11-01,TOKA,TOKA-060,7/1/2021,13,237,,,,DAGL,47,DAGL,ARDO3,,,,,,,,,S,,1
SMA-11-01,TOKA,TOKA-060,7/1/2021,14,237,,,,DAGL,25,DAGL,VISA,,,,,,,,,S,1,0
SMA-11-01,TOKA,TOKA-060,7/1/2021,15,237,RUUR,,,DAGL,56,DAGL,,,,,,,,,,S,1,0
SMA-11-01,TOKA,TOKA-060,7/1/2021,16,237,TODI,RUUR,,BRCA5,48,BRDI2,VISA,L,,,,,,,,S,,0
SMA-11-01,TOKA,TOKA-060,7/1/2021,17,237,RUUR,,,DAGL,71,BRDI2,DAGL,,,,,,,,,S,2,0
SMA-11-01,TOKA,TOKA-060,7/1/2021,18,237,RUUR,,,DAGL,6,L,,,,,,,,,,S,,0
SMA-11-01,TOKA,TOKA-060,7/1/2021,19,237,TODI,,,DAGL,100,VISA,L,,,,,,,,,S,,0
SMA-11-01,TOKA,TOKA-060,7/1/2021,20,237,RUUR,BAPI,,DAGL,44,L,,,,,,,,,,S,,0
SMA-11-01,TOKA,TOKA-060,7/1/2021,21,237,BAPI,RUUR,,BRCA5,37,L,,,,,,,,,,S,,0
SMA-11-01,TOKA,TOKA-060,7/1/2021,22,237,BAPI,RUUR,,ARDO3,21,L,,,,,,,,,,S,,0
SMA-11-01,TOKA,TOKA-060,7/1/2021,23,237,BAPI,RUUR,,BRCA5,59,L,,,,,,,,,,S,,0
SMA-11-01,TOKA,TOKA-060,7/1/2021,24,237,RUUR,,,DAGL,36,DAGL,,,,,,,,,,S,1,0
SMA-11-01,TOKA,TOKA-060,7/1/2021,25,237,RUUR,,,BRCA5,71,DAGL,VUBR,L,,,,,,,,S,,0
SMA-11-01,TOKA,TOKA-060,7/1/2021,26,237,TODI,RUUR,,BRCA5,60,DAGL,LIBI5,VISA,L,,,,,,,S,,0
SMA-11-01,TOKA,TOKA-060,7/1/2021,27,237,RUUR,,,BRCA5,78,DAGL,GEDI,L,,,,,,,,S,,0
SMA-11-01,TOKA,TOKA-060,7/1/2021,28,237,,,,LOPEM2,35,BRDI2,DAGL,L,,,,,,,,S,,0
SMA-11-01,TOKA,TOKA-060,7/1/2021,29,237,,,,DAGL,66,BRCA5,BRDI2,L,,,,,,,,S,,0
SMA-11-01,TOKA,TOKA-060,7/1/2021,30,237,TODI,RUUR,,BRCA5,90,BRDI2,L,,,,,,,,,S,,0
SMA-11-01,TOKA,TOKA-060,7/1/2021,31,237,TODI,RUUR,,BRCA5,40,LOPEM2,LOCO6,BRDI2,L,,,,,,,S,,0
SMA-11-01,TOKA,TOKA-060,7/1/2021,32,237,BAPI,TODI,,NAPU4,88,BRCA5,BRDI2,L,,,,,,,,S,,0
SMA-11-01,TOKA,TOKA-060,7/1/2021,33,237,BAPI,,,BRCA5,56,BRDI2,L,,,,,,,,,S,,0
SMA-11-01,TOKA,TOKA-060,7/1/2021,34,237,RUUR,,,NOPLANT,NA,L,,,,,,,,,,S,,0
SMA-11-01,TOKA,TOKA-060,7/1/2021,35,237,,,,BRCA5,15,BRCA5,L,,,,,,,,,S,1,0
SMA-11-01,TOKA,TOKA-060,7/1/2021,36,237,,,,VUBR,20,BRDI2,L,,,,,,,,,S,,0
SMA-11-01,TOKA,TOKA-060,7/1/2021,37,237,RUUR,,,DAGL,26,L,,,,,,,,,,S,,0
SMA-11-01,TOKA,TOKA-060,7/1/2021,38,237,RUUR,,,LOPEM2,66,VISA,BRDI2,L,,,,,,,,S,,0
SMA-11-01,TOKA,TOKA-060,7/1/2021,39,237,,,,BRCA5,67,LIBI5,BRDI2,VUBR,L,,,,,,,S,,0
SMA-11-01,TOKA,TOKA-060,7/1/2021,40,237,RUUR,,,BRDI2,30,DAGL,BRHO2,L,,,,,,,,S,,0
SMA-11-01,TOKA,TOKA-060,7/1/2021,41,237,,,,BRCA5,35,LOPEM2,BRDI2,L,,,,,,,,S,,0
SMA-11-01,TOKA,TOKA-060,7/1/2021,42,237,,,,LOPEM2,35,BRDI2,L,,,,,,,,,S,,0
SMA-11-01,TOKA,TOKA-060,7/1/2021,43,237,TODI,RUUR,,DAGL,47,BRDI2,L,,,,,,,,,S,,0
SMA-11-01,TOKA,TOKA-060,7/1/2021,44,237,RUUR,,,VISA,65,BRDI2,L,,,,,,,,,S,,0
SMA-11-01,TOKA,TOKA-060,7/1/2021,45,237,RUUR,,,VISA,19,L,,,,,,,,,,S,,0
SMA-11-01,TOKA,TOKA-060,7/1/2021,46,237,RUUR,,,NOPLANT,NA,L,,,,,,,,,,S,,0
SMA-11-01,TOKA,TOKA-060,7/1/2021,47,237,RUUR,,,BRDI2,39,L,,,,,,,,,,S,,0
SMA-11-01,TOKA,TOKA-060,7/1/2021,48,237,TODI,RUUR,,BRDI2,39,L,,,,,,,,,,S,,0
SMA-11-01,TOKA,TOKA-060,7/1/2021,49,237,,,,BRCA5,41,BRDI2,L,,,,,,,,,S,,0
SMA-11-01,TOKA,TOKA-060,7/1/2021,50,237,,,,PLLA,51,BRCA5,BRDI2,L,,,,,,,,S,,0
SMA-11-01,TOKA,TOKA-060,6/24/2024,1,97,BAPI,TODI,,NOPLANT,NA,L,,,,,,,,,,S,,0
SMA-11-01,TOKA,TOKA-060,6/24/2024,2,97,BAPI,TODI,,LOPEM2,65,COMA2,L,,,,,,,,,S,,0
SMA-11-01,TOKA,TOKA-060,6/24/2024,3,97,BAPI,TODI,,VUBR,45,RUUR,L,,,,,,,,,S,,0
SMA-11-01,TOKA,TOKA-060,6/24/2024,4,97,TODI,,,VUBR,55,L,,,,,,,,,,S,,0
SMA-11-01,TOKA,TOKA-060,6/24/2024,5,97,,,,CIVU,60,DAGL,L,,,,,,,,,S,,0
SMA-11-01,TOKA,TOKA-060,6/24/2024,6,97,,,,BRDI2,52,VISA,TODI,L,,,,,,,,S,,0
SMA-11-01,TOKA,TOKA-060,6/24/2024,7,97,,,,CYEC,70,LIBI5,BRDI2,TODI,L,,,,,,,S,,0
SMA-11-01,TOKA,TOKA-060,6/24/2024,8,97,PSME,,,CYEC,55,TODI,L,,,,,,,,,S,,0
SMA-11-01,TOKA,TOKA-060,6/24/2024,9,97,PSME,,,DAGL,30,LOCO6,BRDI2,L,,,,,,,,S,,0
SMA-11-01,TOKA,TOKA-060,6/24/2024,10,97,PSME,,,LOPEM2,55,BRDI2,L,,,,,,,,,S,,0
SMA-11-01,TOKA,TOKA-060,6/24/2024,11,97,PSME,,,LOPEM2,70,DAGL,L,,,,,,,,,S,,0
SMA-11-01,TOKA,TOKA-060,6/24/2024,12,97,PSME,,,DAGL,85,,,,,,,,,,,S,,0
SMA-11-01,TOKA,TOKA-060,6/24/2024,13,97,PSME,,,VUBR,5,VITE,,,,,,,,,,S,,0
SMA-11-01,TOKA,TOKA-060,6/24/2024,14,97,PSME,,,NOPLANT,NA,,,,,,,,,,,S,,0
SMA-11-01,TOKA,TOKA-060,6/24/2024,15,97,PSME,RUUR,,NOPLANT,NA,,,,,,,,,,,S,,0
SMA-11-01,TOKA,TOKA-060,6/24/2024,16,97,PSME,RUUR,,NOPLANT,NA,L,,,,,,,,,,S,,0
SMA-11-01,TOKA,TOKA-060,6/24/2024,17,97,PSME,,,DAGL,15,WL,,,,,,,,,,S,,0
SMA-11-01,TOKA,TOKA-060,6/24/2024,18,97,PSME,,,LOPEM2,95,PLLA,WL,,,,,,,,,S,,0
SMA-11-01,TOKA,TOKA-060,6/24/2024,19,97,PSME,,,LOPEM2,74,WL,,,,,,,,,,S,,0
SMA-11-01,TOKA,TOKA-060,6/24/2024,20,97,,,,BRDI2,20,VUBR,LOCO6,PLLA,L,,,,,,,S,,0
SMA-11-01,TOKA,TOKA-060,6/24/2024,21,97,,,,BRDI2,40,BRHO2,VUBR,PLLA,L,,,,,,,S,,0
SMA-11-01,TOKA,TOKA-060,6/24/2024,22,97,,,,VUBR,30,VISA,BRDI2,,,,,,,,,S,,0
SMA-11-01,TOKA,TOKA-060,6/24/2024,23,97,,,,BRDI2,20,PLLA,L,,,,,,,,,S,,0
SMA-11-01,TOKA,TOKA-060,6/24/2024,24,97,,,,PLLA,25,BRDI2,L,,,,,,,,,S,,0
SMA-11-01,TOKA,TOKA-060,6/24/2024,25,97,,,,BRDI2,13,PLLA,TRDU2,L,,,,,,,,S,,0
SMA-11-01,TOKA,TOKA-060,6/24/2024,26,97,,,,BRDI2,17,PLLA,DAGL,,,,,,,,,EM,,0
SMA-11-01,TOKA,TOKA-060,6/24/2024,27,97,,,,BRCA5,35,DAGL,PLLA,BRDI2,L,,,,,,,S,,0
SMA-11-01,TOKA,TOKA-060,6/24/2024,28,97,,,,DAGL,80,PLLA,BRDI2,RUUR,L,,,,,,,S,,0
SMA-11-01,TOKA,TOKA-060,6/24/2024,29,97,,,,BRDI2,55,TODI,DAGL,L,,,,,,,,S,,0
SMA-11-01,TOKA,TOKA-060,6/24/2024,30,97,BAPI,RUUR,,NOPLANT,NA,L,,,,,,,,,,S,,0
SMA-11-01,TOKA,TOKA-060,6/24/2024,31,97,,,,,NA,,,,,,,,,,,,,0
SMA-11-01,TOKA,TOKA-060,6/24/2024,32,97,,,,,NA,,,,,,,,,,,,,0
SMA-11-01,TOKA,TOKA-060,6/24/2024,33,97,,,,,NA,,,,,,,,,,,,,0
SMA-11-01,TOKA,TOKA-060,6/24/2024,34,97,,,,,NA,,,,,,,,,,,,,0
SMA-11-01,TOKA,TOKA-060,6/24/2024,35,97,,,,,NA,,,,,,,,,,,,,0
SMA-11-01,TOKA,TOKA-060,6/24/2024,36,97,,,,,NA,,,,,,,,,,,,,0
SMA-11-01,TOKA,TOKA-060,6/24/2024,37,97,,,,,NA,,,,,,,,,,,,,0
SMA-11-01,TOKA,TOKA-060,6/24/2024,38,97,,,,,NA,,,,,,,,,,,,,0
SMA-11-01,TOKA,TOKA-060,6/24/2024,39,97,,,,,NA,,,,,,,,,,,,,0
SMA-11-01,TOKA,TOKA-060,6/24/2024,40,97,,,,,NA,,,,,,,,,,,,,0
SMA-11-01,TOKA,TOKA-060,6/24/2024,41,97,,,,,NA,,,,,,,,,,,,,0
SMA-11-01,TOKA,TOKA-060,6/24/2024,42,97,,,,,NA,,,,,,,,,,,,,0
SMA-11-01,TOKA,TOKA-060,6/24/2024,43,97,,,,,NA,,,,,,,,,,,,,0
SMA-11-01,TOKA,TOKA-060,6/24/2024,44,97,,,,,NA,,,,,,,,,,,,,0
SMA-11-01,TOKA,TOKA-060,6/24/2024,45,97,,,,,NA,,,,,,,,,,,,,0
SMA-11-01,TOKA,TOKA-060,6/24/2024,46,97,,,,,NA,,,,,,,,,,,,,0
SMA-11-01,TOKA,TOKA-060,6/24/2024,47,97,,,,,NA,,,,,,,,,,,,,0
SMA-11-01,TOKA,TOKA-060,6/24/2024,48,97,,,,,NA,,,,,,,,,,,,,0
SMA-11-01,TOKA,TOKA-060,6/24/2024,49,97,,,,,NA,,,,,,,,,,,,,0
SMA-11-01,TOKA,TOKA-060,6/24/2024,50,97,,,,,NA,,,,,,,,,,,,,0
SMA-11-01,TOKA,TOKA-060,6/24/2024,1,237,,,,DAGL,45,TODI,RUUR,L,,,,,,,,S,,0
SMA-11-01,TOKA,TOKA-060,6/24/2024,2,237,TODI,RUUR,,DAGL,35,BRDI2,VUBR,L,,,,,,,,S,,0
SMA-11-01,TOKA,TOKA-060,6/24/2024,3,237,,,,LOPEM2,60,TODI,BRDI2,L,,,,,,,,S,,0
SMA-11-01,TOKA,TOKA-060,6/24/2024,4,237,TODI,,,LOPEM2,82,RUUR,L,,,,,,,,,S,,0
SMA-11-01,TOKA,TOKA-060,6/24/2024,5,237,TODI,,,VITE,55,DAGL,L,,,,,,,,,S,,0
SMA-11-01,TOKA,TOKA-060,6/24/2024,6,237,TODI,,,BRDI2,65,LOPEM2,DAGL,L,,,,,,,,S,,0
SMA-11-01,TOKA,TOKA-060,6/24/2024,7,237,,,,BRCA5,70,LOPEM2,DAGL,TODI,L,,,,,,,S,,0
SMA-11-01,TOKA,TOKA-060,6/24/2024,8,237,TODI,,,LOPEM2,60,VUBR,L,,,,,,,,,S,,0
SMA-11-01,TOKA,TOKA-060,6/24/2024,9,237,,,,SACR2,75,TODI,BRCA5,VUBR,L,,,,,,,S,,0
SMA-11-01,TOKA,TOKA-060,6/24/2024,10,237,,,,BRCA5,70,TODI,BRDI2,DAGL,L,,,,,,,S,,0
SMA-11-01,TOKA,TOKA-060,6/24/2024,11,237,,,,LOPEM2,40,VUBR,L,,,,,,,,,S,,0
SMA-11-01,TOKA,TOKA-060,6/24/2024,12,237,,,,LOPEM2,30,BRHO2,,,,,,,,,,S,,0
SMA-11-01,TOKA,TOKA-060,6/24/2024,13,237,,,,LOPEM2,50,VUBR,ARDO3,,,,,,,,,S,,0
SMA-11-01,TOKA,TOKA-060,6/24/2024,14,237,RUUR,,,DAGL,15,VUBR,L,,,,,,,,,S,,0
SMA-11-01,TOKA,TOKA-060,6/24/2024,15,237,TODI,,,BRDI2,30,L,,,,,,,,,,S,,0
SMA-11-01,TOKA,TOKA-060,6/24/2024,16,237,TODI,,,BRHO2,30,BRDI2,VUBR,L,,,,,,,,S,,0
SMA-11-01,TOKA,TOKA-060,6/24/2024,17,237,,,,BRCA5,60,BRHO2,LOPEM2,DAGL,RUUR,L,,,,,,S,,0
SMA-11-01,TOKA,TOKA-060,6/24/2024,18,237,TODI,,,LOPEM2,65,RUUR,L,,,,,,,,,S,,0
SMA-11-01,TOKA,TOKA-060,6/24/2024,19,237,,,,LOPEM2,55,DAGL,RUUR,L,,,,,,,,S,,0
SMA-11-01,TOKA,TOKA-060,6/24/2024,20,237,,,,DAGL,32,RUUR,VUBR,L,,,,,,,,S,,0
SMA-11-01,TOKA,TOKA-060,6/24/2024,21,237,BAPI,RUUR,,NOPLANT,NA,L,,,,,,,,,,S,,0
SMA-11-01,TOKA,TOKA-060,6/24/2024,22,237,BAPI,TODI,RUUR,NOPLANT,NA,L,,,,,,,,,,S,,0
SMA-11-01,TOKA,TOKA-060,6/24/2024,23,237,BAPI,TODI,RUUR,ARDO3,105,L,,,,,,,,,,S,,0
SMA-11-01,TOKA,TOKA-060,6/24/2024,24,237,RUUR,,,VUBR,30,L,,,,,,,,,,S,,0
SMA-11-01,TOKA,TOKA-060,6/24/2024,25,237,,,,VUBR,35,DAGL,L,,,,,,,,,S,,0
SMA-11-01,TOKA,TOKA-060,6/24/2024,26,237,,,,LOPEM2,65,DAGL,VUBR,BRDI2,L,,,,,,,S,,0
SMA-11-01,TOKA,TOKA-060,6/24/2024,27,237,,,,VUBR,35,TODI,DAGL,L,,,,,,,,S,,0
SMA-11-01,TOKA,TOKA-060,6/24/2024,28,237,TODI,RUUR,,VUBR,25,L,,,,,,,,,,S,,0
SMA-11-01,TOKA,TOKA-060,6/24/2024,29,237,TODI,RUUR,,BRCA5,30,VUBR,L,,,,,,,,,S,,0
SMA-11-01,TOKA,TOKA-060,6/24/2024,30,237,TODI,RUUR,,NOPLANT,NA,L,,,,,,,,,,S,,0
SMA-11-01,TOKA,TOKA-060,6/24/2024,31,237,TODI,RUUR,,NOPLANT,NA,,,,,,,,,,,S,,0
SMA-11-01,TOKA,TOKA-060,6/24/2024,32,237,TODI,RUUR,,NOPLANT,NA,,,,,,,,,,,S,,0
SMA-11-01,TOKA,TOKA-060,6/24/2024,33,237,BAPI,,,BRHO2,40,VUBR,RUUR,L,,,,,,,,S,,0
SMA-11-01,TOKA,TOKA-060,6/24/2024,34,237,RUUR,,,BRDI2,20,DAGL,L,,,,,,,,,S,,0
SMA-11-01,TOKA,TOKA-060,6/24/2024,35,237,,,,BRCA5,35,VUBR,VITE,L,,,,,,,,S,,0
SMA-11-01,TOKA,TOKA-060,6/24/2024,36,237,TODI,,,DAGL,20,VUBR,L,,,,,,,,,S,,0
SMA-11-01,TOKA,TOKA-060,6/24/2024,37,237,RUUR,,,DAGL,30,L,,,,,,,,,,S,,0
SMA-11-01,TOKA,TOKA-060,6/24/2024,38,237,,,,BRCA5,50,RUUR,VUBR,L,,,,,,,,S,,0
SMA-11-01,TOKA,TOKA-060,6/24/2024,39,237,TODI,RUUR,,NOPLANT,NA,,,,,,,,,,,S,,0
SMA-11-01,TOKA,TOKA-060,6/24/2024,40,237,,,,DAGL,55,RUUR,L,,,,,,,,,S,,0
SMA-11-01,TOKA,TOKA-060,6/24/2024,41,237,RUUR,,,NOPLANT,NA,L,,,,,,,,,,S,,0
SMA-11-01,TOKA,TOKA-060,6/24/2024,42,237,RUUR,,,NOPLANT,NA,L,,,,,,,,,,S,,0
SMA-11-01,TOKA,TOKA-060,6/24/2024,43,237,,,,BRHO2,65,BRDI2,VUBR,ANAR,,,,,,,,S,,0
SMA-11-01,TOKA,TOKA-060,6/24/2024,44,237,,,,VUBR,35,RUUR,DAGL,L,,,,,,,,S,,0
SMA-11-01,TOKA,TOKA-060,6/24/2024,45,237,,,,VUBR,52,RUUR,L,,,,,,,,,S,,0
SMA-11-01,TOKA,TOKA-060,6/24/2024,46,237,,,,LIBI5,65,LOCO6,VUBR,L,,,,,,,,S,,0
SMA-11-01,TOKA,TOKA-060,6/24/2024,47,237,,,,BRHO2,50,VUBR,L,,,,,,,,,S,,0
SMA-11-01,TOKA,TOKA-060,6/24/2024,48,237,BAPI,RUUR,,LIBI5,45,CYEC,,,,,,,,,,S,,0
SMA-11-01,TOKA,TOKA-060,6/24/2024,49,237,BAPI,,,VUBR,40,LOPEM2,L,,,,,,,,,S,,0
SMA-11-01,TOKA,TOKA-060,6/24/2024,50,237,,,,PLLA,45,LIBI5,RUUR,L,,,,,,,,S,,0
SMA-11-01,TOKA,TOKA-061,5/27/2016,1,44,,,,AVBA,40,BRDI2,ERODI,,,,,,,,,S,,0
SMA-11-01,TOKA,TOKA-061,5/27/2016,2,44,,,,BRDI2,31,NAPU4,,,,,,,,,,S,,0
SMA-11-01,TOKA,TOKA-061,5/27/2016,3,44,,,,BRDI2,29,ERODI,,,,,,,,,,S,,0
SMA-11-01,TOKA,TOKA-061,5/27/2016,4,44,,,,BRDI2,20,ERODI,,,,,,,,,,S,,0
SMA-11-01,TOKA,TOKA-061,5/27/2016,5,44,,,,BRDI2,28,ANAR,,,,,,,,,,S,,0
SMA-11-01,TOKA,TOKA-061,5/27/2016,6,44,,,,BRDI3,37,,,,,,,,,,,S,,0
SMA-11-01,TOKA,TOKA-061,5/27/2016,7,44,,,,BRDI2,16,LOPEM2,ERODI,,,,,,,,,S,,0
SMA-11-01,TOKA,TOKA-061,5/27/2016,8,44,,,,BRDI2,9,L,,,,,,,,,,S,,0
SMA-11-01,TOKA,TOKA-061,5/27/2016,9,44,,,,BRDI2,19,,,,,,,,,,,S,,0
SMA-11-01,TOKA,TOKA-061,5/27/2016,10,44,,,,NAPU4,50,BRDI2,ERODI,,,,,,,,,S,,0
SMA-11-01,TOKA,TOKA-061,5/27/2016,11,44,,,,BRDI2,30,ERODI,,,,,,,,,,S,,0
SMA-11-01,TOKA,TOKA-061,5/27/2016,12,44,,,,BRDI2,23,PLLA,,,,,,,,,,S,,0
SMA-11-01,TOKA,TOKA-061,5/27/2016,13,44,,,,BRDI2,40,L,,,,,,,,,,S,,0
SMA-11-01,TOKA,TOKA-061,5/27/2016,14,44,,,,VISA,41,BRDI2,,,,,,,,,,S,,0
SMA-11-01,TOKA,TOKA-061,5/27/2016,15,44,,,,NAPU4,68,LOPEM2,AVBA,BRDI2,,,,,,,,S,,0
SMA-11-01,TOKA,TOKA-061,5/27/2016,16,44,,,,NAPU4,70,BRDI2,PLLA,2PLANT,L,,,,,,,S,,0
SMA-11-01,TOKA,TOKA-061,5/27/2016,17,44,,,,PHAQ,79,BRDI2,PLLA,,,,,,,,,S,,0
SMA-11-01,TOKA,TOKA-061,5/27/2016,18,44,,,,PHAQ,63,NAPU4,BRDI2,L,,,,,,,,S,,0
SMA-11-01,TOKA,TOKA-061,5/27/2016,19,44,,,,NAPU4,48,BRDI2,L,,,,,,,,,S,,0
SMA-11-01,TOKA,TOKA-061,5/27/2016,20,44,,,,PHAQ,20,BRDI2,,,,,,,,,,S,,0
SMA-11-01,TOKA,TOKA-061,5/27/2016,21,44,,,,AVBA,95,NAPU4,BRDI2,ANAR,L,,,,,,,S,,0
SMA-11-01,TOKA,TOKA-061,5/27/2016,22,44,,,,BRDI2,30,COAR4,L,,,,,,,,,S,,0
SMA-11-01,TOKA,TOKA-061,5/27/2016,23,44,,,,BRDI2,33,,,,,,,,,,,S,,0
SMA-11-01,TOKA,TOKA-061,5/27/2016,24,44,,,,BRDI2,29,NAPU4,,,,,,,,,,S,,0
SMA-11-01,TOKA,TOKA-061,5/27/2016,25,44,,,,AVBA,11,LIUS,,,,,,,,,,S,,0
SMA-11-01,TOKA,TOKA-061,5/27/2016,26,44,,,,AVBA,54,PHAQ,VUMY,BRDI2,NAPU4,,,,,,,S,,0
SMA-11-01,TOKA,TOKA-061,5/27/2016,27,44,,,,AVBA,50,BRDI2,,,,,,,,,,S,,0
SMA-11-01,TOKA,TOKA-061,5/27/2016,28,44,,,,NAPU4,50,LOPEM2,BETR,L,,,,,,,,S,,0
SMA-11-01,TOKA,TOKA-061,5/27/2016,29,44,,,,AVBA,60,NAPU4,LIUS,BRDI2,L,,,,,,,S,,0
SMA-11-01,TOKA,TOKA-061,5/27/2016,30,44,,,,AVBA,53,BRDI2,,,,,,,,,,S,,0
SMA-11-01,TOKA,TOKA-061,5/27/2016,31,44,,,,BRDI2,30,L,,,,,,,,,,S,,0
SMA-11-01,TOKA,TOKA-061,5/27/2016,32,44,,,,PHAQ,70,NAPU4,AVBA,BRDI2,,,,,,,,S,,0
SMA-11-01,TOKA,TOKA-061,5/27/2016,33,44,,,,NAPU4,72,L,,,,,,,,,,S,,0
SMA-11-01,TOKA,TOKA-061,5/27/2016,34,44,,,,PHAQ,25,BRDI2,L,,,,,,,,,S,,0
SMA-11-01,TOKA,TOKA-061,5/27/2016,35,44,,,,PHAQ,71,AVBA,BRDI2,L,,,,,,,,S,,0
SMA-11-01,TOKA,TOKA-061,5/27/2016,36,44,,,,AVBA,91,LOPEM2,BRDI2,,,,,,,,,S,,0
SMA-11-01,TOKA,TOKA-061,5/27/2016,37,44,,,,NAPU4,58,BRDI2,L,,,,,,,,,S,,0
SMA-11-01,TOKA,TOKA-061,5/27/2016,38,44,,,,NAPU4,62,CAPY2,L,,,,,,,,,S,,0
SMA-11-01,TOKA,TOKA-061,5/27/2016,39,44,,,,BRDI2,39,PLLA,,,,,,,,,,S,,0
SMA-11-01,TOKA,TOKA-061,5/27/2016,40,44,,,,BRDI2,21,NAPU4,,,,,,,,,,S,,0
SMA-11-01,TOKA,TOKA-061,5/27/2016,41,44,,,,AVBA,66,BRDI2,,,,,,,,,,S,,0
SMA-11-01,TOKA,TOKA-061,5/27/2016,42,44,,,,AVBA,98,BRDI2,,,,,,,,,,S,,0
SMA-11-01,TOKA,TOKA-061,5/27/2016,43,44,,,,NAPU4,73,BRDI2,L,,,,,,,,,S,,0
SMA-11-01,TOKA,TOKA-061,5/27/2016,44,44,,,,AVBA,62,CAPY2,L,,,,,,,,,S,,0
SMA-11-01,TOKA,TOKA-061,5/27/2016,45,44,,,,CLDO2,32,NAPU4,L,,,,,,,,,S,,0
SMA-11-01,TOKA,TOKA-061,5/27/2016,46,44,,,,NOPLANT,0,L,,,,,,,,,,S,,0
SMA-11-01,TOKA,TOKA-061,5/27/2016,47,44,,,,NAPU4,60,BRDI2,,,,,,,,,,S,,0
SMA-11-01,TOKA,TOKA-061,5/27/2016,48,44,,,,NAPU4,43,BRDI2,L,,,,,,,,,S,,0
SMA-11-01,TOKA,TOKA-061,5/27/2016,49,44,,,,LOPEM2,49,VUMY,BRDI2,,,,,,,,,S,,0
SMA-11-01,TOKA,TOKA-061,5/27/2016,50,44,,,,AVBA,60,BRDI2,L,,,,,,,,,S,,0
SMA-11-01,TOKA,TOKA-061,5/27/2016,1,224,,,,BRDI2,11,L,,,,,,,,,,S,,0
SMA-11-01,TOKA,TOKA-061,5/27/2016,2,224,,,,LOPEM2,42,BRDI2,,,,,,,,,,S,,0
SMA-11-01,TOKA,TOKA-061,5/27/2016,3,224,,,,AVBA,37,,,,,,,,,,,S,,0
SMA-11-01,TOKA,TOKA-061,5/27/2016,4,224,,,,BRDI2,31,VICIA,BRDI3,L,,,,,,,,S,,0
SMA-11-01,TOKA,TOKA-061,5/27/2016,5,224,,,,BRDI2,25,L,,,,,,,,,,S,,0
SMA-11-01,TOKA,TOKA-061,5/27/2016,6,224,,,,BRDI2,18,L,,,,,,,,,,S,,0
SMA-11-01,TOKA,TOKA-061,5/27/2016,7,224,,,,NOPLANT,0,L,,,,,,,,,,S,,0
SMA-11-01,TOKA,TOKA-061,5/27/2016,8,224,,,,BRDI2,41,L,,,,,,,,,,S,,0
SMA-11-01,TOKA,TOKA-061,5/27/2016,9,224,,,,BRDI2,41,BRHO2,L,,,,,,,,,S,,0
SMA-11-01,TOKA,TOKA-061,5/27/2016,10,224,,,,BRDI2,42,BRHO2,,,,,,,,,,S,,0
SMA-11-01,TOKA,TOKA-061,5/27/2016,11,224,,,,BRDI2,8,GALIU,SCCA2,,,,,,,,,S,,0
SMA-11-01,TOKA,TOKA-061,5/27/2016,12,224,,,,BRDI2,12,L,,,,,,,,,,S,,0
SMA-11-01,TOKA,TOKA-061,5/27/2016,13,224,,,,BRDI2,20,,,,,,,,,,,S,,0
SMA-11-01,TOKA,TOKA-061,5/27/2016,14,224,,,,NOPLANT,0,,,,,,,,,,,S,,0
SMA-11-01,TOKA,TOKA-061,5/27/2016,15,224,,,,PLLA,24,,,,,,,,,,,S,,0
SMA-11-01,TOKA,TOKA-061,5/27/2016,16,224,,,,BRDI2,35,L,,,,,,,,,,S,,0
SMA-11-01,TOKA,TOKA-061,5/27/2016,17,224,,,,BRDI2,45,DAGL,L,,,,,,,,,S,,0
SMA-11-01,TOKA,TOKA-061,5/27/2016,18,224,,,,BRDI2,25,L,,,,,,,,,,S,,0
SMA-11-01,TOKA,TOKA-061,5/27/2016,19,224,,,,NOPLANT,0,L,,,,,,,,,,S,,0
SMA-11-01,TOKA,TOKA-061,5/27/2016,20,224,,,,BRDI2,20,,,,,,,,,,,S,,0
SMA-11-01,TOKA,TOKA-061,5/27/2016,21,224,,,,NAPU4,24,BRDI2,L,,,,,,,,,S,,0
SMA-11-01,TOKA,TOKA-061,5/27/2016,22,224,,,,BRDI2,28,NAPU4,L,,,,,,,,,S,,0
SMA-11-01,TOKA,TOKA-061,5/27/2016,23,224,,,,BRCA5,95,BRDI2,,,,,,,,,,S,,0
SMA-11-01,TOKA,TOKA-061,5/27/2016,24,224,,,,BRDI2,37,PLLA,L,,,,,,,,,S,,0
SMA-11-01,TOKA,TOKA-061,5/27/2016,25,224,,,,PLLA,24,,,,,,,,,,,S,,0
SMA-11-01,TOKA,TOKA-061,5/27/2016,26,224,,,,BRDI2,34,L,,,,,,,,,,S,,0
SMA-11-01,TOKA,TOKA-061,5/27/2016,27,224,,,,BRDI2,23,PLLA,,,,,,,,,,S,,0
SMA-11-01,TOKA,TOKA-061,5/27/2016,28,224,,,,PLLA,21,L,,,,,,,,,,S,,0
SMA-11-01,TOKA,TOKA-061,5/27/2016,29,224,,,,BRDI2,26,PLLA,,,,,,,,,,S,,0
SMA-11-01,TOKA,TOKA-061,5/27/2016,30,224,,,,BRDI2,39,VUMY,LOCO6,PLLA,,,,,,,,S,,0
SMA-11-01,TOKA,TOKA-061,5/27/2016,31,224,,,,BRDI2,42,L,,,,,,,,,,S,,0
SMA-11-01,TOKA,TOKA-061,5/27/2016,32,224,,,,BRDI2,30,PLLA,,,,,,,,,,S,,0
SMA-11-01,TOKA,TOKA-061,5/27/2016,33,224,,,,BRDI2,30,PLLA,,,,,,,,,,S,,0
SMA-11-01,TOKA,TOKA-061,5/27/2016,34,224,,,,BRDI2,10,LOCO6,,,,,,,,,,S,,0
SMA-11-01,TOKA,TOKA-061,5/27/2016,35,224,,,,NAPU4,45,BRDI2,PLLA,,,,,,,,,S,,0
SMA-11-01,TOKA,TOKA-061,5/27/2016,36,224,,,,BRDI2,31,,,,,,,,,,,S,,0
SMA-11-01,TOKA,TOKA-061,5/27/2016,37,224,,,,NAPU4,19,PLLA,,,,,,,,,,S,,0
SMA-11-01,TOKA,TOKA-061,5/27/2016,38,224,,,,BRDI2,32,PLLA,,,,,,,,,,S,,0
SMA-11-01,TOKA,TOKA-061,5/27/2016,39,224,,,,PLLA,8,,,,,,,,,,,S,,0
SMA-11-01,TOKA,TOKA-061,5/27/2016,40,224,,,,AVBA,41,PLLA,BRDI2,,,,,,,,,S,,0
SMA-11-01,TOKA,TOKA-061,5/27/2016,41,224,,,,PLLA,29,BRDI2,L,,,,,,,,,S,,0
SMA-11-01,TOKA,TOKA-061,5/27/2016,42,224,,,,BRDI2,47,PLLA,,,,,,,,,,S,,0
SMA-11-01,TOKA,TOKA-061,5/27/2016,43,224,,,,BRDI2,31,AVBA,,,,,,,,,,S,,0
SMA-11-01,TOKA,TOKA-061,5/27/2016,44,224,,,,BRDI2,37,,,,,,,,,,,S,,0
SMA-11-01,TOKA,TOKA-061,5/27/2016,45,224,,,,BRDI2,27,PLLA,,,,,,,,,,S,,0
SMA-11-01,TOKA,TOKA-061,5/27/2016,46,224,,,,BRDI2,29,PLLA,,,,,,,,,,S,,0
SMA-11-01,TOKA,TOKA-061,5/27/2016,47,224,,,,BRDI2,20,PLLA,L,,,,,,,,,S,,0
SMA-11-01,TOKA,TOKA-061,5/27/2016,48,224,,,,BRDI2,24,,,,,,,,,,,S,,0
SMA-11-01,TOKA,TOKA-061,5/27/2016,49,224,,,,BRDI2,30,PLLA,,,,,,,,,,S,,0
SMA-11-01,TOKA,TOKA-061,5/27/2016,50,224,,,,BRDI2,32,,,,,,,,,,,S,,0
SMA-11-01,TOKA,TOKA-061,4/25/2018,1,44,BAPI,,,NOPLANT,NA,,,,,,,,,,,S,,0
SMA-11-01,TOKA,TOKA-061,4/25/2018,2,44,,,,BRDI2,7,LIBI5,L,,,,,,,,,S,,0
SMA-11-01,TOKA,TOKA-061,4/25/2018,3,44,,,,BRDI2,11,,,,,,,,,,,S,,0
SMA-11-01,TOKA,TOKA-061,4/25/2018,4,44,,,,BRDI2,21,ERCI6,VUBR,L,,,,,,,,S,,0
SMA-11-01,TOKA,TOKA-061,4/25/2018,5,44,,,,AVFA,23,CAPY2,BRDI2,L,,,,,,,,S,,0
SMA-11-01,TOKA,TOKA-061,4/25/2018,6,44,,,,BRDI3,28,DAPU3,BRDI2,L,,,,,,,,S,,0
SMA-11-01,TOKA,TOKA-061,4/25/2018,7,44,,,,BRDI3,10,L,,,,,,,,,,S,,0
SMA-11-01,TOKA,TOKA-061,4/25/2018,8,44,,,,BRDI2,7,L,,,,,,,,,,S,,0
SMA-11-01,TOKA,TOKA-061,4/25/2018,9,44,,,,BRDI2,15,DAPU3,L,,,,,,,,,S,,0
SMA-11-01,TOKA,TOKA-061,4/25/2018,10,44,,,,BRDI3,14,LIBI5,L,,,,,,,,,S,,0
SMA-11-01,TOKA,TOKA-061,4/25/2018,11,44,,,,AVFA,21,LIBI5,BRHO2,BRDI2,L,,,,,,,S,,0
SMA-11-01,TOKA,TOKA-061,4/25/2018,12,44,,,,BRDI2,23,AVFA,,,,,,,,,,S,,0
SMA-11-01,TOKA,TOKA-061,4/25/2018,13,44,,,,BRDI2,15,SOOL,L,,,,,,,,,S,,0
SMA-11-01,TOKA,TOKA-061,4/25/2018,14,44,,,,NOPLANT,NA,L,,,,,,,,,,S,,0
SMA-11-01,TOKA,TOKA-061,4/25/2018,15,44,,,,PLLA,5,L,,,,,,,,,,S,,0
SMA-11-01,TOKA,TOKA-061,4/25/2018,16,44,,,,LOPEM2,31,BRHO2,WL,,,,,,,,,S,,0
SMA-11-01,TOKA,TOKA-061,4/25/2018,17,44,,,,BRDI2,24,L,,,,,,,,,,S,,0
SMA-11-01,TOKA,TOKA-061,4/25/2018,18,44,,,,PIEC,9,,,,,,,,,,,PIEC,,0
SMA-11-01,TOKA,TOKA-061,4/25/2018,19,44,,,,PLLA,7,L,,,,,,,,,,S,,0
SMA-11-01,TOKA,TOKA-061,4/25/2018,20,44,,,,PLLA,26,BRHO2,BRDI2,L,,,,,,,,S,,0
SMA-11-01,TOKA,TOKA-061,4/25/2018,21,44,,,,BRDI2,19,PLLA,L,,,,,,,,,S,,0
SMA-11-01,TOKA,TOKA-061,4/25/2018,22,44,,,,PHAQ,14,BRDI2,PLLA,L,,,,,,,,S,,0
SMA-11-01,TOKA,TOKA-061,4/25/2018,23,44,,,,AVFA,33,BRDI2,LIBI5,L,,,,,,,,S,,0
SMA-11-01,TOKA,TOKA-061,4/25/2018,24,44,,,,PHAQ,23,BRDI2,LOPEM2,LIBI5,L,,,,,,,S,,0
SMA-11-01,TOKA,TOKA-061,4/25/2018,25,44,BAPI,,,PLLA,5,BRDI2,L,,,,,,,,,S,,0
SMA-11-01,TOKA,TOKA-061,4/25/2018,26,44,BAPI,,,BRDI2,11,L,,,,,,,,,,S,,0
SMA-11-01,TOKA,TOKA-061,4/25/2018,27,44,,,,AVFA,23,PLLA,BRDI2,L,,,,,,,,S,,0
SMA-11-01,TOKA,TOKA-061,4/25/2018,28,44,,,,NAPU4,19,NAPU4,,,,,,,,,,S,1,0
SMA-11-01,TOKA,TOKA-061,4/25/2018,29,44,,,,BRDI2,11,,,,,,,,,,,S,,0
SMA-11-01,TOKA,TOKA-061,4/25/2018,30,44,,,,SOAS,3,PLLA,BRDI2,L,,,,,,,,S,,0
SMA-11-01,TOKA,TOKA-061,4/25/2018,31,44,,,,AVFA,28,BRDI2,L,,,,,,,,,S,,0
SMA-11-01,TOKA,TOKA-061,4/25/2018,32,44,,,,BRDI2,19,ANAR,L,,,,,,,,,S,,0
SMA-11-01,TOKA,TOKA-061,4/25/2018,33,44,,,,BRDI2,25,AVFA,L,,,,,,,,,S,,0
SMA-11-01,TOKA,TOKA-061,4/25/2018,34,44,,,,DIFU2,25,PLLA,ANAR,L,,,,,,,,S,,0
SMA-11-01,TOKA,TOKA-061,4/25/2018,35,44,,,,AVFA,20,LOPEM2,BRDI2,L,,,,,,,,S,,0
SMA-11-01,TOKA,TOKA-061,4/25/2018,36,44,,,,BRDI2,11,L,,,,,,,,,,S,,0
SMA-11-01,TOKA,TOKA-061,4/25/2018,37,44,BAPI,,,NAPU4,19,BRDI2,L,,,,,,,,,S,,0
SMA-11-01,TOKA,TOKA-061,4/25/2018,38,44,,,,LIBI5,24,BRDI2,GEDI,L,,,,,,,,S,,0
SMA-11-01,TOKA,TOKA-061,4/25/2018,39,44,,,,AVFA,22,BRDI2,LOPEM2,L,,,,,,,,S,,0
SMA-11-01,TOKA,TOKA-061,4/25/2018,40,44,,,,PLLA,6,L,,,,,,,,,,S,,0
SMA-11-01,TOKA,TOKA-061,4/25/2018,41,44,DIAU,,,BRDI2,25,AVFA,L,,,,,,,,,S,,0
SMA-11-01,TOKA,TOKA-061,4/25/2018,42,44,,,,AVFA,30,BRDI2,GEDI,L,,,,,,,,S,,0
SMA-11-01,TOKA,TOKA-061,4/25/2018,43,44,DIAU,,,BRDI2,16,BRDI2,L,,,,,,,,,S,1,0
SMA-11-01,TOKA,TOKA-061,4/25/2018,44,44,,,,LOPEM2,30,BRDI2,LIBI5,L,,,,,,,,S,,0
SMA-11-01,TOKA,TOKA-061,4/25/2018,45,44,BAPI,,,BRDI2,9,CLDO2,BRDI2,L,,,,,,,,S,2,0
SMA-11-01,TOKA,TOKA-061,4/25/2018,46,44,BAPI,,,BRDI2,7,GALIU,L,,,,,,,,,S,,0
SMA-11-01,TOKA,TOKA-061,4/25/2018,47,44,BAPI,,,CLDO2,4,BRDI2,,,,,,,,,,AM,,0
SMA-11-01,TOKA,TOKA-061,4/25/2018,48,44,BAPI,,,BRDI2,24,CLDO2,L,,,,,,,,,S,,0
SMA-11-01,TOKA,TOKA-061,4/25/2018,49,44,BAPI,,,AVFA,33,BRDI2,L,,,,,,,,,S,,0
SMA-11-01,TOKA,TOKA-061,4/25/2018,50,44,BAPI,,,BRDI2,19,L,,,,,,,,,,S,,0
SMA-11-01,TOKA,TOKA-061,4/25/2018,1,224,BAPI,,,CAPU18,54,L,,,,,,,,,,S,,0
SMA-11-01,TOKA,TOKA-061,4/25/2018,2,224,BAPI,DIAU,,NOPLANT,NA,L,,,,,,,,,,S,,0
SMA-11-01,TOKA,TOKA-061,4/25/2018,3,224,,,,LOPEM2,30,L,,,,,,,,,,S,,0
SMA-11-01,TOKA,TOKA-061,4/25/2018,4,224,RUUR,,,NOPLANT,NA,L,,,,,,,,,,S,,0
SMA-11-01,TOKA,TOKA-061,4/25/2018,5,224,BAPI,RUUR,,NOPLANT,NA,L,,,,,,,,,,S,,0
SMA-11-01,TOKA,TOKA-061,4/25/2018,6,224,,,,BRDI2,5,L,,,,,,,,,,S,,1
SMA-11-01,TOKA,TOKA-061,4/25/2018,7,224,BAPI,,,BRDI2,5,L,,,,,,,,,,S,,1
SMA-11-01,TOKA,TOKA-061,4/25/2018,8,224,TODI,BAPI,,NOPLANT,NA,L,,,,,,,,,,S,,0
SMA-11-01,TOKA,TOKA-061,4/25/2018,9,224,BAPI,,,BRDI2,12,L,,,,,,,,,,S,,0
SMA-11-01,TOKA,TOKA-061,4/25/2018,10,224,,,,BRDI2,5,L,,,,,,,,,,S,,0
SMA-11-01,TOKA,TOKA-061,4/25/2018,11,224,BAPI,,,BRCA5,5,L,,,,,,,,,,S,,0
SMA-11-01,TOKA,TOKA-061,4/25/2018,12,224,DIAU,BAPI,,NOPLANT,NA,L,,,,,,,,,,S,,0
SMA-11-01,TOKA,TOKA-061,4/25/2018,13,224,BAPI,,,SYCH4,28,BRDI2,CLDO2,L,,,,,,,,S,,0
SMA-11-01,TOKA,TOKA-061,4/25/2018,14,224,BAPI,DIAU,,NOPLANT,NA,L,,,,,,,,,,S,,0
SMA-11-01,TOKA,TOKA-061,4/25/2018,15,224,BAPI,,,RUUR,12,L,,,,,,,,,,S,,0
SMA-11-01,TOKA,TOKA-061,4/25/2018,16,224,BAPI,,,BRDI2,17,L,,,,,,,,,,S,,0
SMA-11-01,TOKA,TOKA-061,4/25/2018,17,224,,,,NOPLANT,NA,L,,,,,,,,,,S,,0
SMA-11-01,TOKA,TOKA-061,4/25/2018,18,224,TODI,BAPI,,NOPLANT,NA,L,,,,,,,,,,S,,0
SMA-11-01,TOKA,TOKA-061,4/25/2018,19,224,RUUR,,,BRDI2,30,L,,,,,,,,,,BAPI,,0
SMA-11-01,TOKA,TOKA-061,4/25/2018,20,224,BAPI,,,PLLA,12,L,,,,,,,,,,S,,0
SMA-11-01,TOKA,TOKA-061,4/25/2018,21,224,,,,BRDI2,20,L,,,,,,,,,,S,,0
SMA-11-01,TOKA,TOKA-061,4/25/2018,22,224,BAPI,,,SIBE,26,BRDI2,L,,,,,,,,,S,1,0
SMA-11-01,TOKA,TOKA-061,4/25/2018,23,224,,,,CLDO2,14,PLLA,L,,,,,,,,,S,,0
SMA-11-01,TOKA,TOKA-061,4/25/2018,24,224,BAPI,,,NOPLANT,NA,L,,,,,,,,,,S,,0
SMA-11-01,TOKA,TOKA-061,4/25/2018,25,224,,,,LIBI5,3,PLLA,,,,,,,,,,S,,0
SMA-11-01,TOKA,TOKA-061,4/25/2018,26,224,,,,BRDI2,6,L,,,,,,,,,,S,,0
SMA-11-01,TOKA,TOKA-061,4/25/2018,27,224,BAPI,RUUR,,NOPLANT,NA,L,,,,,,,,,,S,,0
SMA-11-01,TOKA,TOKA-061,4/25/2018,28,224,,,,VUBR,20,LIBI5,LOCO6,L,,,,,,,,S,,0
SMA-11-01,TOKA,TOKA-061,4/25/2018,29,224,,,,BRDI2,10,LOCO6,PLLA,,,,,,,,,S,,0
SMA-11-01,TOKA,TOKA-061,4/25/2018,30,224,,,,NOPLANT,NA,,,,,,,,,,,S,,0
SMA-11-01,TOKA,TOKA-061,4/25/2018,31,224,,,,BRDI2,10,LOCO6,L,,,,,,,,,S,,0
SMA-11-01,TOKA,TOKA-061,4/25/2018,32,224,,,,PLLA,10,LOCO6,BRHO2,L,,,,,,,,S,,0
SMA-11-01,TOKA,TOKA-061,4/25/2018,33,224,,,,CRVET,3,,,,,,,,,,,S,,0
SMA-11-01,TOKA,TOKA-061,4/25/2018,34,224,,,,NAPU4,36,PLLA,L,,,,,,,,,S,,0
SMA-11-01,TOKA,TOKA-061,4/25/2018,35,224,,,,BRDI2,20,HYRA3,PLLA,L,,,,,,,,S,,0
SMA-11-01,TOKA,TOKA-061,4/25/2018,36,224,,,,RUUR,7,L,,,,,,,,,,S,,0
SMA-11-01,TOKA,TOKA-061,4/25/2018,37,224,,,,PLLA,9,L,,,,,,,,,,S,,0
SMA-11-01,TOKA,TOKA-061,4/25/2018,38,224,,,,BRDI2,25,LOCO6,PLLA,BRDI2,L,,,,,,,S,3,0
SMA-11-01,TOKA,TOKA-061,4/25/2018,39,224,,,,NAPU4,14,BRDI2,LOCO6,PLLA,L,,,,,,,S,,0
SMA-11-01,TOKA,TOKA-061,4/25/2018,40,224,,,,PLLA,25,MEPO3,LIBI5,L,,,,,,,,S,,0
SMA-11-01,TOKA,TOKA-061,4/25/2018,41,224,,,,PLLA,2,,,,,,,,,,,S,,0
SMA-11-01,TOKA,TOKA-061,4/25/2018,42,224,,,,PLLA,5,L,,,,,,,,,,S,,0
SMA-11-01,TOKA,TOKA-061,4/25/2018,43,224,,,,LOCO6,7,L,,,,,,,,,,S,,0
SMA-11-01,TOKA,TOKA-061,4/25/2018,44,224,,,,PLLA,7,L,,,,,,,,,,S,,0
SMA-11-01,TOKA,TOKA-061,4/25/2018,45,224,BAPI,,,PLLA,14,BRDI2,L,,,,,,,,,S,,0
SMA-11-01,TOKA,TOKA-061,4/25/2018,46,224,,,,BRDI2,6,L,,,,,,,,,,S,,0
SMA-11-01,TOKA,TOKA-061,4/25/2018,47,224,BAPI,,,BRDI2,3,L,,,,,,,,,,S,,0
SMA-11-01,TOKA,TOKA-061,4/25/2018,48,224,,,,PLLA,10,BRHO2,L,,,,,,,,,S,,0
SMA-11-01,TOKA,TOKA-061,4/25/2018,49,224,,,,BRDI2,15,PLLA,L,,,,,,,,,S,,0
SMA-11-01,TOKA,TOKA-061,4/25/2018,50,224,,,,BRDI2,20,BRDI2,L,,,,,,,,,S,1,0
SMA-11-01,TOKA,TOKA-061,6/4/2021,1,44,,,,BRDI2,10,VITE,PSCA13,,,,,,,,,S,,0
SMA-11-01,TOKA,TOKA-061,6/4/2021,2,44,BAPI,,,CALYS,80,BRDI2,LIBI5,,,,,,,,,S,,0
SMA-11-01,TOKA,TOKA-061,6/4/2021,3,44,BAPI,,,CALYS,100,BRDI2,2GA,,,,,,,,,S,2,0
SMA-11-01,TOKA,TOKA-061,6/4/2021,4,44,,,,LOPEM2,50,CEME2,CAPY2,LIBI5,L,,,,,,,S,,0
SMA-11-01,TOKA,TOKA-061,6/4/2021,5,44,,,,CAPY2,45,BRDI2,BRDI3,AVENA,L,,,,,,,S,,0
SMA-11-01,TOKA,TOKA-061,6/4/2021,6,44,,,,CAPY2,35,LOPEM2,LIBI5,BRDI2,L,,,,,,,S,,0
SMA-11-01,TOKA,TOKA-061,6/4/2021,7,44,,,,CAPY2,50,VISA,CEME2,LIBI5,L,,,,,,,S,,0
SMA-11-01,TOKA,TOKA-061,6/4/2021,8,44,,,,AVENA,50,CEME2,LIBI5,CAPY2,L,,,,,,,S,,0
SMA-11-01,TOKA,TOKA-061,6/4/2021,9,44,ARCA11,,,VISA,20,BRDI2,VITE,VUBR,L,,,,,,,S,,0
SMA-11-01,TOKA,TOKA-061,6/4/2021,10,44,ARCA11,,,LOPEM2,40,LIBI5,VUBR,ANAR,L,,,,,,,S,,0
SMA-11-01,TOKA,TOKA-061,6/4/2021,11,44,,,,AVENA,30,BRDI2,L,,,,,,,,,S,,0
SMA-11-01,TOKA,TOKA-061,6/4/2021,12,44,,,,CAPY2,25,DAPU3,BRDI2,L,,,,,,,,S,,0
SMA-11-01,TOKA,TOKA-061,6/4/2021,13,44,,,,AVENA,45,BRDI2,CEME2,L,,,,,,,,S,,0
SMA-11-01,TOKA,TOKA-061,6/4/2021,14,44,,,,ESCA2,18,CALYS,BRDI2,L,,,,,,,,S,,0
SMA-11-01,TOKA,TOKA-061,6/4/2021,15,44,,,,ERLA5,20,CALYS,DIFU2,ASTERA,L,,,,,,,S,,0
SMA-11-01,TOKA,TOKA-061,6/4/2021,16,44,,,,BRDI2,10,2GA,,,,,,,,,,S,1,0
SMA-11-01,TOKA,TOKA-061,6/4/2021,17,44,,,,PLLA,45,BRDI2,2GA,,,,,,,,,S,2,0
SMA-11-01,TOKA,TOKA-061,6/4/2021,18,44,,,,BRDI2,20,CALYS,PLLA,L,,,,,,,,S,,0
SMA-11-01,TOKA,TOKA-061,6/4/2021,19,44,,,,PHAQ,110,VISA,AVENA,PLLA,L,,,,,,,S,,0
SMA-11-01,TOKA,TOKA-061,6/4/2021,20,44,,,,LOPEM2,45,AVENA,BRDI2,2GA,,,,,,,,S,3,0
SMA-11-01,TOKA,TOKA-061,6/4/2021,21,44,DIAU,,,PHAQ,100,HYRA3,BRDI2,VISA,2GA,,,,,,,S,4,0
SMA-11-01,TOKA,TOKA-061,6/4/2021,22,44,,,,NAPU4,35,SONCH,BRHO2,BRDI2,,,,,,,,S,,0
SMA-11-01,TOKA,TOKA-061,6/4/2021,23,44,BAPI,,,PHAQ,70,BRDI2,LIBI5,L,,,,,,,,S,,0
SMA-11-01,TOKA,TOKA-061,6/4/2021,24,44,BAPI,,,PHAQ,100,BRDI2,LIBI5,ERCI6,2GRAM,,,,,,,S,4,0
SMA-11-01,TOKA,TOKA-061,6/4/2021,25,44,,,,BRDI2,30,AVENA,ANAR,SIBE,L,,,,,,,S,,0
SMA-11-01,TOKA,TOKA-061,6/4/2021,26,44,,,,PHAQ,70,AVENA,LIBI5,BRDI2,L,,,,,,,S,,0
SMA-11-01,TOKA,TOKA-061,6/4/2021,27,44,,,,PHAQ,85,PEKE,VISA,BRDI2,2GA,L,,,,,,S,4,0
SMA-11-01,TOKA,TOKA-061,6/4/2021,28,44,,,,PHAQ,80,PEKE,BRDI2,AVENA,,,,,,,,S,,0
SMA-11-01,TOKA,TOKA-061,6/4/2021,29,44,,,,PHAQ,80,SYCH4,BRDI2,AVENA,2GRAM,,,,,,,,4,0
SMA-11-01,TOKA,TOKA-061,6/4/2021,30,44,,,,PHAQ,75,AVENA,BRDI2,2GRAM,,,,,,,,S,3,0
SMA-11-01,TOKA,TOKA-061,6/4/2021,31,44,,,,BRDI2,25,PLLA,PEKE,2GRAM,L,,,,,,,S,3,0
SMA-11-01,TOKA,TOKA-061,6/4/2021,32,44,,,,AVENA,70,BRDI2,2GRAM,,,,,,,,,S,2,0
SMA-11-01,TOKA,TOKA-061,6/4/2021,33,44,,,,AVENA,70,LOPEM2,BRDI2,PEKE,2GRAM,,,,,,,S,4,0
SMA-11-01,TOKA,TOKA-061,6/4/2021,34,44,,,,AVENA,45,PEKE,BRDI2,LIBI5,2GRAM,,,,,,,S,4,0
SMA-11-01,TOKA,TOKA-061,6/4/2021,35,44,,,,CREPI,55,PIEC,PEKE,BRDI2,2GRAM,,,,,,,S,4,0
SMA-11-01,TOKA,TOKA-061,6/4/2021,36,44,,,,AVENA,75,BRDI2,LOPEM2,2GRAM,,,,,,,,S,3,0
SMA-11-01,TOKA,TOKA-061,6/4/2021,37,44,,,,PHAQ,90,PEKE,BRDI2,SONCH,2GRAM,,,,,,,S,4,0
SMA-11-01,TOKA,TOKA-061,6/4/2021,38,44,,,,MASA,45,LIBI5,BRDI2,2GRAM,,,,,,,,S,3,0
SMA-11-01,TOKA,TOKA-061,6/4/2021,39,44,,,,AVENA,83,BETR,MASA,BRDI2,2GRAM,,,,,,,S,4,0
SMA-11-01,TOKA,TOKA-061,6/4/2021,40,44,,,,AVENA,50,BRDI2,BETR,LOPEM2,2GRAM,,,,,,,S,4,0
SMA-11-01,TOKA,TOKA-061,6/4/2021,41,44,,,,LOPEM2,45,BETR,BRDI2,LIBI5,2GRAM,,,,,,,S,4,0
SMA-11-01,TOKA,TOKA-061,6/4/2021,42,44,,,,AVENA,65,BRDI2,PIEC,LIBI5,2GRAM,,,,,,,S,4,0
SMA-11-01,TOKA,TOKA-061,6/4/2021,43,44,,,,AVENA,70,MASA,BRDI2,LOPEM2,2GRAM,,,,,,,S,4,0
SMA-11-01,TOKA,TOKA-061,6/4/2021,44,44,,,,NAPU4,65,VISA,LOPEM2,MASA,2GRAM,,,,,,,S,4,0
SMA-11-01,TOKA,TOKA-061,6/4/2021,45,44,,,,AVENA,70,BRDI2,LIBI5,2GRAM,,,,,,,,S,3,0
SMA-11-01,TOKA,TOKA-061,6/4/2021,46,44,,,,AVENA,90,LOPEM2,BRDI2,VISA,2GRAM,,,,,,,S,4,0
SMA-11-01,TOKA,TOKA-061,6/4/2021,47,44,,,,AVENA,60,BRDI2,VISA,PIEC,2GRAM,,,,,,,S,4,0
SMA-11-01,TOKA,TOKA-061,6/4/2021,48,44,,,,AVENA,35,PIEC,LIBI5,BRDI2,2GRAM,,,,,,,S,4,0
SMA-11-01,TOKA,TOKA-061,6/4/2021,49,44,,,,AVENA,65,PIEC,VISA,LOPEM2,2GRAM,,,,,,,S,4,0
SMA-11-01,TOKA,TOKA-061,6/4/2021,50,44,,,,AVENA,70,PIEC,BRDI2,LOPEM2,2GRAM,,,,,,,S,4,0
SMA-11-01,TOKA,TOKA-061,6/4/2021,1,224,,,,,NA,,,,,,,,,,,,,0
SMA-11-01,TOKA,TOKA-061,6/4/2021,2,224,,,,,NA,,,,,,,,,,,,,0
SMA-11-01,TOKA,TOKA-061,6/4/2021,3,224,,,,,NA,,,,,,,,,,,,,0
SMA-11-01,TOKA,TOKA-061,6/4/2021,4,224,,,,,NA,,,,,,,,,,,,,0
SMA-11-01,TOKA,TOKA-061,6/4/2021,5,224,,,,,NA,,,,,,,,,,,,,0
SMA-11-01,TOKA,TOKA-061,6/4/2021,6,224,,,,,NA,,,,,,,,,,,,,0
SMA-11-01,TOKA,TOKA-061,6/4/2021,7,224,,,,,NA,,,,,,,,,,,,,0
SMA-11-01,TOKA,TOKA-061,6/4/2021,8,224,,,,,NA,,,,,,,,,,,,,0
SMA-11-01,TOKA,TOKA-061,6/4/2021,9,224,,,,,NA,,,,,,,,,,,,,0
SMA-11-01,TOKA,TOKA-061,6/4/2021,10,224,,,,,NA,,,,,,,,,,,,,0
SMA-11-01,TOKA,TOKA-061,6/4/2021,11,224,,,,,NA,,,,,,,,,,,,,0
SMA-11-01,TOKA,TOKA-061,6/4/2021,12,224,,,,,NA,,,,,,,,,,,,,0
SMA-11-01,TOKA,TOKA-061,6/4/2021,13,224,,,,,NA,,,,,,,,,,,,,0
SMA-11-01,TOKA,TOKA-061,6/4/2021,14,224,,,,,NA,,,,,,,,,,,,,0
SMA-11-01,TOKA,TOKA-061,6/4/2021,15,224,,,,,NA,,,,,,,,,,,,,0
SMA-11-01,TOKA,TOKA-061,6/4/2021,16,224,,,,,NA,,,,,,,,,,,,,0
SMA-11-01,TOKA,TOKA-061,6/4/2021,17,224,,,,,NA,,,,,,,,,,,,,0
SMA-11-01,TOKA,TOKA-061,6/4/2021,18,224,,,,,NA,,,,,,,,,,,,,0
SMA-11-01,TOKA,TOKA-061,6/4/2021,19,224,,,,,NA,,,,,,,,,,,,,0
SMA-11-01,TOKA,TOKA-061,6/4/2021,20,224,,,,,NA,,,,,,,,,,,,,0
SMA-11-01,TOKA,TOKA-061,6/4/2021,21,224,,,,,NA,,,,,,,,,,,,,0
SMA-11-01,TOKA,TOKA-061,6/4/2021,22,224,,,,,NA,,,,,,,,,,,,,0
SMA-11-01,TOKA,TOKA-061,6/4/2021,23,224,,,,,NA,,,,,,,,,,,,,0
SMA-11-01,TOKA,TOKA-061,6/4/2021,24,224,,,,,NA,,,,,,,,,,,,,0
SMA-11-01,TOKA,TOKA-061,6/4/2021,25,224,,,,,NA,,,,,,,,,,,,,0
SMA-11-01,TOKA,TOKA-061,6/4/2021,26,224,,,,,NA,,,,,,,,,,,,,0
SMA-11-01,TOKA,TOKA-061,6/4/2021,27,224,,,,,NA,,,,,,,,,,,,,0
SMA-11-01,TOKA,TOKA-061,6/4/2021,28,224,,,,,NA,,,,,,,,,,,,,0
SMA-11-01,TOKA,TOKA-061,6/4/2021,29,224,,,,,NA,,,,,,,,,,,,,0
SMA-11-01,TOKA,TOKA-061,6/4/2021,30,224,,,,,NA,,,,,,,,,,,,,0
SMA-11-01,TOKA,TOKA-061,6/4/2021,31,224,,,,,NA,,,,,,,,,,,,,0
SMA-11-01,TOKA,TOKA-061,6/4/2021,32,224,,,,,NA,,,,,,,,,,,,,0
SMA-11-01,TOKA,TOKA-061,6/4/2021,33,224,,,,,NA,,,,,,,,,,,,,0
SMA-11-01,TOKA,TOKA-061,6/4/2021,34,224,,,,,NA,,,,,,,,,,,,,0
SMA-11-01,TOKA,TOKA-061,6/4/2021,35,224,,,,,NA,,,,,,,,,,,,,0
SMA-11-01,TOKA,TOKA-061,6/4/2021,36,224,,,,,NA,,,,,,,,,,,,,0
SMA-11-01,TOKA,TOKA-061,6/4/2021,37,224,,,,,NA,,,,,,,,,,,,,0
SMA-11-01,TOKA,TOKA-061,6/4/2021,38,224,,,,,NA,,,,,,,,,,,,,0
SMA-11-01,TOKA,TOKA-061,6/4/2021,39,224,,,,,NA,,,,,,,,,,,,,0
SMA-11-01,TOKA,TOKA-061,6/4/2021,40,224,,,,,NA,,,,,,,,,,,,,0
SMA-11-01,TOKA,TOKA-061,6/4/2021,41,224,,,,,NA,,,,,,,,,,,,,0
SMA-11-01,TOKA,TOKA-061,6/4/2021,42,224,,,,,NA,,,,,,,,,,,,,0
SMA-11-01,TOKA,TOKA-061,6/4/2021,43,224,,,,,NA,,,,,,,,,,,,,0
SMA-11-01,TOKA,TOKA-061,6/4/2021,44,224,,,,,NA,,,,,,,,,,,,,0
SMA-11-01,TOKA,TOKA-061,6/4/2021,45,224,,,,,NA,,,,,,,,,,,,,0
SMA-11-01,TOKA,TOKA-061,6/4/2021,46,224,,,,,NA,,,,,,,,,,,,,0
SMA-11-01,TOKA,TOKA-061,6/4/2021,47,224,,,,,NA,,,,,,,,,,,,,0
SMA-11-01,TOKA,TOKA-061,6/4/2021,48,224,,,,,NA,,,,,,,,,,,,,0
SMA-11-01,TOKA,TOKA-061,6/4/2021,49,224,,,,,NA,,,,,,,,,,,,,0
SMA-11-01,TOKA,TOKA-061,6/4/2021,50,224,,,,,NA,,,,,,,,,,,,,0
SMA-11-01,TOKA,TOKA-061,7/5/2023,1,44,,,,VITE,22,BRDI2,DIAU,,,,,,,,,S,,0
SMA-11-01,TOKA,TOKA-061,7/5/2023,2,44,BAPI,,,LOPEM2,61,RUUR,,,,,,,,,,S,,0
SMA-11-01,TOKA,TOKA-061,7/5/2023,3,44,,,,VITE,37,RUUR,,,,,,,,,,S,,0
SMA-11-01,TOKA,TOKA-061,7/5/2023,4,44,,,,AVBA,60,RUUR,VITE,,,,,,,,,S,,0
SMA-11-01,TOKA,TOKA-061,7/5/2023,5,44,,,,AVBA,101,VITE,BRDI2,,,,,,,,,S,,0
SMA-11-01,TOKA,TOKA-061,7/5/2023,6,44,,,,LOPEM2,26,BAPI,BRDI2,VITE,,,,,,,,S,,0
SMA-11-01,TOKA,TOKA-061,7/5/2023,7,44,,,,NOPLANT,NA,,,,,,,,,,,S,,0
SMA-11-01,TOKA,TOKA-061,7/5/2023,8,44,,,,SACR2,37,ANAR,RUCR,,,,,,,,,S,,0
SMA-11-01,TOKA,TOKA-061,7/5/2023,9,44,,,,PLLA,19,ANAR,,,,,,,,,,S,,0
SMA-11-01,TOKA,TOKA-061,7/5/2023,10,44,,,,PLLA,25,GAPH2,ANAR,,,,,,,,,S,,0
SMA-11-01,TOKA,TOKA-061,7/5/2023,11,44,,,,VITE,41,LIBI5,PLLA,BRDI2,,,,,,,,S,,0
SMA-11-01,TOKA,TOKA-061,7/5/2023,12,44,,,,ANAR,3,,,,,,,,,,,S,,0
SMA-11-01,TOKA,TOKA-061,7/5/2023,13,44,,,,BRDI2,10,VUBR,LOCO6,VITE,PLLA,,,,,,,S,,0
SMA-11-01,TOKA,TOKA-061,7/5/2023,14,44,,,,VUBR,11,,,,,,,,,,,S,,0
SMA-11-01,TOKA,TOKA-061,7/5/2023,15,44,,,,NAPU4,37,PLLA,BRDI2,,,,,,,,,S,,0
SMA-11-01,TOKA,TOKA-061,7/5/2023,16,44,,,,AVBA,115,BRDI2,PLLA,,,,,,,,,S,,0
SMA-11-01,TOKA,TOKA-061,7/5/2023,17,44,,,,LOPEM2,60,BRDI2,,,,,,,,,,S,,0
SMA-11-01,TOKA,TOKA-061,7/5/2023,18,44,,,,NAPU4,61,AVBA,AVFA,BRHO2,BRDI2,L,,,,,,S,,0
SMA-11-01,TOKA,TOKA-061,7/5/2023,19,44,,,,AVFA,85,NAPU4,BRHO2,BRDI2,PLLA,L,,,,,,S,,0
SMA-11-01,TOKA,TOKA-061,7/5/2023,20,44,,,,BRHO2,45,BRDI2,VUBR,L,,,,,,,,S,,0
SMA-11-01,TOKA,TOKA-061,7/5/2023,21,44,,,,AVFA,60,BRHO2,BRDI2,LOCO6,,,,,,,,S,,0
SMA-11-01,TOKA,TOKA-061,7/5/2023,22,44,,,,NAPU4,72,BRHO2,LIBI5,LOPEM2,BRDI2,,,,,,,S,,0
SMA-11-01,TOKA,TOKA-061,7/5/2023,23,44,,,,NAPU4,54,LOPEM2,BRDI2,PLLA,,,,,,,,S,,0
SMA-11-01,TOKA,TOKA-061,7/5/2023,24,44,,,,NAPU4,55,PLLA,BRDI2,,,,,,,,,S,,0
SMA-11-01,TOKA,TOKA-061,7/5/2023,25,44,,,,AVBA,87,BRHO2,BRDI2,PLLA,VUBR,NAPU4,,,,,,S,,0
SMA-11-01,TOKA,TOKA-061,7/5/2023,26,44,,,,LIBI5,24,PLLA,,,,,,,,,,S,,0
SMA-11-01,TOKA,TOKA-061,7/5/2023,27,44,,,,AVFA,60,LIBI5,BRDI2,LOGA2,VUBR,,,,,,,S,,0
SMA-11-01,TOKA,TOKA-061,7/5/2023,28,44,,,,LIBI5,35,BRHO2,BRDI2,VUBR,,,,,,,,S,,0
SMA-11-01,TOKA,TOKA-061,7/5/2023,29,44,,,,LIBI5,30,BRDI2,,,,,,,,,,S,,0
SMA-11-01,TOKA,TOKA-061,7/5/2023,30,44,,,,LIBI5,46,PLLA,BRDI2,,,,,,,,,S,,0
SMA-11-01,TOKA,TOKA-061,7/5/2023,31,44,,,,AVFA,84,BRDI2,BETR,PLLA,,,,,,,,S,,0
SMA-11-01,TOKA,TOKA-061,7/5/2023,32,44,,,,BRHO2,36,LIBI5,NAPU4,GAPH2,,,,,,,,S,,0
SMA-11-01,TOKA,TOKA-061,7/5/2023,33,44,,,,NAPU4,41,BRHO2,VUBR,PLLA,BRDI2,,,,,,,S,,0
SMA-11-01,TOKA,TOKA-061,7/5/2023,34,44,,,,AVBA,50,BRHO2,VUBR,BRDI2,LOCO6,,,,,,,S,,0
SMA-11-01,TOKA,TOKA-061,7/5/2023,35,44,,,,AVBA,55,BRHO2,2GP,PLLA,,,,,,,,S,,0
SMA-11-01,TOKA,TOKA-061,7/5/2023,36,44,,,,AVBA,22,BRDI2,JUNCU,,,,,,,,,S,,0
SMA-11-01,TOKA,TOKA-061,7/5/2023,37,44,,,,VUBR,35,AVBA,BRDI2,GAPH2,LOCO6,L,,,,,,S,,0
SMA-11-01,TOKA,TOKA-061,7/5/2023,38,44,,,,SYCH4,15,BRMI2,,,,,,,,,,S,,0
SMA-11-01,TOKA,TOKA-061,7/5/2023,39,44,RUUR,,,VITE,21,,,,,,,,,,,S,,0
SMA-11-01,TOKA,TOKA-061,7/5/2023,40,44,,,,VITE,65,RUUR,,,,,,,,,,S,,0
SMA-11-01,TOKA,TOKA-061,7/5/2023,41,44,,,,VITE,41,RUUR,,,,,,,,,,S,,0
SMA-11-01,TOKA,TOKA-061,7/5/2023,42,44,,,,VITE,25,SACR2,BRMI2,,,,,,,,,S,,0
SMA-11-01,TOKA,TOKA-061,7/5/2023,43,44,,,,NAPU4,50,GAPH2,BRMI2,SYCH4,RUUR,,,,,,,S,,0
SMA-11-01,TOKA,TOKA-061,7/5/2023,44,44,,,,SACR2,74,VITE,RUUR,L,,,,,,,,S,,0
SMA-11-01,TOKA,TOKA-061,7/5/2023,45,44,,,,VITE,50,RUUR,COCO6,BRMI2,,,,,,,,S,,0
SMA-11-01,TOKA,TOKA-061,7/5/2023,46,44,,,,VITE,29,LOCO6,L,,,,,,,,,S,,0
SMA-11-01,TOKA,TOKA-061,7/5/2023,47,44,BAPI,,,VITE,59,RUUR,,,,,,,,,,S,,0
SMA-11-01,TOKA,TOKA-061,7/5/2023,48,44,,,,CIVU,50,,,,,,,,,,,S,,0
SMA-11-01,TOKA,TOKA-061,7/5/2023,49,44,,,,VITE,65,SACR2,RUUR,,,,,,,,,S,,0
SMA-11-01,TOKA,TOKA-061,7/5/2023,50,44,,,,VITE,35,RUUR,LOCO6,,,,,,,,,S,,0
SMA-11-01,TOKA,TOKA-061,7/5/2023,1,224,,,,BRDI2,30,AVBA,ANAR,,,,,,,,,S,,0
SMA-11-01,TOKA,TOKA-061,7/5/2023,2,224,,,,AVFA,77,BRDI2,LOPEM2,ANAR,,,,,,,,S,,0
SMA-11-01,TOKA,TOKA-061,7/5/2023,3,224,,,,BRDI3,31,BRDI2,FRVE,,,,,,,,,S,,0
SMA-11-01,TOKA,TOKA-061,7/5/2023,4,224,,,,CEME2,45,BRDI2,,,,,,,,,,S,,0
SMA-11-01,TOKA,TOKA-061,7/5/2023,5,224,,,,CEME2,38,BRDI2,,,,,,,,,,S,,0
SMA-11-01,TOKA,TOKA-061,7/5/2023,6,224,,,,NAPU4,64,AVFA,CEME2,BRDI2,,,,,,,,S,,0
SMA-11-01,TOKA,TOKA-061,7/5/2023,7,224,,,,BRDI2,35,,,,,,,,,,,S,,0
SMA-11-01,TOKA,TOKA-061,7/5/2023,8,224,,,,AVFA,85,CEME2,VUBR,CALYS,,,,,,,,S,,0
SMA-11-01,TOKA,TOKA-061,7/5/2023,9,224,,,,AVFA,51,BRDI3,BRDI2,,,,,,,,,S,,0
SMA-11-01,TOKA,TOKA-061,7/5/2023,10,224,,,,CEME2,36,BRDI2,VUBR,,,,,,,,,S,,0
SMA-11-01,TOKA,TOKA-061,7/5/2023,11,224,,,,BRDI2,10,,,,,,,,,,,S,,0
SMA-11-01,TOKA,TOKA-061,7/5/2023,12,224,,,,AVFA,60,,,,,,,,,,,S,,0
SMA-11-01,TOKA,TOKA-061,7/5/2023,13,224,,,,AVFA,56,BRDI3,BRDI2,CEME2,,,,,,,,S,,0
SMA-11-01,TOKA,TOKA-061,7/5/2023,14,224,,,,LOPEM2,36,AVFA,BRDI2,,,,,,,,,S,,0
SMA-11-01,TOKA,TOKA-061,7/5/2023,15,224,,,,AVFA,55,BRDI2,COAR4,,,,,,,,,S,,0
SMA-11-01,TOKA,TOKA-061,7/5/2023,16,224,,,,CAPY2,85,BRDI2,DAPU3,L,,,,,,,,S,,0
SMA-11-01,TOKA,TOKA-061,7/5/2023,17,224,,,,AVFA,70,LOPEM2,BRDI2,,,,,,,,,S,,0
SMA-11-01,TOKA,TOKA-061,7/5/2023,18,224,,,,PHAQ,101,AVFA,LOPEM2,NALE2,LIBI5,,,,,,,S,,0
SMA-11-01,TOKA,TOKA-061,7/5/2023,19,224,,,,NAPU4,75,PHAQ,PLLA,,,,,,,,,S,,0
SMA-11-01,TOKA,TOKA-061,7/5/2023,20,224,,,,NAPU4,84,AVFA,BRDI2,VISA,PLLA,,,,,,,S,,0
SMA-11-01,TOKA,TOKA-061,7/5/2023,21,224,,,,NALE2,60,AVFA,BRDI2,PLLA,,,,,,,,S,,0
SMA-11-01,TOKA,TOKA-061,7/5/2023,22,224,,,,NALE2,65,BRDI2,PLLA,ANAR,,,,,,,,S,,0
SMA-11-01,TOKA,TOKA-061,7/5/2023,23,224,,,,NAPU4,92,AVFA,TRAN6,BRDI2,PLLA,L,,,,,,S,,0
SMA-11-01,TOKA,TOKA-061,7/5/2023,24,224,,,,NAPU4,72,BRDI2,NALE2,PLLA,,,,,,,,S,,0
SMA-11-01,TOKA,TOKA-061,7/5/2023,25,224,,,,PHAQ,35,BRDI2,AVFA,PLLA,,,,,,,,S,,0
SMA-11-01,TOKA,TOKA-061,7/5/2023,26,224,,,,BRDI2,21,PLLA,,,,,,,,,,S,,0
SMA-11-01,TOKA,TOKA-061,7/5/2023,27,224,,,,BRDI2,67,NALE2,BAPI,ANAR,,,,,,,,S,,0
SMA-11-01,TOKA,TOKA-061,7/5/2023,28,224,,,,NAPU4,36,BRHO2,BRDI2,SANIC,,,,,,,,S,,0
SMA-11-01,TOKA,TOKA-061,7/5/2023,29,224,,,,NAPU4,60,LOPEM2,LIBI5,BRDI2,PLLA,,,,,,,S,,0
SMA-11-01,TOKA,TOKA-061,7/5/2023,30,224,,,,NAPU4,30,BRHO2,LIBI5,BRDI2,,,,,,,,S,,0
SMA-11-01,TOKA,TOKA-061,7/5/2023,31,224,,,,NAPU4,70,BRDI2,LOPEM2,PLLA,LIBI5,,,,,,,S,,0
SMA-11-01,TOKA,TOKA-061,7/5/2023,32,224,,,,AVFA,55,VUBR,BRDI2,LIBI5,BETR,,,,,,,S,,0
SMA-11-01,TOKA,TOKA-061,7/5/2023,33,224,,,,BRDI2,37,AVFA,,,,,,,,,,S,,0
SMA-11-01,TOKA,TOKA-061,7/5/2023,34,224,,,,AVFA,40,BRHO2,BRDI2,PLLA,L,,,,,,,S,,0
SMA-11-01,TOKA,TOKA-061,7/5/2023,35,224,,,,AVFA,82,PEKE,L,,,,,,,,,S,,0
SMA-11-01,TOKA,TOKA-061,7/5/2023,36,224,,,,BRDI2,60,NAPU4,,,,,,,,,,S,,0
SMA-11-01,TOKA,TOKA-061,7/5/2023,37,224,,,,NAPU4,83,BRDI2,,,,,,,,,,S,,0
SMA-11-01,TOKA,TOKA-061,7/5/2023,38,224,,,,LOPEM2,67,NAPU4,PLLA,BRDI2,,,,,,,,S,,0
SMA-11-01,TOKA,TOKA-061,7/5/2023,39,224,,,,PHAQ,110,BRDI2,GALIU,,,,,,,,,S,,0
SMA-11-01,TOKA,TOKA-061,7/5/2023,40,224,,,,NALE2,31,AVFA,BRDI2,,,,,,,,,S,,0
SMA-11-01,TOKA,TOKA-061,7/5/2023,41,224,,,,AVFA,34,BRDI2,L,,,,,,,,,S,,0
SMA-11-01,TOKA,TOKA-061,7/5/2023,42,224,,,,NALE2,45,AVFA,LIBI5,BRDI2,L,,,,,,,S,,0
SMA-11-01,TOKA,TOKA-061,7/5/2023,43,224,,,,NALE2,76,VISA,AVFA,BRDI2,,,,,,,,S,,0
SMA-11-01,TOKA,TOKA-061,7/5/2023,44,224,,,,AVBA,70,BRDI2,,,,,,,,,,S,,0
SMA-11-01,TOKA,TOKA-061,7/5/2023,45,224,,,,AVBA,75,BRDI2,VISA,,,,,,,,,S,,0
SMA-11-01,TOKA,TOKA-061,7/5/2023,46,224,,,,AVBA,74,BRDI2,NAPU4,L,,,,,,,,S,,0
SMA-11-01,TOKA,TOKA-061,7/5/2023,47,224,,,,AVBA,37,BRDI2,,,,,,,,,,S,,0
SMA-11-01,TOKA,TOKA-061,7/5/2023,48,224,,,,AVBA,47,BRDI2,DIAU,,,,,,,,,S,,0
SMA-11-01,TOKA,TOKA-061,7/5/2023,49,224,,,,AVBA,109,NALE2,LIBI5,BRDI2,CLDO2,,,,,,,S,,0
SMA-11-01,TOKA,TOKA-061,7/5/2023,50,224,BAPI,,,NALE2,46,VUBR,BRDI2,ANAR,CLDO2,,,,,,,S,,0
SMA-11-01,TOKA,TOKA-061,6/27/2024,1,224,RUUR,,,AVBA,45,GALIU,L,,,,,,,,,S,,0
SMA-11-01,TOKA,TOKA-061,6/27/2024,2,224,BAPI,RUUR,,BRDI2,30,GALIU,L,,,,,,,,,S,,0
SMA-11-01,TOKA,TOKA-061,6/27/2024,3,224,BAPI,RUUR,,GALIU,20,BRDI2,CLDO2,L,,,,,,,,S,,0
SMA-11-01,TOKA,TOKA-061,6/27/2024,4,224,,,,BRDI2,5,L,,,,,,,,,,S,,0
SMA-11-01,TOKA,TOKA-061,6/27/2024,5,224,,,,NOPLANT,NA,L,,,,,,,,,,S,,0
SMA-11-01,TOKA,TOKA-061,6/27/2024,6,224,,,,NOPLANT,NA,L,,,,,,,,,,S,,0
SMA-11-01,TOKA,TOKA-061,6/27/2024,7,224,,,,BRDI2,NA,L,,,,,,,,,,S,,0
SMA-11-01,TOKA,TOKA-061,6/27/2024,8,224,,,,GAPH2,15,GALIU,BRDI2,L,,,,,,,,S,,0
SMA-11-01,TOKA,TOKA-061,6/27/2024,9,224,BAPI,,,VUBR,25,PSCA13,L,,,,,,,,,S,,0
SMA-11-01,TOKA,TOKA-061,6/27/2024,10,224,BAPI,,,NOPLANT,NA,,,,,,,,,,,S,,0
SMA-11-01,TOKA,TOKA-061,6/27/2024,11,224,,,,NOPLANT,NA,L,,,,,,,,,,S,,0
SMA-11-01,TOKA,TOKA-061,6/27/2024,12,224,,,,BRDI2,5,,,,,,,,,,,S,,0
SMA-11-01,TOKA,TOKA-061,6/27/2024,13,224,,,,VUBR,3,L,,,,,,,,,,S,,0
SMA-11-01,TOKA,TOKA-061,6/27/2024,14,224,BAPI,,,BRDI2,10,L,,,,,,,,,,S,,0
SMA-11-01,TOKA,TOKA-061,6/27/2024,15,224,RUUR,,,BRDI2,5,L,,,,,,,,,,S,,0
SMA-11-01,TOKA,TOKA-061,6/27/2024,16,224,,,,PLLA,10,BRDI2,L,,,,,,,,,S,,0
SMA-11-01,TOKA,TOKA-061,6/27/2024,17,224,,,,NOPLANT,NA,L,,,,,,,,,,S,,0
SMA-11-01,TOKA,TOKA-061,6/27/2024,18,224,,,,PLLA,20,2GA,L,,,,,,,,,S,,0
SMA-11-01,TOKA,TOKA-061,6/27/2024,19,224,,,,PLLA,5,BRDI2,L,,,,,,,,,S,,0
SMA-11-01,TOKA,TOKA-061,6/27/2024,20,224,,,,BRDI2,8,L,,,,,,,,,,S,,0
SMA-11-01,TOKA,TOKA-061,6/27/2024,21,224,,,,NOPLANT,NA,L,,,,,,,,,,S,,0
SMA-11-01,TOKA,TOKA-061,6/27/2024,22,224,,,,PLLA,8,L,,,,,,,,,,S,,0
SMA-11-01,TOKA,TOKA-061,6/27/2024,23,224,,,,LIBI5,20,RUUR,BRDI2,VUBR,WL,,,,,,,S,,0
SMA-11-01,TOKA,TOKA-061,6/27/2024,24,224,,,,PLLA,8,BRDI2,L,,,,,,,,,S,,0
SMA-11-01,TOKA,TOKA-061,6/27/2024,25,224,,,,PLLA,18,BRDI2,L,,,,,,,,,S,,0
SMA-11-01,TOKA,TOKA-061,6/27/2024,26,224,,,,PLLA,7,LOCO6,BRDI2,L,,,,,,,,S,,0
SMA-11-01,TOKA,TOKA-061,6/27/2024,27,224,,,,PLLA,5,L,,,,,,,,,,S,,0
SMA-11-01,TOKA,TOKA-061,6/27/2024,28,224,,,,PLLA,4,BRDI2,L,,,,,,,,,S,,0
SMA-11-01,TOKA,TOKA-061,6/27/2024,29,224,BAPI,,,NOPLANT,NA,,,,,,,,,,,BAPI,,0
SMA-11-01,TOKA,TOKA-061,6/27/2024,30,224,,,,PLLA,10,L,,,,,,,,,,S,,0
SMA-11-01,TOKA,TOKA-061,6/27/2024,31,224,,,,BRDI2,7,PLLA,VUBR,L,,,,,,,,S,,0
SMA-11-01,TOKA,TOKA-061,6/27/2024,32,224,,,,NOPLANT,NA,L,,,,,,,,,,S,,0
SMA-11-01,TOKA,TOKA-061,6/27/2024,33,224,,,,VUBR,20,PLLA,LOCO6,L,,,,,,,,S,,0
SMA-11-01,TOKA,TOKA-061,6/27/2024,34,224,,,,NOPLANT,NA,L,,,,,,,,,,S,,0
SMA-11-01,TOKA,TOKA-061,6/27/2024,35,224,,,,BRCA5,30,L,,,,,,,,,,S,,0
SMA-11-01,TOKA,TOKA-061,6/27/2024,36,224,,,,VUBR,8,L,,,,,,,,,,S,,0
SMA-11-01,TOKA,TOKA-061,6/27/2024,37,224,BAPI,,,BRCA5,60,BRDI2,PLLA,VUBR,L,,,,,,,S,,0
SMA-11-01,TOKA,TOKA-061,6/27/2024,38,224,,,,PLLA,30,BRDI2,NAPU4,L,,,,,,,,S,,0
SMA-11-01,TOKA,TOKA-061,6/27/2024,39,224,,,,PLLA,20,LOCO6,BRDI2,L,,,,,,,,S,,0
SMA-11-01,TOKA,TOKA-061,6/27/2024,40,224,,,,PLLA,18,BRDI2,NAPU4,L,,,,,,,,S,,0
SMA-11-01,TOKA,TOKA-061,6/27/2024,41,224,,,,PLLA,15,L,,,,,,,,,,S,,0
SMA-11-01,TOKA,TOKA-061,6/27/2024,42,224,,,,PLLA,13,LOCO6,NAPU4,L,,,,,,,,S,,0
SMA-11-01,TOKA,TOKA-061,6/27/2024,43,224,,,,NOPLANT,NA,L,,,,,,,,,,S,,0
SMA-11-01,TOKA,TOKA-061,6/27/2024,44,224,,,,VUBR,25,PLLA,L,,,,,,,,,S,,0
SMA-11-01,TOKA,TOKA-061,6/27/2024,45,224,,,,PLLA,25,AVBA,L,,,,,,,,,S,,0
SMA-11-01,TOKA,TOKA-061,6/27/2024,46,224,,,,LOCO6,2,L,,,,,,,,,,S,,0
SMA-11-01,TOKA,TOKA-061,6/27/2024,47,224,,,,PLLA,4,L,,,,,,,,,,S,,0
SMA-11-01,TOKA,TOKA-061,6/27/2024,48,224,,,,PLLA,23,LOCO6,L,,,,,,,,,S,,0
SMA-11-01,TOKA,TOKA-061,6/27/2024,49,224,TODI,,,VUBR,30,L,,,,,,,,,,S,,0
SMA-11-01,TOKA,TOKA-061,6/27/2024,50,224,,,,CETE9,15,RUUR,VUBR,GAPH2,L,,,,,,,S,,0
SMA-11-01,TOKA,TOKA-061,6/27/2024,1,44,RUUR,,,VUBR,20,L,,,,,,,,,,S,,0
SMA-11-01,TOKA,TOKA-061,6/27/2024,2,44,,,,VUBR,25,CEME2,RUUR,BRDI2,L,,,,,,,S,,0
SMA-11-01,TOKA,TOKA-061,6/27/2024,3,44,,,,NOPLANT,NA,L,,,,,,,,,,S,,0
SMA-11-01,TOKA,TOKA-061,6/27/2024,4,44,,,,NOPLANT,NA,L,,,,,,,,,,S,,0
SMA-11-01,TOKA,TOKA-061,6/27/2024,5,44,,,,AVBA,20,L,,,,,,,,,,S,,0
SMA-11-01,TOKA,TOKA-061,6/27/2024,6,44,,,,NOPLANT,NA,L,,,,,,,,,,S,,0
SMA-11-01,TOKA,TOKA-061,6/27/2024,7,44,,,,CEME2,22,BRDI2,L,,,,,,,,,S,,0
SMA-11-01,TOKA,TOKA-061,6/27/2024,8,44,,,,CEME2,20,VUBR,L,,,,,,,,,S,,0
SMA-11-01,TOKA,TOKA-061,6/27/2024,9,44,,,,PSEUD43,15,CEME2,VUBR,L,,,,,,,,S,,0
SMA-11-01,TOKA,TOKA-061,6/27/2024,10,44,,,,NOPLANT,NA,L,,,,,,,,,,S,,0
SMA-11-01,TOKA,TOKA-061,6/27/2024,11,44,,,,BRHO2,40,CEME2,VUBR,L,,,,,,,,S,,0
SMA-11-01,TOKA,TOKA-061,6/27/2024,12,44,,,,AVBA,15,BRDI2,L,,,,,,,,,S,,0
SMA-11-01,TOKA,TOKA-061,6/27/2024,13,44,,,,CEME2,45,VUBR,L,,,,,,,,,S,,0
SMA-11-01,TOKA,TOKA-061,6/27/2024,14,44,,,,CEME2,55,BRHO2,,,,,,,,,,S,,0
SMA-11-01,TOKA,TOKA-061,6/27/2024,15,44,,,,CEME2,45,LIBI5,SOAS,BRDI2,L,,,,,,,S,,0
SMA-11-01,TOKA,TOKA-061,6/27/2024,16,44,,,,BRDI3,15,BRDI2,,,,,,,,,,S,,0
SMA-11-01,TOKA,TOKA-061,6/27/2024,17,44,,,,AVBA,55,LIBI5,BRDI2,,,,,,,,,R,,0
SMA-11-01,TOKA,TOKA-061,6/27/2024,18,44,,,,BRDI2,3,,,,,,,,,,,R,,0
SMA-11-01,TOKA,TOKA-061,6/27/2024,19,44,,,,NOPLANT,NA,L,,,,,,,,,,S,,0
SMA-11-01,TOKA,TOKA-061,6/27/2024,20,44,,,,BRDI2,40,DAPU3,CEME2,L,,,,,,,,S,,0
SMA-11-01,TOKA,TOKA-061,6/27/2024,21,44,,,,VUBR,35,BRDI2,AVBA,PLLA,L,,,,,,,S,,0
SMA-11-01,TOKA,TOKA-061,6/27/2024,22,44,,,,BRDI2,35,L,,,,,,,,,,S,,0
SMA-11-01,TOKA,TOKA-061,6/27/2024,23,44,,,,PLLA,55,AVBA,BRDI2,L,,,,,,,,S,,0
SMA-11-01,TOKA,TOKA-061,6/27/2024,24,44,,,,BRDI2,35,AVBA,L,,,,,,,,,S,,0
SMA-11-01,TOKA,TOKA-061,6/27/2024,25,44,,,,VISA,35,BRDI2,PLLA,L,,,,,,,,S,,0
SMA-11-01,TOKA,TOKA-061,6/27/2024,26,44,,,,BRDI2,28,PLLA,L,,,,,,,,,S,,0
SMA-11-01,TOKA,TOKA-061,6/27/2024,27,44,,,,SOAS,63,VUBR,BRDI2,L,,,,,,,,S,,0
SMA-11-01,TOKA,TOKA-061,6/27/2024,28,44,,,,PHAQ,85,VUBR,BRDI2,PLLA,L,,,,,,,S,,0
SMA-11-01,TOKA,TOKA-061,6/27/2024,29,44,,,,PHAQ,90,SOAS,BRDI2,LOCO6,L,,,,,,,S,,0
SMA-11-01,TOKA,TOKA-061,6/27/2024,30,44,,,,PHAQ,60,HYGL2,BRDI2,L,,,,,,,,S,,0
SMA-11-01,TOKA,TOKA-061,6/27/2024,31,44,,,,PHAQ,65,BRDI2,PLLA,NAPU4,L,,,,,,,S,,0
SMA-11-01,TOKA,TOKA-061,6/27/2024,32,44,,,,BRDI2,30,PLLA,L,,,,,,,,,S,,0
SMA-11-01,TOKA,TOKA-061,6/27/2024,33,44,,,,LOPEM2,32,PLLA,BRDI2,L,,,,,,,,S,,0
SMA-11-01,TOKA,TOKA-061,6/27/2024,34,44,,,,PEKE,48,NAPU4,BRDI2,PLLA,L,,,,,,,S,,0
SMA-11-01,TOKA,TOKA-061,6/27/2024,35,44,,,,BRDI2,39,LOCO6,L,,,,,,,,,S,,0
SMA-11-01,TOKA,TOKA-061,6/27/2024,36,44,,,,NAPU4,40,BRDI2,PLLA,L,,,,,,,,S,,0
SMA-11-01,TOKA,TOKA-061,6/27/2024,37,44,,,,LOPEM2,15,PLLA,,,,,,,,,,S,,0
SMA-11-01,TOKA,TOKA-061,6/27/2024,38,44,,,,PEKE,70,PLLA,,,,,,,,,,S,,0
SMA-11-01,TOKA,TOKA-061,6/27/2024,39,44,,,,PEKE,90,PLLA,LOPEM2,BRDI2,L,,,,,,,S,,0
SMA-11-01,TOKA,TOKA-061,6/27/2024,40,44,,,,PLLA,40,BRDI2,BRDI2,L,,,,,,,,S,2,0
SMA-11-01,TOKA,TOKA-061,6/27/2024,41,44,,,,PEKE,45,BRDI2,NAPU4,L,,,,,,,,S,,0
SMA-11-01,TOKA,TOKA-061,6/27/2024,42,44,,,,PEKE,60,VUBR,L,,,,,,,,,S,,0
SMA-11-01,TOKA,TOKA-061,6/27/2024,43,44,,,,PIEC,40,BRDI2,VUBR,L,,,,,,,,S,,0
SMA-11-01,TOKA,TOKA-061,6/27/2024,44,44,,,,BRDI2,52,VISA,VITE,PIEC,2GA,,,,,,,S,4,0
SMA-11-01,TOKA,TOKA-061,6/27/2024,45,44,,,,BRDI2,52,VISA,VITE,NAPU4,L,,,,,,,S,,0
SMA-11-01,TOKA,TOKA-061,6/27/2024,46,44,,,,PIEC,70,LOPEM2,2GA,,,,,,,,,S,2,0
SMA-11-01,TOKA,TOKA-061,6/27/2024,47,44,,,,AVBA,85,BRDI2,SIBE,L,,,,,,,,S,,0
SMA-11-01,TOKA,TOKA-061,6/27/2024,48,44,,,,PIEC,100,BRDI2,L,,,,,,,,,S,,0
SMA-11-01,TOKA,TOKA-061,6/27/2024,49,44,,,,PIEC,65,BRDI2,LOPEM2,CLDO2,L,,,,,,,S,,0
SMA-11-01,TOKA,TOKA-061,6/27/2024,50,44,,,,PIEC,101,LOPEM2,BRDI2,CLDO2,L,,,,,,,S,,0
SMA-11-01,TOKA,TOKA-064,6/27/2016,1,130,,,,BRHO2,29,VUBR,L,,,,,,,,,S,,0
SMA-11-01,TOKA,TOKA-064,6/27/2016,2,130,,,,BRDI3,35,LIUS,LOPEM2,L,,,,,,,,S,,0
SMA-11-01,TOKA,TOKA-064,6/27/2016,3,130,,,,VUBR,15,L,,,,,,,,,,S,,0
SMA-11-01,TOKA,TOKA-064,6/27/2016,4,130,,,,BRDI3,68,L,,,,,,,,,,S,,0
SMA-11-01,TOKA,TOKA-064,6/27/2016,5,130,,,,BRHO2,25,VUBR,L,,,,,,,,,S,,0
SMA-11-01,TOKA,TOKA-064,6/27/2016,6,130,,,,NOPLANT,0,,,,,,,,,,,TODI,,0
SMA-11-01,TOKA,TOKA-064,6/27/2016,7,130,,,,CAPY2,40,VUBR,L,,,,,,,,,S,,0
SMA-11-01,TOKA,TOKA-064,6/27/2016,8,130,,,,VUBR,37,BRHO2,L,,,,,,,,,S,,0
SMA-11-01,TOKA,TOKA-064,6/27/2016,9,130,,,,BRDI3,30,VUBR,L,,,,,,,,,S,,0
SMA-11-01,TOKA,TOKA-064,6/27/2016,10,130,,,,BRDI3,60,VUBR,GEDI,L,,,,,,,,S,,0
SMA-11-01,TOKA,TOKA-064,6/27/2016,11,130,,,,BRDI3,64,GEDI,L,,,,,,,,,S,,0
SMA-11-01,TOKA,TOKA-064,6/27/2016,12,130,,,,BRDI3,51,VUBR,L,,,,,,,,,S,,0
SMA-11-01,TOKA,TOKA-064,6/27/2016,13,130,,,,BRDI3,72,MASA,L,,,,,,,,,S,,0
SMA-11-01,TOKA,TOKA-064,6/27/2016,14,130,,,,BRDI3,69,GEDI,L,,,,,,,,,S,,0
SMA-11-01,TOKA,TOKA-064,6/27/2016,15,130,,,,BRDI3,70,CAPY2,L,,,,,,,,,S,,0
SMA-11-01,TOKA,TOKA-064,6/27/2016,16,130,,,,BRDI3,40,LOPEM2,L,,,,,,,,,S,,0
SMA-11-01,TOKA,TOKA-064,6/27/2016,17,130,,,,LOPEM2,48,VUBR,L,,,,,,,,,S,,0
SMA-11-01,TOKA,TOKA-064,6/27/2016,18,130,,,,VUBR,20,GEDI,,,,,,,,,,S,,0
SMA-11-01,TOKA,TOKA-064,6/27/2016,19,130,,,,LOPEM2,15,GEDI,L,,,,,,,,,S,,0
SMA-11-01,TOKA,TOKA-064,6/27/2016,20,130,,,,TORIL,20,L,,,,,,,,,,S,,0
SMA-11-01,TOKA,TOKA-064,6/27/2016,21,130,,,,LOPEM2,46,VUBR,BRDI3,VICIA,L,,,,,,,S,,0
SMA-11-01,TOKA,TOKA-064,6/27/2016,22,130,,,,BRDI3,36,TARAX,GEDI,L,,,,,,,,S,,0
SMA-11-01,TOKA,TOKA-064,6/27/2016,23,130,,,,LOPEM2,26,MASA,L,,,,,,,,,S,,0
SMA-11-01,TOKA,TOKA-064,6/27/2016,24,130,,,,TORIL,26,,,,,,,,,,,S,,0
SMA-11-01,TOKA,TOKA-064,6/27/2016,25,130,,,,BRDI3,20,TOAR,L,,,,,,,,,S,,0
SMA-11-01,TOKA,TOKA-064,6/27/2016,26,130,,,,VUBR,40,GEDI,L,,,,,,,,,S,,0
SMA-11-01,TOKA,TOKA-064,6/27/2016,27,130,,,,VUBR,15,TORIL,L,,,,,,,,,S,,0
SMA-11-01,TOKA,TOKA-064,6/27/2016,28,130,,,,VUBR,26,L,,,,,,,,,,S,,0
SMA-11-01,TOKA,TOKA-064,6/27/2016,29,130,,,,BRHO2,19,L,,,,,,,,,,S,,0
SMA-11-01,TOKA,TOKA-064,6/27/2016,30,130,,,,LIUS,66,L,,,,,,,,,,S,,0
SMA-11-01,TOKA,TOKA-064,6/27/2016,31,130,,,,BRDI3,15,L,,,,,,,,,,S,,0
SMA-11-01,TOKA,TOKA-064,6/27/2016,32,130,,,,BRDI3,51,CAPY2,L,,,,,,,,,S,,0
SMA-11-01,TOKA,TOKA-064,6/27/2016,33,130,,,,LOPEM2,64,BRDI3,VUBR,L,,,,,,,,S,,0
SMA-11-01,TOKA,TOKA-064,6/27/2016,34,130,,,,BRDI3,32,BRDI2,VUBR,L,,,,,,,,S,,0
SMA-11-01,TOKA,TOKA-064,6/27/2016,35,130,,,,BRDI3,38,L,,,,,,,,,,S,,0
SMA-11-01,TOKA,TOKA-064,6/27/2016,36,130,,,,LOPEM2,48,BRDI3,L,,,,,,,,,S,,0
SMA-11-01,TOKA,TOKA-064,6/27/2016,37,130,,,,BRDI3,11,L,,,,,,,,,,S,,0
SMA-11-01,TOKA,TOKA-064,6/27/2016,38,130,,,,BRDI3,21,VICIA,VUBR,L,,,,,,,,S,,0
SMA-11-01,TOKA,TOKA-064,6/27/2016,39,130,,,,LIUS,39,VUBR,L,,,,,,,,,S,,0
SMA-11-01,TOKA,TOKA-064,6/27/2016,40,130,,,,LOPEM2,21,L,,,,,,,,,,S,,0
SMA-11-01,TOKA,TOKA-064,6/27/2016,41,130,,,,LOPEM2,32,MASA,,,,,,,,,,S,,0
SMA-11-01,TOKA,TOKA-064,6/27/2016,42,130,,,,LIUS,30,GEDI,BRHO2,,,,,,,,,S,,0
SMA-11-01,TOKA,TOKA-064,6/27/2016,43,130,,,,BRDI3,49,TRDU2,VUBR,L,,,,,,,,S,,0
SMA-11-01,TOKA,TOKA-064,6/27/2016,44,130,,,,TARAX,40,LIUS,VUBR,L,,,,,,,,S,,0
SMA-11-01,TOKA,TOKA-064,6/27/2016,45,130,,,,BRDI3,46,BRHO2,BRDI2,L,,,,,,,,S,,0
SMA-11-01,TOKA,TOKA-064,6/27/2016,46,130,,,,BRDI3,64,BRDI2,VUBR,L,,,,,,,,S,,0
SMA-11-01,TOKA,TOKA-064,6/27/2016,47,130,,,,BRDI3,11,L,,,,,,,,,,S,,0
SMA-11-01,TOKA,TOKA-064,6/27/2016,48,130,,,,BRDI3,77,CAPY2,VUBR,L,,,,,,,,S,,0
SMA-11-01,TOKA,TOKA-064,6/27/2016,49,130,,,,LOPEM2,40,LIUS,VUBR,,,,,,,,,S,,0
SMA-11-01,TOKA,TOKA-064,6/27/2016,50,130,,,,TARAX,16,LIUS,VUBR,L,,,,,,,,S,,0
SMA-11-01,TOKA,TOKA-064,6/27/2016,1,NA,,,,,NA,,,,,,,,,,,,,0
SMA-11-01,TOKA,TOKA-064,6/27/2016,2,NA,,,,,NA,,,,,,,,,,,,,0
SMA-11-01,TOKA,TOKA-064,6/27/2016,3,NA,,,,,NA,,,,,,,,,,,,,0
SMA-11-01,TOKA,TOKA-064,6/27/2016,4,NA,,,,,NA,,,,,,,,,,,,,0
SMA-11-01,TOKA,TOKA-064,6/27/2016,5,NA,,,,,NA,,,,,,,,,,,,,0
SMA-11-01,TOKA,TOKA-064,6/27/2016,6,NA,,,,,NA,,,,,,,,,,,,,0
SMA-11-01,TOKA,TOKA-064,6/27/2016,7,NA,,,,,NA,,,,,,,,,,,,,0
SMA-11-01,TOKA,TOKA-064,6/27/2016,8,NA,,,,,NA,,,,,,,,,,,,,0
SMA-11-01,TOKA,TOKA-064,6/27/2016,9,NA,,,,,NA,,,,,,,,,,,,,0
SMA-11-01,TOKA,TOKA-064,6/27/2016,10,NA,,,,,NA,,,,,,,,,,,,,0
SMA-11-01,TOKA,TOKA-064,6/27/2016,11,NA,,,,,NA,,,,,,,,,,,,,0
SMA-11-01,TOKA,TOKA-064,6/27/2016,12,NA,,,,,NA,,,,,,,,,,,,,0
SMA-11-01,TOKA,TOKA-064,6/27/2016,13,NA,,,,,NA,,,,,,,,,,,,,0
SMA-11-01,TOKA,TOKA-064,6/27/2016,14,NA,,,,,NA,,,,,,,,,,,,,0
SMA-11-01,TOKA,TOKA-064,6/27/2016,15,NA,,,,,NA,,,,,,,,,,,,,0
SMA-11-01,TOKA,TOKA-064,6/27/2016,16,NA,,,,,NA,,,,,,,,,,,,,0
SMA-11-01,TOKA,TOKA-064,6/27/2016,17,NA,,,,,NA,,,,,,,,,,,,,0
SMA-11-01,TOKA,TOKA-064,6/27/2016,18,NA,,,,,NA,,,,,,,,,,,,,0
SMA-11-01,TOKA,TOKA-064,6/27/2016,19,NA,,,,,NA,,,,,,,,,,,,,0
SMA-11-01,TOKA,TOKA-064,6/27/2016,20,NA,,,,,NA,,,,,,,,,,,,,0
SMA-11-01,TOKA,TOKA-064,6/27/2016,21,NA,,,,,NA,,,,,,,,,,,,,0
SMA-11-01,TOKA,TOKA-064,6/27/2016,22,NA,,,,,NA,,,,,,,,,,,,,0
SMA-11-01,TOKA,TOKA-064,6/27/2016,23,NA,,,,,NA,,,,,,,,,,,,,0
SMA-11-01,TOKA,TOKA-064,6/27/2016,24,NA,,,,,NA,,,,,,,,,,,,,0
SMA-11-01,TOKA,TOKA-064,6/27/2016,25,NA,,,,,NA,,,,,,,,,,,,,0
SMA-11-01,TOKA,TOKA-064,6/27/2016,26,NA,,,,,NA,,,,,,,,,,,,,0
SMA-11-01,TOKA,TOKA-064,6/27/2016,27,NA,,,,,NA,,,,,,,,,,,,,0
SMA-11-01,TOKA,TOKA-064,6/27/2016,28,NA,,,,,NA,,,,,,,,,,,,,0
SMA-11-01,TOKA,TOKA-064,6/27/2016,29,NA,,,,,NA,,,,,,,,,,,,,0
SMA-11-01,TOKA,TOKA-064,6/27/2016,30,NA,,,,,NA,,,,,,,,,,,,,0
SMA-11-01,TOKA,TOKA-064,6/27/2016,31,NA,,,,,NA,,,,,,,,,,,,,0
SMA-11-01,TOKA,TOKA-064,6/27/2016,32,NA,,,,,NA,,,,,,,,,,,,,0
SMA-11-01,TOKA,TOKA-064,6/27/2016,33,NA,,,,,NA,,,,,,,,,,,,,0
SMA-11-01,TOKA,TOKA-064,6/27/2016,34,NA,,,,,NA,,,,,,,,,,,,,0
SMA-11-01,TOKA,TOKA-064,6/27/2016,35,NA,,,,,NA,,,,,,,,,,,,,0
SMA-11-01,TOKA,TOKA-064,6/27/2016,36,NA,,,,,NA,,,,,,,,,,,,,0
SMA-11-01,TOKA,TOKA-064,6/27/2016,37,NA,,,,,NA,,,,,,,,,,,,,0
SMA-11-01,TOKA,TOKA-064,6/27/2016,38,NA,,,,,NA,,,,,,,,,,,,,0
SMA-11-01,TOKA,TOKA-064,6/27/2016,39,NA,,,,,NA,,,,,,,,,,,,,0
SMA-11-01,TOKA,TOKA-064,6/27/2016,40,NA,,,,,NA,,,,,,,,,,,,,0
SMA-11-01,TOKA,TOKA-064,6/27/2016,41,NA,,,,,NA,,,,,,,,,,,,,0
SMA-11-01,TOKA,TOKA-064,6/27/2016,42,NA,,,,,NA,,,,,,,,,,,,,0
SMA-11-01,TOKA,TOKA-064,6/27/2016,43,NA,,,,,NA,,,,,,,,,,,,,0
SMA-11-01,TOKA,TOKA-064,6/27/2016,44,NA,,,,,NA,,,,,,,,,,,,,0
SMA-11-01,TOKA,TOKA-064,6/27/2016,45,NA,,,,,NA,,,,,,,,,,,,,0
SMA-11-01,TOKA,TOKA-064,6/27/2016,46,NA,,,,,NA,,,,,,,,,,,,,0
SMA-11-01,TOKA,TOKA-064,6/27/2016,47,NA,,,,,NA,,,,,,,,,,,,,0
SMA-11-01,TOKA,TOKA-064,6/27/2016,48,NA,,,,,NA,,,,,,,,,,,,,0
SMA-11-01,TOKA,TOKA-064,6/27/2016,49,NA,,,,,NA,,,,,,,,,,,,,0
SMA-11-01,TOKA,TOKA-064,6/27/2016,50,NA,,,,,NA,,,,,,,,,,,,,0
SMA-11-01,TOKA,TOKA-064,5/30/2018,1,130,TODI,,,VIHI,60,VUBR,BRDI3,L,,,,,,,,S,,0
SMA-11-01,TOKA,TOKA-064,5/30/2018,2,130,TODI,,,VIHI,49,BRDI3,GEDI,L,,,,,,,,S,,0
SMA-11-01,TOKA,TOKA-064,5/30/2018,3,130,TODI,,,COMA2,109,VIHI,BRDI3,GEDI,L,,,,,,,S,,0
SMA-11-01,TOKA,TOKA-064,5/30/2018,4,130,,,,BRDI3,54,COMA2,CAPY2,GEDI,L,,,,,,,S,,0
SMA-11-01,TOKA,TOKA-064,5/30/2018,5,130,,,,CAPY2,74,LOPEM2,BRDI3,VUBR,GEDI,,L,,,,,S,,0
SMA-11-01,TOKA,TOKA-064,5/30/2018,6,130,TODI,,,BRDI3,104,COMA2,GEDI,TRDU2,L,,,,,,,S,,0
SMA-11-01,TOKA,TOKA-064,5/30/2018,7,130,,,,LOPEM2,73,BRDI2,TRDU2,VUBR,GEDI,L,,,,,,S,,0
SMA-11-01,TOKA,TOKA-064,5/30/2018,8,130,TODI,,,GEDI,51,MAFA3,BRDI3,L,,,,,,,,S,,0
SMA-11-01,TOKA,TOKA-064,5/30/2018,9,130,TODI,,,BRDI3,55,GEDI,VUBR,L,,,,,,,,S,,0
SMA-11-01,TOKA,TOKA-064,5/30/2018,10,130,TODI,,,COMA2,99,GEDI,GAAP2,2GA,,,,,,,,S,3,0
SMA-11-01,TOKA,TOKA-064,5/30/2018,11,130,,,,LOPEM2,52,GEDI,VUBR,L,,,,,,,,S,,0
SMA-11-01,TOKA,TOKA-064,5/30/2018,12,130,TODI,,,BRDI3,45,VUBR,COMA2,2GA,,,,,,,,S,3,0
SMA-11-01,TOKA,TOKA-064,5/30/2018,13,130,,,,VIHI,53,BRDI3,LOPEM2,ACMO2,L,,,,,,,S,,0
SMA-11-01,TOKA,TOKA-064,5/30/2018,14,130,TODI,,,LOPEM2,75,GEDI,COMA2,L,,,,,,,,S,,0
SMA-11-01,TOKA,TOKA-064,5/30/2018,15,130,TODI,,,LOPEM2,48,TOAR,GEDI,BRDI3,2GA,,,,,,,S,4,0
SMA-11-01,TOKA,TOKA-064,5/30/2018,16,130,TODI,,,VUBR,40,GEDI,GAAP2,L,,,,,,,,S,,0
SMA-11-01,TOKA,TOKA-064,5/30/2018,17,130,TODI,,,LOPEM2,67,VIHI,TOAR,GEDI,L,,,,,,,S,,0
SMA-11-01,TOKA,TOKA-064,5/30/2018,18,130,,,,LOPEM2,56,VUBR,GEDI,2GA,,,,,,,,S,3,0
SMA-11-01,TOKA,TOKA-064,5/30/2018,19,130,,,,LOPEM2,41,BRDI3,2GA,,,,,,,,,S,2,0
SMA-11-01,TOKA,TOKA-064,5/30/2018,20,130,,,,BRDI3,23,L,,,,,,,,,,S,,0
SMA-11-01,TOKA,TOKA-064,5/30/2018,21,130,,,,BRDI3,55,VUBR,LIBI5,L,,,,,,,,S,,0
SMA-11-01,TOKA,TOKA-064,5/30/2018,22,130,TODI,,,LOPEM2,94,VIHI,CAPY2,GEDI,2GA,,,,,,,S,4,0
SMA-11-01,TOKA,TOKA-064,5/30/2018,23,130,TODI,,,BRDI3,58,LOPEM2,TOAR,VIHI,VISA,GEDI,VUBR,GAAP2,2GA,,,S,8,0
SMA-11-01,TOKA,TOKA-064,5/30/2018,24,130,TODI,,,LOPEM2,65,BRDI3,L,,,,,,,,,S,,0
SMA-11-01,TOKA,TOKA-064,5/30/2018,25,130,,,,LOPEM2,80,BRDI3,GEDI,TODI,CAPY2,2GA,,,,,,S,5,0
SMA-11-01,TOKA,TOKA-064,5/30/2018,26,130,TODI,,,LOPEM2,74,BRDI3,VUBR,GEDI,GAAP2,L,,,,,,,,0
SMA-11-01,TOKA,TOKA-064,5/30/2018,27,130,,,,MAFA3,56,LOPEM2,VIHI,TOAR,GEDI,2GA,,,,,,S,5,0
SMA-11-01,TOKA,TOKA-064,5/30/2018,28,130,,,,BRDI3,32,VUBR,HYRA3,2GA,,,,,,,,S,3,0
SMA-11-01,TOKA,TOKA-064,5/30/2018,29,130,,,,LOPEM2,67,VIHI,BRDI3,TOAR,VUBR,2GA,,,,,,S,5,0
SMA-11-01,TOKA,TOKA-064,5/30/2018,30,130,,,,BRDI3,85,LOPEM2,VIHI,TOAR,L,,,,,,,S,,0
SMA-11-01,TOKA,TOKA-064,5/30/2018,31,130,RUUR,,,BRDI3,87,CAPY2,GEDI,L,,,,,,,,S,,0
SMA-11-01,TOKA,TOKA-064,5/30/2018,32,130,,,,LOPEM2,86,BRDI3,PHAQ,RUUR,TOAR,VIHI,PHAQ,,,,,S,6,0
SMA-11-01,TOKA,TOKA-064,5/30/2018,33,130,TODI,,,BRDI2,69,VIHI,LOPEM2,BRDI3,L,,,,,,,S,,0
SMA-11-01,TOKA,TOKA-064,5/30/2018,34,130,,,,LOPEM2,40,BRDI3,TOAR,RUUR,L,,,,,,,S,,0
SMA-11-01,TOKA,TOKA-064,5/30/2018,35,130,,,,LOPEM2,41,BRDI3,CRVET,2GA,,,,,,,,S,3,0
SMA-11-01,TOKA,TOKA-064,5/30/2018,36,130,,,,BRDI3,52,TOAR,VUBR,LOPEM2,VIHI,GEDI,2GA,L,,,,S,6,0
SMA-11-01,TOKA,TOKA-064,5/30/2018,37,130,TODI,,,LOPEM2,80,PHAQ,BRDI3,VIHI,PHAQ,L,,,,,,S,,0
SMA-11-01,TOKA,TOKA-064,5/30/2018,38,130,,,,BRDI3,40,VIHI,RUAC3,GEDI,2GA,L,,,,,,S,4,0
SMA-11-01,TOKA,TOKA-064,5/30/2018,39,130,,,,BRDI3,31,TOAR,VISA,2GA,L,,,,,,,S,3,0
SMA-11-01,TOKA,TOKA-064,5/30/2018,40,130,,,,BRDI3,50,CYEC,AICA,VUBR,GEDI,HYRA3,L,,,,,S,,0
SMA-11-01,TOKA,TOKA-064,5/30/2018,41,130,TODI,,,LOPEM2,55,BRDI3,VUBR,GEDI,2GA,,,,,,,S,4,0
SMA-11-01,TOKA,TOKA-064,5/30/2018,42,130,TODI,,,BRDI3,58,LOPEM2,RUUR,2GA,L,,,,,,,S,3,0
SMA-11-01,TOKA,TOKA-064,5/30/2018,43,130,,,,LOPEM2,70,PHAQ,BRDI3,RUUR,LIBI5,L,,,,,,S,,0
SMA-11-01,TOKA,TOKA-064,5/30/2018,44,130,,,,LOPEM2,41,BRDI3,VUBR,AICA,CYEC,VIHI,HYRA3,2GA,L,,,S,7,0
SMA-11-01,TOKA,TOKA-064,5/30/2018,45,130,,,,CRVET,53,BRDI3,LOPEM2,LIBI5,2GA,HYRA3,,,,,,S,4,0
SMA-11-01,TOKA,TOKA-064,5/30/2018,46,130,,,,LIBI5,20,VUBR,TRDU2,HYRA3,L,,,,,,,S,,0
SMA-11-01,TOKA,TOKA-064,5/30/2018,47,130,TODI,,,VUBR,30,BRDI2,LIBI5,GEDI,TRDU2,2GA,,,,,,S,5,0
SMA-11-01,TOKA,TOKA-064,5/30/2018,48,130,TODI,,,VUBR,32,VIHI,BRDI3,GEDI,TOAR,2GA,,,,,,S,5,0
SMA-11-01,TOKA,TOKA-064,5/30/2018,49,130,,,,BRDI3,36,LOPEM2,GEDI,2GA,,,,,,,,S,3,0
SMA-11-01,TOKA,TOKA-064,5/30/2018,50,130,TODI,,,LOPEM2,30,BRDI3,GEDI,VUBR,TRDU2,LIBI5,2GA,L,,,,S,,0
SMA-11-01,TOKA,TOKA-064,5/30/2018,1,50,,,,,NA,,,,,,,,,,,,,0
SMA-11-01,TOKA,TOKA-064,5/30/2018,2,50,,,,,NA,,,,,,,,,,,,,0
SMA-11-01,TOKA,TOKA-064,5/30/2018,3,50,,,,,NA,,,,,,,,,,,,,0
SMA-11-01,TOKA,TOKA-064,5/30/2018,4,50,,,,,NA,,,,,,,,,,,,,0
SMA-11-01,TOKA,TOKA-064,5/30/2018,5,50,,,,,NA,,,,,,,,,,,,,0
SMA-11-01,TOKA,TOKA-064,5/30/2018,6,50,,,,,NA,,,,,,,,,,,,,0
SMA-11-01,TOKA,TOKA-064,5/30/2018,7,50,,,,,NA,,,,,,,,,,,,,0
SMA-11-01,TOKA,TOKA-064,5/30/2018,8,50,,,,,NA,,,,,,,,,,,,,0
SMA-11-01,TOKA,TOKA-064,5/30/2018,9,50,,,,,NA,,,,,,,,,,,,,0
SMA-11-01,TOKA,TOKA-064,5/30/2018,10,50,,,,,NA,,,,,,,,,,,,,0
SMA-11-01,TOKA,TOKA-064,5/30/2018,11,50,,,,,NA,,,,,,,,,,,,,0
SMA-11-01,TOKA,TOKA-064,5/30/2018,12,50,,,,,NA,,,,,,,,,,,,,0
SMA-11-01,TOKA,TOKA-064,5/30/2018,13,50,,,,,NA,,,,,,,,,,,,,0
SMA-11-01,TOKA,TOKA-064,5/30/2018,14,50,,,,,NA,,,,,,,,,,,,,0
SMA-11-01,TOKA,TOKA-064,5/30/2018,15,50,,,,,NA,,,,,,,,,,,,,0
SMA-11-01,TOKA,TOKA-064,5/30/2018,16,50,,,,,NA,,,,,,,,,,,,,0
SMA-11-01,TOKA,TOKA-064,5/30/2018,17,50,,,,,NA,,,,,,,,,,,,,0
SMA-11-01,TOKA,TOKA-064,5/30/2018,18,50,,,,,NA,,,,,,,,,,,,,0
SMA-11-01,TOKA,TOKA-064,5/30/2018,19,50,,,,,NA,,,,,,,,,,,,,0
SMA-11-01,TOKA,TOKA-064,5/30/2018,20,50,,,,,NA,,,,,,,,,,,,,0
SMA-11-01,TOKA,TOKA-064,5/30/2018,21,50,,,,,NA,,,,,,,,,,,,,0
SMA-11-01,TOKA,TOKA-064,5/30/2018,22,50,,,,,NA,,,,,,,,,,,,,0
SMA-11-01,TOKA,TOKA-064,5/30/2018,23,50,,,,,NA,,,,,,,,,,,,,0
SMA-11-01,TOKA,TOKA-064,5/30/2018,24,50,,,,,NA,,,,,,,,,,,,,0
SMA-11-01,TOKA,TOKA-064,5/30/2018,25,50,,,,,NA,,,,,,,,,,,,,0
SMA-11-01,TOKA,TOKA-064,5/30/2018,26,50,,,,,NA,,,,,,,,,,,,,0
SMA-11-01,TOKA,TOKA-064,5/30/2018,27,50,,,,,NA,,,,,,,,,,,,,0
SMA-11-01,TOKA,TOKA-064,5/30/2018,28,50,,,,,NA,,,,,,,,,,,,,0
SMA-11-01,TOKA,TOKA-064,5/30/2018,29,50,,,,,NA,,,,,,,,,,,,,0
SMA-11-01,TOKA,TOKA-064,5/30/2018,30,50,,,,,NA,,,,,,,,,,,,,0
SMA-11-01,TOKA,TOKA-064,5/30/2018,31,50,,,,,NA,,,,,,,,,,,,,0
SMA-11-01,TOKA,TOKA-064,5/30/2018,32,50,,,,,NA,,,,,,,,,,,,,0
SMA-11-01,TOKA,TOKA-064,5/30/2018,33,50,,,,,NA,,,,,,,,,,,,,0
SMA-11-01,TOKA,TOKA-064,5/30/2018,34,50,,,,,NA,,,,,,,,,,,,,0
SMA-11-01,TOKA,TOKA-064,5/30/2018,35,50,,,,,NA,,,,,,,,,,,,,0
SMA-11-01,TOKA,TOKA-064,5/30/2018,36,50,,,,,NA,,,,,,,,,,,,,0
SMA-11-01,TOKA,TOKA-064,5/30/2018,37,50,,,,,NA,,,,,,,,,,,,,0
SMA-11-01,TOKA,TOKA-064,5/30/2018,38,50,,,,,NA,,,,,,,,,,,,,0
SMA-11-01,TOKA,TOKA-064,5/30/2018,39,50,,,,,NA,,,,,,,,,,,,,0
SMA-11-01,TOKA,TOKA-064,5/30/2018,40,50,,,,,NA,,,,,,,,,,,,,0
SMA-11-01,TOKA,TOKA-064,5/30/2018,41,50,,,,,NA,,,,,,,,,,,,,0
SMA-11-01,TOKA,TOKA-064,5/30/2018,42,50,,,,,NA,,,,,,,,,,,,,0
SMA-11-01,TOKA,TOKA-064,5/30/2018,43,50,,,,,NA,,,,,,,,,,,,,0
SMA-11-01,TOKA,TOKA-064,5/30/2018,44,50,,,,,NA,,,,,,,,,,,,,0
SMA-11-01,TOKA,TOKA-064,5/30/2018,45,50,,,,,NA,,,,,,,,,,,,,0
SMA-11-01,TOKA,TOKA-064,5/30/2018,46,50,,,,,NA,,,,,,,,,,,,,0
SMA-11-01,TOKA,TOKA-064,5/30/2018,47,50,,,,,NA,,,,,,,,,,,,,0
SMA-11-01,TOKA,TOKA-064,5/30/2018,48,50,,,,,NA,,,,,,,,,,,,,0
SMA-11-01,TOKA,TOKA-064,5/30/2018,49,50,,,,,NA,,,,,,,,,,,,,0
SMA-11-01,TOKA,TOKA-064,5/30/2018,50,50,,,,,NA,,,,,,,,,,,,,0
SMA-11-01,TOKA,TOKA-067,6/15/2016,1,156,,,,LOPEM2,60,AVFA,BRDI2,L,,,,,,,,S,,0
SMA-11-01,TOKA,TOKA-067,6/15/2016,2,156,,,,LOPEM2,38,BRDI2,L,,,,,,,,,S,,0
SMA-11-01,TOKA,TOKA-067,6/15/2016,3,156,,,,NOPLANT,0,L,,,,,,,,,,S,,0
SMA-11-01,TOKA,TOKA-067,6/15/2016,4,156,,,,BRDI2,51,L,,,,,,,,,,S,,0
SMA-11-01,TOKA,TOKA-067,6/15/2016,5,156,,,,BRDI2,19,VICIA,L,,,,,,,,,S,,0
SMA-11-01,TOKA,TOKA-067,6/15/2016,6,156,,,,BRDI2,30,PIEC,VICIA,L,,,,,,,,S,,0
SMA-11-01,TOKA,TOKA-067,6/15/2016,7,156,,,,AVFA,40,VICIA,BRDI2,,,,,,,,,S,,0
SMA-11-01,TOKA,TOKA-067,6/15/2016,8,156,,,,NOPLANT,0,,,,,,,,,,,S,,0
SMA-11-01,TOKA,TOKA-067,6/15/2016,9,156,,,,LOPEM2,21,,,,,,,,,,,S,,0
SMA-11-01,TOKA,TOKA-067,6/15/2016,10,156,,,,PIEC,33,BRDI2,LOPEM2,VICIA,L,,,,,,,S,,0
SMA-11-01,TOKA,TOKA-067,6/15/2016,11,156,,,,BRDI2,20,LOPEM2,AVFA,L,,,,,,,,S,,0
SMA-11-01,TOKA,TOKA-067,6/15/2016,12,156,,,,AVFA,22,BRDI2,L,,,,,,,,,S,,0
SMA-11-01,TOKA,TOKA-067,6/15/2016,13,156,,,,BRDI2,15,AVFA,L,,,,,,,,,S,,0
SMA-11-01,TOKA,TOKA-067,6/15/2016,14,156,,,,BRDI2,26,LOPEM2,,,,,,,,,,S,,0
SMA-11-01,TOKA,TOKA-067,6/15/2016,15,156,,,,BRDI2,3,L,,,,,,,,,,S,,0
SMA-11-01,TOKA,TOKA-067,6/15/2016,16,156,,,,BRDI2,35,VICIA,L,,,,,,,,,S,,0
SMA-11-01,TOKA,TOKA-067,6/15/2016,17,156,,,,BRDI2,12,L,,,,,,,,,,S,,0
SMA-11-01,TOKA,TOKA-067,6/15/2016,18,156,,,,NOPLANT,0,,,,,,,,,,,S,,0
SMA-11-01,TOKA,TOKA-067,6/15/2016,19,156,,,,BRDI2,4,L,,,,,,,,,,S,,0
SMA-11-01,TOKA,TOKA-067,6/15/2016,20,156,,,,NOPLANT,0,,,,,,,,,,,S,,0
SMA-11-01,TOKA,TOKA-067,6/15/2016,21,156,,,,NOPLANT,0,L,,,,,,,,,,S,,0
SMA-11-01,TOKA,TOKA-067,6/15/2016,22,156,,,,GALIU,62,CLDO2,L,,,,,,,,,S,,0
SMA-11-01,TOKA,TOKA-067,6/15/2016,23,156,,,,BRDI2,22,L,,,,,,,,,,S,,0
SMA-11-01,TOKA,TOKA-067,6/15/2016,24,156,,,,BRDI2,32,L,,,,,,,,,,S,,0
SMA-11-01,TOKA,TOKA-067,6/15/2016,25,156,,,,VUBR,12,BRDI2,L,,,,,,,,,S,,0
SMA-11-01,TOKA,TOKA-067,6/15/2016,26,156,,,,BRDI2,27,L,,,,,,,,,,S,,0
SMA-11-01,TOKA,TOKA-067,6/15/2016,27,156,,,,BRDI2,10,L,,,,,,,,,,S,,0
SMA-11-01,TOKA,TOKA-067,6/15/2016,28,156,,,,BRDI2,42,L,,,,,,,,,,S,,0
SMA-11-01,TOKA,TOKA-067,6/15/2016,29,156,,,,BRDI2,60,L,,,,,,,,,,S,,0
SMA-11-01,TOKA,TOKA-067,6/15/2016,30,156,,,,BRDI2,22,L,,,,,,,,,,S,,0
SMA-11-01,TOKA,TOKA-067,6/15/2016,31,156,,,,BRDI2,27,L,,,,,,,,,,S,,0
SMA-11-01,TOKA,TOKA-067,6/15/2016,32,156,,,,BRDI2,29,L,,,,,,,,,,S,,0
SMA-11-01,TOKA,TOKA-067,6/15/2016,33,156,,,,VICIA,76,BRDI2,L,,,,,,,,,S,,0
SMA-11-01,TOKA,TOKA-067,6/15/2016,34,156,,,,BRDI2,27,L,,,,,,,,,,S,,0
SMA-11-01,TOKA,TOKA-067,6/15/2016,35,156,,,,BRDI2,10,,,,,,,,,,,S,,0
SMA-11-01,TOKA,TOKA-067,6/15/2016,36,156,,,,BRDI2,21,L,,,,,,,,,,S,,0
SMA-11-01,TOKA,TOKA-067,6/15/2016,37,156,,,,BRDI2,23,VICIA,L,,,,,,,,,S,,0
SMA-11-01,TOKA,TOKA-067,6/15/2016,38,156,,,,BRDI2,9,,,,,,,,,,,S,,0
SMA-11-01,TOKA,TOKA-067,6/15/2016,39,156,,,,BRDI2,15,,,,,,,,,,,S,,0
SMA-11-01,TOKA,TOKA-067,6/15/2016,40,156,,,,BRDI2,44,L,,,,,,,,,,S,,0
SMA-11-01,TOKA,TOKA-067,6/15/2016,41,156,,,,BRDI2,49,L,,,,,,,,,,S,,0
SMA-11-01,TOKA,TOKA-067,6/15/2016,42,156,,,,ANAR,4,,,,,,,,,,,S,,0
SMA-11-01,TOKA,TOKA-067,6/15/2016,43,156,,,,BRDI2,30,,,,,,,,,,,S,,0
SMA-11-01,TOKA,TOKA-067,6/15/2016,44,156,,,,BRDI2,34,L,,,,,,,,,,S,,0
SMA-11-01,TOKA,TOKA-067,6/15/2016,45,156,,,,NOPLANT,0,L,,,,,,,,,,S,,0
SMA-11-01,TOKA,TOKA-067,6/15/2016,46,156,,,,BRDI2,21,L,,,,,,,,,,S,,0
SMA-11-01,TOKA,TOKA-067,6/15/2016,47,156,,,,NOPLANT,0,L,,,,,,,,,,S,,0
SMA-11-01,TOKA,TOKA-067,6/15/2016,48,156,,,,NOPLANT,0,L,,,,,,,,,,S,,0
SMA-11-01,TOKA,TOKA-067,6/15/2016,49,156,,,,BRDI2,20,L,,,,,,,,,,S,,0
SMA-11-01,TOKA,TOKA-067,6/15/2016,50,156,,,,BRDI2,33,L,,,,,,,,,,S,,0
SMA-11-01,TOKA,TOKA-067,6/15/2016,1,336,,,,LOPEM2,56,AVFA,PIEC,L,,,,,,,,S,,0
SMA-11-01,TOKA,TOKA-067,6/15/2016,2,336,,,,AVFA,65,LOPEM2,BRDI2,ACMI2,L,,,,,,,S,,0
SMA-11-01,TOKA,TOKA-067,6/15/2016,3,336,,,,BRDI2,34,,,,,,,,,,,S,,0
SMA-11-01,TOKA,TOKA-067,6/15/2016,4,336,,,,LIUS,43,BRDI2,LOPEM2,PIEC,L,,,,,,,S,,0
SMA-11-01,TOKA,TOKA-067,6/15/2016,5,336,,,,AVFA,36,LIUS,BRDI2,L,,,,,,,,S,,0
SMA-11-01,TOKA,TOKA-067,6/15/2016,6,336,,,,BRDI2,12,GEDI,L,,,,,,,,,S,,0
SMA-11-01,TOKA,TOKA-067,6/15/2016,7,336,,,,AVFA,43,LOPEM2,PLLA,L,,,,,,,,S,,0
SMA-11-01,TOKA,TOKA-067,6/15/2016,8,336,,,,LOPEM2,51,AVFA,ACMI2,L,,,,,,,,S,,0
SMA-11-01,TOKA,TOKA-067,6/15/2016,9,336,,,,AVFA,43,LOPEM2,PLLA,L,,,,,,,,S,,0
SMA-11-01,TOKA,TOKA-067,6/15/2016,10,336,,,,LOPEM2,16,BRDI2,VICIA,L,,,,,,,,S,,0
SMA-11-01,TOKA,TOKA-067,6/15/2016,11,336,,,,AVFA,60,BRDI2,LOPEM2,L,,,,,,,,S,,0
SMA-11-01,TOKA,TOKA-067,6/15/2016,12,336,,,,BRDI2,41,AVFA,VICIA,L,,,,,,,,S,,0
SMA-11-01,TOKA,TOKA-067,6/15/2016,13,336,,,,BRDI2,23,LOPEM2,L,,,,,,,,,S,,0
SMA-11-01,TOKA,TOKA-067,6/15/2016,14,336,,,,LOPEM2,35,BRDI2,L,,,,,,,,,S,,0
SMA-11-01,TOKA,TOKA-067,6/15/2016,15,336,,,,BRDI2,16,LOPEM2,L,,,,,,,,,S,,0
SMA-11-01,TOKA,TOKA-067,6/15/2016,16,336,,,,AVFA,31,LOPEM2,BRDI2,L,,,,,,,,S,,0
SMA-11-01,TOKA,TOKA-067,6/15/2016,17,336,,,,AVFA,50,LOPEM2,BRDI2,L,,,,,,,,S,,0
SMA-11-01,TOKA,TOKA-067,6/15/2016,18,336,,,,LOPEM2,18,BRDI2,L,,,,,,,,,S,,0
SMA-11-01,TOKA,TOKA-067,6/15/2016,19,336,,,,LIUS,42,LOPEM2,BRDI2,L,,,,,,,,S,,0
SMA-11-01,TOKA,TOKA-067,6/15/2016,20,336,,,,LOPEM2,49,LIUS,BRDI2,L,,,,,,,,S,,0
SMA-11-01,TOKA,TOKA-067,6/15/2016,21,336,,,,LOPEM2,33,L,,,,,,,,,,S,,0
SMA-11-01,TOKA,TOKA-067,6/15/2016,22,336,,,,AVFA,40,,,,,,,,,,,S,,0
SMA-11-01,TOKA,TOKA-067,6/15/2016,23,336,,,,LOPEM2,15,BRDI2,L,,,,,,,,,S,,0
SMA-11-01,TOKA,TOKA-067,6/15/2016,24,336,,,,LOPEM2,42,BRDI2,L,,,,,,,,,S,,0
SMA-11-01,TOKA,TOKA-067,6/15/2016,25,336,,,,BRDI2,20,L,,,,,,,,,,S,,0
SMA-11-01,TOKA,TOKA-067,6/15/2016,26,336,,,,LOPEM2,39,BRDI2,L,,,,,,,,,S,,0
SMA-11-01,TOKA,TOKA-067,6/15/2016,27,336,,,,AVFA,53,BRDI2,,,,,,,,,,S,,0
SMA-11-01,TOKA,TOKA-067,6/15/2016,28,336,,,,AVFA,50,LOPEM2,BRDI2,L,,,,,,,,S,,0
SMA-11-01,TOKA,TOKA-067,6/15/2016,29,336,,,,BRDI2,31,LOPEM2,L,,,,,,,,,S,,0
SMA-11-01,TOKA,TOKA-067,6/15/2016,30,336,,,,AVFA,54,LOPEM2,BRDI2,L,,,,,,,,S,,0
SMA-11-01,TOKA,TOKA-067,6/15/2016,31,336,,,,LOPEM2,48,BRDI2,L,,,,,,,,,S,,0
SMA-11-01,TOKA,TOKA-067,6/15/2016,32,336,,,,AVFA,61,LOPEM2,RUPU3,L,,,,,,,,S,,0
SMA-11-01,TOKA,TOKA-067,6/15/2016,33,336,,,,LOPEM2,42,L,,,,,,,,,,S,,0
SMA-11-01,TOKA,TOKA-067,6/15/2016,34,336,,,,AVFA,53,LOPEM2,L,,,,,,,,,S,,0
SMA-11-01,TOKA,TOKA-067,6/15/2016,35,336,,,,LOPEM2,32,BRDI2,L,,,,,,,,,S,,0
SMA-11-01,TOKA,TOKA-067,6/15/2016,36,336,,,,BRDI2,16,L,,,,,,,,,,S,,0
SMA-11-01,TOKA,TOKA-067,6/15/2016,37,336,,,,AVFA,68,LOPEM2,L,,,,,,,,,S,,0
SMA-11-01,TOKA,TOKA-067,6/15/2016,38,336,,,,PIEC,30,BRDI2,L,,,,,,,,,S,,0
SMA-11-01,TOKA,TOKA-067,6/15/2016,39,336,,,,LOPEM2,37,BRDI2,VICIA,L,,,,,,,,S,,0
SMA-11-01,TOKA,TOKA-067,6/15/2016,40,336,,,,AVFA,70,BRDI2,L,,,,,,,,,S,,0
SMA-11-01,TOKA,TOKA-067,6/15/2016,41,336,,,,LIUS,49,BRDI2,LOPEM2,,,,,,,,,S,,0
SMA-11-01,TOKA,TOKA-067,6/15/2016,42,336,,,,LOPEM2,40,LIUS,L,,,,,,,,,S,,0
SMA-11-01,TOKA,TOKA-067,6/15/2016,43,336,,,,AVFA,30,L,,,,,,,,,,S,,0
SMA-11-01,TOKA,TOKA-067,6/15/2016,44,336,,,,BRDI2,35,L,,,,,,,,,,S,,0
SMA-11-01,TOKA,TOKA-067,6/15/2016,45,336,,,,LOPEM2,32,BRDI2,L,,,,,,,,,S,,0
SMA-11-01,TOKA,TOKA-067,6/15/2016,46,336,,,,LOPEM2,32,BRDI2,VICIA,L,,,,,,,,S,,0
SMA-11-01,TOKA,TOKA-067,6/15/2016,47,336,,,,LOPEM2,38,BRDI2,SANIC,L,,,,,,,,S,,0
SMA-11-01,TOKA,TOKA-067,6/15/2016,48,336,,,,LOPEM2,14,L,,,,,,,,,,S,,0
SMA-11-01,TOKA,TOKA-067,6/15/2016,49,336,,,,BRDI2,32,VICIA,LOPEM2,L,,,,,,,,S,,0
SMA-11-01,TOKA,TOKA-067,6/15/2016,50,336,,,,AVFA,62,LOPEM2,BRDI2,L,,,,,,,,S,,0
SMA-11-01,TOKA,TOKA-067,5/21/2018,1,156,BAPI,,,NOPLANT,NA,L,,,,,,,,,,S,,0
SMA-11-01,TOKA,TOKA-067,5/21/2018,2,156,,,,AVFA,45,LOPEM2,GEDI,BRDI2,2GA,,,,,,,S,4,0
SMA-11-01,TOKA,TOKA-067,5/21/2018,3,156,BAPI,,,BRDI2,10,L,,,,,,,,,,S,,0
SMA-11-01,TOKA,TOKA-067,5/21/2018,4,156,BAPI,,,BRDI2,35,AVFA,HYRA3,2GA,,,,,,,,S,3,0
SMA-11-01,TOKA,TOKA-067,5/21/2018,5,156,,,,LOPEM2,41,PIEC,L,,,,,,,,,S,,0
SMA-11-01,TOKA,TOKA-067,5/21/2018,6,156,,,,CAPY2,60,L,,,,,,,,,,S,,0
SMA-11-01,TOKA,TOKA-067,5/21/2018,7,156,,,,LOPEM2,41,VITE,BRDI2,HYRA3,2GA,,,,,,,S,4,0
SMA-11-01,TOKA,TOKA-067,5/21/2018,8,156,,,,AVFA,37,PIEC,BRDI2,,,,,,,,,S,,0
SMA-11-01,TOKA,TOKA-067,5/21/2018,9,156,,,,AVFA,27,LOPEM2,BRDI2,VITE,PIEC,2GA,,,,,,S,5,0
SMA-11-01,TOKA,TOKA-067,5/21/2018,10,156,,,,BRDI2,25,PIEC,LOPEM2,2GA,,,,,,,,S,3,0
SMA-11-01,TOKA,TOKA-067,5/21/2018,11,156,,,,AVFA,29,BRDI2,2GA,,,,,,,,,S,2,0
SMA-11-01,TOKA,TOKA-067,5/21/2018,12,156,,,,BRDI2,14,2GA,,,,,,,,,,S,1,0
SMA-11-01,TOKA,TOKA-067,5/21/2018,13,156,,,,AVFA,50,LOPEM2,BRDI2,VITE,2GA,,,,,,,S,4,0
SMA-11-01,TOKA,TOKA-067,5/21/2018,14,156,BAPI,,,2GA,3,L,,,,,,,,,,S,,1
SMA-11-01,TOKA,TOKA-067,5/21/2018,15,156,BAPI,,,2GA,2,L,,,,,,,,,,S,,0
SMA-11-01,TOKA,TOKA-067,5/21/2018,16,156,BAPI,,,BRDI2,11,2GA,,,,,,,,,,S,1,0
SMA-11-01,TOKA,TOKA-067,5/21/2018,17,156,,,,NOPLANT,NA,,,,,,,,,,,S,,0
SMA-11-01,TOKA,TOKA-067,5/21/2018,18,156,BAPI,,,2GA,5,L,,,,,,,,,,S,,1
SMA-11-01,TOKA,TOKA-067,5/21/2018,19,156,BAPI,RUUR,,NOPLANT,NA,L,,,,,,,,,,S,,0
SMA-11-01,TOKA,TOKA-067,5/21/2018,20,156,BAPI,TODI,,NOPLANT,NA,L,,,,,,,,,,S,,0
SMA-11-01,TOKA,TOKA-067,5/21/2018,21,156,BAPI,TODI,,NOPLANT,NA,L,,,,,,,,,,S,,0
SMA-11-01,TOKA,TOKA-067,5/21/2018,22,156,BAPI,TODI,,NOPLANT,NA,L,,,,,,,,,,S,,0
SMA-11-01,TOKA,TOKA-067,5/21/2018,23,156,BAPI,TODI,,NOPLANT,NA,L,,,,,,,,,,S,,0
SMA-11-01,TOKA,TOKA-067,5/21/2018,24,156,BAPI,TODI,,NOPLANT,NA,L,,,,,,,,,,S,,0
SMA-11-01,TOKA,TOKA-067,5/21/2018,25,156,BAPI,TODI,,2GA,4,L,,,,,,,,,,S,,1
SMA-11-01,TOKA,TOKA-067,5/21/2018,26,156,DIAU,,,RUUR,22,BRDI2,2GA,L,,,,,,,,S,2,0
SMA-11-01,TOKA,TOKA-067,5/21/2018,27,156,BAPI,RUUR,,2GA,12,L,,,,,,,,,,S,,1
SMA-11-01,TOKA,TOKA-067,5/21/2018,28,156,RUUR,,,BRDI2,20,2GA,,,,,,,,,,S,1,0
SMA-11-01,TOKA,TOKA-067,5/21/2018,29,156,BAPI,TODI,,NOPLANT,NA,L,,,,,,,,,,S,,0
SMA-11-01,TOKA,TOKA-067,5/21/2018,30,156,BAPI,RUUR,,NOPLANT,NA,L,,,,,,,,,,S,,0
SMA-11-01,TOKA,TOKA-067,5/21/2018,31,156,,,,BRDI2,5,2GA,L,,,,,,,,,S,1,0
SMA-11-01,TOKA,TOKA-067,5/21/2018,32,156,BAPI,,,BRDI2,9,2GA,L,,,,,,,,,S,1,0
SMA-11-01,TOKA,TOKA-067,5/21/2018,33,156,BAPI,,,BRDI2,24,2GA,,,,,,,,,,S,1,0
SMA-11-01,TOKA,TOKA-067,5/21/2018,34,156,,,,BRDI2,14,2GA,L,,,,,,,,,S,1,0
SMA-11-01,TOKA,TOKA-067,5/21/2018,35,156,,,,BRDI2,5,2GA,,,,,,,,,,S,,0
SMA-11-01,TOKA,TOKA-067,5/21/2018,36,156,BAPI,TODI,,BRDI2,17,2GA,,,,,,,,,,S,,0
SMA-11-01,TOKA,TOKA-067,5/21/2018,37,156,BAPI,TODI,,BRDI2,9,2GA,L,,,,,,,,,S,,0
SMA-11-01,TOKA,TOKA-067,5/21/2018,38,156,,,,BRDI2,7,2GA,,,,,,,,,,S,,0
SMA-11-01,TOKA,TOKA-067,5/21/2018,39,156,BAPI,,,BRDI2,21,2GA,,,,,,,,,,S,,0
SMA-11-01,TOKA,TOKA-067,5/21/2018,40,156,BAPI,RUUR,,NOPLANT,NA,L,,,,,,,,,,S,,0
SMA-11-01,TOKA,TOKA-067,5/21/2018,41,156,BAPI,TODI,,NOPLANT,NA,L,,,,,,,,,,S,,0
SMA-11-01,TOKA,TOKA-067,5/21/2018,42,156,BAPI,,,BRDI2,4,L,,,,,,,,,,S,,0
SMA-11-01,TOKA,TOKA-067,5/21/2018,43,156,BAPI,RUUR,,GALIU,14,2GA,,,,,,,,,,S,,0
SMA-11-01,TOKA,TOKA-067,5/21/2018,44,156,,,,2GA,3,,,,,,,,,,,S,,1
SMA-11-01,TOKA,TOKA-067,5/21/2018,45,156,BAPI,TODI,,BRDI2,34,2GA,,,,,,,,,,S,,0
SMA-11-01,TOKA,TOKA-067,5/21/2018,46,156,BAPI,,,NOPLANT,NA,L,,,,,,,,,,S,,0
SMA-11-01,TOKA,TOKA-067,5/21/2018,47,156,,,,NOPLANT,NA,,,,,,,,,,,S,,0
SMA-11-01,TOKA,TOKA-067,5/21/2018,48,156,BAPI,,,NALE2,24,BRDI2,L,,,,,,,,,S,,0
SMA-11-01,TOKA,TOKA-067,5/21/2018,49,156,BAPI,TODI,,NOPLANT,NA,L,,,,,,,,,,S,,0
SMA-11-01,TOKA,TOKA-067,5/21/2018,50,156,BAPI,TODI,FRCA12,,NA,L,,,,,,,,,,S,,0
SMA-11-01,TOKA,TOKA-067,5/21/2018,1,336,,,,LOPEM2,31,2GA,,,,,,,,,,S,1,0
SMA-11-01,TOKA,TOKA-067,5/21/2018,2,336,BAPI,,,2GA,1,L,,,,,,,,,,S,,1
SMA-11-01,TOKA,TOKA-067,5/21/2018,3,336,,,,LOPEM2,14,2GA,,,,,,,,,,S,1,0
SMA-11-01,TOKA,TOKA-067,5/21/2018,4,336,,,,ACMI2,18,2GA,,,,,,,,,,S,1,0
SMA-11-01,TOKA,TOKA-067,5/21/2018,5,336,BAPI,,,PIEC,35,BRDI2,L,,,,,,,,,S,,0
SMA-11-01,TOKA,TOKA-067,5/21/2018,6,336,BAPI,,,BRDI2,25,2GA,,,,,,,,,,S,1,0
SMA-11-01,TOKA,TOKA-067,5/21/2018,7,336,,,,BRDI2,34,PLLA,2GA,,,,,,,,,S,2,0
SMA-11-01,TOKA,TOKA-067,5/21/2018,8,336,,,,BRDI2,20,2GA,,,,,,,,,,S,1,0
SMA-11-01,TOKA,TOKA-067,5/21/2018,9,336,,,,AVFA,55,LOPEM2,BRDI2,L,,,,,,,,S,,0
SMA-11-01,TOKA,TOKA-067,5/21/2018,10,336,,,,PIEC,47,LOPEM2,,,,,,,,,,S,,0
SMA-11-01,TOKA,TOKA-067,5/21/2018,11,336,BAPI,,,VISA,16,BRDI2,2GA,,,,,,,,,S,2,0
SMA-11-01,TOKA,TOKA-067,5/21/2018,12,336,,,,PIEC,11,WL,2GA,,,,,,,,,S,2,0
SMA-11-01,TOKA,TOKA-067,5/21/2018,13,336,,,,LOPEM2,39,BRDI2,PIEC,L,,,,,,,,S,,0
SMA-11-01,TOKA,TOKA-067,5/21/2018,14,336,BAPI,,,2GA,6,,,,,,,,,,,S,,1
SMA-11-01,TOKA,TOKA-067,5/21/2018,15,336,,,,LIBI5,32,BRDI2,LOPEM2,PIEC,2GA,,,,,,,S,4,0
SMA-11-01,TOKA,TOKA-067,5/21/2018,16,336,,,,LOPEM2,66,SYCH4,BRDI2,2GA,,,,,,,,S,3,0
SMA-11-01,TOKA,TOKA-067,5/21/2018,17,336,,,,LOPEM2,45,BRDI2,L,,,,,,,,,S,,0
SMA-11-01,TOKA,TOKA-067,5/21/2018,18,336,,,,ACMI2,56,BRDI2,LIBI5,PLLA,2GA,,,,,,,S,"3,4",0
SMA-11-01,TOKA,TOKA-067,5/21/2018,19,336,,,,BRDI2,46,VISA,PIEC,L,,,,,,,,S,,0
SMA-11-01,TOKA,TOKA-067,5/21/2018,20,336,,,,VISA,37,LOPEM2,ACMO2,2GA,,,,,,,,S,3,0
SMA-11-01,TOKA,TOKA-067,5/21/2018,21,336,,,,LIBI5,34,BRDI2,VISA,TOAR,ACMO2,2GA,,,,,,S,5,0
SMA-11-01,TOKA,TOKA-067,5/21/2018,22,336,,,,BRDI2,46,ACMO2,L,,,,,,,,,S,,0
SMA-11-01,TOKA,TOKA-067,5/21/2018,23,336,,,,BRDI2,30,AVFA,2GA,,,,,,,,,S,2,0
SMA-11-01,TOKA,TOKA-067,5/21/2018,24,336,,,,LIBI5,34,BRDI2,2GA,,,,,,,,,S,2,0
SMA-11-01,TOKA,TOKA-067,5/21/2018,25,336,,,,AVFA,26,LOPEM2,PIEC,VISA,2GA,,,,,,,S,4,0
SMA-11-01,TOKA,TOKA-067,5/21/2018,26,336,,,,NALE2,52,BRDI2,L,,,,,,,,,S,,0
SMA-11-01,TOKA,TOKA-067,5/21/2018,27,336,,,,BRDI2,34,ACMO2,2GA,,,,,,,,,S,2,0
SMA-11-01,TOKA,TOKA-067,5/21/2018,28,336,BAPI,,,NOPLANT,NA,L,,,,,,,,,,S,,0
SMA-11-01,TOKA,TOKA-067,5/21/2018,29,336,BAPI,,,2GA,1,L,,,,,,,,,,S,,1
SMA-11-01,TOKA,TOKA-067,5/21/2018,30,336,,,,VISA,35,ACMO2,2GA,,,,,,,,,S,2,0
SMA-11-01,TOKA,TOKA-067,5/21/2018,31,336,BAPI,,,VISA,52,BRDI2,L,,,,,,,,,S,,0
SMA-11-01,TOKA,TOKA-067,5/21/2018,32,336,,,,BRDI2,18,VISA,LIBI5,ACMO2,L,,,,,,,S,,0
SMA-11-01,TOKA,TOKA-067,5/21/2018,33,336,BAPI,,,BRDI2,20,2GA,L,,,,,,,,,S,1,0
SMA-11-01,TOKA,TOKA-067,5/21/2018,34,336,,,,VISA,27,LOPEM2,L,,,,,,,,,S,,0
SMA-11-01,TOKA,TOKA-067,5/21/2018,35,336,BAPI,,,GEDI,22,L,,,,,,,,,,S,,0
SMA-11-01,TOKA,TOKA-067,5/21/2018,36,336,BAPI,TODI,,NOPLANT,NA,L,,,,,,,,,,S,,0
SMA-11-01,TOKA,TOKA-067,5/21/2018,37,336,,,,BRDI2,45,RUUR,2GA,,,,,,,,,S,2,0
SMA-11-01,TOKA,TOKA-067,5/21/2018,38,336,TODI,RUUR,,BRDI2,15,2GA,,,,,,,,,,S,1,0
SMA-11-01,TOKA,TOKA-067,5/21/2018,39,336,BAPI,,,RUUR,10,L,,,,,,,,,,S,,0
SMA-11-01,TOKA,TOKA-067,5/21/2018,40,336,,,,LOPEM2,21,PIEC,L,,,,,,,,,S,,0
SMA-11-01,TOKA,TOKA-067,5/21/2018,41,336,,,,ACMI2,36,BRDI2,2GA,,,,,,,,,S,2,0
SMA-11-01,TOKA,TOKA-067,5/21/2018,42,336,,,,BRDI2,17,2GA,,,,,,,,,,S,1,0
SMA-11-01,TOKA,TOKA-067,5/21/2018,43,336,,,,LOPEM2,30,BRDI2,PIEC,L,,,,,,,,S,,0
SMA-11-01,TOKA,TOKA-067,5/21/2018,44,336,,,,BRDI2,19,PIEC,L,,,,,,,,,S,1,0
SMA-11-01,TOKA,TOKA-067,5/21/2018,45,336,,,,BRDI2,52,PIEC,L,,,,,,,,,S,,0
SMA-11-01,TOKA,TOKA-067,5/21/2018,46,336,,,,BRDI2,12,LIBI5,ACMO2,,,,,,,,,S,,0
SMA-11-01,TOKA,TOKA-067,5/21/2018,47,336,,,,BRDI2,24,VISA,L,,,,,,,,,S,,0
SMA-11-01,TOKA,TOKA-067,5/21/2018,48,336,,,,BRCA5,51,LOPEM2,GEDI,BRDI2,2GA,,,,,,,S,4,0
SMA-11-01,TOKA,TOKA-067,5/21/2018,49,336,,,,LOPEM2,56,BRDI2,SABI3,2GA,,,,,,,,S,3,0
SMA-11-01,TOKA,TOKA-067,5/21/2018,50,336,,,,BRDI2,29,2GA,,,,,,,,,,S,1,0
SMA-11-01,TOKA,TOKA-067,4/28/2021,1,156,,,,ACMI2,35,VITE,GEDI,VISA,2GRAM,,,,,,,S,4,0
SMA-11-01,TOKA,TOKA-067,4/28/2021,2,156,,,,2GA,15,BRHO2,GEDI,L,,,,,,,,S,,0
SMA-11-01,TOKA,TOKA-067,4/28/2021,3,156,,,,AVENA,15,VISA,LIBI5,PIEC,2GRAM,,,,,,,S,4,0
SMA-11-01,TOKA,TOKA-067,4/28/2021,4,156,,,,PIEC,10,VUBR,2GRAM,,,,,,,,,S,2,0
SMA-11-01,TOKA,TOKA-067,4/28/2021,5,156,,,,VUBR,15,2GRAM,,,,,,,,,,S,1,0
SMA-11-01,TOKA,TOKA-067,4/28/2021,6,156,,,,VUBR,17,2GRAM,,,,,,,,,,S,1,0
SMA-11-01,TOKA,TOKA-067,4/28/2021,7,156,,,,2GA,20,CAPY2,VUBR,LIBI5,2GRAM,,,,,,,S,4,0
SMA-11-01,TOKA,TOKA-067,4/28/2021,8,156,BAPI,,,BRHO2,7,2GRAM,,,,,,,,,,S,1,0
SMA-11-01,TOKA,TOKA-067,4/28/2021,9,156,BAPI,,,CAPY2,NA,PIEC,2GRAM,,,,,,,,,S,2,0
SMA-11-01,TOKA,TOKA-067,4/28/2021,10,156,RUUR,,,AVENA,26,VUBR,2GRAM,,,,,,,,,S,2,0
SMA-11-01,TOKA,TOKA-067,4/28/2021,11,156,,,,AVENA,25,VISA,LIBI5,VUBR,2GRAM,,,,,,,S,4,0
SMA-11-01,TOKA,TOKA-067,4/28/2021,12,156,,,,AVENA,30,VUBR,2GRAM,,,,,,,,,S,2,0
SMA-11-01,TOKA,TOKA-067,4/28/2021,13,156,,,,AVENA,40,LIBI5,VISA,TONO,2GRAM,,,,,,,S,4,0
SMA-11-01,TOKA,TOKA-067,4/28/2021,14,156,,,,AVENA,70,VUBR,LIBI5,2GRAM,,,,,,,,S,3,0
SMA-11-01,TOKA,TOKA-067,4/28/2021,15,156,,,,AVENA,45,VUBR,2GRAM,,,,,,,,,S,2,0
SMA-11-01,TOKA,TOKA-067,4/28/2021,16,156,,,,VUBR,7,,,,,,,,,,,S,,0
SMA-11-01,TOKA,TOKA-067,4/28/2021,17,156,BAPI,,,SONCH,1,,,,,,,,,,,S,,0
SMA-11-01,TOKA,TOKA-067,4/28/2021,18,156,BAPI,,,GALIU,50,VUBR,L,,,,,,,,,S,,0
SMA-11-01,TOKA,TOKA-067,4/28/2021,19,156,BAPI,,,CHPO3,25,L,,,,,,,,,,S,,0
SMA-11-01,TOKA,TOKA-067,4/28/2021,20,156,,,,,NA,,,,,,,,,,,,,0
SMA-11-01,TOKA,TOKA-067,4/28/2021,21,156,,,,,NA,,,,,,,,,,,,,0
SMA-11-01,TOKA,TOKA-067,4/28/2021,22,156,,,,,NA,,,,,,,,,,,,,0
SMA-11-01,TOKA,TOKA-067,4/28/2021,23,156,,,,,NA,,,,,,,,,,,,,0
SMA-11-01,TOKA,TOKA-067,4/28/2021,24,156,,,,,NA,,,,,,,,,,,,,0
SMA-11-01,TOKA,TOKA-067,4/28/2021,25,156,,,,,NA,,,,,,,,,,,,,0
SMA-11-01,TOKA,TOKA-067,4/28/2021,26,156,,,,,NA,,,,,,,,,,,,,0
SMA-11-01,TOKA,TOKA-067,4/28/2021,27,156,,,,,NA,,,,,,,,,,,,,0
SMA-11-01,TOKA,TOKA-067,4/28/2021,28,156,,,,,NA,,,,,,,,,,,,,0
SMA-11-01,TOKA,TOKA-067,4/28/2021,29,156,,,,,NA,,,,,,,,,,,,,0
SMA-11-01,TOKA,TOKA-067,4/28/2021,30,156,,,,,NA,,,,,,,,,,,,,0
SMA-11-01,TOKA,TOKA-067,4/28/2021,31,156,,,,,NA,,,,,,,,,,,,,0
SMA-11-01,TOKA,TOKA-067,4/28/2021,32,156,,,,,NA,,,,,,,,,,,,,0
SMA-11-01,TOKA,TOKA-067,4/28/2021,33,156,,,,,NA,,,,,,,,,,,,,0
SMA-11-01,TOKA,TOKA-067,4/28/2021,34,156,,,,,NA,,,,,,,,,,,,,0
SMA-11-01,TOKA,TOKA-067,4/28/2021,35,156,,,,,NA,,,,,,,,,,,,,0
SMA-11-01,TOKA,TOKA-067,4/28/2021,36,156,,,,,NA,,,,,,,,,,,,,0
SMA-11-01,TOKA,TOKA-067,4/28/2021,37,156,,,,,NA,,,,,,,,,,,,,0
SMA-11-01,TOKA,TOKA-067,4/28/2021,38,156,,,,,NA,,,,,,,,,,,,,0
SMA-11-01,TOKA,TOKA-067,4/28/2021,39,156,,,,,NA,,,,,,,,,,,,,0
SMA-11-01,TOKA,TOKA-067,4/28/2021,40,156,,,,,NA,,,,,,,,,,,,,0
SMA-11-01,TOKA,TOKA-067,4/28/2021,41,156,,,,,NA,,,,,,,,,,,,,0
SMA-11-01,TOKA,TOKA-067,4/28/2021,42,156,,,,,NA,,,,,,,,,,,,,0
SMA-11-01,TOKA,TOKA-067,4/28/2021,43,156,,,,,NA,,,,,,,,,,,,,0
SMA-11-01,TOKA,TOKA-067,4/28/2021,44,156,,,,,NA,,,,,,,,,,,,,0
SMA-11-01,TOKA,TOKA-067,4/28/2021,45,156,,,,,NA,,,,,,,,,,,,,0
SMA-11-01,TOKA,TOKA-067,4/28/2021,46,156,,,,,NA,,,,,,,,,,,,,0
SMA-11-01,TOKA,TOKA-067,4/28/2021,47,156,,,,,NA,,,,,,,,,,,,,0
SMA-11-01,TOKA,TOKA-067,4/28/2021,48,156,,,,,NA,,,,,,,,,,,,,0
SMA-11-01,TOKA,TOKA-067,4/28/2021,49,156,,,,,NA,,,,,,,,,,,,,0
SMA-11-01,TOKA,TOKA-067,4/28/2021,50,156,,,,,NA,,,,,,,,,,,,,0
SMA-11-01,TOKA,TOKA-067,4/28/2021,1,336,,,,AVENA,41,VISA,ACMI2,VULPI,2GRAM,,,,,,,S,4,0
SMA-11-01,TOKA,TOKA-067,4/28/2021,2,336,BAPI,,,VUBR,25,VITE,GEDI,2GRAM,,,,,,,,S,3,0
SMA-11-01,TOKA,TOKA-067,4/28/2021,3,336,BAPI,,,VUBR,15,2GRAM,,,,,,,,,,S,1,0
SMA-11-01,TOKA,TOKA-067,4/28/2021,4,336,,,,LIBI5,15,VUBR,VITE,2GRAM,,,,,,,,S,3,0
SMA-11-01,TOKA,TOKA-067,4/28/2021,5,336,,,,NAPU4,25,VISA,VUBR,2GRAM,,,,,,,,S,3,0
SMA-11-01,TOKA,TOKA-067,4/28/2021,6,336,,,,AVENA,15,VISA,GEDI,2GRAM,,,,,,,,S,3,0
SMA-11-01,TOKA,TOKA-067,4/28/2021,7,336,,,,VUBR,15,VISA,GEDI,2GRAM,,,,,,,,S,3,0
SMA-11-01,TOKA,TOKA-067,4/28/2021,8,336,,,,VUBR,6,2GRAM,,,,,,,,,,S,1,0
SMA-11-01,TOKA,TOKA-067,4/28/2021,9,336,,,,VITE,10,GEDI,2GRAM,,,,,,,,,S,2,0
SMA-11-01,TOKA,TOKA-067,4/28/2021,10,336,,,,VISA,10,VUBR,2GRAM,,,,,,,,,S,2,0
SMA-11-01,TOKA,TOKA-067,4/28/2021,11,336,,,,AVENA,35,VISA,VUBR,2GRAM,,,,,,,,S,3,0
SMA-11-01,TOKA,TOKA-067,4/28/2021,12,336,BAPI,,,VITE,55,,,,,,,,,,,S,,0
SMA-11-01,TOKA,TOKA-067,4/28/2021,13,336,BAPI,,,VITE,23,VISA,TONO,GEDI,LIBI5,2GRAM,,,,,,S,5,0
SMA-11-01,TOKA,TOKA-067,4/28/2021,14,336,,,,VUBR,10,VISA,2GRAM,,,,,,,,,S,2,0
SMA-11-01,TOKA,TOKA-067,4/28/2021,15,336,BAPI,,,NAPU4,50,VITE,GEDI,2GRAM,,,,,,,,S,3,0
SMA-11-01,TOKA,TOKA-067,4/28/2021,16,336,BAPI,,,NOPLANT,NA,,,,,,,,,,,S,,0
SMA-11-01,TOKA,TOKA-067,4/28/2021,17,336,BAPI,,,NAPU4,40,VITE,L,,,,,,,,,S,,0
SMA-11-01,TOKA,TOKA-067,4/28/2021,18,336,BAPI,,,NAPU4,10,L,,,,,,,,,,S,,0
SMA-11-01,TOKA,TOKA-067,4/28/2021,19,336,,,,NAPU4,35,VUBR,2GRAM,,,,,,,,,S,2,0
SMA-11-01,TOKA,TOKA-067,4/28/2021,20,336,,,,NAPU4,35,SYCH4,2GRAM,,,,,,,,,S,2,0
SMA-11-01,TOKA,TOKA-067,4/28/2021,21,336,,,,NAPU4,70,SYCH4,VITE,VUBR,2GRAM,,,,,,,S,4,0
SMA-11-01,TOKA,TOKA-067,4/28/2021,22,336,,,,NAPU4,26,VUBR,PIEC,VITE,2GRAM,,,,,,,S,4,0
SMA-11-01,TOKA,TOKA-067,4/28/2021,23,336,,,,NAPU4,36,VITE,VUBR,TONO,2GRAM,,,,,,,S,4,0
SMA-11-01,TOKA,TOKA-067,4/28/2021,24,336,BAPI,,,PLLA,20,VITE,SABI2,PIEC,,,,,,,,S,,0
SMA-11-01,TOKA,TOKA-067,4/28/2021,25,336,BAPI,,,VITE,30,VUBR,VISA,L,,,,,,,,S,,0
SMA-11-01,TOKA,TOKA-067,4/28/2021,26,336,BAPI,,,VITE,30,PLLA,VUBR,L,,,,,,,,S,,0
SMA-11-01,TOKA,TOKA-067,4/28/2021,27,336,,,,VITE,25,VISA,GEDI,L,,,,,,,,S,,0
SMA-11-01,TOKA,TOKA-067,4/28/2021,28,336,,,,AVENA,30,VISA,VUBR,LIBI5,L,,,,,,,S,,0
SMA-11-01,TOKA,TOKA-067,4/28/2021,29,336,,,,VISA,20,AVENA,2GRAM,,,,,,,,,S,2,0
SMA-11-01,TOKA,TOKA-067,4/28/2021,30,336,,,,VUBR,15,GEDI,VISA,2GRAM,,,,,,,,S,3,0
SMA-11-01,TOKA,TOKA-067,4/28/2021,31,336,,,,AVENA,30,VUBR,PIEC,2GRAM,,,,,,,,S,3,0
SMA-11-01,TOKA,TOKA-067,4/28/2021,32,336,,,,VISA,25,AVENA,SYCH4,2GRAM,,,,,,,,S,3,0
SMA-11-01,TOKA,TOKA-067,4/28/2021,33,336,,,,VISA,20,VUBR,2GRAM,,,,,,,,,S,2,0
SMA-11-01,TOKA,TOKA-067,4/28/2021,34,336,,,,AVENA,20,TONO,GEDI,VISA,2GRAM,,,,,,,S,4,0
SMA-11-01,TOKA,TOKA-067,4/28/2021,35,336,,,,LIBI5,20,VUBR,VISA,2GRAM,,,,,,,,S,3,0
SMA-11-01,TOKA,TOKA-067,4/28/2021,36,336,,,,AVENA,25,VISA,GEDI,LIBI5,2GRAM,,,,,,,S,4,0
SMA-11-01,TOKA,TOKA-067,4/28/2021,37,336,,,,NAPU4,44,VISA,GEDI,VUBR,2GRAM,,,,,,,S,4,0
SMA-11-01,TOKA,TOKA-067,4/28/2021,38,336,BAPI,,,VUBR,15,VITE,PSEUD43,L,,,,,,,,S,,0
SMA-11-01,TOKA,TOKA-067,4/28/2021,39,336,TODI,,,VISA,30,VUBR,L,,,,,,,,,S,,0
SMA-11-01,TOKA,TOKA-067,4/28/2021,40,336,BAPI,,,NAPU4,30,VISA,GEDI,L,,,,,,,,S,,0
SMA-11-01,TOKA,TOKA-067,4/28/2021,41,336,BAPI,,,VITE,15,AVENA,VUBR,2GRAM,,,,,,,,S,3,0
SMA-11-01,TOKA,TOKA-067,4/28/2021,42,336,,,,SYCH4,17,AVENA,2GRAM,,,,,,,,,S,2,0
SMA-11-01,TOKA,TOKA-067,4/28/2021,43,336,,,,AVENA,25,VUBR,LIBI5,2GRAM,,,,,,,,S,3,0
SMA-11-01,TOKA,TOKA-067,4/28/2021,44,336,BAPI,,,AVENA,39,TONO,2GRAM,,,,,,,,,S,2,0
SMA-11-01,TOKA,TOKA-067,4/28/2021,45,336,,,,AVENA,30,LIBI5,VUBR,SHAR2,L,,,,,,,S,,0
SMA-11-01,TOKA,TOKA-067,4/28/2021,46,336,BAPI,,,CAPY2,20,PIEC,LIBI5,VITE,L,,,,,,,S,,0
SMA-11-01,TOKA,TOKA-067,4/28/2021,47,336,RUUR,,,VITE,15,VUBR,LIBI5,2GRAM,,,,,,,,S,3,0
SMA-11-01,TOKA,TOKA-067,4/28/2021,48,336,,,,PIEC,13,VUBR,GEDI,2GRAM,,,,,,,,S,3,0
SMA-11-01,TOKA,TOKA-067,4/28/2021,49,336,,,,GEDI,7,VITE,2GRAM,,,,,,,,,S,2,0
SMA-11-01,TOKA,TOKA-067,4/28/2021,50,336,,,,VUBR,15,2GRAM,,,,,,,,,,S,1,0
SMA-11-01,TOKA,TOKA-067,5/31/2024,1,156,,,,LIBI5,35,BRDI2,L,,,,,,,,,S,,0
SMA-11-01,TOKA,TOKA-067,5/31/2024,2,156,BAPI,,,BRDI2,20,L,,,,,,,,,,S,,0
SMA-11-01,TOKA,TOKA-067,5/31/2024,3,156,BAPI,RUUR,,BRDI2,4,L,,,,,,,,,,S,,0
SMA-11-01,TOKA,TOKA-067,5/31/2024,4,156,BAPI,,,NOPLANT,NA,,,,,,,,,,,S,,0
SMA-11-01,TOKA,TOKA-067,5/31/2024,5,156,BAPI,RUUR,,NOPLANT,NA,,,,,,,,,,,S,,0
SMA-11-01,TOKA,TOKA-067,5/31/2024,6,156,BAPI,,,BRDI2,14,L,,,,,,,,,,S,,0
SMA-11-01,TOKA,TOKA-067,5/31/2024,7,156,,,,LOPEM2,34,LIBI5,MASA,L,,,,,,,,S,,0
SMA-11-01,TOKA,TOKA-067,5/31/2024,8,156,,,,PIEC,4,L,,,,,,,,,,S,,0
SMA-11-01,TOKA,TOKA-067,5/31/2024,9,156,,,,BRDI2,24,LOPEM2,PIEC,MASA,L,,,,,,,S,,0
SMA-11-01,TOKA,TOKA-067,5/31/2024,10,156,,,,BRDI2,10,PIEC,L,,,,,,,,,S,,0
SMA-11-01,TOKA,TOKA-067,5/31/2024,11,156,,,,BRDI2,20,LOPEM2,PIEC,L,,,,,,,,S,,0
SMA-11-01,TOKA,TOKA-067,5/31/2024,12,156,,,,CLARK,7,AVBA,L,,,,,,,,,S,,0
SMA-11-01,TOKA,TOKA-067,5/31/2024,13,156,BAPI,,,BRDI2,12,2GA,L,,,,,,,,,S,1,0
SMA-11-01,TOKA,TOKA-067,5/31/2024,14,156,BAPI,,,CIVU,7,BRDI2,L,,,,,,,,,S,,0
SMA-11-01,TOKA,TOKA-067,5/31/2024,15,156,BAPI,,,NOPLANT,NA,,,,,,,,,,,S,,0
SMA-11-01,TOKA,TOKA-067,5/31/2024,16,156,BAPI,,,NOPLANT,NA,,,,,,,,,,,S,,0
SMA-11-01,TOKA,TOKA-067,5/31/2024,17,156,BAPI,,,NOPLANT,NA,,,,,,,,,,,S,,0
SMA-11-01,TOKA,TOKA-067,5/31/2024,18,156,BAPI,TODI,,NOPLANT,NA,,,,,,,,,,,S,,0
SMA-11-01,TOKA,TOKA-067,5/31/2024,19,156,,,,,NA,,,,,,,,,,,,,0
SMA-11-01,TOKA,TOKA-067,5/31/2024,20,156,,,,,NA,,,,,,,,,,,,,0
SMA-11-01,TOKA,TOKA-067,5/31/2024,21,156,,,,,NA,,,,,,,,,,,,,0
SMA-11-01,TOKA,TOKA-067,5/31/2024,22,156,,,,,NA,,,,,,,,,,,,,0
SMA-11-01,TOKA,TOKA-067,5/31/2024,23,156,,,,,NA,,,,,,,,,,,,,0
SMA-11-01,TOKA,TOKA-067,5/31/2024,24,156,,,,,NA,,,,,,,,,,,,,0
SMA-11-01,TOKA,TOKA-067,5/31/2024,25,156,,,,,NA,,,,,,,,,,,,,0
SMA-11-01,TOKA,TOKA-067,5/31/2024,26,156,,,,,NA,,,,,,,,,,,,,0
SMA-11-01,TOKA,TOKA-067,5/31/2024,27,156,,,,,NA,,,,,,,,,,,,,0
SMA-11-01,TOKA,TOKA-067,5/31/2024,28,156,,,,,NA,,,,,,,,,,,,,0
SMA-11-01,TOKA,TOKA-067,5/31/2024,29,156,,,,,NA,,,,,,,,,,,,,0
SMA-11-01,TOKA,TOKA-067,5/31/2024,30,156,,,,,NA,,,,,,,,,,,,,0
SMA-11-01,TOKA,TOKA-067,5/31/2024,31,156,,,,,NA,,,,,,,,,,,,,0
SMA-11-01,TOKA,TOKA-067,5/31/2024,32,156,,,,,NA,,,,,,,,,,,,,0
SMA-11-01,TOKA,TOKA-067,5/31/2024,33,156,,,,,NA,,,,,,,,,,,,,0
SMA-11-01,TOKA,TOKA-067,5/31/2024,34,156,,,,,NA,,,,,,,,,,,,,0
SMA-11-01,TOKA,TOKA-067,5/31/2024,35,156,,,,,NA,,,,,,,,,,,,,0
SMA-11-01,TOKA,TOKA-067,5/31/2024,36,156,,,,,NA,,,,,,,,,,,,,0
SMA-11-01,TOKA,TOKA-067,5/31/2024,37,156,,,,,NA,,,,,,,,,,,,,0
SMA-11-01,TOKA,TOKA-067,5/31/2024,38,156,,,,,NA,,,,,,,,,,,,,0
SMA-11-01,TOKA,TOKA-067,5/31/2024,39,156,,,,,NA,,,,,,,,,,,,,0
SMA-11-01,TOKA,TOKA-067,5/31/2024,40,156,,,,,NA,,,,,,,,,,,,,0
SMA-11-01,TOKA,TOKA-067,5/31/2024,41,156,,,,,NA,,,,,,,,,,,,,0
SMA-11-01,TOKA,TOKA-067,5/31/2024,42,156,,,,,NA,,,,,,,,,,,,,0
SMA-11-01,TOKA,TOKA-067,5/31/2024,43,156,,,,,NA,,,,,,,,,,,,,0
SMA-11-01,TOKA,TOKA-067,5/31/2024,44,156,,,,,NA,,,,,,,,,,,,,0
SMA-11-01,TOKA,TOKA-067,5/31/2024,45,156,,,,,NA,,,,,,,,,,,,,0
SMA-11-01,TOKA,TOKA-067,5/31/2024,46,156,,,,,NA,,,,,,,,,,,,,0
SMA-11-01,TOKA,TOKA-067,5/31/2024,47,156,,,,,NA,,,,,,,,,,,,,0
SMA-11-01,TOKA,TOKA-067,5/31/2024,48,156,,,,,NA,,,,,,,,,,,,,0
SMA-11-01,TOKA,TOKA-067,5/31/2024,49,156,,,,,NA,,,,,,,,,,,,,0
SMA-11-01,TOKA,TOKA-067,5/31/2024,50,156,,,,,NA,,,,,,,,,,,,,0
SMA-11-01,TOKA,TOKA-067,5/31/2024,1,336,,,,LIBI5,35,PIEC,,,,,,,,,,S,,0
SMA-11-01,TOKA,TOKA-067,5/31/2024,2,336,,,,PIEC,18,AVBA,L,,,,,,,,,S,,0
SMA-11-01,TOKA,TOKA-067,5/31/2024,3,336,,,,MASA,8,LIBI5,L,,,,,,,,,S,,0
SMA-11-01,TOKA,TOKA-067,5/31/2024,4,336,,,,NOPLANT,NA,L,,,,,,,,,,S,,0
SMA-11-01,TOKA,TOKA-067,5/31/2024,5,336,,,,BRDI2,35,AVBA,L,,,,,,,,,S,,0
SMA-11-01,TOKA,TOKA-067,5/31/2024,6,336,,,,LIBI5,25,ACMI2,BRDI2,L,,,,,,,,S,,0
SMA-11-01,TOKA,TOKA-067,5/31/2024,7,336,,,,BRDI2,15,PIEC,,,,,,,,,,S,,0
SMA-11-01,TOKA,TOKA-067,5/31/2024,8,336,BAPI,,,ASTERA,14,ACMI2,BRDI2,L,,,,,,,,S,,0
SMA-11-01,TOKA,TOKA-067,5/31/2024,9,336,,,,AVBA,45,BRDI2,LIBI5,PIEC,L,,,,,,,S,,0
SMA-11-01,TOKA,TOKA-067,5/31/2024,10,336,,,,LIBI5,35,BRDI2,AVBA,L,,,,,,,,S,,0
SMA-11-01,TOKA,TOKA-067,5/31/2024,11,336,,,,LIBI5,50,BRDI2,LOPEM2,2GA,L,,,,,,,S,3,0
SMA-11-01,TOKA,TOKA-067,5/31/2024,12,336,,,,BRDI2,25,SYCH4,GEDI,MASA,L,,,,,,,S,,0
SMA-11-01,TOKA,TOKA-067,5/31/2024,13,336,,,,NAPU4,75,GEDI,NAPU4,L,,,,,,,,S,2,0
SMA-11-01,TOKA,TOKA-067,5/31/2024,14,336,,,,PIEC,4,L,,,,,,,,,,S,,0
SMA-11-01,TOKA,TOKA-067,5/31/2024,15,336,,,,VITE,21,NAPU4,NAPU4,PIEC,L,,,,,,,S,2,0
SMA-11-01,TOKA,TOKA-067,5/31/2024,16,336,,,,BRDI2,20,AVBA,NAPU4,L,,,,,,,,S,,0
SMA-11-01,TOKA,TOKA-067,5/31/2024,17,336,,,,LIBI5,35,BRDI2,MASA,,,,,,,,,S,,0
SMA-11-01,TOKA,TOKA-067,5/31/2024,18,336,,,,BRCA5,45,MASA,LIBI5,,,,,,,,,S,,0
SMA-11-01,TOKA,TOKA-067,5/31/2024,19,336,,,,LIBI5,25,CAPY2,ACMI2,,,,,,,,,S,,0
SMA-11-01,TOKA,TOKA-067,5/31/2024,20,336,,,,BRDI2,18,LIBI5,ACMI2,,,,,,,,,S,,0
SMA-11-01,TOKA,TOKA-067,5/31/2024,21,336,,,,BRDI2,20,2GA,PLLA,,,,,,,,,S,,0
SMA-11-01,TOKA,TOKA-067,5/31/2024,22,336,BAPI,,,NAPU4,22,PIEC,NAPU4,L,,,,,,,,S,2,0
SMA-11-01,TOKA,TOKA-067,5/31/2024,23,336,,,,CAPY2,53,VISA,NAPU4,L,,,,,,,,S,,0
SMA-11-01,TOKA,TOKA-067,5/31/2024,24,336,,,,BRDI2,28,LIBI5,LOCO6,2GA,,,,,,,,S,3,0
SMA-11-01,TOKA,TOKA-067,5/31/2024,25,336,,,,CAPY2,25,MASA,BRDI2,PIEC,L,,,,,,,S,,0
SMA-11-01,TOKA,TOKA-067,5/31/2024,26,336,,,,BRDI2,45,MASA,L,,,,,,,,,S,,0
SMA-11-01,TOKA,TOKA-067,5/31/2024,27,336,,,,NAPU4,20,L,,,,,,,,,,S,,0
SMA-11-01,TOKA,TOKA-067,5/31/2024,28,336,,,,NAPU4,48,LIBI5,,,,,,,,,,S,,0
SMA-11-01,TOKA,TOKA-067,5/31/2024,29,336,TODI,,,NAPU4,33,GEDI,NAPU4,,,,,,,,,S,2,0
SMA-11-01,TOKA,TOKA-067,5/31/2024,30,336,,,,SOAS,20,TONO,,,,,,,,,,S,,0
SMA-11-01,TOKA,TOKA-067,5/31/2024,31,336,,,,NAPU4,53,L,,,,,,,,,,S,,0
SMA-11-01,TOKA,TOKA-067,5/31/2024,32,336,,,,NAPU4,40,LIBI5,TONO,BRDI2,L,,,,,,,S,,0
SMA-11-01,TOKA,TOKA-067,5/31/2024,33,336,BAPI,,,NAPU4,30,PIEC,,,,,,,,,,S,,0
SMA-11-01,TOKA,TOKA-067,5/31/2024,34,336,BAPI,RUUR,,GEDI,38,CIVU,BRDI2,,,,,,,,,S,,0
SMA-11-01,TOKA,TOKA-067,5/31/2024,35,336,BAPI,,,SYCH4,15,BRDI2,L,,,,,,,,,S,,0
SMA-11-01,TOKA,TOKA-067,5/31/2024,36,336,,,,BRMI2,34,BRDI2,MASA,,,,,,,,,S,,0
SMA-11-01,TOKA,TOKA-067,5/31/2024,37,336,,,,BRHO2,45,NAPU4,MASA,PIEC,L,,,,,,,S,,0
SMA-11-01,TOKA,TOKA-067,5/31/2024,38,336,,,,BRMI2,38,BRDI2,BRHO2,MASA,2GA,,,,,,,S,4,0
SMA-11-01,TOKA,TOKA-067,5/31/2024,39,336,,,,VUBR,24,BRDI2,PIEC,2GA,,,,,,,,S,3,0
SMA-11-01,TOKA,TOKA-067,5/31/2024,40,336,,,,LOPEM2,35,BRDI2,L,,,,,,,,,S,,0
SMA-11-01,TOKA,TOKA-067,5/31/2024,41,336,,,,BRDI2,10,L,,,,,,,,,,S,,0
SMA-11-01,TOKA,TOKA-067,5/31/2024,42,336,BAPI,,,BRDI2,14,NAPU4,L,,,,,,,,,S,,0
SMA-11-01,TOKA,TOKA-067,5/31/2024,43,336,,,,NAPU4,40,BRDI2,ASTERA,L,,,,,,,,S,,0
SMA-11-01,TOKA,TOKA-067,5/31/2024,44,336,BAPI,,,BRDI2,6,BRDI2,,,,,,,,,,S,1,0
SMA-11-01,TOKA,TOKA-067,5/31/2024,45,336,BAPI,,,LOPEM2,40,NAPU4,,,,,,,,,,S,1,0
SMA-11-01,TOKA,TOKA-067,5/31/2024,46,336,,,,BRDI2,20,LIBI5,L,,,,,,,,,S,,0
SMA-11-01,TOKA,TOKA-067,5/31/2024,47,336,,,,VUBR,20,BRDI2,L,,,,,,,,,S,,0
SMA-11-01,TOKA,TOKA-067,5/31/2024,48,336,,,,BRHO2,30,SYCH4,NAPU4,L,,,,,,,,S,,0
SMA-11-01,TOKA,TOKA-067,5/31/2024,49,336,,,,NAPU4,36,L,,,,,,,,,,S,,0
SMA-11-01,TOKA,TOKA-067,5/31/2024,50,336,,,,CIVU,1,,,,,,,,,,,CIVU,,0
SMA-11-01,TOKA,TOKA-068,5/24/2016,1,69,,,,PLLA,30,BRDI2,,,,,,,,,,S,,0
SMA-11-01,TOKA,TOKA-068,5/24/2016,2,69,,,,RUAC3,15,LOPEM2,,,,,,,,,,S,,0
SMA-11-01,TOKA,TOKA-068,5/24/2016,3,69,,,,VUMY,40,BRDI2,LOPEM2,,,,,,,,,S,,0
SMA-11-01,TOKA,TOKA-068,5/24/2016,4,69,,,,AVBA,10,LOCO6,,,,,,,,,,S,,0
SMA-11-01,TOKA,TOKA-068,5/24/2016,5,69,,,,BRDI2,25,LOPEM2,TRIFO,PLLA,,,,,,,,S,,0
SMA-11-01,TOKA,TOKA-068,5/24/2016,6,69,,,,AVBA,35,LOCO6,,,,,,,,,,S,,0
SMA-11-01,TOKA,TOKA-068,5/24/2016,7,69,,,,AVBA,103,BRHO2,BRDI2,PLLA,,,,,,,,S,,0
SMA-11-01,TOKA,TOKA-068,5/24/2016,8,69,,,,EUPHO,10,L,,,,,,,,,,S,,0
SMA-11-01,TOKA,TOKA-068,5/24/2016,9,69,,,,LOPEM2,20,PLLA,,,,,,,,,,S,,0
SMA-11-01,TOKA,TOKA-068,5/24/2016,10,69,,,,AVBA,25,BRDI2,LOCO6,,,,,,,,,S,,0
SMA-11-01,TOKA,TOKA-068,5/24/2016,11,69,,,,LOPEM2,30,BRDI2,,,,,,,,,,S,,0
SMA-11-01,TOKA,TOKA-068,5/24/2016,12,69,,,,LOPEM2,38,AVBA,PLLA,,,,,,,,,S,,0
SMA-11-01,TOKA,TOKA-068,5/24/2016,13,69,,,,PLLA,20,LOPEM2,MEDIC,,,,,,,,,S,,0
SMA-11-01,TOKA,TOKA-068,5/24/2016,14,69,,,,VUMY,10,LOPEM2,,,,,,,,,,S,,0
SMA-11-01,TOKA,TOKA-068,5/24/2016,15,69,,,,LOPEM2,35,BRDI2,,,,,,,,,,S,,0
SMA-11-01,TOKA,TOKA-068,5/24/2016,16,69,,,,LOPEM2,20,,,,,,,,,,,S,,0
SMA-11-01,TOKA,TOKA-068,5/24/2016,17,69,,,,PLLA,3,LOPEM2,,,,,,,,,,S,,0
SMA-11-01,TOKA,TOKA-068,5/24/2016,18,69,,,,LOPEM2,16,,,,,,,,,,,S,,0
SMA-11-01,TOKA,TOKA-068,5/24/2016,19,69,,,,LOPEM2,11,VUMY,,,,,,,,,,S,,0
SMA-11-01,TOKA,TOKA-068,5/24/2016,20,69,,,,LOPEM2,48,VUMY,PLLA,,,,,,,,,S,,0
SMA-11-01,TOKA,TOKA-068,5/24/2016,21,69,,,,BRDI2,39,VUMY,,,,,,,,,,S,,0
SMA-11-01,TOKA,TOKA-068,5/24/2016,22,69,,,,VUMY,35,LOPEM2,L,,,,,,,,,S,,0
SMA-11-01,TOKA,TOKA-068,5/24/2016,23,69,,,,AVBA,33,VUMY,PLLA,,,,,,,,,S,,0
SMA-11-01,TOKA,TOKA-068,5/24/2016,24,69,,,,VUMY,26,LOPEM2,,,,,,,,,,S,,0
SMA-11-01,TOKA,TOKA-068,5/24/2016,25,69,,,,VUMY,28,LOPEM2,TRIFO,L,,,,,,,,S,,0
SMA-11-01,TOKA,TOKA-068,5/24/2016,26,69,,,,VUMY,40,LOPEM2,TRAN6,BRMI2,L,,,,,,,S,,0
SMA-11-01,TOKA,TOKA-068,5/24/2016,27,69,,,,LOPEM2,11,LOCO6,TRIFO,,,,,,,,,S,,0
SMA-11-01,TOKA,TOKA-068,5/24/2016,28,69,,,,LOPEM2,47,BRHO2,VUMY,TRIFO,L,,,,,,,S,,0
SMA-11-01,TOKA,TOKA-068,5/24/2016,29,69,,,,LOPEM2,55,VUMY,TRIFO,BRMI2,L,,,,,,,S,,0
SMA-11-01,TOKA,TOKA-068,5/24/2016,30,69,,,,VUMY,48,LOPEM2,BRMI2,L,,,,,,,,S,,0
SMA-11-01,TOKA,TOKA-068,5/24/2016,31,69,,,,LOPEM2,31,BRHO2,L,,,,,,,,,S,,0
SMA-11-01,TOKA,TOKA-068,5/24/2016,32,69,,,,BRHO2,41,VUMY,,,,,,,,,,S,,0
SMA-11-01,TOKA,TOKA-068,5/24/2016,33,69,,,,BRHO2,32,LOPEM2,RUAC3,L,,,,,,,,S,,0
SMA-11-01,TOKA,TOKA-068,5/24/2016,34,69,,,,BRDI2,28,LOPEM2,RUAC3,L,,,,,,,,S,,0
SMA-11-01,TOKA,TOKA-068,5/24/2016,35,69,,,,LOPEM2,20,PLLA,,,,,,,,,,S,,0
SMA-11-01,TOKA,TOKA-068,5/24/2016,36,69,,,,LOPEM2,38,TRIFO,PLLA,L,,,,,,,,S,,0
SMA-11-01,TOKA,TOKA-068,5/24/2016,37,69,,,,LOPEM2,29,VUMY,,,,,,,,,,S,,0
SMA-11-01,TOKA,TOKA-068,5/24/2016,38,69,,,,VUMY,27,,,,,,,,,,,S,,0
SMA-11-01,TOKA,TOKA-068,5/24/2016,39,69,,,,VUMY,35,,,,,,,,,,,S,,0
SMA-11-01,TOKA,TOKA-068,5/24/2016,40,69,,,,VUMY,25,BRDI2,,,,,,,,,,S,,0
SMA-11-01,TOKA,TOKA-068,5/24/2016,41,69,,,,BRDI2,23,PLLA,LOPEM2,,,,,,,,,S,,0
SMA-11-01,TOKA,TOKA-068,5/24/2016,42,69,,,,VUMY,29,PLLA,L,,,,,,,,,S,,0
SMA-11-01,TOKA,TOKA-068,5/24/2016,43,69,,,,LOPEM2,43,VUMY,,,,,,,,,,S,,0
SMA-11-01,TOKA,TOKA-068,5/24/2016,44,69,,,,VUMY,23,PLLA,,,,,,,,,,S,,0
SMA-11-01,TOKA,TOKA-068,5/24/2016,45,69,,,,VUMY,29,BRDI2,,,,,,,,,,S,,0
SMA-11-01,TOKA,TOKA-068,5/24/2016,46,69,,,,VUMY,19,BRDI2,,,,,,,,,,S,,0
SMA-11-01,TOKA,TOKA-068,5/24/2016,47,69,,,,BRDI2,22,VUMY,,,,,,,,,,S,,0
SMA-11-01,TOKA,TOKA-068,5/24/2016,48,69,,,,VUMY,39,BRDI2,,,,,,,,,,S,,0
SMA-11-01,TOKA,TOKA-068,5/24/2016,49,69,,,,VUMY,43,BRDI2,,,,,,,,,,S,,0
SMA-11-01,TOKA,TOKA-068,5/24/2016,50,69,,,,LOPEM2,45,BRDI3,VUMY,PLLA,,,,,,,,S,,0
SMA-11-01,TOKA,TOKA-068,5/24/2016,1,249,,,,VUMY,21,LOPEM2,PLLA,,,,,,,,,S,,0
SMA-11-01,TOKA,TOKA-068,5/24/2016,2,249,,,,LOPEM2,15,PLLA,,,,,,,,,,S,,0
SMA-11-01,TOKA,TOKA-068,5/24/2016,3,249,,,,PLLA,5,LOCO6,,,,,,,,,,S,,0
SMA-11-01,TOKA,TOKA-068,5/24/2016,4,249,,,,LOPEM2,17,PLLA,,,,,,,,,,S,,0
SMA-11-01,TOKA,TOKA-068,5/24/2016,5,249,,,,PLLA,18,LOPEM2,,,,,,,,,,S,,0
SMA-11-01,TOKA,TOKA-068,5/24/2016,6,249,,,,LOPEM2,5,L,,,,,,,,,,S,,0
SMA-11-01,TOKA,TOKA-068,5/24/2016,7,249,,,,LOPEM2,14,MEDIC,,,,,,,,,,S,,0
SMA-11-01,TOKA,TOKA-068,5/24/2016,8,249,,,,MEDIC,2,,,,,,,,,,,S,,0
SMA-11-01,TOKA,TOKA-068,5/24/2016,9,249,,,,PLLA,5,LOCO6,,,,,,,,,,S,,0
SMA-11-01,TOKA,TOKA-068,5/24/2016,10,249,,,,LOPEM2,6,BRDI2,VUMY,,,,,,,,,S,,0
SMA-11-01,TOKA,TOKA-068,5/24/2016,11,249,,,,AVBA,43,LOPEM2,LOCO6,,,,,,,,,S,,0
SMA-11-01,TOKA,TOKA-068,5/24/2016,12,249,,,,AVBA,14,TRIFO,,,,,,,,,,S,,0
SMA-11-01,TOKA,TOKA-068,5/24/2016,13,249,,,,LOPEM2,21,LOCO6,L,,,,,,,,,S,,0
SMA-11-01,TOKA,TOKA-068,5/24/2016,14,249,,,,LOCO6,10,LOPEM2,,,,,,,,,,S,,0
SMA-11-01,TOKA,TOKA-068,5/24/2016,15,249,,,,PLLA,14,LOCO6,,,,,,,,,,S,,0
SMA-11-01,TOKA,TOKA-068,5/24/2016,16,249,,,,AVBA,19,PLLA,,,,,,,,,,S,,0
SMA-11-01,TOKA,TOKA-068,5/24/2016,17,249,,,,AVBA,32,BRDI2,LOPEM2,PLLA,,,,,,,,S,,0
SMA-11-01,TOKA,TOKA-068,5/24/2016,18,249,,,,BRDI2,12,PLLA,,,,,,,,,,S,,0
SMA-11-01,TOKA,TOKA-068,5/24/2016,19,249,,,,BRDI2,16,MEDIC,,,,,,,,,,S,,0
SMA-11-01,TOKA,TOKA-068,5/24/2016,20,249,,,,LOPEM2,30,PLLA,L,,,,,,,,,S,,0
SMA-11-01,TOKA,TOKA-068,5/24/2016,21,249,,,,AVBA,56,LOPEM2,,,,,,,,,,S,,0
SMA-11-01,TOKA,TOKA-068,5/24/2016,22,249,,,,AVBA,61,LOPEM2,RUAC3,,,,,,,,,S,,0
SMA-11-01,TOKA,TOKA-068,5/24/2016,23,249,,,,BRDI3,18,LOPEM2,PLLA,L,,,,,,,,S,,0
SMA-11-01,TOKA,TOKA-068,5/24/2016,24,249,,,,GAPH2,18,PLLA,L,,,,,,,,,S,,0
SMA-11-01,TOKA,TOKA-068,5/24/2016,25,249,,,,AVBA,58,LOPEM2,L,,,,,,,,,S,,0
SMA-11-01,TOKA,TOKA-068,5/24/2016,26,249,,,,LOPEM2,15,PLLA,MEDIC,,,,,,,,,S,,0
SMA-11-01,TOKA,TOKA-068,5/24/2016,27,249,,,,LOCO6,30,MEDIC,,,,,,,,,,S,,0
SMA-11-01,TOKA,TOKA-068,5/24/2016,28,249,,,,PLLA,15,,,,,,,,,,,S,,0
SMA-11-01,TOKA,TOKA-068,5/24/2016,29,249,,,,PLLA,14,LOPEM2,,,,,,,,,,S,,0
SMA-11-01,TOKA,TOKA-068,5/24/2016,30,249,,,,BRDI2,13,LOPEM2,,,,,,,,,,S,,0
SMA-11-01,TOKA,TOKA-068,5/24/2016,31,249,,,,PLLA,18,,,,,,,,,,,S,,0
SMA-11-01,TOKA,TOKA-068,5/24/2016,32,249,,,,NOPLANT,0,,,,,,,,,,,S,,0
SMA-11-01,TOKA,TOKA-068,5/24/2016,33,249,,,,NOPLANT,0,L,,,,,,,,,,S,,0
SMA-11-01,TOKA,TOKA-068,5/24/2016,34,249,,,,LOPEM2,10,,,,,,,,,,,S,,0
SMA-11-01,TOKA,TOKA-068,5/24/2016,35,249,,,,NOPLANT,0,,,,,,,,,,,S,,0
SMA-11-01,TOKA,TOKA-068,5/24/2016,36,249,,,,NOPLANT,0,,,,,,,,,,,S,,0
SMA-11-01,TOKA,TOKA-068,5/24/2016,37,249,,,,NOPLANT,0,,,,,,,,,,,S,,0
SMA-11-01,TOKA,TOKA-068,5/24/2016,38,249,,,,NOPLANT,0,,,,,,,,,,,S,,0
SMA-11-01,TOKA,TOKA-068,5/24/2016,39,249,,,,NOPLANT,0,,,,,,,,,,,S,,0
SMA-11-01,TOKA,TOKA-068,5/24/2016,40,249,,,,NOPLANT,0,,,,,,,,,,,S,,0
SMA-11-01,TOKA,TOKA-068,5/24/2016,41,249,,,,NOPLANT,0,,,,,,,,,,,S,,0
SMA-11-01,TOKA,TOKA-068,5/24/2016,42,249,,,,LOPEM2,20,,,,,,,,,,,S,,0
SMA-11-01,TOKA,TOKA-068,5/24/2016,43,249,,,,NOPLANT,0,,,,,,,,,,,S,,0
SMA-11-01,TOKA,TOKA-068,5/24/2016,44,249,,,,ANCO2,11,,,,,,,,,,,S,,0
SMA-11-01,TOKA,TOKA-068,5/24/2016,45,249,,,,BRDI2,2,L,,,,,,,,,,S,,0
SMA-11-01,TOKA,TOKA-068,5/24/2016,46,249,,,,PLLA,1,,,,,,,,,,,S,,0
SMA-11-01,TOKA,TOKA-068,5/24/2016,47,249,,,,NOPLANT,0,L,,,,,,,,,,S,,0
SMA-11-01,TOKA,TOKA-068,5/24/2016,48,249,,,,BRDI2,14,VUMY,LOCO6,L,,,,,,,,S,,0
SMA-11-01,TOKA,TOKA-068,5/24/2016,49,249,,,,BRHO2,46,LOPEM2,VICIA,L,,,,,,,,S,,0
SMA-11-01,TOKA,TOKA-068,5/24/2016,50,249,,,,LOPEM2,48,VUMY,,,,,,,,,,S,,0
SMA-11-01,TOKA,TOKA-068,4/20/2018,1,69,,,,AVENA,35,VUBR,BRDI2,L,,,,,,,,S,,0
SMA-11-01,TOKA,TOKA-068,4/20/2018,2,69,,,,BRDI2,7,L,,,,,,,,,,S,,0
SMA-11-01,TOKA,TOKA-068,4/20/2018,3,69,,,,PLLA,30,L,,,,,,,,,,S,,0
SMA-11-01,TOKA,TOKA-068,4/20/2018,4,69,,,,BRHO2,20,BRDI2,PLLA,L,,,,,,,,S,,0
SMA-11-01,TOKA,TOKA-068,4/20/2018,5,69,,,,BRDI2,10,BRDI2,,,,,,,,,,S,1,0
SMA-11-01,TOKA,TOKA-068,4/20/2018,6,69,,,,BRDI2,4,PLLA,L,,,,,,,,,S,,0
SMA-11-01,TOKA,TOKA-068,4/20/2018,7,69,,,,AVENA,13,BRDI2,L,,,,,,,,,S,,0
SMA-11-01,TOKA,TOKA-068,4/20/2018,8,69,,,,BRDI2,14,BRDI2,L,,,,,,,,,S,1,0
SMA-11-01,TOKA,TOKA-068,4/20/2018,9,69,,,,BRDI2,11,L,,,,,,,,,,S,,0
SMA-11-01,TOKA,TOKA-068,4/20/2018,10,69,,,,BRDI2,4,PLLA,L,,,,,,,,,S,,0
SMA-11-01,TOKA,TOKA-068,4/20/2018,11,69,,,,BRDI2,15,PLLA,L,,,,,,,,,S,,0
SMA-11-01,TOKA,TOKA-068,4/20/2018,12,69,,,,VUBR,20,MEPO3,PLLA,L,,,,,,,,S,,0
SMA-11-01,TOKA,TOKA-068,4/20/2018,13,69,,,,VITE,14,PLLA,L,,,,,,,,,S,,0
SMA-11-01,TOKA,TOKA-068,4/20/2018,14,69,,,,BRHO2,24,VITE,BRDI2,L,,,,,,,,S,,0
SMA-11-01,TOKA,TOKA-068,4/20/2018,15,69,,,,TRAN6,14,PLLA,,,,,,,,,,S,,0
SMA-11-01,TOKA,TOKA-068,4/20/2018,16,69,,,,VITE,21,MEPO3,VUBR,BRHO2,L,,,,,,,S,,0
SMA-11-01,TOKA,TOKA-068,4/20/2018,17,69,,,,PLLA,24,VUBR,BRHO2,L,,,,,,,,S,,0
SMA-11-01,TOKA,TOKA-068,4/20/2018,18,69,,,,BRDI2,14,BRHO2,L,,,,,,,,,S,,0
SMA-11-01,TOKA,TOKA-068,4/20/2018,19,69,BAPI,,,PHAQ,25,,,,,,,,,,,BAPI,,0
SMA-11-01,TOKA,TOKA-068,4/20/2018,20,69,BAPI,,,BRDI3,13,L,,,,,,,,,,S,,0
SMA-11-01,TOKA,TOKA-068,4/20/2018,21,69,,,,VITE,19,LOPEM2,GEDI,,,,,,,,,S,,0
SMA-11-01,TOKA,TOKA-068,4/20/2018,22,69,,,,VUBR,10,SIBE,BRHO2,L,,,,,,,,S,,0
SMA-11-01,TOKA,TOKA-068,4/20/2018,23,69,,,,VITE,21,BRHO2,L,,,,,,,,,AM,,0
SMA-11-01,TOKA,TOKA-068,4/20/2018,24,69,,,,BRHO2,7,VUBR,PLLA,L,,,,,,,,S,,0
SMA-11-01,TOKA,TOKA-068,4/20/2018,25,69,,,,VUBR,10,PLLA,MEPO3,,,,,,,,,S,,0
SMA-11-01,TOKA,TOKA-068,4/20/2018,26,69,,,,TRAN6,12,MEPO3,VITE,VUBR,,,,,,,,S,,0
SMA-11-01,TOKA,TOKA-068,4/20/2018,27,69,,,,MEPO3,11,VUBR,PLLA,L,,,,,,,,S,,0
SMA-11-01,TOKA,TOKA-068,4/20/2018,28,69,,,,VITE,12,LOPEM2,LOCO6,L,,,,,,,,S,,0
SMA-11-01,TOKA,TOKA-068,4/20/2018,29,69,,,,PLLA,32,VITE,VUBR,LOPEM2,PLLA,L,,,,,,S,,0
SMA-11-01,TOKA,TOKA-068,4/20/2018,30,69,,,,VITE,26,TRAN6,MEPO3,VUBR,PLLA,L,,,,,,S,,0
SMA-11-01,TOKA,TOKA-068,4/20/2018,31,69,,,,PLLA,23,LOCO6,LOPEM2,L,,,,,,,,S,,0
SMA-11-01,TOKA,TOKA-068,4/20/2018,32,69,,,,VUBR,5,LOPEM2,L,,,,,,,,,S,,0
SMA-11-01,TOKA,TOKA-068,4/20/2018,33,69,,,,LOPEM2,10,VITE,L,,,,,,,,,S,,0
SMA-11-01,TOKA,TOKA-068,4/20/2018,34,69,,,,VITE,19,LOPEM2,,,,,,,,,,LOPEM2,,0
SMA-11-01,TOKA,TOKA-068,4/20/2018,35,69,,,,LOPEM2,7,L,,,,,,,,,,S,,0
SMA-11-01,TOKA,TOKA-068,4/20/2018,36,69,,,,BRDI3,24,VITE,GEDI,PLLA,,,,,,,,AM,,0
SMA-11-01,TOKA,TOKA-068,4/20/2018,37,69,,,,SIBE,10,RUAC3,L,,,,,,,,,S,,0
SMA-11-01,TOKA,TOKA-068,4/20/2018,38,69,,,,LOPEM2,24,VUBR,L,,,,,,,,,S,,0
SMA-11-01,TOKA,TOKA-068,4/20/2018,39,69,,,,MEPO3,15,VITE,PLLA,L,,,,,,,,S,,0
SMA-11-01,TOKA,TOKA-068,4/20/2018,40,69,,,,PHAQ,21,MEPO3,GEDI,L,,,,,,,,S,,0
SMA-11-01,TOKA,TOKA-068,4/20/2018,41,69,,,,VITE,20,PLLA,L,,,,,,,,,S,,0
SMA-11-01,TOKA,TOKA-068,4/20/2018,42,69,,,,VUBR,16,VUBR,L,,,,,,,,,S,1,0
SMA-11-01,TOKA,TOKA-068,4/20/2018,43,69,,,,LOPEM2,18,VITE,L,,,,,,,,,S,,0
SMA-11-01,TOKA,TOKA-068,4/20/2018,44,69,,,,VUBR,20,VITE,L,,,,,,,,,S,,0
SMA-11-01,TOKA,TOKA-068,4/20/2018,45,69,,,,PLLA,5,PLLA,,,,,,,,,,S,1,0
SMA-11-01,TOKA,TOKA-068,4/20/2018,46,69,,,,VITE,10,BRHO2,PLLA,L,,,,,,,,S,,0
SMA-11-01,TOKA,TOKA-068,4/20/2018,47,69,,,,PLLA,28,VITE,L,,,,,,,,,S,,0
SMA-11-01,TOKA,TOKA-068,4/20/2018,48,69,,,,LOPEM2,15,VITE,MEPO3,VUBR,,,,,,,,S,,0
SMA-11-01,TOKA,TOKA-068,4/20/2018,49,69,,,,GEDI,13,TRAN6,L,,,,,,,,,S,,0
SMA-11-01,TOKA,TOKA-068,4/20/2018,50,69,,,,LOPEM2,20,MEPO3,L,,,,,,,,,S,,0
SMA-11-01,TOKA,TOKA-068,4/20/2018,1,249,,,,BRDI2,23,LOPEM2,AVENA,PLLA,L,,,,,,,S,,0
SMA-11-01,TOKA,TOKA-068,4/20/2018,2,249,,,,AVENA,21,BRDI2,L,,,,,,,,,S,,0
SMA-11-01,TOKA,TOKA-068,4/20/2018,3,249,,,,BRDI2,10,PLLA,L,,,,,,,,,S,,0
SMA-11-01,TOKA,TOKA-068,4/20/2018,4,249,,,,BRDI2,16,PLLA,LOCO6,L,,,,,,,,S,,0
SMA-11-01,TOKA,TOKA-068,4/20/2018,5,249,,,,VUBR,14,PLLA,L,,,,,,,,,S,,0
SMA-11-01,TOKA,TOKA-068,4/20/2018,6,249,,,,LOPEM2,23,PLLA,LOCO6,BRDI2,L,,,,,,,S,,0
SMA-11-01,TOKA,TOKA-068,4/20/2018,7,249,,,,AVENA,39,MEPO3,RUAC3,LOPEM2,L,,,,,,,S,,0
SMA-11-01,TOKA,TOKA-068,4/20/2018,8,249,,,,AVENA,20,L,,,,,,,,,,S,,0
SMA-11-01,TOKA,TOKA-068,4/20/2018,9,249,,,,AVENA,14,BRDI2,L,,,,,,,,,S,,0
SMA-11-01,TOKA,TOKA-068,4/20/2018,10,249,,,,HOMA2,7,BRHO2,L,,,,,,,,,S,,0
SMA-11-01,TOKA,TOKA-068,4/20/2018,11,249,,,,VUBR,26,PLLA,,,,,,,,,,S,,0
SMA-11-01,TOKA,TOKA-068,4/20/2018,12,249,,,,VUBR,21,AVENA,L,,,,,,,,,S,,0
SMA-11-01,TOKA,TOKA-068,4/20/2018,13,249,,,,GEDI,14,VUBR,LOCO6,L,,,,,,,,S,,0
SMA-11-01,TOKA,TOKA-068,4/20/2018,14,249,,,,BRDI2,16,LOCO6,PLLA,L,,,,,,,,S,,0
SMA-11-01,TOKA,TOKA-068,4/20/2018,15,249,,,,BRDI2,24,HOMA2,L,,,,,,,,,S,,0
SMA-11-01,TOKA,TOKA-068,4/20/2018,16,249,,,,AVENA,16,LOCO6,BRDI2,L,,,,,,,,S,,0
SMA-11-01,TOKA,TOKA-068,4/20/2018,17,249,,,,BRDI2,8,AVENA,LOCO6,BRDI2,,,,,,,,S,,0
SMA-11-01,TOKA,TOKA-068,4/20/2018,18,249,,,,LOCO6,15,MEPO3,LOPEM2,L,,,,,,,,S,,0
SMA-11-01,TOKA,TOKA-068,4/20/2018,19,249,,,,LOPEM2,21,PLLA,,,,,,,,,,S,,0
SMA-11-01,TOKA,TOKA-068,4/20/2018,20,249,,,,LOPEM2,20,LOCO6,PLLA,L,,,,,,,,S,,0
SMA-11-01,TOKA,TOKA-068,4/20/2018,21,249,,,,AVENA,43,VUBR,LOCO6,L,,,,,,,,S,,0
SMA-11-01,TOKA,TOKA-068,4/20/2018,22,249,,,,BRDI2,32,LOPEM2,CAPY2,L,,,,,,,,S,,0
SMA-11-01,TOKA,TOKA-068,4/20/2018,23,249,,,,AVENA,22,L,,,,,,,,,,S,,0
SMA-11-01,TOKA,TOKA-068,4/20/2018,24,249,,,,LOPEM2,32,AVENA,L,,,,,,,,,S,,0
SMA-11-01,TOKA,TOKA-068,4/20/2018,25,249,,,,AVENA,33,GEDI,VUBR,BRDI3,,,,,,,,S,,0
SMA-11-01,TOKA,TOKA-068,4/20/2018,26,249,,,,BRDI2,18,L,,,,,,,,,,S,,0
SMA-11-01,TOKA,TOKA-068,4/20/2018,27,249,,,,PLLA,38,BRDI3,LOPEM2,L,,,,,,,,S,,0
SMA-11-01,TOKA,TOKA-068,4/20/2018,28,249,,,,LOPEM2,17,BRDI3,L,,,,,,,,,S,,0
SMA-11-01,TOKA,TOKA-068,4/20/2018,29,249,,,,VUBR,16,BRHO2,LOCO6,BRDI2,L,,,,,,,S,,0
SMA-11-01,TOKA,TOKA-068,4/20/2018,30,249,,,,BRDI2,24,LOPEM2,BRHO2,L,,,,,,,,S,,0
SMA-11-01,TOKA,TOKA-068,4/20/2018,31,249,,,,AVENA,40,VUBR,L,,,,,,,,,S,,0
SMA-11-01,TOKA,TOKA-068,4/20/2018,32,249,,,,LOPEM2,41,VUBR,TRAN6,L,,,,,,,,S,,0
SMA-11-01,TOKA,TOKA-068,4/20/2018,33,249,,,,PLLA,35,L,,,,,,,,,,S,,0
SMA-11-01,TOKA,TOKA-068,4/20/2018,34,249,,,,PLLA,30,VUBR,L,,,,,,,,,S,,0
SMA-11-01,TOKA,TOKA-068,4/20/2018,35,249,,,,LOPEM2,26,PLLA,VUBR,L,,,,,,,,S,,0
SMA-11-01,TOKA,TOKA-068,4/20/2018,36,249,,,,BRHO2,35,PLLA,GEDI,MEPO3,L,,,,,,,S,,0
SMA-11-01,TOKA,TOKA-068,4/20/2018,37,249,,,,BRDI2,15,PLLA,MEPO3,L,,,,,,,,S,,0
SMA-11-01,TOKA,TOKA-068,4/20/2018,38,249,,,,BRHO2,26,LOCO6,MEPO3,VUBR,L,,,,,,,S,,0
SMA-11-01,TOKA,TOKA-068,4/20/2018,39,249,,,,LOCO6,10,LOPEM2,L,,,,,,,,,S,,0
SMA-11-01,TOKA,TOKA-068,4/20/2018,40,249,,,,LOPEM2,14,LOCO6,BRDI2,L,,,,,,,,S,,0
SMA-11-01,TOKA,TOKA-068,4/20/2018,41,249,,,,LOPEM2,15,LOCO6,L,,,,,,,,,S,,0
SMA-11-01,TOKA,TOKA-068,4/20/2018,42,249,,,,BRDI2,7,LOPEM2,LOCO6,L,,,,,,,,S,,0
SMA-11-01,TOKA,TOKA-068,4/20/2018,43,249,,,,LOCO6,15,LOPEM2,L,,,,,,,,,S,,0
SMA-11-01,TOKA,TOKA-068,4/20/2018,44,249,,,,AVENA,16,LOPEM2,L,,,,,,,,,S,,0
SMA-11-01,TOKA,TOKA-068,4/20/2018,45,249,,,,LOPEM2,15,TRAN6,L,,,,,,,,,S,,0
SMA-11-01,TOKA,TOKA-068,4/20/2018,46,249,,,,MEPO3,17,LOPEM2,L,,,,,,,,,S,,0
SMA-11-01,TOKA,TOKA-068,4/20/2018,47,249,,,,LOPEM2,10,PLLA,MEPO3,L,,,,,,,,S,,0
SMA-11-01,TOKA,TOKA-068,4/20/2018,48,249,,,,SIBE,15,BRDI2,MEPO3,2GA,L,,,,,,,S,,0
SMA-11-01,TOKA,TOKA-068,4/20/2018,49,249,,,,MEPO3,10,GEDI,PLLA,L,,,,,,,,S,,0
SMA-11-01,TOKA,TOKA-068,4/20/2018,50,249,,,,MEPO3,6,PLLA,L,,,,,,,,,S,,0
SMA-11-01,TOKA,TOKA-068,6/25/2021,1,69,BAPI,,,BRDI2,8,L,,,,,,,,,,S,,0
SMA-11-01,TOKA,TOKA-068,6/25/2021,2,69,,,,TRIFO,3,2GA,2GA,,,,,,,,,S,2,0
SMA-11-01,TOKA,TOKA-068,6/25/2021,3,69,,,,2GA,5,2GA,,,,,,,,,,S,1,0
SMA-11-01,TOKA,TOKA-068,6/25/2021,4,69,BAPI,,,AVENA,30,L,,,,,,,,,,S,,0
SMA-11-01,TOKA,TOKA-068,6/25/2021,5,69,BAPI,,,AVENA,10,L,,,,,,,,,,S,,0
SMA-11-01,TOKA,TOKA-068,6/25/2021,6,69,,,,BRDI2,3,2GA,,,,,,,,,,S,1,0
SMA-11-01,TOKA,TOKA-068,6/25/2021,7,69,,,,BRDI2,11,AVENA,2GA,,,,,,,,,S,2,0
SMA-11-01,TOKA,TOKA-068,6/25/2021,8,69,BAPI,,,BRDI2,20,L,,,,,,,,,,S,,0
SMA-11-01,TOKA,TOKA-068,6/25/2021,9,69,,,,NOPLANT,NA,L,,,,,,,,,,S,,0
SMA-11-01,TOKA,TOKA-068,6/25/2021,10,69,,,,AVENA,7,L,,,,,,,,,,AM,,0
SMA-11-01,TOKA,TOKA-068,6/25/2021,11,69,,,,NAPU4,9,PLLA,L,,,,,,,,,S,,0
SMA-11-01,TOKA,TOKA-068,6/25/2021,12,69,,,,AVENA,15,2GA,,,,,,,,,,S,1,0
SMA-11-01,TOKA,TOKA-068,6/25/2021,13,69,,,,LOPEM2,27,2GA,,,,,,,,,,S,1,0
SMA-11-01,TOKA,TOKA-068,6/25/2021,14,69,,,,LOPEM2,17,BRDI2,RUAC3,L,,,,,,,,S,,0
SMA-11-01,TOKA,TOKA-068,6/25/2021,15,69,,,,LOPEM2,24,BRDI2,2GA,,,,,,,,,S,2,0
SMA-11-01,TOKA,TOKA-068,6/25/2021,16,69,,,,AVENA,20,LOPEM2,BRDI2,2GA,,,,,,,,S,3,0
SMA-11-01,TOKA,TOKA-068,6/25/2021,17,69,,,,LOPEM2,15,BRDI2,2GA,,,,,,,,,S,2,0
SMA-11-01,TOKA,TOKA-068,6/25/2021,18,69,,,,LOPEM2,14,AVENA,2GA,,,,,,,,,S,2,0
SMA-11-01,TOKA,TOKA-068,6/25/2021,19,69,,,,AVENA,12,2GA,,,,,,,,,,S,1,0
SMA-11-01,TOKA,TOKA-068,6/25/2021,20,69,,,,LOPEM2,18,BRDI2,LOCO6,L,,,,,,,,S,,0
SMA-11-01,TOKA,TOKA-068,6/25/2021,21,69,,,,LOPEM2,14,2GA,,,,,,,,,,S,1,0
SMA-11-01,TOKA,TOKA-068,6/25/2021,22,69,,,,AVENA,20,LOPEM2,2GA,,,,,,,,,S,2,0
SMA-11-01,TOKA,TOKA-068,6/25/2021,23,69,,,,AVENA,44,2GA,,,,,,,,,,S,1,0
SMA-11-01,TOKA,TOKA-068,6/25/2021,24,69,,,,AVENA,15,LOPEM2,2GA,,,,,,,,,S,2,0
SMA-11-01,TOKA,TOKA-068,6/25/2021,25,69,,,,AVENA,16,RUAC3,2GA,,,,,,,,,S,2,0
SMA-11-01,TOKA,TOKA-068,6/25/2021,26,69,,,,VUBR,24,LOPEM2,BRDI2,HYRA3,L,,,,,,,S,,0
SMA-11-01,TOKA,TOKA-068,6/25/2021,27,69,,,,AVENA,45,LOPEM2,SIBE,2GA,,,,,,,,S,3,0
SMA-11-01,TOKA,TOKA-068,6/25/2021,28,69,,,,AVENA,10,2GA,,,,,,,,,,S,1,0
SMA-11-01,TOKA,TOKA-068,6/25/2021,29,69,,,,RUAC3,10,2GA,2GA,,,,,,,,,S,2,0
SMA-11-01,TOKA,TOKA-068,6/25/2021,30,69,,,,SIBE,16,AVENA,BRDI2,2GA,,,,,,,,S,3,0
SMA-11-01,TOKA,TOKA-068,6/25/2021,31,69,,,,NOPLANT,NA,L,,,,,,,,,,S,,0
SMA-11-01,TOKA,TOKA-068,6/25/2021,32,69,,,,PHAQ,19,LOPEM2,BRDI2,2GA,,,,,,,,S,3,0
SMA-11-01,TOKA,TOKA-068,6/25/2021,33,69,,,,AVENA,10,2GA,2GA,,,,,,,,,S,2,0
SMA-11-01,TOKA,TOKA-068,6/25/2021,34,69,,,,AVENA,5,2GA,,,,,,,,,,S,1,0
SMA-11-01,TOKA,TOKA-068,6/25/2021,35,69,,,,AVENA,19,BRDI2,L,,,,,,,,,S,,0
SMA-11-01,TOKA,TOKA-068,6/25/2021,36,69,,,,AVENA,62,LOPEM2,L,,,,,,,,,S,,0
SMA-11-01,TOKA,TOKA-068,6/25/2021,37,69,,,,AVENA,75,BRDI2,2GA,,,,,,,,,S,2,0
SMA-11-01,TOKA,TOKA-068,6/25/2021,38,69,,,,AVENA,12,BRDI2,2GA,,,,,,,,,S,2,0
SMA-11-01,TOKA,TOKA-068,6/25/2021,39,69,,,,AVENA,9,2GA,,,,,,,,,,S,1,0
SMA-11-01,TOKA,TOKA-068,6/25/2021,40,69,,,,AVENA,16,BRDI2,2GA,,,,,,,,,S,2,0
SMA-11-01,TOKA,TOKA-068,6/25/2021,41,69,,,,AVENA,49,BRDI2,LOPEM2,2GA,,,,,,,,S,3,0
SMA-11-01,TOKA,TOKA-068,6/25/2021,42,69,,,,NAPU4,5,2GA,,,,,,,,,,S,1,0
SMA-11-01,TOKA,TOKA-068,6/25/2021,43,69,,,,BRDI2,3,2GA,,,,,,,,,,S,1,0
SMA-11-01,TOKA,TOKA-068,6/25/2021,44,69,,,,LOPEM2,4,BRDI2,L,,,,,,,,,S,,0
SMA-11-01,TOKA,TOKA-068,6/25/2021,45,69,,,,NAPU4,15,2GA,2GA,,,,,,,,,S,2,0
SMA-11-01,TOKA,TOKA-068,6/25/2021,46,69,BAPI,,,VICIA,10,SIBE,L,,,,,,,,,S,,0
SMA-11-01,TOKA,TOKA-068,6/25/2021,47,69,,,,BRDI2,15,BRCA5,L,,,,,,,,,S,,0
SMA-11-01,TOKA,TOKA-068,6/25/2021,48,69,,,,NAPU4,15,BRDI2,2GA,2GA,,,,,,,,S,3,0
SMA-11-01,TOKA,TOKA-068,6/25/2021,49,69,,,,BRDI2,4,2GA,,,,,,,,,,S,1,0
SMA-11-01,TOKA,TOKA-068,6/25/2021,50,69,,,,NAPU4,7,BRDI2,PLLA,L,,,,,,,,S,,0
SMA-11-01,TOKA,TOKA-068,6/25/2021,1,249,,,,2GA,7,2GA,L,,,,,,,,,S,1,0
SMA-11-01,TOKA,TOKA-068,6/25/2021,2,249,,,,BRHO2,50,BRDI2,LOPEM2,L,,,,,,,,S,,0
SMA-11-01,TOKA,TOKA-068,6/25/2021,3,249,,,,AVENA,19,LOPEM2,2GA,L,,,,,,,,S,2,0
SMA-11-01,TOKA,TOKA-068,6/25/2021,4,249,,,,AVENA,53,LOPEM2,BRHO2,2GA,,,,,,,,S,3,0
SMA-11-01,TOKA,TOKA-068,6/25/2021,5,249,,,,AVENA,11,VUBR,2GA,,,,,,,,,S,2,0
SMA-11-01,TOKA,TOKA-068,6/25/2021,6,249,,,,LOPEM2,30,VUBR,HORDE,L,,,,,,,,S,,0
SMA-11-01,TOKA,TOKA-068,6/25/2021,7,249,,,,BRDI2,5,2GA,,,,,,,,,,S,1,0
SMA-11-01,TOKA,TOKA-068,6/25/2021,8,249,,,,AVENA,13,LOPEM2,L,,,,,,,,,S,,0
SMA-11-01,TOKA,TOKA-068,6/25/2021,9,249,,,,BRDI2,24,AVENA,L,,,,,,,,,S,,0
SMA-11-01,TOKA,TOKA-068,6/25/2021,10,249,,,,NAPU4,51,AVENA,L,,,,,,,,,S,,0
SMA-11-01,TOKA,TOKA-068,6/25/2021,11,249,,,,BRCA5,56,AVENA,L,,,,,,,,,S,,0
SMA-11-01,TOKA,TOKA-068,6/25/2021,12,249,,,,AVENA,7,L,,,,,,,,,,S,,0
SMA-11-01,TOKA,TOKA-068,6/25/2021,13,249,,,,AVENA,6,L,,,,,,,,,,S,,0
SMA-11-01,TOKA,TOKA-068,6/25/2021,14,249,,,,AVENA,5,2GA,L,,,,,,,,,S,,0
SMA-11-01,TOKA,TOKA-068,6/25/2021,15,249,,,,LOPEM2,5,AVENA,BRDI2,2GA,,,,,,,,S,3,0
SMA-11-01,TOKA,TOKA-068,6/25/2021,16,249,,,,NOPLANT,NA,L,,,,,,,,,,S,,0
SMA-11-01,TOKA,TOKA-068,6/25/2021,17,249,,,,AVENA,20,BRDI2,2GA,,,,,,,,,S,2,0
SMA-11-01,TOKA,TOKA-068,6/25/2021,18,249,,,,AVENA,72,HORDE,L,,,,,,,,,S,,0
SMA-11-01,TOKA,TOKA-068,6/25/2021,19,249,,,,BRDI2,5,2GA,,,,,,,,,,S,1,0
SMA-11-01,TOKA,TOKA-068,6/25/2021,20,249,,,,NOPLANT,NA,L,,,,,,,,,,S,,0
SMA-11-01,TOKA,TOKA-068,6/25/2021,21,249,,,,BRDI2,4,2GA,,,,,,,,,,S,1,0
SMA-11-01,TOKA,TOKA-068,6/25/2021,22,249,,,,2GA,2,2GA,,,,,,,,,,S,1,0
SMA-11-01,TOKA,TOKA-068,6/25/2021,23,249,,,,AVENA,4,2GA,,,,,,,,,,S,1,0
SMA-11-01,TOKA,TOKA-068,6/25/2021,24,249,,,,NOPLANT,NA,L,,,,,,,,,,S,,0
SMA-11-01,TOKA,TOKA-068,6/25/2021,25,249,,,,AVENA,7,L,,,,,,,,,,S,,0
SMA-11-01,TOKA,TOKA-068,6/25/2021,26,249,,,,LOPEM2,6,2GA,,,,,,,,,,S,1,0
SMA-11-01,TOKA,TOKA-068,6/25/2021,27,249,,,,2GA,2,L,,,,,,,,,,S,,1
SMA-11-01,TOKA,TOKA-068,6/25/2021,28,249,,,,HORDE,6,2GA,L,,,,,,,,,S,1,0
SMA-11-01,TOKA,TOKA-068,6/25/2021,29,249,BAPI,,,BRDI2,7,BRHO2,L,,,,,,,,,S,,0
SMA-11-01,TOKA,TOKA-068,6/25/2021,30,249,,,,BRHO2,9,BRDI2,L,,,,,,,,,S,,0
SMA-11-01,TOKA,TOKA-068,6/25/2021,31,249,,,,BRCA5,17,2GA,,,,,,,,,,S,1,0
SMA-11-01,TOKA,TOKA-068,6/25/2021,32,249,,,,LOPEM2,17,2GA,LOCO6,2GA,,,,,,,,S,3,0
SMA-11-01,TOKA,TOKA-068,6/25/2021,33,249,,,,AVENA,18,BRDI2,SIBE,2GA,,,,,,,,S,3,0
SMA-11-01,TOKA,TOKA-068,6/25/2021,34,249,,,,AVENA,40,LOPEM2,BRDI2,L,,,,,,,,S,,0
SMA-11-01,TOKA,TOKA-068,6/25/2021,35,249,,,,NOPLANT,NA,,,,,,,,,,,AM,,0
SMA-11-01,TOKA,TOKA-068,6/25/2021,36,249,,,,BRDI2,4,2GA,L,,,,,,,,,S,1,0
SMA-11-01,TOKA,TOKA-068,6/25/2021,37,249,,,,BRDI2,4,2GA,2GA,,,,,,,,,S,2,0
SMA-11-01,TOKA,TOKA-068,6/25/2021,38,249,,,,LOCO6,3,BRHO2,L,,,,,,,,,S,,0
SMA-11-01,TOKA,TOKA-068,6/25/2021,39,249,,,,HORDE,5,2GA,,,,,,,,,,S,1,0
SMA-11-01,TOKA,TOKA-068,6/25/2021,40,249,,,,LOPEM2,8,BRHO2,HORDE,BRDI2,L,,,,,,,S,,0
SMA-11-01,TOKA,TOKA-068,6/25/2021,41,249,,,,BRDI3,16,BRDI2,L,,,,,,,,,S,,0
SMA-11-01,TOKA,TOKA-068,6/25/2021,42,249,,,,AVENA,34,LOPEM2,HORDE,LOCO6,L,,,,,,,S,,0
SMA-11-01,TOKA,TOKA-068,6/25/2021,43,249,,,,BRHO2,22,HORDE,BRDI2,L,,,,,,,,S,,0
SMA-11-01,TOKA,TOKA-068,6/25/2021,44,249,,,,BRDI2,11,SIBE,,,,,,,,,,AM,,0
SMA-11-01,TOKA,TOKA-068,6/25/2021,45,249,,,,NAPU4,47,BRDI2,GEDI,2GA,,,,,,,,S,3,0
SMA-11-01,TOKA,TOKA-068,6/25/2021,46,249,,,,BRHO2,7,AVENA,2GA,,,,,,,,,S,2,0
SMA-11-01,TOKA,TOKA-068,6/25/2021,47,249,,,,BRHO2,12,BRDI2,2GA,,,,,,,,,S,2,0
SMA-11-01,TOKA,TOKA-068,6/25/2021,48,249,,,,BRHO2,15,2GA,,,,,,,,,,S,1,0
SMA-11-01,TOKA,TOKA-068,6/25/2021,49,249,,,,BRHO2,10,HYRA3,L,,,,,,,,,S,,0
SMA-11-01,TOKA,TOKA-068,6/25/2021,50,249,,,,BRHO2,4,L,,,,,,,,,,S,,0
SMA-11-01,TOKA,TOKA-068,5/31/2024,1,69,BAPI,,,VUBR,34,BRDI2,L,,,,,,,,,S,,0
SMA-11-01,TOKA,TOKA-068,5/31/2024,2,69,BAPI,,,BRDI2,20,L,,,,,,,,,,S,,0
SMA-11-01,TOKA,TOKA-068,5/31/2024,3,69,BAPI,,,VUBR,20,LOPEM2,L,,,,,,,,,S,,0
SMA-11-01,TOKA,TOKA-068,5/31/2024,4,69,,,,LOPEM2,14,BRHO2,L,,,,,,,,,S,,0
SMA-11-01,TOKA,TOKA-068,5/31/2024,5,69,,,,AVBA,71,BRHO2,L,,,,,,,,,S,,0
SMA-11-01,TOKA,TOKA-068,5/31/2024,6,69,,,,LOPEM2,44,BRHO2,HOMA2,L,,,,,,,,S,,0
SMA-11-01,TOKA,TOKA-068,5/31/2024,7,69,,,,BRHO2,44,HOMA2,LOPEM2,L,,,,,,,,S,,0
SMA-11-01,TOKA,TOKA-068,5/31/2024,8,69,,,,HOMA2,31,BRHO2,LOCO6,LOPEM2,L,,,,,,,S,,0
SMA-11-01,TOKA,TOKA-068,5/31/2024,9,69,,,,AVBA,74,BRHO2,HOMA2,L,,,,,,,,S,,0
SMA-11-01,TOKA,TOKA-068,5/31/2024,10,69,BAPI,,,LOPEM2,35,BRHO2,BRDI2,L,,,,,,,,S,,0
SMA-11-01,TOKA,TOKA-068,5/31/2024,11,69,BAPI,,,LOPEM2,49,BRHO2,BRDI2,L,,,,,,,,S,,0
SMA-11-01,TOKA,TOKA-068,5/31/2024,12,69,BAPI,,,LOPEM2,60,CYEC,L,,,,,,,,,S,,0
SMA-11-01,TOKA,TOKA-068,5/31/2024,13,69,,,,VUBR,31,BRHO2,LOPEM2,L,,,,,,,,S,2,0
SMA-11-01,TOKA,TOKA-068,5/31/2024,14,69,,,,VUBR,29,BRDI2,SIBE,LOPEM2,,,,,,,,S,3,0
SMA-11-01,TOKA,TOKA-068,5/31/2024,15,69,,,,LOPEM2,71,VUBR,HOBR2,BRCA5,2GA,L,,,,,,S,4,0
SMA-11-01,TOKA,TOKA-068,5/31/2024,16,69,,,,HOBR2,70,BRHO2,2GA,L,,,,,,,,S,2,0
SMA-11-01,TOKA,TOKA-068,5/31/2024,17,69,,,,HOBR2,81,LOPEM2,BRHO2,2GA,L,,,,,,,S,3,0
SMA-11-01,TOKA,TOKA-068,5/31/2024,18,69,,,,LOPEM2,59,GEDI,L,,,,,,,,,S,,0
SMA-11-01,TOKA,TOKA-068,5/31/2024,19,69,,,,LOPEM2,40,LOCO6,BRHO2,L,,,,,,,,S,,0
SMA-11-01,TOKA,TOKA-068,5/31/2024,20,69,,,,BRHO2,74,LOCO6,GEDI,L,,,,,,,,S,,0
SMA-11-01,TOKA,TOKA-068,5/31/2024,21,69,,,,HOBR2,64,LOCO6,BRDI2,L,,,,,,,,S,,0
SMA-11-01,TOKA,TOKA-068,5/31/2024,22,69,,,,HOBR2,82,LOPEM2,L,,,,,,,,,S,,0
SMA-11-01,TOKA,TOKA-068,5/31/2024,23,69,,,,LOPEM2,70,HOBR2,VUBR,BRHO2,GEDI,L,,,,,,S,,0
SMA-11-01,TOKA,TOKA-068,5/31/2024,24,69,,,,LOPEM2,71,BRHO2,HOBR2,L,,,,,,,,S,,0
SMA-11-01,TOKA,TOKA-068,5/31/2024,25,69,,,,BRHO2,41,LOPEM2,2GA,L,,,,,,,,S,2,0
SMA-11-01,TOKA,TOKA-068,5/31/2024,26,69,,,,VUBR,51,LOPEM2,L,,,,,,,,,S,,0
SMA-11-01,TOKA,TOKA-068,5/31/2024,27,69,BAPI,,,VUBR,62,BRHO2,L,,,,,,,,,S,,0
SMA-11-01,TOKA,TOKA-068,5/31/2024,28,69,,,,VUBR,54,L,,,,,,,,,,S,,0
SMA-11-01,TOKA,TOKA-068,5/31/2024,29,69,,,,BRHO2,52,LOCO6,L,,,,,,,,,S,,0
SMA-11-01,TOKA,TOKA-068,5/31/2024,30,69,,,,LOPEM2,39,VUBR,GEDI,L,,,,,,,,S,,0
SMA-11-01,TOKA,TOKA-068,5/31/2024,31,69,,,,VUBR,42,LOPEM2,SIBE,BRHO2,L,,,,,,,S,,0
SMA-11-01,TOKA,TOKA-068,5/31/2024,32,69,,,,LOPEM2,51,CYEC,PLLA,L,,,,,,,,S,,0
SMA-11-01,TOKA,TOKA-068,5/31/2024,33,69,,,,LOPEM2,49,BRHO2,L,,,,,,,,,S,,0
SMA-11-01,TOKA,TOKA-068,5/31/2024,34,69,,,,LOPEM2,74,HOBR2,VUBR,L,,,,,,,,S,,0
SMA-11-01,TOKA,TOKA-068,5/31/2024,35,69,,,,LOPEM2,50,PLLA,AVBA,VUBR,L,,,,,,,S,,0
SMA-11-01,TOKA,TOKA-068,5/31/2024,36,69,,,,AVBA,45,BRHO2,GEDI,L,,,,,,,,S,,0
SMA-11-01,TOKA,TOKA-068,5/31/2024,37,69,,,,HOBR2,59,LOPEM2,BRHO2,L,,,,,,,,S,,0
SMA-11-01,TOKA,TOKA-068,5/31/2024,38,69,,,,LOPEM2,46,BRHO2,BRDI2,VUBR,L,,,,,,,S,,0
SMA-11-01,TOKA,TOKA-068,5/31/2024,39,69,,,,AVBA,78,BRHO2,BRDI2,,,,,,,,,S,,0
SMA-11-01,TOKA,TOKA-068,5/31/2024,40,69,,,,BRHO2,70,AVBA,LOPEM2,GEDI,L,,,,,,,S,,0
SMA-11-01,TOKA,TOKA-068,5/31/2024,41,69,,,,AVBA,110,BRHO2,LOPEM2,L,,,,,,,,S,,0
SMA-11-01,TOKA,TOKA-068,5/31/2024,42,69,,,,AVBA,121,BRHO2,L,,,,,,,,,S,,0
SMA-11-01,TOKA,TOKA-068,5/31/2024,43,69,,,,AVBA,76,BRHO2,LOPEM2,L,,,,,,,,S,,0
SMA-11-01,TOKA,TOKA-068,5/31/2024,44,69,,,,NAPU4,52,HOBR2,VUBR,L,,,,,,,,S,,0
SMA-11-01,TOKA,TOKA-068,5/31/2024,45,69,,,,BRHO2,48,LOPEM2,PLLA,L,,,,,,,,S,,0
SMA-11-01,TOKA,TOKA-068,5/31/2024,46,69,,,,LOPEM2,44,BRHO2,HOBR2,L,,,,,,,,S,,0
SMA-11-01,TOKA,TOKA-068,5/31/2024,47,69,,,,NAPU4,51,HOMA2,PLLA,L,,,,,,,,S,,0
SMA-11-01,TOKA,TOKA-068,5/31/2024,48,69,,,,VUBR,43,LOPEM2,L,,,,,,,,,S,,0
SMA-11-01,TOKA,TOKA-068,5/31/2024,49,69,BAPI,,,VUBR,24,BRDI2,L,,,,,,,,,S,,0
SMA-11-01,TOKA,TOKA-068,5/31/2024,50,69,BAPI,,,AVBA,21,LOPEM2,VUBR,L,,,,,,,,S,,0
SMA-11-01,TOKA,TOKA-068,5/31/2024,1,249,,,,HOBR2,42,LOPEM2,BRHO2,L,,,,,,,,S,,0
SMA-11-01,TOKA,TOKA-068,5/31/2024,2,249,,,,LOPEM2,63,VUBR,BRDI2,2GA,,,,,,,,S,3,0
SMA-11-01,TOKA,TOKA-068,5/31/2024,3,249,,,,BRHO2,55,AVBA,LOCO6,HOBR2,L,,,,,,,S,,0
SMA-11-01,TOKA,TOKA-068,5/31/2024,4,249,,,,BRHO2,70,NAPU4,LOPEM2,L,,,,,,,,S,,0
SMA-11-01,TOKA,TOKA-068,5/31/2024,5,249,,,,LOCO6,30,GEDI,L,,,,,,,,,S,,0
SMA-11-01,TOKA,TOKA-068,5/31/2024,6,249,,,,AVBA,80,HOBR2,LOPEM2,LOCO6,L,,,,,,,S,,0
SMA-11-01,TOKA,TOKA-068,5/31/2024,7,249,,,,LOPEM2,65,BRHO2,L,,,,,,,,,S,,0
SMA-11-01,TOKA,TOKA-068,5/31/2024,8,249,BAPI,,,BRHO2,80,VUBR,LOPEM2,BRDI2,2GA,,,,,,,S,4,0
SMA-11-01,TOKA,TOKA-068,5/31/2024,9,249,BAPI,,,BRHO2,50,L,,,,,,,,,,S,,0
SMA-11-01,TOKA,TOKA-068,5/31/2024,10,249,,,,BRHO2,58,LOPEM2,BRDI2,VUBR,,,,,,,,S,,0
SMA-11-01,TOKA,TOKA-068,5/31/2024,11,249,,,,BRHO2,75,LOPEM2,LOCO6,,,,,,,,,S,,0
SMA-11-01,TOKA,TOKA-068,5/31/2024,12,249,,,,BRHO2,50,L,,,,,,,,,,S,,0
SMA-11-01,TOKA,TOKA-068,5/31/2024,13,249,BAPI,,,BRHO2,48,2GA,,,,,,,,,,S,1,0
SMA-11-01,TOKA,TOKA-068,5/31/2024,14,249,BAPI,,,AVBA,42,BRHO2,LOPEM2,2GA,,,,,,,,S,3,0
SMA-11-01,TOKA,TOKA-068,5/31/2024,15,249,,,,HOBR2,80,BRHO2,L,,,,,,,,,S,,0
SMA-11-01,TOKA,TOKA-068,5/31/2024,16,249,,,,HOBR2,55,BRHO2,LOPEM2,L,,,,,,,,S,,0
SMA-11-01,TOKA,TOKA-068,5/31/2024,17,249,,,,AVBA,80,BRHO2,LOPEM2,L,,,,,,,,S,,0
SMA-11-01,TOKA,TOKA-068,5/31/2024,18,249,,,,HOBR2,82,LOPEM2,2GA,,,,,,,,,S,2,0
SMA-11-01,TOKA,TOKA-068,5/31/2024,19,249,,,,AVBA,60,LOPEM2,2GA,,,,,,,,,S,2,0
SMA-11-01,TOKA,TOKA-068,5/31/2024,20,249,,,,AVBA,120,BRHO2,L,,,,,,,,,S,,0
SMA-11-01,TOKA,TOKA-068,5/31/2024,21,249,,,,AVBA,95,GEDI,L,,,,,,,,,S,,0
SMA-11-01,TOKA,TOKA-068,5/31/2024,22,249,,,,AVBA,60,VUBR,BRDI2,LOPEM2,2GA,,,,,,,S,4,0
SMA-11-01,TOKA,TOKA-068,5/31/2024,23,249,,,,AVBA,58,LOPEM2,VUBR,HOBR2,2GA,,,,,,,S,4,0
SMA-11-01,TOKA,TOKA-068,5/31/2024,24,249,,,,LOPEM2,42,VUBR,BRHO2,L,,,,,,,,S,,0
SMA-11-01,TOKA,TOKA-068,5/31/2024,25,249,BAPI,,,VITE,43,L,,,,,,,,,,S,,0
SMA-11-01,TOKA,TOKA-068,5/31/2024,26,249,BAPI,,,VITE,63,BRDI3,VITE,L,,,,,,,,S,,0
SMA-11-01,TOKA,TOKA-068,5/31/2024,27,249,BAPI,,,BRDI2,67,VUBR,VITE,L,,,,,,,,S,,0
SMA-11-01,TOKA,TOKA-068,5/31/2024,28,249,BAPI,,,VUBR,54,BRHO2,VITE,L,,,,,,,,S,,0
SMA-11-01,TOKA,TOKA-068,5/31/2024,29,249,,,,AVBA,72,VUBR,BRHO2,BRDI2,L,,,,,,,S,,0
SMA-11-01,TOKA,TOKA-068,5/31/2024,30,249,,,,LIBI5,30,BRHO2,VUBR,L,,,,,,,,S,,0
SMA-11-01,TOKA,TOKA-068,5/31/2024,31,249,,,,BRCA5,70,NAPU4,VUBR,BRDI2,L,,,,,,,S,,0
SMA-11-01,TOKA,TOKA-068,5/31/2024,32,249,BAPI,,,NOPLANT,NA,L,,,,,,,,,,S,,0
SMA-11-01,TOKA,TOKA-068,5/31/2024,33,249,BAPI,,,VITE,25,L,,,,,,,,,,S,,0
SMA-11-01,TOKA,TOKA-068,5/31/2024,34,249,,,,AVBA,60,VUBR,BRDI2,L,,,,,,,,S,,0
SMA-11-01,TOKA,TOKA-068,5/31/2024,35,249,,,,VUBR,60,VITE,L,,,,,,,,,S,,0
SMA-11-01,TOKA,TOKA-068,5/31/2024,36,249,AVBA,,,AVBA,72,BRDI2,L,,,,,,,,,S,,0
SMA-11-01,TOKA,TOKA-068,5/31/2024,37,249,,,,LOPEM2,74,BRHO2,BRDI2,VITE,L,,,,,,,S,,0
SMA-11-01,TOKA,TOKA-068,5/31/2024,38,249,,,,NAPU4,94,BRCA5,VUBR,AVBA,L,,,,,,,S,,0
SMA-11-01,TOKA,TOKA-068,5/31/2024,39,249,,,,BRHO2,50,AVBA,2GA,,,,,,,,,S,2,0
SMA-11-01,TOKA,TOKA-068,5/31/2024,40,249,,,,AVBA,41,LOCO6,BRDI2,,,,,,,,,S,,0
SMA-11-01,TOKA,TOKA-068,5/31/2024,41,249,,,,GEDI,22,LOPEM2,LOCO6,L,,,,,,,,S,,0
SMA-11-01,TOKA,TOKA-068,5/31/2024,42,249,,,,AVBA,62,BRHO2,BRDI2,LOCO6,L,,,,,,,S,,0
SMA-11-01,TOKA,TOKA-068,5/31/2024,43,249,,,,AVBA,100,VUBR,2GA,,,,,,,,,S,2,0
SMA-11-01,TOKA,TOKA-068,5/31/2024,44,249,,,,VUBR,30,VITE,2GA,,,,,,,,,S,2,0
SMA-11-01,TOKA,TOKA-068,5/31/2024,45,249,,,,BRHO2,50,BRDI2,VUBR,LOCO6,2GA,,,,,,,S,4,0
SMA-11-01,TOKA,TOKA-068,5/31/2024,46,249,,,,AVBA,38,BRDI2,VUBR,L,,,,,,,,S,,0
SMA-11-01,TOKA,TOKA-068,5/31/2024,47,249,,,,BRHO2,60,BAPI,GEDI,L,,,,,,,,S,,0
SMA-11-01,TOKA,TOKA-068,5/31/2024,48,249,,,,LIBI5,40,BRHO2,HOBR2,2GA,,,,,,,,S,3,0
SMA-11-01,TOKA,TOKA-068,5/31/2024,49,249,,,,BRDI2,38,LOCO6,BRMI2,HYRA3,L,,,,,,,S,,0
SMA-11-01,TOKA,TOKA-068,5/31/2024,50,249,,,,NAPU4,55,LIBI5,PLLA,L,,,,,,,,S,,0
SMA-11-01,TOKA,TOKA-080,4/24/2018,1,20,,,,BRDI2,14,BRDI3,L,,,,,,,,,S,,0
SMA-11-01,TOKA,TOKA-080,4/24/2018,2,20,,,,VUBR,15,PLLA,L,,,,,,,,,S,,0
SMA-11-01,TOKA,TOKA-080,4/24/2018,3,20,,,,BRDI3,24,VUBR,RUAC3,L,,,,,,,,S,,0
SMA-11-01,TOKA,TOKA-080,4/24/2018,4,20,,,,NOPLANT,NA,L,,,,,,,,,,S,,0
SMA-11-01,TOKA,TOKA-080,4/24/2018,5,20,,,,LOPEM2,8,L,,,,,,,,,,S,,0
SMA-11-01,TOKA,TOKA-080,4/24/2018,6,20,,,,NOPLANT,NA,,,,,,,,,,,S,,0
SMA-11-01,TOKA,TOKA-080,4/24/2018,7,20,,,,VUBR,25,L,,,,,,,,,,S,,0
SMA-11-01,TOKA,TOKA-080,4/24/2018,8,20,,,,NOPLANT,NA,L,,,,,,,,,,S,,0
SMA-11-01,TOKA,TOKA-080,4/24/2018,9,20,,,,2GA,20,L,,,,,,,,,,S,,0
SMA-11-01,TOKA,TOKA-080,4/24/2018,10,20,,,,RUAC3,4,L,,,,,,,,,,S,,0
SMA-11-01,TOKA,TOKA-080,4/24/2018,11,20,,,,HYGL2,1,L,,,,,,,,,,S,,0
SMA-11-01,TOKA,TOKA-080,4/24/2018,12,20,,,,RUUR,18,LOPEM2,L,,,,,,,,,S,,0
SMA-11-01,TOKA,TOKA-080,4/24/2018,13,20,,,,HYRA3,2,,,,,,,,,,,S,,0
SMA-11-01,TOKA,TOKA-080,4/24/2018,14,20,,,,HYRA3,5,L,,,,,,,,,,S,,0
SMA-11-01,TOKA,TOKA-080,4/24/2018,15,20,,,,PLLA,15,COCA5,L,,,,,,,,,S,1,0
SMA-11-01,TOKA,TOKA-080,4/24/2018,16,20,,,,BRDI2,11,LIBI5,L,,,,,,,,,S,,0
SMA-11-01,TOKA,TOKA-080,4/24/2018,17,20,,,,HYRA3,1,L,,,,,,,,,,S,,0
SMA-11-01,TOKA,TOKA-080,4/24/2018,18,20,,,,HYRA3,4,RUAC3,L,,,,,,,,,S,,0
SMA-11-01,TOKA,TOKA-080,4/24/2018,19,20,,,,RUAC3,24,LIBI5,LOPEM2,HYGL2,L,,,,,,,S,,0
SMA-11-01,TOKA,TOKA-080,4/24/2018,20,20,,,,VUBR,15,ANAR,CRVET,PLLA,L,,,,,,,S,,0
SMA-11-01,TOKA,TOKA-080,4/24/2018,21,20,,,,2GA,22,HYRA3,L,,,,,,,,,S,,1
SMA-11-01,TOKA,TOKA-080,4/24/2018,22,20,,,,SIBE,7,HYGL2,L,,,,,,,,,S,,0
SMA-11-01,TOKA,TOKA-080,4/24/2018,23,20,,,,BRHO2,25,BRDI2,ANAR,VUBR,L,,,,,,,S,,0
SMA-11-01,TOKA,TOKA-080,4/24/2018,24,20,,,,LOPEM2,14,L,,,,,,,,,,S,,0
SMA-11-01,TOKA,TOKA-080,4/24/2018,25,20,,,,RUAC3,25,VUBR,BETR,LIBI5,L,,,,,,,S,,0
SMA-11-01,TOKA,TOKA-080,4/24/2018,26,20,,,,2GA,18,BRDI2,L,,,,,,,,,S,,1
SMA-11-01,TOKA,TOKA-080,4/24/2018,27,20,,,,2GA,29,BRDI2,,,,,,,,,,M,,1
SMA-11-01,TOKA,TOKA-080,4/24/2018,28,20,,,,AVENA,13,HYRA3,2GA,,,,,,,,,M,2,0
SMA-11-01,TOKA,TOKA-080,4/24/2018,29,20,,,,2GA,16,2GA,L,,,,,,,,,M,,1
SMA-11-01,TOKA,TOKA-080,4/24/2018,30,20,,,,CIVU,9,RUAC3,2GA,L,,,,,,,,S,,0
SMA-11-01,TOKA,TOKA-080,4/24/2018,31,20,,,,2GA,15,RUAC3,,,,,,,,,,S,,1
SMA-11-01,TOKA,TOKA-080,4/24/2018,32,20,,,,2GA,25,RUAC3,L,,,,,,,,,S,,1
SMA-11-01,TOKA,TOKA-080,4/24/2018,33,20,,,,2GA,34,VUBR,L,,,,,,,,,S,,1
SMA-11-01,TOKA,TOKA-080,4/24/2018,34,20,,,,LOPEM2,10,2GA,L,,,,,,,,,S,1,0
SMA-11-01,TOKA,TOKA-080,4/24/2018,35,20,,,,2GA,25,VUBR,RUAC3,L,,,,,,,,S,,1
SMA-11-01,TOKA,TOKA-080,4/24/2018,36,20,,,,VUBR,10,2GA,L,,,,,,,,,S,1,0
SMA-11-01,TOKA,TOKA-080,4/24/2018,37,20,,,,LOPEM2,13,2GA,L,,,,,,,,,S,1,0
SMA-11-01,TOKA,TOKA-080,4/24/2018,38,20,,,,VUBR,19,2GA,L,,,,,,,,,S,1,0
SMA-11-01,TOKA,TOKA-080,4/24/2018,39,20,,,,COCA5,51,RUUR,L,,,,,,,,,S,,1
SMA-11-01,TOKA,TOKA-080,4/24/2018,40,20,RUUR,,,NOPLANT,NA,L,,,,,,,,,,S,,0
SMA-11-01,TOKA,TOKA-080,4/24/2018,41,20,RUUR,,,NOPLANT,NA,L,,,,,,,,,,S,,0
SMA-11-01,TOKA,TOKA-080,4/24/2018,42,20,RUUR,,,VITE,40,TOAR,L,,,,,,,,,S,,0
SMA-11-01,TOKA,TOKA-080,4/24/2018,43,20,RUUR,,,NOPLANT,NA,L,,,,,,,,,,S,,0
SMA-11-01,TOKA,TOKA-080,4/24/2018,44,20,RUUR,,,NOPLANT,NA,L,,,,,,,,,,S,,0
SMA-11-01,TOKA,TOKA-080,4/24/2018,45,20,RUUR,,,NOPLANT,NA,L,,,,,,,,,,S,,0
SMA-11-01,TOKA,TOKA-080,4/24/2018,46,20,RUUR,,,VITE,15,L,,,,,,,,,,S,,0
SMA-11-01,TOKA,TOKA-080,4/24/2018,47,20,RUUR,,,NOPLANT,NA,L,,,,,,,,,,S,,0
SMA-11-01,TOKA,TOKA-080,4/24/2018,48,20,RUUR,,,COMA2,9,L,,,,,,,,,,S,,0
SMA-11-01,TOKA,TOKA-080,4/24/2018,49,20,RUUR,,,COMA2,14,L,,,,,,,,,,S,,0
SMA-11-01,TOKA,TOKA-080,4/24/2018,50,20,RUUR,,,NOPLANT,NA,L,,,,,,,,,,S,,0
SMA-11-01,TOKA,TOKA-080,4/24/2018,1,200,,,,VUBR,9,LOPEM2,L,,,,,,,,,S,,0
SMA-11-01,TOKA,TOKA-080,4/24/2018,2,200,,,,VUBR,14,HYRA3,L,,,,,,,,,S,,0
SMA-11-01,TOKA,TOKA-080,4/24/2018,3,200,,,,LIBI5,9,LOPEM2,PLLA,ANAR,,,,,,,,S,,0
SMA-11-01,TOKA,TOKA-080,4/24/2018,4,200,,,,LOPEM2,14,ANAR,,,,,,,,,,S,,0
SMA-11-01,TOKA,TOKA-080,4/24/2018,5,200,,,,BRDI2,10,ANAR,PLLA,L,,,,,,,,S,,0
SMA-11-01,TOKA,TOKA-080,4/24/2018,6,200,,,,BRHO2,43,LIBI5,CAPY2,L,,,,,,,,S,,0
SMA-11-01,TOKA,TOKA-080,4/24/2018,7,200,,,,LOPEM2,22,L,,,,,,,,,,S,,0
SMA-11-01,TOKA,TOKA-080,4/24/2018,8,200,,,,CAPY2,10,BRDI3,L,,,,,,,,,S,,0
SMA-11-01,TOKA,TOKA-080,4/24/2018,9,200,,,,LOPEM2,26,,,,,,,,,,,S,,0
SMA-11-01,TOKA,TOKA-080,4/24/2018,10,200,,,,BRDI3,34,LOPEM2,CAPY2,L,,,,,,,,S,,0
SMA-11-01,TOKA,TOKA-080,4/24/2018,11,200,,,,LOPEM2,14,GEDI,L,,,,,,,,,S,,0
SMA-11-01,TOKA,TOKA-080,4/24/2018,12,200,,,,CAPY2,14,LOPEM2,L,,,,,,,,,S,,0
SMA-11-01,TOKA,TOKA-080,4/24/2018,13,200,,,,PLLA,39,L,,,,,,,,,,S,,0
SMA-11-01,TOKA,TOKA-080,4/24/2018,14,200,,,,LOPEM2,10,BRHO2,L,,,,,,,,,S,,0
SMA-11-01,TOKA,TOKA-080,4/24/2018,15,200,,,,LOPEM2,17,GEDI,L,,,,,,,,,S,,0
SMA-11-01,TOKA,TOKA-080,4/24/2018,16,200,,,,RUMEX,50,AVFA,LOPEM2,GEDI,L,,,,,,,S,,1
SMA-11-01,TOKA,TOKA-080,4/24/2018,17,200,,,,VUBR,18,BRHO2,L,,,,,,,,,S,,0
SMA-11-01,TOKA,TOKA-080,4/24/2018,18,200,,,,BRDI2,14,L,,,,,,,,,,S,,0
SMA-11-01,TOKA,TOKA-080,4/24/2018,19,200,,,,BRHO2,20,L,,,,,,,,,,S,,0
SMA-11-01,TOKA,TOKA-080,4/24/2018,20,200,,,,VUBR,23,L,,,,,,,,,,S,,0
SMA-11-01,TOKA,TOKA-080,4/24/2018,21,200,,,,VISA,14,LOPEM2,L,,,,,,,,,S,,0
SMA-11-01,TOKA,TOKA-080,4/24/2018,22,200,,,,PLLA,14,BRDI3,LIBI5,L,,,,,,,,S,,0
SMA-11-01,TOKA,TOKA-080,4/24/2018,23,200,,,,PLLA,7,LOPEM2,L,,,,,,,,,S,,0
SMA-11-01,TOKA,TOKA-080,4/24/2018,24,200,,,,LOPEM2,20,VUBR,L,,,,,,,,,S,,0
SMA-11-01,TOKA,TOKA-080,4/24/2018,25,200,,,,VITE,25,LOPEM2,L,,,,,,,,,S,,0
SMA-11-01,TOKA,TOKA-080,4/24/2018,26,200,,,,LOPEM2,10,L,,,,,,,,,,S,,0
SMA-11-01,TOKA,TOKA-080,4/24/2018,27,200,,,,LOPEM2,10,L,,,,,,,,,,S,,0
SMA-11-01,TOKA,TOKA-080,4/24/2018,28,200,,,,CAPY2,20,LOPEM2,BRDI2,L,,,,,,,,S,,0
SMA-11-01,TOKA,TOKA-080,4/24/2018,29,200,,,,BRDI2,5,L,,,,,,,,,,S,,0
SMA-11-01,TOKA,TOKA-080,4/24/2018,30,200,,,,LOPEM2,24,CAPY2,L,,,,,,,,,S,,0
SMA-11-01,TOKA,TOKA-080,4/24/2018,31,200,,,,LOPEM2,20,BRDI2,L,,,,,,,,,S,,0
SMA-11-01,TOKA,TOKA-080,4/24/2018,32,200,,,,PLLA,15,BRDI2,L,,,,,,,,,S,,0
SMA-11-01,TOKA,TOKA-080,4/24/2018,33,200,,,,BRHO2,36,LOPEM2,L,,,,,,,,,S,,0
SMA-11-01,TOKA,TOKA-080,4/24/2018,34,200,,,,PLLA,23,BRDI2,L,,,,,,,,,S,,0
SMA-11-01,TOKA,TOKA-080,4/24/2018,35,200,,,,NOPLANT,NA,L,,,,,,,,,,S,,0
SMA-11-01,TOKA,TOKA-080,4/24/2018,36,200,,,,BRDI2,9,GEDI,TRSU3,L,,,,,,,,S,,0
SMA-11-01,TOKA,TOKA-080,4/24/2018,37,200,,,,LOPEM2,15,GEDI,BRDI2,L,,,,,,,,S,,0
SMA-11-01,TOKA,TOKA-080,4/24/2018,38,200,,,,ACMO2,5,BRHO2,,,,,,,,,,S,,0
SMA-11-01,TOKA,TOKA-080,4/24/2018,39,200,,,,LOPEM2,12,LIBI5,L,,,,,,,,,S,,0
SMA-11-01,TOKA,TOKA-080,4/24/2018,40,200,,,,BRDI2,14,L,,,,,,,,,,S,,0
SMA-11-01,TOKA,TOKA-080,4/24/2018,41,200,,,,NOPLANT,NA,,,,,,,,,,,S,,0
SMA-11-01,TOKA,TOKA-080,4/24/2018,42,200,,,,BRHO2,13,CAPY2,VITE,L,,,,,,,,S,,0
SMA-11-01,TOKA,TOKA-080,4/24/2018,43,200,,,,LOPEM2,12,LIBI5,L,,,,,,,,,S,,0
SMA-11-01,TOKA,TOKA-080,4/24/2018,44,200,,,,BRDI2,14,L,,,,,,,,,,S,,0
SMA-11-01,TOKA,TOKA-080,4/24/2018,45,200,,,,BRDI2,10,L,,,,,,,,,,S,,0
SMA-11-01,TOKA,TOKA-080,4/24/2018,46,200,,,,LOPEM2,10,,,,,,,,,,,S,,0
SMA-11-01,TOKA,TOKA-080,4/24/2018,47,200,,,,LIBI5,5,L,,,,,,,,,,S,,0
SMA-11-01,TOKA,TOKA-080,4/24/2018,48,200,,,,LOPEM2,10,VISA,L,,,,,,,,,S,,0
SMA-11-01,TOKA,TOKA-080,4/24/2018,49,200,,,,BRDI2,11,LIBI5,L,,,,,,,,,S,,0
SMA-11-01,TOKA,TOKA-080,4/24/2018,50,200,,,,BRDI2,7,HYGL2,L,,,,,,,,,S,,0
SMA-11-01,TOKA,TOKA-080,5/24/2022,1,200,NOPLANT,,,MASA,1,TRSU3,,,,,,,,,,S,,0
SMA-11-01,TOKA,TOKA-080,5/24/2022,2,200,NOPLANT,,,MASA,5,LIBI5,,,,,,,,,,S,,0
SMA-11-01,TOKA,TOKA-080,5/24/2022,3,200,NOPLANT,,,BRDI2,12,LIBI5,MASA,L,,,,,,,,S,,0
SMA-11-01,TOKA,TOKA-080,5/24/2022,4,200,NOPLANT,,,BRDI2,24,VISA,MASA,L,,,,,,,,S,,0
SMA-11-01,TOKA,TOKA-080,5/24/2022,5,200,NOPLANT,,,MASA,20,TRSU3,LIBI5,ANAR,L,,,,,,,S,,0
SMA-11-01,TOKA,TOKA-080,5/24/2022,6,200,NOPLANT,,,TRDU2,17,L,,,,,,,,,,S,,0
SMA-11-01,TOKA,TOKA-080,5/24/2022,7,200,NOPLANT,,,LOPEM2,15,LIBI5,TRAN6,L,,,,,,,,S,,0
SMA-11-01,TOKA,TOKA-080,5/24/2022,8,200,NOPLANT,,,AVBA,52,BRDI3,MASA,,,,,,,,,S,,0
SMA-11-01,TOKA,TOKA-080,5/24/2022,9,200,NOPLANT,,,BRDI3,36,MASA,CAPY2,MEDIC,L,,,,,,,S,,0
SMA-11-01,TOKA,TOKA-080,5/24/2022,10,200,NOPLANT,,,MASA,6,L,,,,,,,,,,S,,0
SMA-11-01,TOKA,TOKA-080,5/24/2022,11,200,NOPLANT,,,PLLA,19,BRDI2,L,,,,,,,,,S,,0
SMA-11-01,TOKA,TOKA-080,5/24/2022,12,200,NOPLANT,,,BRDI2,20,MASA,L,,,,,,,,,S,,0
SMA-11-01,TOKA,TOKA-080,5/24/2022,13,200,NOPLANT,,,BRDI2,11,L,,,,,,,,,,S,,0
SMA-11-01,TOKA,TOKA-080,5/24/2022,14,200,NOPLANT,,,BRDI3,32,MASA,BRDI2,,,,,,,,,AM,,0
SMA-11-01,TOKA,TOKA-080,5/24/2022,15,200,NOPLANT,,,LOPEM2,43,MASA,L,,,,,,,,,S,,0
SMA-11-01,TOKA,TOKA-080,5/24/2022,16,200,NOPLANT,,,CAPY2,44,BRDI3,BRDI2,TRAN6,L,,,,,,,S,,0
SMA-11-01,TOKA,TOKA-080,5/24/2022,17,200,NOPLANT,,,LOPEM2,25,MASA,BRDI3,L,,,,,,,,S,,0
SMA-11-01,TOKA,TOKA-080,5/24/2022,18,200,NOPLANT,,,LOPEM2,42,GERAN,L,,,,,,,,,S,,0
SMA-11-01,TOKA,TOKA-080,5/24/2022,19,200,NOPLANT,,,BRDI3,26,MASA,CLARK,TRAN6,L,,,,,,,S,,0
SMA-11-01,TOKA,TOKA-080,5/24/2022,20,200,NOPLANT,,,MASA,32,LIBI5,BRDI2,L,,,,,,,,S,,0
SMA-11-01,TOKA,TOKA-080,5/24/2022,21,200,NOPLANT,,,2GA,16,,,,,,,,,,,S,,1
SMA-11-01,TOKA,TOKA-080,5/24/2022,22,200,NOPLANT,,,LIBI5,16,MASA,GEDI,L,,,,,,,,S,,0
SMA-11-01,TOKA,TOKA-080,5/24/2022,23,200,NOPLANT,,,BRDI3,31,MASA,L,,,,,,,,,S,,0
SMA-11-01,TOKA,TOKA-080,5/24/2022,24,200,NOPLANT,,,MASA,51,BRDI2,L,,,,,,,,,S,,0
SMA-11-01,TOKA,TOKA-080,5/24/2022,25,200,NOPLANT,,,BRDI3,38,BRDI2,MASA,TRDU2,L,,,,,,,S,,0
SMA-11-01,TOKA,TOKA-080,5/24/2022,26,200,NOPLANT,,,VISA,16,BRDI2,L,,,,,,,,,S,,0
SMA-11-01,TOKA,TOKA-080,5/24/2022,27,200,NOPLANT,,,LIBI5,8,BRDI2,,,,,,,,,,S,,0
SMA-11-01,TOKA,TOKA-080,5/24/2022,28,200,NOPLANT,,,LIBI5,25,HYRA3,L,,,,,,,,,S,,0
SMA-11-01,TOKA,TOKA-080,5/24/2022,29,200,NOPLANT,,,BRDI2,16,VUBR,MASA,,,,,,,,,S,,0
SMA-11-01,TOKA,TOKA-080,5/24/2022,30,200,NOPLANT,,,LIBI5,37,VISA,MASA,,,,,,,,,S,,0
SMA-11-01,TOKA,TOKA-080,5/24/2022,31,200,NOPLANT,,,LIBI5,26,BRDI2,L,,,,,,,,,S,,0
SMA-11-01,TOKA,TOKA-080,5/24/2022,32,200,NOPLANT,,,BRDI2,10,L,,,,,,,,,,S,,0
SMA-11-01,TOKA,TOKA-080,5/24/2022,33,200,NOPLANT,,,MASA,3,L,,,,,,,,,,S,,0
SMA-11-01,TOKA,TOKA-080,5/24/2022,34,200,NOPLANT,,,BRHO2,19,MASA,BRDI2,L,,,,,,,,S,,0
SMA-11-01,TOKA,TOKA-080,5/24/2022,35,200,NOPLANT,,,BRDI2,15,L,,,,,,,,,,S,,0
SMA-11-01,TOKA,TOKA-080,5/24/2022,36,200,NOPLANT,,,BRDI2,22,MASA,LIBI5,L,,,,,,,,S,,0
SMA-11-01,TOKA,TOKA-080,5/24/2022,37,200,NOPLANT,,,BRDI2,26,MASA,,,,,,,,,,S,,0
SMA-11-01,TOKA,TOKA-080,5/24/2022,38,200,NOPLANT,,,MASA,25,BRDI2,TRAN6,,,,,,,,,S,,0
SMA-11-01,TOKA,TOKA-080,5/24/2022,39,200,NOPLANT,,,BRDI2,9,,,,,,,,,,,AM,,0
SMA-11-01,TOKA,TOKA-080,5/24/2022,40,200,NOPLANT,,,BRDI2,25,MASA,L,,,,,,,,,S,,0
SMA-11-01,TOKA,TOKA-080,5/24/2022,41,200,NOPLANT,,,BRDI2,13,LIBI5,MASA,L,,,,,,,,S,,0
SMA-11-01,TOKA,TOKA-080,5/24/2022,42,200,NOPLANT,,,BRHO2,23,BRDI2,TRDU2,L,,,,,,,,S,,0
SMA-11-01,TOKA,TOKA-080,5/24/2022,43,200,NOPLANT,,,BRDI2,15,CAPY2,L,,,,,,,,,S,,0
SMA-11-01,TOKA,TOKA-080,5/24/2022,44,200,NOPLANT,,,LOPEM2,17,BRDI2,VUBR,L,,,,,,,,S,,0
SMA-11-01,TOKA,TOKA-080,5/24/2022,45,200,NOPLANT,,,BRDI2,30,L,,,,,,,,,,S,,0
SMA-11-01,TOKA,TOKA-080,5/24/2022,46,200,NOPLANT,,,BRDI2,21,LIBI5,VITE,L,,,,,,,,S,,0
SMA-11-01,TOKA,TOKA-080,5/24/2022,47,200,NOPLANT,,,BRDI3,25,BRDI2,GEDI,L,,,,,,,,S,,0
SMA-11-01,TOKA,TOKA-080,5/24/2022,48,200,NOPLANT,,,VUBR,10,LIBI5,BRDI2,L,,,,,,,,S,,0
SMA-11-01,TOKA,TOKA-080,5/24/2022,49,200,NOPLANT,,,LOPEM2,25,BRDI2,L,,,,,,,,,S,,0
SMA-11-01,TOKA,TOKA-080,5/24/2022,50,200,NOPLANT,,,BRDI2,18,2GA,,,,,,,,,,S,1,0
SMA-11-01,TOKA,TOKA-080,5/24/2022,1,20,NOPLANT,,,RUAC3,2,L,,,,,,,,,,S,,0
SMA-11-01,TOKA,TOKA-080,5/24/2022,2,20,NOPLANT,,,PLLA,2,L,,,,,,,,,,S,,0
SMA-11-01,TOKA,TOKA-080,5/24/2022,3,20,NOPLANT,,,LIBI5,8,L,,,,,,,,,,S,,0
SMA-11-01,TOKA,TOKA-080,5/24/2022,4,20,NOPLANT,,,PLLA,2,L,,,,,,,,,,S,,0
SMA-11-01,TOKA,TOKA-080,5/24/2022,5,20,NOPLANT,,,BRDI2,5,TRDU2,,,,,,,,,,S,,0
SMA-11-01,TOKA,TOKA-080,5/24/2022,6,20,NOPLANT,,,BRDI3,13,TRDU2,L,,,,,,,,,S,,0
SMA-11-01,TOKA,TOKA-080,5/24/2022,7,20,NOPLANT,,,LIBI5,5,L,,,,,,,,,,S,,0
SMA-11-01,TOKA,TOKA-080,5/24/2022,8,20,NOPLANT,,,TRAN6,21,BRDI2,CYEC,,,,,,,,,S,,0
SMA-11-01,TOKA,TOKA-080,5/24/2022,9,20,NOPLANT,,,BRDI2,20,MASA,L,,,,,,,,,S,,0
SMA-11-01,TOKA,TOKA-080,5/24/2022,10,20,NOPLANT,,,BRDI2,25,BRDI3,TRDU2,L,,,,,,,,S,,0
SMA-11-01,TOKA,TOKA-080,5/24/2022,11,20,NOPLANT,,,BRDI3,21,LOPEM2,VUBR,,,,,,,,,S,,0
SMA-11-01,TOKA,TOKA-080,5/24/2022,12,20,RUUR,,,BRDI2,25,MASA,,,,,,,,,,S,,0
SMA-11-01,TOKA,TOKA-080,5/24/2022,13,20,RUUR,,,NOPLANT,NA,L,,,,,,,,,,S,,0
SMA-11-01,TOKA,TOKA-080,5/24/2022,14,20,RUUR,,,RUAC3,31,LIBI5,BRDI2,TRDU2,L,,,,,,,S,,0
SMA-11-01,TOKA,TOKA-080,5/24/2022,15,20,NOPLANT,,,CYEC,11,TRDU2,TRSU3,L,,,,,,,,S,,0
SMA-11-01,TOKA,TOKA-080,5/24/2022,16,20,NOPLANT,,,BRDI2,16,LIBI5,HYRA3,,,,,,,,,S,,0
SMA-11-01,TOKA,TOKA-080,5/24/2022,17,20,NOPLANT,,,BRDI3,17,TRDU2,L,,,,,,,,,S,,0
SMA-11-01,TOKA,TOKA-080,5/24/2022,18,20,NOPLANT,,,BRDI2,20,MASA,L,,,,,,,,,S,,0
SMA-11-01,TOKA,TOKA-080,5/24/2022,19,20,NOPLANT,,,BRDI2,31,VISA,TRSU3,L,,,,,,,,S,,0
SMA-11-01,TOKA,TOKA-080,5/24/2022,20,20,NOPLANT,,,BRDI3,23,MASA,ANAR,L,,,,,,,,S,,0
SMA-11-01,TOKA,TOKA-080,5/24/2022,21,20,NOPLANT,,,BRDI3,25,L,,,,,,,,,,S,,0
SMA-11-01,TOKA,TOKA-080,5/24/2022,22,20,NOPLANT,,,BRDI2,16,TRDU2,HYRA3,L,,,,,,,,S,,0
SMA-11-01,TOKA,TOKA-080,5/24/2022,23,20,NOPLANT,,,TRDU2,14,CYEC,BRDI2,L,,,,,,,,S,,0
SMA-11-01,TOKA,TOKA-080,5/24/2022,24,20,NOPLANT,,,MASA,16,L,,,,,,,,,,S,,0
SMA-11-01,TOKA,TOKA-080,5/24/2022,25,20,NOPLANT,,,CYEC,30,BRDI2,L,,,,,,,,,S,,0
SMA-11-01,TOKA,TOKA-080,5/24/2022,26,20,NOPLANT,,,BRDI2,16,LIBI5,,,,,,,,,,S,,0
SMA-11-01,TOKA,TOKA-080,5/24/2022,27,20,NOPLANT,,,NOPLANT,NA,L,,,,,,,,,,S,,0
SMA-11-01,TOKA,TOKA-080,5/24/2022,28,20,NOPLANT,,,BRDI2,10,MASA,L,,,,,,,,,S,,0
SMA-11-01,TOKA,TOKA-080,5/24/2022,29,20,NOPLANT,,,CRVE3,7,,,,,,,,,,,S,,0
SMA-11-01,TOKA,TOKA-080,5/24/2022,30,20,NOPLANT,,,LIBI5,35,BRDI2,MASA,L,,,,,,,,S,,0
SMA-11-01,TOKA,TOKA-080,5/24/2022,31,20,NOPLANT,,,BRDI2,30,BRDI3,MASA,LIBI5,L,,,,,,,S,,0
SMA-11-01,TOKA,TOKA-080,5/24/2022,32,20,NOPLANT,,,BRDI2,21,SACR2,L,,,,,,,,,S,,0
SMA-11-01,TOKA,TOKA-080,5/24/2022,33,20,BAPI,,,BRDI2,17,VITE,SACR2,ANAR,L,,,,,,,S,,0
SMA-11-01,TOKA,TOKA-080,5/24/2022,34,20,BAPI,,,BRHO2,21,LIBI5,L,,,,,,,,,S,,0
SMA-11-01,TOKA,TOKA-080,5/24/2022,35,20,BAPI,,,LIBI5,33,BRDI2,CYEC,L,,,,,,,,S,,0
SMA-11-01,TOKA,TOKA-080,5/24/2022,36,20,NOPLANT,,,BRDI2,16,HYRA3,L,,,,,,,,,S,,0
SMA-11-01,TOKA,TOKA-080,5/24/2022,37,20,NOPLANT,,,BRDI2,21,LIBI5,L,,,,,,,,,S,,0
SMA-11-01,TOKA,TOKA-080,5/24/2022,38,20,NOPLANT,,,NOPLANT,NA,L,,,,,,,,,,S,,0
SMA-11-01,TOKA,TOKA-080,5/24/2022,39,20,BAPI,RUUR,,VITE,26,L,,,,,,,,,,S,,0
SMA-11-01,TOKA,TOKA-080,5/24/2022,40,20,RUUR,,,NOPLANT,NA,L,,,,,,,,,,S,,0
SMA-11-01,TOKA,TOKA-080,5/24/2022,41,20,RUUR,,,NOPLANT,NA,L,,,,,,,,,,S,,0
SMA-11-01,TOKA,TOKA-080,5/24/2022,42,20,RUUR,,,NOPLANT,NA,L,,,,,,,,,,S,,0
SMA-11-01,TOKA,TOKA-080,5/24/2022,43,20,RUUR,,,NOPLANT,NA,L,,,,,,,,,,S,,0
SMA-11-01,TOKA,TOKA-080,5/24/2022,44,20,RUUR,,,2FA,1,L,,,,,,,,,,S,,0
SMA-11-01,TOKA,TOKA-080,5/24/2022,45,20,RUUR,,,NOPLANT,NA,L,,,,,,,,,,S,,0
SMA-11-01,TOKA,TOKA-080,5/24/2022,46,20,RUUR,,,NOPLANT,NA,L,,,,,,,,,,S,,0
SMA-11-01,TOKA,TOKA-080,5/24/2022,47,20,RUUR,,,NOPLANT,NA,L,,,,,,,,,,S,,0
SMA-11-01,TOKA,TOKA-080,5/24/2022,48,20,RUUR,,,NOPLANT,NA,L,,,,,,,,,,S,,0
SMA-11-01,TOKA,TOKA-080,5/24/2022,49,20,RUUR,,,NOPLANT,NA,L,,,,,,,,,,S,,0
SMA-11-01,TOKA,TOKA-080,5/24/2022,50,20,RUUR,,,NOPLANT,NA,L,,,,,,,,,,S,,0
SMA-11-01,TOKA,TOKA-089,6/16/2016,1,100,,,,NOPLANT,0,L,,,,,,,,,,S,,0
SMA-11-01,TOKA,TOKA-089,6/16/2016,2,100,,,,NOPLANT,0,L,,,,,,,,,,S,,0
SMA-11-01,TOKA,TOKA-089,6/16/2016,3,100,,,,COMA2,110,L,,,,,,,,,,S,,0
SMA-11-01,TOKA,TOKA-089,6/16/2016,4,100,,,,COMA2,130,L,,,,,,,,,,S,,0
SMA-11-01,TOKA,TOKA-089,6/16/2016,5,100,,,,COMA2,150,L,,,,,,,,,,S,,0
SMA-11-01,TOKA,TOKA-089,6/16/2016,6,100,,,,COMA2,160,L,,,,,,,,,,S,,0
SMA-11-01,TOKA,TOKA-089,6/16/2016,7,100,,,,COMA2,190,L,,,,,,,,,,S,,0
SMA-11-01,TOKA,TOKA-089,6/16/2016,8,100,,,,COMA2,205,L,,,,,,,,,,S,,0
SMA-11-01,TOKA,TOKA-089,6/16/2016,9,100,,,,COMA2,125,L,,,,,,,,,,S,,0
SMA-11-01,TOKA,TOKA-089,6/16/2016,10,100,,,,COMA2,170,L,,,,,,,,,,S,,0
SMA-11-01,TOKA,TOKA-089,6/16/2016,11,100,,,,COMA2,135,L,,,,,,,,,,S,,0
SMA-11-01,TOKA,TOKA-089,6/16/2016,12,100,,,,COMA2,125,,,,,,,,,,,S,,0
SMA-11-01,TOKA,TOKA-089,6/16/2016,13,100,,,,CAPY2,84,L,,,,,,,,,,S,,0
SMA-11-01,TOKA,TOKA-089,6/16/2016,14,100,,,,CAPY2,40,L,,,,,,,,,,S,,0
SMA-11-01,TOKA,TOKA-089,6/16/2016,15,100,,,,CAPY2,30,,,,,,,,,,,S,,0
SMA-11-01,TOKA,TOKA-089,6/16/2016,16,100,,,,LOPEM2,15,L,,,,,,,,,,S,,0
SMA-11-01,TOKA,TOKA-089,6/16/2016,17,100,,,,CAPY2,40,LOPEM2,L,,,,,,,,,S,,0
SMA-11-01,TOKA,TOKA-089,6/16/2016,18,100,,,,LOPEM2,31,CAPY2,L,,,,,,,,,S,,0
SMA-11-01,TOKA,TOKA-089,6/16/2016,19,100,,,,DAGL,42,LOPEM2,L,,,,,,,,,S,,0
SMA-11-01,TOKA,TOKA-089,6/16/2016,20,100,,,,CAPY2,59,BRDI3,LOPEM2,L,,,,,,,,S,,0
SMA-11-01,TOKA,TOKA-089,6/16/2016,21,100,,,,CAPY2,72,L,,,,,,,,,,S,,0
SMA-11-01,TOKA,TOKA-089,6/16/2016,22,100,,,,BRCA6,42,L,,,,,,,,,,S,,0
SMA-11-01,TOKA,TOKA-089,6/16/2016,23,100,,,,CAPY2,68,LOPEM2,VUMY,L,,,,,,,,S,,0
SMA-11-01,TOKA,TOKA-089,6/16/2016,24,100,,,,CAPY2,88,LOPEM2,L,,,,,,,,,S,,0
SMA-11-01,TOKA,TOKA-089,6/16/2016,25,100,,,,CAPY2,64,,,,,,,,,,,S,,0
SMA-11-01,TOKA,TOKA-089,6/16/2016,26,100,,,,VUMY,55,L,,,,,,,,,,S,,0
SMA-11-01,TOKA,TOKA-089,6/16/2016,27,100,,,,CAPY2,32,LOPEM2,L,,,,,,,,,S,,0
SMA-11-01,TOKA,TOKA-089,6/16/2016,28,100,,,,CAPY2,56,,,,,,,,,,,S,,0
SMA-11-01,TOKA,TOKA-089,6/16/2016,29,100,,,,LOPEM2,82,L,,,,,,,,,,S,,0
SMA-11-01,TOKA,TOKA-089,6/16/2016,30,100,,,,AVBA,45,L,,,,,,,,,,S,,0
SMA-11-01,TOKA,TOKA-089,6/16/2016,31,100,,,,NOPLANT,0,L,,,,,,,,,,S,,0
SMA-11-01,TOKA,TOKA-089,6/16/2016,32,100,,,,LOPEM2,75,CAPY2,2PLANT,L,,,,,,,,S,,0
SMA-11-01,TOKA,TOKA-089,6/16/2016,33,100,,,,VUMY,5,L,,,,,,,,,,S,,0
SMA-11-01,TOKA,TOKA-089,6/16/2016,34,100,,,,COMA2,130,CAPY2,MASA,L,,,,,,,,S,,0
SMA-11-01,TOKA,TOKA-089,6/16/2016,35,100,,,,COMA2,40,MASA,L,,,,,,,,,S,,0
SMA-11-01,TOKA,TOKA-089,6/16/2016,36,100,,,,COMA2,140,MASA,L,,,,,,,,,S,,0
SMA-11-01,TOKA,TOKA-089,6/16/2016,37,100,,,,COMA2,66,L,,,,,,,,,,S,,0
SMA-11-01,TOKA,TOKA-089,6/16/2016,38,100,,,,COMA2,71,L,,,,,,,,,,S,,0
SMA-11-01,TOKA,TOKA-089,6/16/2016,39,100,,,,COMA2,45,L,,,,,,,,,,S,,0
SMA-11-01,TOKA,TOKA-089,6/16/2016,40,100,,,,COMA2,30,L,,,,,,,,,,S,,0
SMA-11-01,TOKA,TOKA-089,6/16/2016,41,100,,,,COMA2,90,NAVAR,ASTERA,L,,,,,,,,S,,0
SMA-11-01,TOKA,TOKA-089,6/16/2016,42,100,,,,NOPLANT,0,L,,,,,,,,,,S,,0
SMA-11-01,TOKA,TOKA-089,6/16/2016,43,100,,,,COMA2,100,LOPEM2,,,,,,,,,,S,,0
SMA-11-01,TOKA,TOKA-089,6/16/2016,44,100,,,,COMA2,35,L,,,,,,,,,,S,,0
SMA-11-01,TOKA,TOKA-089,6/16/2016,45,100,,,,COMA2,38,L,,,,,,,,,,S,,0
SMA-11-01,TOKA,TOKA-089,6/16/2016,46,100,,,,CAPY2,127,COMA2,MASA,L,,,,,,,,S,,0
SMA-11-01,TOKA,TOKA-089,6/16/2016,47,100,,,,COMA2,105,L,,,,,,,,,,S,,0
SMA-11-01,TOKA,TOKA-089,6/16/2016,48,100,,,,CAPY2,92,LOPEM2,L,,,,,,,,,S,,0
SMA-11-01,TOKA,TOKA-089,6/16/2016,49,100,,,,CAPY2,69,LOPEM2,MASA,ANAR,L,,,,,,,S,,0
SMA-11-01,TOKA,TOKA-089,6/16/2016,50,100,,,,CAPY2,15,L,,,,,,,,,,S,,0
SMA-11-01,TOKA,TOKA-089,6/16/2016,1,280,,,,NOPLANT,0,L,,,,,,,,,,S,,0
SMA-11-01,TOKA,TOKA-089,6/16/2016,2,280,,,,NOPLANT,0,L,,,,,,,,,,S,,0
SMA-11-01,TOKA,TOKA-089,6/16/2016,3,280,,,,CAPY2,85,GEDI,L,,,,,,,,,S,,0
SMA-11-01,TOKA,TOKA-089,6/16/2016,4,280,,,,NOPLANT,0,L,,,,,,,,,,S,,0
SMA-11-01,TOKA,TOKA-089,6/16/2016,5,280,,,,CAPY2,56,COMA2,L,,,,,,,,,S,,0
SMA-11-01,TOKA,TOKA-089,6/16/2016,6,280,,,,CAPY2,35,VUMY,L,,,,,,,,,S,,0
SMA-11-01,TOKA,TOKA-089,6/16/2016,7,280,,,,CAPY2,81,2PLANT,L,,,,,,,,,S,,0
SMA-11-01,TOKA,TOKA-089,6/16/2016,8,280,,,,VUMY,19,L,,,,,,,,,,S,,0
SMA-11-01,TOKA,TOKA-089,6/16/2016,9,280,,,,VUMY,10,L,,,,,,,,,,S,,0
SMA-11-01,TOKA,TOKA-089,6/16/2016,10,280,,,,VUMY,8,L,,,,,,,,,,S,,0
SMA-11-01,TOKA,TOKA-089,6/16/2016,11,280,,,,ANAR,10,,,,,,,,,,,S,,0
SMA-11-01,TOKA,TOKA-089,6/16/2016,12,280,,,,VUMY,19,L,,,,,,,,,,S,,0
SMA-11-01,TOKA,TOKA-089,6/16/2016,13,280,,,,CAPY2,81,VUMY,L,,,,,,,,,S,,0
SMA-11-01,TOKA,TOKA-089,6/16/2016,14,280,,,,ANAR,3,,,,,,,,,,,S,,0
SMA-11-01,TOKA,TOKA-089,6/16/2016,15,280,,,,NOPLANT,0,,,,,,,,,,,S,,0
SMA-11-01,TOKA,TOKA-089,6/16/2016,16,280,,,,ANAR,0,L,,,,,,,,,,S,,0
SMA-11-01,TOKA,TOKA-089,6/16/2016,17,280,,,,,NA,,,,,,,,,,,,,0
SMA-11-01,TOKA,TOKA-089,6/16/2016,18,280,,,,,NA,,,,,,,,,,,,,0
SMA-11-01,TOKA,TOKA-089,6/16/2016,19,280,,,,,NA,,,,,,,,,,,,,0
SMA-11-01,TOKA,TOKA-089,6/16/2016,20,280,,,,,NA,,,,,,,,,,,,,0
SMA-11-01,TOKA,TOKA-089,6/16/2016,21,280,,,,,NA,,,,,,,,,,,,,0
SMA-11-01,TOKA,TOKA-089,6/16/2016,22,280,,,,,NA,,,,,,,,,,,,,0
SMA-11-01,TOKA,TOKA-089,6/16/2016,23,280,,,,,NA,,,,,,,,,,,,,0
SMA-11-01,TOKA,TOKA-089,6/16/2016,24,280,,,,,NA,,,,,,,,,,,,,0
SMA-11-01,TOKA,TOKA-089,6/16/2016,25,280,,,,,NA,,,,,,,,,,,,,0
SMA-11-01,TOKA,TOKA-089,6/16/2016,26,280,,,,,NA,,,,,,,,,,,,,0
SMA-11-01,TOKA,TOKA-089,6/16/2016,27,280,,,,,NA,,,,,,,,,,,,,0
SMA-11-01,TOKA,TOKA-089,6/16/2016,28,280,,,,,NA,,,,,,,,,,,,,0
SMA-11-01,TOKA,TOKA-089,6/16/2016,29,280,,,,,NA,,,,,,,,,,,,,0
SMA-11-01,TOKA,TOKA-089,6/16/2016,30,280,,,,,NA,,,,,,,,,,,,,0
SMA-11-01,TOKA,TOKA-089,6/16/2016,31,280,,,,,NA,,,,,,,,,,,,,0
SMA-11-01,TOKA,TOKA-089,6/16/2016,32,280,,,,,NA,,,,,,,,,,,,,0
SMA-11-01,TOKA,TOKA-089,6/16/2016,33,280,,,,,NA,,,,,,,,,,,,,0
SMA-11-01,TOKA,TOKA-089,6/16/2016,34,280,,,,,NA,,,,,,,,,,,,,0
SMA-11-01,TOKA,TOKA-089,6/16/2016,35,280,,,,,NA,,,,,,,,,,,,,0
SMA-11-01,TOKA,TOKA-089,6/16/2016,36,280,,,,,NA,,,,,,,,,,,,,0
SMA-11-01,TOKA,TOKA-089,6/16/2016,37,280,,,,,NA,,,,,,,,,,,,,0
SMA-11-01,TOKA,TOKA-089,6/16/2016,38,280,,,,,NA,,,,,,,,,,,,,0
SMA-11-01,TOKA,TOKA-089,6/16/2016,39,280,,,,,NA,,,,,,,,,,,,,0
SMA-11-01,TOKA,TOKA-089,6/16/2016,40,280,,,,,NA,,,,,,,,,,,,,0
SMA-11-01,TOKA,TOKA-089,6/16/2016,41,280,,,,,NA,,,,,,,,,,,,,0
SMA-11-01,TOKA,TOKA-089,6/16/2016,42,280,,,,,NA,,,,,,,,,,,,,0
SMA-11-01,TOKA,TOKA-089,6/16/2016,43,280,,,,,NA,,,,,,,,,,,,,0
SMA-11-01,TOKA,TOKA-089,6/16/2016,44,280,,,,,NA,,,,,,,,,,,,,0
SMA-11-01,TOKA,TOKA-089,6/16/2016,45,280,,,,,NA,,,,,,,,,,,,,0
SMA-11-01,TOKA,TOKA-089,6/16/2016,46,280,,,,,NA,,,,,,,,,,,,,0
SMA-11-01,TOKA,TOKA-089,6/16/2016,47,280,,,,,NA,,,,,,,,,,,,,0
SMA-11-01,TOKA,TOKA-089,6/16/2016,48,280,,,,,NA,,,,,,,,,,,,,0
SMA-11-01,TOKA,TOKA-089,6/16/2016,49,280,,,,,NA,,,,,,,,,,,,,0
SMA-11-01,TOKA,TOKA-089,6/16/2016,50,280,,,,,NA,,,,,,,,,,,,,0
SMA-11-01,TOKA,TOKA-089,5/30/2018,1,100,,,,COMA2,150,L,,,,,,,,,,S,,0
SMA-11-01,TOKA,TOKA-089,5/30/2018,2,100,,,,COMA2,119,L,,,,,,,,,,S,,0
SMA-11-01,TOKA,TOKA-089,5/30/2018,3,100,,,,COMA2,190,L,,,,,,,,,,S,,0
SMA-11-01,TOKA,TOKA-089,5/30/2018,4,100,,,,COMA2,193,COMA2,,,,,,,,,,S,1,0
SMA-11-01,TOKA,TOKA-089,5/30/2018,5,100,,,,COMA2,163,COMA2,,,,,,,,,,S,1,0
SMA-11-01,TOKA,TOKA-089,5/30/2018,6,100,,,,COMA2,120,COMA2,,,,,,,,,,S,1,0
SMA-11-01,TOKA,TOKA-089,5/30/2018,7,100,,,,COMA2,87,L,,,,,,,,,,S,,0
SMA-11-01,TOKA,TOKA-089,5/30/2018,8,100,,,,COMA2,50,L,,,,,,,,,,S,,0
SMA-11-01,TOKA,TOKA-089,5/30/2018,9,100,,,,COMA2,33,COMA2,,,,,,,,,,S,1,0
SMA-11-01,TOKA,TOKA-089,5/30/2018,10,100,,,,COMA2,230,COMA2,,,,,,,,,,S,1,0
SMA-11-01,TOKA,TOKA-089,5/30/2018,11,100,,,,COMA2,34,L,,,,,,,,,,S,,0
SMA-11-01,TOKA,TOKA-089,5/30/2018,12,100,,,,COMA2,130,DAGL,CAPY2,BRDI3,L,,,,,,,S,,0
SMA-11-01,TOKA,TOKA-089,5/30/2018,13,100,,,,NOPLANT,NA,L,,,,,,,,,,S,,0
SMA-11-01,TOKA,TOKA-089,5/30/2018,14,100,,,,CAPY2,75,COMA2,BRHO2,L,,,,,,,,S,,0
SMA-11-01,TOKA,TOKA-089,5/30/2018,15,100,,,,COMA2,125,VUBR,L,,,,,,,,,S,,0
SMA-11-01,TOKA,TOKA-089,5/30/2018,16,100,,,,CAPY2,42,LOCO6,VUBR,BRHO2,L,,,,,,,S,,0
SMA-11-01,TOKA,TOKA-089,5/30/2018,17,100,,,,LOPEM2,20,BRHO2,LOCO6,L,,,,,,,,S,,0
SMA-11-01,TOKA,TOKA-089,5/30/2018,18,100,,,,CAPY2,60,LOCO6,L,,,,,,,,,S,,0
SMA-11-01,TOKA,TOKA-089,5/30/2018,19,100,,,,BRDI3,69,CAPY2,LOPEM2,GEDI,2GA,,,,,,,S,4,0
SMA-11-01,TOKA,TOKA-089,5/30/2018,20,100,,,,BRDI3,86,DAGL,CAPY2,L,,,,,,,,S,,0
SMA-11-01,TOKA,TOKA-089,5/30/2018,21,100,,,,DAGL,120,LOPEM2,BRDI2,VUBR,BRCA6,L,,,,,,S,,0
SMA-11-01,TOKA,TOKA-089,5/30/2018,22,100,,,,CAPY2,48,DAGL,VUBR,L,,,,,,,,S,,0
SMA-11-01,TOKA,TOKA-089,5/30/2018,23,100,BAPI,,,CAPY2,100,BRDI3,DAGL,L,,,,,,,,S,,0
SMA-11-01,TOKA,TOKA-089,5/30/2018,24,100,BAPI,,,PHAQ,79,LOCO6,TODI,L,,,,,,,,S,,0
SMA-11-01,TOKA,TOKA-089,5/30/2018,25,100,,,,LOPEM2,100,AVBA,CAPY2,DAGL,LOCO6,L,,,,,,S,,0
SMA-11-01,TOKA,TOKA-089,5/30/2018,26,100,,,,LOPEM2,110,AVBA,CAPY2,LOCO6,GEDI,L,,,,,,S,,0
SMA-11-01,TOKA,TOKA-089,5/30/2018,27,100,,,,LOPEM2,94,HOMU,TODI,L,,,,,,,,S,,0
SMA-11-01,TOKA,TOKA-089,5/30/2018,28,100,,,,CAPY2,85,LOPEM2,GEDI,L,,,,,,,,S,,0
SMA-11-01,TOKA,TOKA-089,5/30/2018,29,100,,,,CAPY2,135,COMA2,VUBR,L,,,,,,,,S,,0
SMA-11-01,TOKA,TOKA-089,5/30/2018,30,100,,,,COMA2,163,TODI,BRHO2,VUBR,L,,,,,,,S,,0
SMA-11-01,TOKA,TOKA-089,5/30/2018,31,100,,,,LOPEM2,93,CAPY2,RUUR,TODI,L,,,,,,,S,,0
SMA-11-01,TOKA,TOKA-089,5/30/2018,32,100,,,,LOPEM2,93,COMA2,CAPY2,L,,,,,,,,S,,0
SMA-11-01,TOKA,TOKA-089,5/30/2018,33,100,,,,LOPEM2,107,COMA2,CAPY2,L,,,,,,,,S,,0
SMA-11-01,TOKA,TOKA-089,5/30/2018,34,100,TODI,,,LOPEM2,45,RUUR,L,,,,,,,,,S,,0
SMA-11-01,TOKA,TOKA-089,5/30/2018,35,100,,,,LOPEM2,110,TODI,L,,,,,,,,,S,,0
SMA-11-01,TOKA,TOKA-089,5/30/2018,36,100,,,,LOPEM2,85,L,,,,,,,,,,S,,0
SMA-11-01,TOKA,TOKA-089,5/30/2018,37,100,,,,LOPEM2,91,L,,,,,,,,,,S,,0
SMA-11-01,TOKA,TOKA-089,5/30/2018,38,100,,,,LOPEM2,90,RUUR,COMA2,L,,,,,,,,S,,0
SMA-11-01,TOKA,TOKA-089,5/30/2018,39,100,,,,LOPEM2,95,COMA2,TODI,L,,,,,,,,S,,0
SMA-11-01,TOKA,TOKA-089,5/30/2018,40,100,,,,LOPEM2,75,COMA2,L,,,,,,,,,S,,0
SMA-11-01,TOKA,TOKA-089,5/30/2018,41,100,,,,LOPEM2,50,COMA2,RUUR,L,,,,,,,,S,,0
SMA-11-01,TOKA,TOKA-089,5/30/2018,42,100,,,,BRDI3,86,CAPY2,LOPEM2,COMA2,GEDI,CYEC,L,,,,,S,,0
SMA-11-01,TOKA,TOKA-089,5/30/2018,43,100,,,,LOPEM2,49,BRDI3,CAPY2,GEDI,L,,,,,,,S,,0
SMA-11-01,TOKA,TOKA-089,5/30/2018,44,100,,,,CAPY2,91,BRDI3,LOPEM2,COMA2,L,,,,,,,S,,0
SMA-11-01,TOKA,TOKA-089,5/30/2018,45,100,,,,COMA2,77,LOPEM2,L,,,,,,,,,S,,0
SMA-11-01,TOKA,TOKA-089,5/30/2018,46,100,,,,LOPEM2,40,COMA2,L,,,,,,,,,S,,0
SMA-11-01,TOKA,TOKA-089,5/30/2018,47,100,,,,LOPEM2,55,COMA2,CAPY2,L,,,,,,,,S,,0
SMA-11-01,TOKA,TOKA-089,5/30/2018,48,100,,,,LOPEM2,91,TODI,L,,,,,,,,,S,,0
SMA-11-01,TOKA,TOKA-089,5/30/2018,49,100,,,,COMA2,77,LOPEM2,TODI,L,,,,,,,,S,,0
SMA-11-01,TOKA,TOKA-089,5/30/2018,50,100,,,,COMA2,24,LOPEM2,L,,,,,,,,,S,,0
SMA-11-01,TOKA,TOKA-089,5/30/2018,1,280,TODI,,,SCCA2,100,L,,,,,,,,,,S,,0
SMA-11-01,TOKA,TOKA-089,5/30/2018,2,280,TODI,,,COMA2,77,L,,,,,,,,,,S,,0
SMA-11-01,TOKA,TOKA-089,5/30/2018,3,280,TODI,,,COMA2,70,L,,,,,,,,,,S,,0
SMA-11-01,TOKA,TOKA-089,5/30/2018,4,280,TODI,,,COMA2,82,COMA2,L,,,,,,,,,S,1,0
SMA-11-01,TOKA,TOKA-089,5/30/2018,5,280,,,,COMA2,50,TODI,L,,,,,,,,,S,,0
SMA-11-01,TOKA,TOKA-089,5/30/2018,6,280,,,,COMA2,61,VUBR,TODI,SOAS,L,,,,,,,S,,0
SMA-11-01,TOKA,TOKA-089,5/30/2018,7,280,,,,COMA2,5,L,,,,,,,,,,S,,0
SMA-11-01,TOKA,TOKA-089,5/30/2018,8,280,,,,CAPY2,22,COMA2,RUUR,L,,,,,,,,S,,0
SMA-11-01,TOKA,TOKA-089,5/30/2018,9,280,,,,SCCA2,50,TODI,L,,,,,,,,,S,,0
SMA-11-01,TOKA,TOKA-089,5/30/2018,10,280,,,,CAPY2,25,TODI,VUBR,L,,,,,,,,S,,0
SMA-11-01,TOKA,TOKA-089,5/30/2018,11,280,,,,VUBR,15,TODI,COMA2,L,,,,,,,,S,,0
SMA-11-01,TOKA,TOKA-089,5/30/2018,12,280,,,,COMA2,53,SOAS,L,,,,,,,,,S,,0
SMA-11-01,TOKA,TOKA-089,5/30/2018,13,280,,,,COMA2,40,ARDO3,VUBR,TODI,,,,,,,,S,,0
SMA-11-01,TOKA,TOKA-089,5/30/2018,14,280,TODI,,,CAPY2,49,COMA2,L,,,,,,,,,S,,0
SMA-11-01,TOKA,TOKA-089,5/30/2018,15,280,,,,ARDO3,80,MAFA3,COMA2,L,,,,,,,,S,,0
SMA-11-01,TOKA,TOKA-089,5/30/2018,16,280,,,,COMA2,56,ARDO3,TODI,L,,,,,,,,S,,0
SMA-11-01,TOKA,TOKA-089,5/30/2018,17,280,,,,COMA2,48,MAFA3,L,,,,,,,,,S,,0
SMA-11-01,TOKA,TOKA-089,5/30/2018,18,280,,,,COMA2,119,MAFA3,L,,,,,,,,,S,,0
SMA-11-01,TOKA,TOKA-089,5/30/2018,19,280,,,,,NA,,,,,,,,,,,,,0
SMA-11-01,TOKA,TOKA-089,5/30/2018,20,280,,,,,NA,,,,,,,,,,,,,0
SMA-11-01,TOKA,TOKA-089,5/30/2018,21,280,,,,,NA,,,,,,,,,,,,,0
SMA-11-01,TOKA,TOKA-089,5/30/2018,22,280,,,,,NA,,,,,,,,,,,,,0
SMA-11-01,TOKA,TOKA-089,5/30/2018,23,280,,,,,NA,,,,,,,,,,,,,0
SMA-11-01,TOKA,TOKA-089,5/30/2018,24,280,,,,,NA,,,,,,,,,,,,,0
SMA-11-01,TOKA,TOKA-089,5/30/2018,25,280,,,,,NA,,,,,,,,,,,,,0
SMA-11-01,TOKA,TOKA-089,5/30/2018,26,280,,,,,NA,,,,,,,,,,,,,0
SMA-11-01,TOKA,TOKA-089,5/30/2018,27,280,,,,,NA,,,,,,,,,,,,,0
SMA-11-01,TOKA,TOKA-089,5/30/2018,28,280,,,,,NA,,,,,,,,,,,,,0
SMA-11-01,TOKA,TOKA-089,5/30/2018,29,280,,,,,NA,,,,,,,,,,,,,0
SMA-11-01,TOKA,TOKA-089,5/30/2018,30,280,,,,,NA,,,,,,,,,,,,,0
SMA-11-01,TOKA,TOKA-089,5/30/2018,31,280,,,,,NA,,,,,,,,,,,,,0
SMA-11-01,TOKA,TOKA-089,5/30/2018,32,280,,,,,NA,,,,,,,,,,,,,0
SMA-11-01,TOKA,TOKA-089,5/30/2018,33,280,,,,,NA,,,,,,,,,,,,,0
SMA-11-01,TOKA,TOKA-089,5/30/2018,34,280,,,,,NA,,,,,,,,,,,,,0
SMA-11-01,TOKA,TOKA-089,5/30/2018,35,280,,,,,NA,,,,,,,,,,,,,0
SMA-11-01,TOKA,TOKA-089,5/30/2018,36,280,,,,,NA,,,,,,,,,,,,,0
SMA-11-01,TOKA,TOKA-089,5/30/2018,37,280,,,,,NA,,,,,,,,,,,,,0
SMA-11-01,TOKA,TOKA-089,5/30/2018,38,280,,,,,NA,,,,,,,,,,,,,0
SMA-11-01,TOKA,TOKA-089,5/30/2018,39,280,,,,,NA,,,,,,,,,,,,,0
SMA-11-01,TOKA,TOKA-089,5/30/2018,40,280,,,,,NA,,,,,,,,,,,,,0
SMA-11-01,TOKA,TOKA-089,5/30/2018,41,280,,,,,NA,,,,,,,,,,,,,0
SMA-11-01,TOKA,TOKA-089,5/30/2018,42,280,,,,,NA,,,,,,,,,,,,,0
SMA-11-01,TOKA,TOKA-089,5/30/2018,43,280,,,,,NA,,,,,,,,,,,,,0
SMA-11-01,TOKA,TOKA-089,5/30/2018,44,280,,,,,NA,,,,,,,,,,,,,0
SMA-11-01,TOKA,TOKA-089,5/30/2018,45,280,,,,,NA,,,,,,,,,,,,,0
SMA-11-01,TOKA,TOKA-089,5/30/2018,46,280,,,,,NA,,,,,,,,,,,,,0
SMA-11-01,TOKA,TOKA-089,5/30/2018,47,280,,,,,NA,,,,,,,,,,,,,0
SMA-11-01,TOKA,TOKA-089,5/30/2018,48,280,,,,,NA,,,,,,,,,,,,,0
SMA-11-01,TOKA,TOKA-089,5/30/2018,49,280,,,,,NA,,,,,,,,,,,,,0
SMA-11-01,TOKA,TOKA-089,5/30/2018,50,280,,,,,NA,,,,,,,,,,,,,0
SMA-11-01,TOKA,TOKA-099,5/23/2016,1,90,,,,AVBA,20,LIUS,L,,,,,,,,,S,,0
SMA-11-01,TOKA,TOKA-099,5/23/2016,2,90,,,,AVBA,30,BRHO2,L,,,,,,,,,S,,0
SMA-11-01,TOKA,TOKA-099,5/23/2016,3,90,,,,LIUS,32,ERODI,L,,,,,,,,,S,,0
SMA-11-01,TOKA,TOKA-099,5/23/2016,4,90,,,,NOPLANT,0,L,,,,,,,,,,S,,0
SMA-11-01,TOKA,TOKA-099,5/23/2016,5,90,,,,BRDI2,19,,,,,,,,,,,S,,0
SMA-11-01,TOKA,TOKA-099,5/23/2016,6,90,,,,AVBA,56,ERODI,BRHO2,L,,,,,,,,S,,0
SMA-11-01,TOKA,TOKA-099,5/23/2016,7,90,,,,BRDI2,20,,,,,,,,,,,S,,0
SMA-11-01,TOKA,TOKA-099,5/23/2016,8,90,,,,BRHO2,12,,,,,,,,,,,S,,0
SMA-11-01,TOKA,TOKA-099,5/23/2016,9,90,,,,BRHO2,6,TRIFO,L,,,,,,,,,S,,0
SMA-11-01,TOKA,TOKA-099,5/23/2016,10,90,,,,PLLA,2,,,,,,,,,,,S,,0
SMA-11-01,TOKA,TOKA-099,5/23/2016,11,90,,,,BRDI3,28,LOPEM2,MEPO3,,,,,,,,,S,,0
SMA-11-01,TOKA,TOKA-099,5/23/2016,12,90,,,,AVBA,30,MEPO3,L,,,,,,,,,S,,0
SMA-11-01,TOKA,TOKA-099,5/23/2016,13,90,,,,AVBA,40,BRDI3,MEPO3,L,,,,,,,,S,,0
SMA-11-01,TOKA,TOKA-099,5/23/2016,14,90,,,,NOPLANT,0,,,,,,,,,,,S,,0
SMA-11-01,TOKA,TOKA-099,5/23/2016,15,90,,,,AVBA,10,BRDI3,BRDI3,TRIFO,L,,,,,,,S,,0
SMA-11-01,TOKA,TOKA-099,5/23/2016,16,90,,,,BRHO2,11,TRIFO,,,,,,,,,,S,,0
SMA-11-01,TOKA,TOKA-099,5/23/2016,17,90,,,,AVBA,19,L,,,,,,,,,,S,,0
SMA-11-01,TOKA,TOKA-099,5/23/2016,18,90,,,,AVBA,78,CAPY2,,,,,,,,,,S,,0
SMA-11-01,TOKA,TOKA-099,5/23/2016,19,90,,,,BRDI2,32,L,,,,,,,,,,S,,0
SMA-11-01,TOKA,TOKA-099,5/23/2016,20,90,,,,LOPEM2,20,L,,,,,,,,,,S,,0
SMA-11-01,TOKA,TOKA-099,5/23/2016,21,90,,,,AVBA,37,BRDI3,MEPO3,CAPY2,,,,,,,,S,,0
SMA-11-01,TOKA,TOKA-099,5/23/2016,22,90,,,,AVBA,62,BRDI3,BRDI2,L,,,,,,,,S,,0
SMA-11-01,TOKA,TOKA-099,5/23/2016,23,90,,,,BRDI3,61,LOPEM2,ERODI,L,,,,,,,,S,,0
SMA-11-01,TOKA,TOKA-099,5/23/2016,24,90,,,,AVBA,59,LOPEM2,BRDI3,L,,,,,,,,S,,0
SMA-11-01,TOKA,TOKA-099,5/23/2016,25,90,,,,CAPY2,49,LOPEM2,,,,,,,,,,S,,0
SMA-11-01,TOKA,TOKA-099,5/23/2016,26,90,,,,AVBA,92,BRDI2,L,,,,,,,,,S,,0
SMA-11-01,TOKA,TOKA-099,5/23/2016,27,90,,,,AVBA,73,CAPY2,MEPO3,VICIA,L,,,,,,,S,,0
SMA-11-01,TOKA,TOKA-099,5/23/2016,28,90,,,,AVBA,38,VICIA,CAPY2,L,,,,,,,,S,,0
SMA-11-01,TOKA,TOKA-099,5/23/2016,29,90,,,,AVBA,100,CAPY2,ANCO2,BRDI2,L,,,,,,,S,,0
SMA-11-01,TOKA,TOKA-099,5/23/2016,30,90,,,,AVBA,17,MEPO3,L,,,,,,,,,S,,0
SMA-11-01,TOKA,TOKA-099,5/23/2016,31,90,,,,BRDI3,32,LOPEM2,BRDI2,L,,,,,,,,S,,0
SMA-11-01,TOKA,TOKA-099,5/23/2016,32,90,,,,AVBA,10,VICIA,TRHI4,,,,,,,,,S,,0
SMA-11-01,TOKA,TOKA-099,5/23/2016,33,90,,,,AVBA,48,L,,,,,,,,,,S,,0
SMA-11-01,TOKA,TOKA-099,5/23/2016,34,90,,,,MEPO3,10,CAPY2,L,,,,,,,,,S,,0
SMA-11-01,TOKA,TOKA-099,5/23/2016,35,90,,,,2PLANT,9,L,,,,,,,,,,S,,0
SMA-11-01,TOKA,TOKA-099,5/23/2016,36,90,,,,CAPY2,15,MEPO3,L,,,,,,,,,S,,0
SMA-11-01,TOKA,TOKA-099,5/23/2016,37,90,,,,2PLANT,18,L,,,,,,,,,,S,,0
SMA-11-01,TOKA,TOKA-099,5/23/2016,38,90,,,,AVBA,71,CAPY2,MEPO3,L,,,,,,,,S,,0
SMA-11-01,TOKA,TOKA-099,5/23/2016,39,90,,,,AVBA,50,PSCA13,MEPO3,,,,,,,,,S,,0
SMA-11-01,TOKA,TOKA-099,5/23/2016,40,90,,,,CAPY2,67,BRDI3,,,,,,,,,,AM,,0
SMA-11-01,TOKA,TOKA-099,5/23/2016,41,90,,,,AVBA,96,CAPY2,BRHO2,ESCA2,ERODI,L,,,,,,S,,0
SMA-11-01,TOKA,TOKA-099,5/23/2016,42,90,,,,AVBA,71,BRDI2,ERODI,,,,,,,,,S,,0
SMA-11-01,TOKA,TOKA-099,5/23/2016,43,90,,,,AVBA,72,LIUS,L,,,,,,,,,S,,0
SMA-11-01,TOKA,TOKA-099,5/23/2016,44,90,,,,AVBA,103,BRMI2,VUMY,L,,,,,,,,S,,0
SMA-11-01,TOKA,TOKA-099,5/23/2016,45,90,,,,AVBA,20,MEPO3,L,,,,,,,,,S,,0
SMA-11-01,TOKA,TOKA-099,5/23/2016,46,90,,,,AVBA,66,VICIA,CAPY2,BRDI2,L,,,,,,,S,,0
SMA-11-01,TOKA,TOKA-099,5/23/2016,47,90,,,,AVBA,47,CAPY2,ERODI,L,,,,,,,,S,,0
SMA-11-01,TOKA,TOKA-099,5/23/2016,48,90,,,,NOPLANT,0,L,,,,,,,,,,S,,0
SMA-11-01,TOKA,TOKA-099,5/23/2016,49,90,,,,NOPLANT,0,,,,,,,,,,,S,,0
SMA-11-01,TOKA,TOKA-099,5/23/2016,50,90,,,,NOPLANT,0,L,,,,,,,,,,S,,0
SMA-11-01,TOKA,TOKA-099,5/23/2016,1,270,,,,BRHO2,15,,,,,,,,,,,S,,0
SMA-11-01,TOKA,TOKA-099,5/23/2016,2,270,,,,LOPEM2,12,BRDI2,,,,,,,,,,S,,0
SMA-11-01,TOKA,TOKA-099,5/23/2016,3,270,,,,BRDI2,32,BRHO2,,,,,,,,,,S,,0
SMA-11-01,TOKA,TOKA-099,5/23/2016,4,270,,,,BRHO2,35,BRDI2,PLLA,,,,,,,,,S,,0
SMA-11-01,TOKA,TOKA-099,5/23/2016,5,270,,,,LOPEM2,10,BRDI2,ANAR,,,,,,,,,S,,0
SMA-11-01,TOKA,TOKA-099,5/23/2016,6,270,,,,BRDI2,9,LIUS,,,,,,,,,,S,,0
SMA-11-01,TOKA,TOKA-099,5/23/2016,7,270,,,,PLLA,18,BRDI2,L,,,,,,,,,S,,0
SMA-11-01,TOKA,TOKA-099,5/23/2016,8,270,,,,PHAQ,19,PLLA,BRHO2,,,,,,,,,S,,0
SMA-11-01,TOKA,TOKA-099,5/23/2016,9,270,,,,BRDI2,11,,,,,,,,,,,S,,0
SMA-11-01,TOKA,TOKA-099,5/23/2016,10,270,,,,VUMY,25,BRDI2,,,,,,,,,,S,,0
SMA-11-01,TOKA,TOKA-099,5/23/2016,11,270,,,,LOPEM2,24,PLLA,,,,,,,,,,S,,0
SMA-11-01,TOKA,TOKA-099,5/23/2016,12,270,,,,BRDI2,12,BRDI3,PLLA,L,,,,,,,,S,,0
SMA-11-01,TOKA,TOKA-099,5/23/2016,13,270,,,,PLLA,12,BRDI2,,,,,,,,,,S,,0
SMA-11-01,TOKA,TOKA-099,5/23/2016,14,270,,,,BRHO2,15,BRDI2,PLLA,,,,,,,,,S,,0
SMA-11-01,TOKA,TOKA-099,5/23/2016,15,270,,,,BRHO2,30,BRDI2,PLLA,,,,,,,,,S,,0
SMA-11-01,TOKA,TOKA-099,5/23/2016,16,270,,,,PLLA,7,BRDI2,,,,,,,,,,S,,0
SMA-11-01,TOKA,TOKA-099,5/23/2016,17,270,,,,BRDI2,3,,,,,,,,,,,S,,0
SMA-11-01,TOKA,TOKA-099,5/23/2016,18,270,,,,BRHO2,32,BRDI3,BRHO2,TRIFO,,,,,,,,S,,0
SMA-11-01,TOKA,TOKA-099,5/23/2016,19,270,,,,AVBA,17,BRDI2,,,,,,,,,,S,,0
SMA-11-01,TOKA,TOKA-099,5/23/2016,20,270,,,,BRDI2,21,L,,,,,,,,,,S,,0
SMA-11-01,TOKA,TOKA-099,5/23/2016,21,270,,,,BRDI2,8,TRIFO,ANAR,,,,,,,,,S,,0
SMA-11-01,TOKA,TOKA-099,5/23/2016,22,270,,,,BRDI3,13,BRDI2,L,,,,,,,,,S,,0
SMA-11-01,TOKA,TOKA-099,5/23/2016,23,270,,,,BRDI2,10,,,,,,,,,,,S,,0
SMA-11-01,TOKA,TOKA-099,5/23/2016,24,270,,,,BRHO2,20,PLLA,L,,,,,,,,,S,,0
SMA-11-01,TOKA,TOKA-099,5/23/2016,25,270,,,,BRDI2,18,PLLA,TRIFO,,,,,,,,,S,,0
SMA-11-01,TOKA,TOKA-099,5/23/2016,26,270,,,,BRHO2,6,,,,,,,,,,,S,,0
SMA-11-01,TOKA,TOKA-099,5/23/2016,27,270,,,,LOPEM2,12,PLLA,L,,,,,,,,,S,,0
SMA-11-01,TOKA,TOKA-099,5/23/2016,28,270,,,,LOPEM2,3,,,,,,,,,,,S,,0
SMA-11-01,TOKA,TOKA-099,5/23/2016,29,270,,,,PHAQ,5,,,,,,,,,,,S,,0
SMA-11-01,TOKA,TOKA-099,5/23/2016,30,270,,,,NOPLANT,0,L,,,,,,,,,,S,,0
SMA-11-01,TOKA,TOKA-099,5/23/2016,31,270,,,,BRHO2,13,BRDI2,,,,,,,,,,S,,0
SMA-11-01,TOKA,TOKA-099,5/23/2016,32,270,,,,BRDI2,33,BRDI2,,,,,,,,,,S,,0
SMA-11-01,TOKA,TOKA-099,5/23/2016,33,270,,,,BRDI3,25,BRDI2,,,,,,,,,,S,,0
SMA-11-01,TOKA,TOKA-099,5/23/2016,34,270,,,,BRMI2,15,BRDI2,,,,,,,,,,S,,0
SMA-11-01,TOKA,TOKA-099,5/23/2016,35,270,,,,PLLA,2,,,,,,,,,,,S,,0
SMA-11-01,TOKA,TOKA-099,5/23/2016,36,270,,,,PLLA,4,,,,,,,,,,,S,,0
SMA-11-01,TOKA,TOKA-099,5/23/2016,37,270,,,,BRHO2,32,AICA,BRDI2,L,,,,,,,,S,,0
SMA-11-01,TOKA,TOKA-099,5/23/2016,38,270,,,,BRDI3,23,BRDI2,,,,,,,,,,S,,0
SMA-11-01,TOKA,TOKA-099,5/23/2016,39,270,,,,BRDI3,65,BRCA5,PLLA,,,,,,,,,S,,0
SMA-11-01,TOKA,TOKA-099,5/23/2016,40,270,,,,BRDI2,29,PLLA,L,,,,,,,,,S,,0
SMA-11-01,TOKA,TOKA-099,5/23/2016,41,270,,,,BRDI2,33,PLLA,L,,,,,,,,,S,,0
SMA-11-01,TOKA,TOKA-099,5/23/2016,42,270,,,,PLLA,26,BRDI2,L,,,,,,,,,S,,0
SMA-11-01,TOKA,TOKA-099,5/23/2016,43,270,,,,PHAQ,31,PLLA,L,,,,,,,,,S,,0
SMA-11-01,TOKA,TOKA-099,5/23/2016,44,270,,,,PLLA,20,VICIA,L,,,,,,,,,S,,0
SMA-11-01,TOKA,TOKA-099,5/23/2016,45,270,,,,BRHO2,30,BRDI2,PLLA,L,,,,,,,,S,,0
SMA-11-01,TOKA,TOKA-099,5/23/2016,46,270,,,,BRDI3,55,PLLA,L,,,,,,,,,S,,0
SMA-11-01,TOKA,TOKA-099,5/23/2016,47,270,,,,PHAQ,61,L,,,,,,,,,,S,,0
SMA-11-01,TOKA,TOKA-099,5/23/2016,48,270,,,,PHAQ,48,ARDO3,L,,,,,,,,,S,,0
SMA-11-01,TOKA,TOKA-099,5/23/2016,49,270,,,,NOPLANT,0,,,,,,,,,,,S,,0
SMA-11-01,TOKA,TOKA-099,5/23/2016,50,270,,,,,NA,,,,,,,,,,,,,0
SMA-11-01,TOKA,TOKA-099,5/29/2018,1,100,,,,BRHO2,7,,,,,,,,,,,S,,0
SMA-11-01,TOKA,TOKA-099,5/29/2018,2,100,,,,AVBA,53,LOPEM2,BRDI3,L,,,,,,,,S,,0
SMA-11-01,TOKA,TOKA-099,5/29/2018,3,100,,,,AVBA,55,LOPEM2,PLLA,BRHO2,TRST5,L,,,,,,S,,0
SMA-11-01,TOKA,TOKA-099,5/29/2018,4,100,,,,AVBA,70,LOPEM2,LOCO6,L,,,,,,,,S,,0
SMA-11-01,TOKA,TOKA-099,5/29/2018,5,100,,,,AVBA,75,LOPEM2,L,,,,,,,,,S,,0
SMA-11-01,TOKA,TOKA-099,5/29/2018,6,100,,,,AVBA,103,LOPEM2,BRHO2,GEDI,L,,,,,,,S,,0
SMA-11-01,TOKA,TOKA-099,5/29/2018,7,100,,,,AVBA,77,LOPEM2,CAPY2,BRHO2,L,,,,,,,S,,0
SMA-11-01,TOKA,TOKA-099,5/29/2018,8,100,,,,AVBA,130,LOPEM2,L,,,,,,,,,S,,0
SMA-11-01,TOKA,TOKA-099,5/29/2018,9,100,,,,AVBA,97,BRHO2,CAPY2,LOPEM2,GEDI,L,,,,,,S,,0
SMA-11-01,TOKA,TOKA-099,5/29/2018,10,100,,,,AVBA,97,BRDI3,BRHO2,VUBR,CAPY2,L,,,,,,S,,0
SMA-11-01,TOKA,TOKA-099,5/29/2018,11,100,,,,LOPEM2,73,ACMO2,GEDI,AVBA,SHAR2,L,,,,,,S,,0
SMA-11-01,TOKA,TOKA-099,5/29/2018,12,100,,,,CAPY2,80,VUBR,L,,,,,,,,,S,,0
SMA-11-01,TOKA,TOKA-099,5/29/2018,13,100,,,,CAPY2,110,L,,,,,,,,,,S,,0
SMA-11-01,TOKA,TOKA-099,5/29/2018,14,100,,,,CAPY2,140,L,,,,,,,,,,S,,0
SMA-11-01,TOKA,TOKA-099,5/29/2018,15,100,,,,LOPEM2,73,AVBA,VUBR,BRDI2,L,,,,,,,S,,0
SMA-11-01,TOKA,TOKA-099,5/29/2018,16,100,BAPI,,,VUBR,45,BRDI2,CAPY2,L,,,,,,,,S,,0
SMA-11-01,TOKA,TOKA-099,5/29/2018,17,100,,,,LOPEM2,63,AVBA,BRDI2,L,,,,,,,,S,,0
SMA-11-01,TOKA,TOKA-099,5/29/2018,18,100,,,,AVBA,77,VUBR,L,,,,,,,,,S,,0
SMA-11-01,TOKA,TOKA-099,5/29/2018,19,100,,,,AVBA,99,CAPY2,L,,,,,,,,,S,,0
SMA-11-01,TOKA,TOKA-099,5/29/2018,20,100,,,,AVBA,115,VISA,L,,,,,,,,,S,,0
SMA-11-01,TOKA,TOKA-099,5/29/2018,21,100,,,,CAPY2,110,LOPEM2,BRHO2,L,,,,,,,,S,,0
SMA-11-01,TOKA,TOKA-099,5/29/2018,22,100,,,,CAPY2,63,LOPEM2,ACMO2,L,,,,,,,,S,,0
SMA-11-01,TOKA,TOKA-099,5/29/2018,23,100,,,,AVBA,71,BRHO2,VUBR,L,,,,,,,,S,,0
SMA-11-01,TOKA,TOKA-099,5/29/2018,24,100,,,,AVBA,85,VUBR,2GA,L,,,,,,,,S,2,0
SMA-11-01,TOKA,TOKA-099,5/29/2018,25,100,,,,AVBA,85,LOPEM2,VUBR,L,,,,,,,,S,,0
SMA-11-01,TOKA,TOKA-099,5/29/2018,26,100,,,,AVBA,90,LOPEM2,BRCA6,VUBR,L,,,,,,,S,,0
SMA-11-01,TOKA,TOKA-099,5/29/2018,27,100,,,,AVBA,85,LOPEM2,VUBR,L,,,,,,,,S,,0
SMA-11-01,TOKA,TOKA-099,5/29/2018,28,100,,,,AVBA,105,VUBR,CAPY2,L,,,,,,,,S,,0
SMA-11-01,TOKA,TOKA-099,5/29/2018,29,100,,,,AVBA,63,VUBR,LOPEM2,CAPY2,BRHO2,L,,,,,,S,,0
SMA-11-01,TOKA,TOKA-099,5/29/2018,30,100,,,,AVBA,49,LOPEM2,ACMO2,2GA,L,,,,,,,S,3,0
SMA-11-01,TOKA,TOKA-099,5/29/2018,31,100,,,,AVBA,90,LOPEM2,BRHO2,VUBR,L,,,,,,,S,,0
SMA-11-01,TOKA,TOKA-099,5/29/2018,32,100,BAPI,,,LOPEM2,70,AVBA,L,,,,,,,,,S,,0
SMA-11-01,TOKA,TOKA-099,5/29/2018,33,100,BAPI,,,BRHO2,60,LOPEM2,BRDI2,L,,,,,,,,S,,0
SMA-11-01,TOKA,TOKA-099,5/29/2018,34,100,BAPI,,,AVBA,84,VUBR,BRDI2,LOPEM2,L,,,,,,,S,,0
SMA-11-01,TOKA,TOKA-099,5/29/2018,35,100,,,,AVBA,86,BRHO2,VUBR,L,,,,,,,,S,,0
SMA-11-01,TOKA,TOKA-099,5/29/2018,36,100,,,,AVBA,100,BRHO2,VUBR,L,,,,,,,,S,,0
SMA-11-01,TOKA,TOKA-099,5/29/2018,37,100,,,,AVBA,54,LOPEM2,CAPY2,BRHO2,VUBR,MEPO3,L,,,,,S,,0
SMA-11-01,TOKA,TOKA-099,5/29/2018,38,100,,,,AVBA,54,HYRA3,L,,,,,,,,,S,,0
SMA-11-01,TOKA,TOKA-099,5/29/2018,39,100,BAPI,,,AVBA,80,BRDI2,L,,,,,,,,,S,,0
SMA-11-01,TOKA,TOKA-099,5/29/2018,40,100,,,,AVBA,104,VUBR,BRDI2,L,,,,,,,,S,,0
SMA-11-01,TOKA,TOKA-099,5/29/2018,41,100,,,,LOPEM2,64,VUBR,CAPY2,L,,,,,,,,S,,0
SMA-11-01,TOKA,TOKA-099,5/29/2018,42,100,,,,LOPEM2,81,AVBA,CAPY2,L,,,,,,,,S,,0
SMA-11-01,TOKA,TOKA-099,5/29/2018,43,100,,,,AVBA,85,BRDI3,LOPEM2,TRHI4,VUBR,L,,,,,,S,,0
SMA-11-01,TOKA,TOKA-099,5/29/2018,44,100,,,,AVBA,115,VUBR,CRVET,CAPY2,TRST5,MEPO3,L,,,,,S,,0
SMA-11-01,TOKA,TOKA-099,5/29/2018,45,100,,,,AVBA,83,RUAC3,VUBR,L,,,,,,,,S,,0
SMA-11-01,TOKA,TOKA-099,5/29/2018,46,100,,,,LOPEM2,61,VUBR,ACMO2,L,,,,,,,,S,,0
SMA-11-01,TOKA,TOKA-099,5/29/2018,47,100,,,,LOPEM2,40,VUBR,HYRA3,TRDU2,TRSU3,L,,,,,,S,,0
SMA-11-01,TOKA,TOKA-099,5/29/2018,48,100,BAPI,,,PLLA,8,BRDI2,L,,,,,,,,,S,,0
SMA-11-01,TOKA,TOKA-099,5/29/2018,49,100,BAPI,,,VITE,28,BRCA5,L,,,,,,,,,S,,0
SMA-11-01,TOKA,TOKA-099,5/29/2018,50,100,BAPI,,,VUBR,10,PLLA,BRDI2,L,,,,,,,,S,,0
SMA-11-01,TOKA,TOKA-099,5/29/2018,1,280,,,,AVBA,85,GEDI,L,,,,,,,,,S,,0
SMA-11-01,TOKA,TOKA-099,5/29/2018,2,280,,,,AVBA,99,LOPEM2,L,,,,,,,,,S,,0
SMA-11-01,TOKA,TOKA-099,5/29/2018,3,280,,,,AVBA,99,LOPEM2,GEDI,L,,,,,,,,S,,0
SMA-11-01,TOKA,TOKA-099,5/29/2018,4,280,,,,AVBA,117,CAPY2,SHAR2,L,,,,,,,,S,,0
SMA-11-01,TOKA,TOKA-099,5/29/2018,5,280,,,,AVBA,95,BRDI3,CAPY2,L,,,,,,,,S,,0
SMA-11-01,TOKA,TOKA-099,5/29/2018,6,280,,,,AVBA,97,BRDI3,PLLA,L,,,,,,,,S,,0
SMA-11-01,TOKA,TOKA-099,5/29/2018,7,280,,,,PLLA,30,BRDI2,BRHO2,L,,,,,,,,S,,0
SMA-11-01,TOKA,TOKA-099,5/29/2018,8,280,,,,PLLA,24,BRDI2,,,,,,,,,,S,,0
SMA-11-01,TOKA,TOKA-099,5/29/2018,9,280,BAPI,,,BRDI2,51,L,,,,,,,,,,S,,0
SMA-11-01,TOKA,TOKA-099,5/29/2018,10,280,,,,VUBR,18,PLLA,L,,,,,,,,,S,,0
SMA-11-01,TOKA,TOKA-099,5/29/2018,11,280,,,,BRHO2,54,VUBR,PLLA,L,,,,,,,,S,,0
SMA-11-01,TOKA,TOKA-099,5/29/2018,12,280,,,,PLLA,11,L,,,,,,,,,,S,,0
SMA-11-01,TOKA,TOKA-099,5/29/2018,13,280,,,,LOPEM2,46,VUBR,PLLA,BRDI2,L,,,,,,,S,,0
SMA-11-01,TOKA,TOKA-099,5/29/2018,14,280,,,,BRDI2,43,BRHO2,PLLA,L,,,,,,,,S,,0
SMA-11-01,TOKA,TOKA-099,5/29/2018,15,280,,,,LOPEM2,25,LIBI5,ACMO2,PLLA,,,,,,,,S,,0
SMA-11-01,TOKA,TOKA-099,5/29/2018,16,280,,,,LOPEM2,50,BRHO2,PLLA,L,,,,,,,,S,,0
SMA-11-01,TOKA,TOKA-099,5/29/2018,17,280,,,,LOPEM2,37,BRHO2,L,,,,,,,,,S,,0
SMA-11-01,TOKA,TOKA-099,5/29/2018,18,280,,,,LOPEM2,43,BRDI2,PLLA,L,,,,,,,,S,,0
SMA-11-01,TOKA,TOKA-099,5/29/2018,19,280,BAPI,,,BRDI2,50,PLLA,VUBR,L,,,,,,,,S,,0
SMA-11-01,TOKA,TOKA-099,5/29/2018,20,280,,,,AVBA,100,LOPEM2,LIBI5,VUBR,2GA,,,,,,,S,4,0
SMA-11-01,TOKA,TOKA-099,5/29/2018,21,280,,,,LOPEM2,75,AVBA,LIBI5,CYEC,L,,,,,,,S,,0
SMA-11-01,TOKA,TOKA-099,5/29/2018,22,280,,,,LOPEM2,74,BRHO2,PHAQ,TRST5,L,,,,,,,S,,0
SMA-11-01,TOKA,TOKA-099,5/29/2018,23,280,,,,BRHO2,44,BRDI3,LIBI5,TRST5,PLLA,L,,,,,,S,,0
SMA-11-01,TOKA,TOKA-099,5/29/2018,24,280,,,,LOPEM2,61,TRST5,GEDI,L,,,,,,,,S,,0
SMA-11-01,TOKA,TOKA-099,5/29/2018,25,280,,,,BRDI2,44,PHAQ,LIBI5,LOPEM2,L,,,,,,,S,,0
SMA-11-01,TOKA,TOKA-099,5/29/2018,26,280,,,,LOPEM2,60,BRHO2,PLLA,TRST5,L,,,,,,,S,,0
SMA-11-01,TOKA,TOKA-099,5/29/2018,27,280,,,,BRHO2,9,PLLA,TRST5,L,,,,,,,,S,,0
SMA-11-01,TOKA,TOKA-099,5/29/2018,28,280,,,,BRHO2,24,PLLA,TRHI4,L,,,,,,,,S,,0
SMA-11-01,TOKA,TOKA-099,5/29/2018,29,280,,,,LOPEM2,42,PLLA,L,,,,,,,,,S,,0
SMA-11-01,TOKA,TOKA-099,5/29/2018,30,280,,,,PHAQ,54,CYEC,TRST5,,,,,,,,,AM,,0
SMA-11-01,TOKA,TOKA-099,5/29/2018,31,280,,,,PHAQ,39,PLLA,SIBE,AICA,TRST5,L,,,,,,S,,0
SMA-11-01,TOKA,TOKA-099,5/29/2018,32,280,,,,BRHO2,42,PLLA,AICA,BRDI2,L,,,,,,,S,,0
SMA-11-01,TOKA,TOKA-099,5/29/2018,33,280,,,,VUBR,35,LIBI5,TRAN6,L,,,,,,,,S,,0
SMA-11-01,TOKA,TOKA-099,5/29/2018,34,280,,,,PHAQ,82,SHAR2,BRDI2,L,,,,,,,,S,,0
SMA-11-01,TOKA,TOKA-099,5/29/2018,35,280,,,,BRDI2,30,PHAQ,L,,,,,,,,,S,,0
SMA-11-01,TOKA,TOKA-099,5/29/2018,36,280,,,,VUBR,32,PLLA,L,,,,,,,,,S,,0
SMA-11-01,TOKA,TOKA-099,5/29/2018,37,280,BAPI,,,PHAQ,35,VUBR,L,,,,,,,,,S,,0
SMA-11-01,TOKA,TOKA-099,5/29/2018,38,280,,,,PHAQ,59,PLLA,L,,,,,,,,,S,,0
SMA-11-01,TOKA,TOKA-099,5/29/2018,39,280,,,,BRCA6,36,VUBR,BRDI2,L,,,,,,,,S,,0
SMA-11-01,TOKA,TOKA-099,5/29/2018,40,280,,,,BRCA6,36,VUBR,AICA,L,,,,,,,,S,,0
SMA-11-01,TOKA,TOKA-099,5/29/2018,41,280,,,,PLLA,9,VUBR,AICA,L,,,,,,,,S,,0
SMA-11-01,TOKA,TOKA-099,5/29/2018,42,280,,,,PHAQ,61,CYEC,BRMI2,PLLA,L,,,,,,,S,,0
SMA-11-01,TOKA,TOKA-099,5/29/2018,43,280,,,,,NA,,,,,,,,,,,,,0
SMA-11-01,TOKA,TOKA-099,5/29/2018,44,280,,,,,NA,,,,,,,,,,,,,0
SMA-11-01,TOKA,TOKA-099,5/29/2018,45,280,,,,,NA,,,,,,,,,,,,,0
SMA-11-01,TOKA,TOKA-099,5/29/2018,46,280,,,,,NA,,,,,,,,,,,,,0
SMA-11-01,TOKA,TOKA-099,5/29/2018,47,280,,,,,NA,,,,,,,,,,,,,0
SMA-11-01,TOKA,TOKA-099,5/29/2018,48,280,,,,,NA,,,,,,,,,,,,,0
SMA-11-01,TOKA,TOKA-099,5/29/2018,49,280,,,,,NA,,,,,,,,,,,,,0
SMA-11-01,TOKA,TOKA-099,5/29/2018,50,280,,,,,NA,,,,,,,,,,,,,0
SMA-11-01,TOKA,TOKA-099,6/30/2021,1,100,,,,VUMY,8,AVENA,L,,,,,,,,,S,,0
SMA-11-01,TOKA,TOKA-099,6/30/2021,2,100,,,,AVENA,6,VISA,VUMY,L,,,,,,,,S,,0
SMA-11-01,TOKA,TOKA-099,6/30/2021,3,100,,,,AVENA,5,L,,,,,,,,,,S,,0
SMA-11-01,TOKA,TOKA-099,6/30/2021,4,100,,,,LOPEM2,16,AVENA,2GA,,,,,,,,,S,2,0
SMA-11-01,TOKA,TOKA-099,6/30/2021,5,100,,,,AVENA,6,LOPEM2,TRIFO,L,,,,,,,,S,,0
SMA-11-01,TOKA,TOKA-099,6/30/2021,6,100,,,,NOPLANT,NA,L,,,,,,,,,,S,,0
SMA-11-01,TOKA,TOKA-099,6/30/2021,7,100,,,,LOPEM2,16,BRDI2,L,,,,,,,,,S,,0
SMA-11-01,TOKA,TOKA-099,6/30/2021,8,100,,,,RASA2,25,VUBR,LOPEM2,L,,,,,,,,S,,0
SMA-11-01,TOKA,TOKA-099,6/30/2021,9,100,,,,TRAN6,7,VUBR,TRIFO,L,,,,,,,,S,,0
SMA-11-01,TOKA,TOKA-099,6/30/2021,10,100,,,,LOPEM2,11,BRDI2,PLLA,L,,,,,,,,S,,0
SMA-11-01,TOKA,TOKA-099,6/30/2021,11,100,,,,AVENA,65,LOPEM2,BRDI2,L,,,,,,,,S,,0
SMA-11-01,TOKA,TOKA-099,6/30/2021,12,100,,,,BRDI3,23,LOPEM2,,,,,,,,,,S,,0
SMA-11-01,TOKA,TOKA-099,6/30/2021,13,100,,,,AVENA,81,RASA2,LOPEM2,2FA,L,,,,,,,S,,0
SMA-11-01,TOKA,TOKA-099,6/30/2021,14,100,,,,AVENA,46,LOPEM2,ERODI,VUBR,L,,,,,,,S,,0
SMA-11-01,TOKA,TOKA-099,6/30/2021,15,100,,,,RASA2,22,LOPEM2,GEDI,L,,,,,,,,S,,0
SMA-11-01,TOKA,TOKA-099,6/30/2021,16,100,,,,AVENA,35,LOPEM2,CAPY2,BRDI2,ERODI,,,,,,,S,,0
SMA-11-01,TOKA,TOKA-099,6/30/2021,17,100,,,,AVENA,18,LOPEM2,BRDI2,TRDU2,,,,,,,,S,,0
SMA-11-01,TOKA,TOKA-099,6/30/2021,18,100,,,,AVENA,29,2GA,,,,,,,,,,S,1,0
SMA-11-01,TOKA,TOKA-099,6/30/2021,19,100,,,,LOPEM2,13,MASA,BRDI2,,,,,,,,,S,,0
SMA-11-01,TOKA,TOKA-099,6/30/2021,20,100,,,,LOPEM2,13,MASA,2GA,,,,,,,,,S,,0
SMA-11-01,TOKA,TOKA-099,6/30/2021,21,100,,,,LOPEM2,28,AVENA,BRDI2,MASA,VUBR,,,,,,,S,,0
SMA-11-01,TOKA,TOKA-099,6/30/2021,22,100,,,,AVENA,35,LOPEM2,VUBR,CAPY2,BRDI2,2GA,,,,,,S,5,0
SMA-11-01,TOKA,TOKA-099,6/30/2021,23,100,,,,AVENA,52,LOPEM2,VUBR,L,,,,,,,,S,,0
SMA-11-01,TOKA,TOKA-099,6/30/2021,24,100,,,,AVENA,68,BRDI3,VICIA,2GA,,,,,,,,S,3,0
SMA-11-01,TOKA,TOKA-099,6/30/2021,25,100,,,,AVENA,66,LOPEM2,BRDI2,TRIFO,2GA,,,,,,,S,4,0
SMA-11-01,TOKA,TOKA-099,6/30/2021,26,100,,,,AVENA,68,VICIA,2GA,,,,,,,,,S,2,0
SMA-11-01,TOKA,TOKA-099,6/30/2021,27,100,,,,AVENA,18,BRHO2,BRDI2,2GA,,,,,,,,S,3,0
SMA-11-01,TOKA,TOKA-099,6/30/2021,28,100,,,,AVENA,14,VICIA,VUBR,2GA,,,,,,,,S,3,0
SMA-11-01,TOKA,TOKA-099,6/30/2021,29,100,,,,HYPOC,24,2GA,,,,,,,,,,S,1,0
SMA-11-01,TOKA,TOKA-099,6/30/2021,30,100,,,,BRDI2,12,2GA,,,,,,,,,,S,1,0
SMA-11-01,TOKA,TOKA-099,6/30/2021,31,100,,,,PLLA,14,BRHO2,2GA,,,,,,,,,S,2,0
SMA-11-01,TOKA,TOKA-099,6/30/2021,32,100,,,,AVENA,41,2GA,,,,,,,,,,S,1,0
SMA-11-01,TOKA,TOKA-099,6/30/2021,33,100,BAPI,,,BRDI2,23,2GA,,,,,,,,,,S,1,0
SMA-11-01,TOKA,TOKA-099,6/30/2021,34,100,BAPI,,,HYPOC,20,2GA,L,,,,,,,,,S,1,0
SMA-11-01,TOKA,TOKA-099,6/30/2021,35,100,BAPI,,,2GA,2,L,,,,,,,,,,S,,1
SMA-11-01,TOKA,TOKA-099,6/30/2021,36,100,,,,HYPOC,24,BRDI2,VUBR,L,,,,,,,,S,,0
SMA-11-01,TOKA,TOKA-099,6/30/2021,37,100,,,,AVENA,24,BRHO2,VUBR,L,,,,,,,,S,,0
SMA-11-01,TOKA,TOKA-099,6/30/2021,38,100,,,,AVENA,23,2GA,,,,,,,,,,S,1,0
SMA-11-01,TOKA,TOKA-099,6/30/2021,39,100,,,,AVENA,12,VICIA,CAPY2,2GA,,,,,,,,S,3,0
SMA-11-01,TOKA,TOKA-099,6/30/2021,40,100,,,,BRHO2,18,VICIA,2GA,,,,,,,,,S,2,0
SMA-11-01,TOKA,TOKA-099,6/30/2021,41,100,,,,AVENA,15,LOPEM2,VICIA,BRHO2,2GA,,,,,,,S,4,0
SMA-11-01,TOKA,TOKA-099,6/30/2021,42,100,,,,BRDI2,5,BRHO2,2GA,,,,,,,,,S,2,0
SMA-11-01,TOKA,TOKA-099,6/30/2021,43,100,,,,LOPEM2,21,BRHO2,2GA,,,,,,,,,S,2,0
SMA-11-01,TOKA,TOKA-099,6/30/2021,44,100,,,,AVENA,41,CAPY2,LOPEM2,VICIA,L,,,,,,,S,,0
SMA-11-01,TOKA,TOKA-099,6/30/2021,45,100,,,,CAPY2,35,VUBR,BRHO2,L,,,,,,,,S,,0
SMA-11-01,TOKA,TOKA-099,6/30/2021,46,100,,,,AVENA,41,CAPY2,LOPEM2,BRDI2,L,,,,,,,S,,0
SMA-11-01,TOKA,TOKA-099,6/30/2021,47,100,,,,LOPEM2,15,PLLA,2GA,,,,,,,,,S,2,0
SMA-11-01,TOKA,TOKA-099,6/30/2021,48,100,,,,BRHO2,7,2GA,,,,,,,,,,S,1,0
SMA-11-01,TOKA,TOKA-099,6/30/2021,49,100,,,,HYPOC,26,PLLA,BRHO2,TRDU2,2GA,,,,,,,S,4,0
SMA-11-01,TOKA,TOKA-099,6/30/2021,50,100,,,,PLLA,30,LOPEM2,HYPOC,BRDI2,2GA,,,,,,,S,4,0
SMA-11-01,TOKA,TOKA-099,6/30/2021,1,280,,,,AVENA,71,LOPEM2,L,,,,,,,,,S,,0
SMA-11-01,TOKA,TOKA-099,6/30/2021,2,280,,,,AVENA,62,BRDI3,BRHO2,2GA,,,,,,,,S,3,0
SMA-11-01,TOKA,TOKA-099,6/30/2021,3,280,,,,BRDI3,25,LOPEM2,L,,,,,,,,,S,,0
SMA-11-01,TOKA,TOKA-099,6/30/2021,4,280,,,,AVENA,36,L,,,,,,,,,,S,,0
SMA-11-01,TOKA,TOKA-099,6/30/2021,5,280,,,,MASA,26,PLLA,L,,,,,,,,,S,,0
SMA-11-01,TOKA,TOKA-099,6/30/2021,6,280,,,,AVENA,35,BRDI2,LOPEM2,L,,,,,,,,S,,0
SMA-11-01,TOKA,TOKA-099,6/30/2021,7,280,,,,NOPLANT,NA,L,,,,,,,,,,S,,0
SMA-11-01,TOKA,TOKA-099,6/30/2021,8,280,,,,BRDI2,9,2GA,,,,,,,,,,S,1,0
SMA-11-01,TOKA,TOKA-099,6/30/2021,9,280,,,,BRDI2,20,HYPOC,LOPEM2,L,,,,,,,,S,,0
SMA-11-01,TOKA,TOKA-099,6/30/2021,10,280,,,,NOPLANT,NA,,,,,,,,,,,S,,0
SMA-11-01,TOKA,TOKA-099,6/30/2021,11,280,,,,BRHO2,11,2FA,L,,,,,,,,,S,,0
SMA-11-01,TOKA,TOKA-099,6/30/2021,12,280,,,,PLLA,6,BRDI2,,,,,,,,,,S,,0
SMA-11-01,TOKA,TOKA-099,6/30/2021,13,280,,,,BRHO2,26,PLLA,LIBI5,BRDI2,,,,,,,,S,,0
SMA-11-01,TOKA,TOKA-099,6/30/2021,14,280,,,,LOPEM2,30,BRDI2,CYEC,L,,,,,,,,S,,0
SMA-11-01,TOKA,TOKA-099,6/30/2021,15,280,,,,LIBI5,30,RUUR,CYEC,PHAQ,,,,,,,,S,3,0
SMA-11-01,TOKA,TOKA-099,6/30/2021,16,280,,,,PLLA,24,BRDI2,,,,,,,,,,S,,0
SMA-11-01,TOKA,TOKA-099,6/30/2021,17,280,,,,LIBI5,5,L,,,,,,,,,,AM,,0
SMA-11-01,TOKA,TOKA-099,6/30/2021,18,280,BAPI,,,PHAQ,39,SIBE,VUBR,,,,,,,,,S,,0
SMA-11-01,TOKA,TOKA-099,6/30/2021,19,280,,,,BRDI2,2,2GA,,,,,,,,,,S,1,0
SMA-11-01,TOKA,TOKA-099,6/30/2021,20,280,,,,AVENA,50,RUUR,BRDI2,2GA,,,,,,,,S,3,0
SMA-11-01,TOKA,TOKA-099,6/30/2021,21,280,,,,LOPEM2,16,AVENA,2GA,,,,,,,,,S,2,0
SMA-11-01,TOKA,TOKA-099,6/30/2021,22,280,,,,PLLA,16,CYEC,,,,,,,,,,S,,0
SMA-11-01,TOKA,TOKA-099,6/30/2021,23,280,,,,LOPEM2,25,BRHO2,MASA,,,,,,,,,S,,0
SMA-11-01,TOKA,TOKA-099,6/30/2021,24,280,,,,LOPEM2,6,BRDI2,L,,,,,,,,,S,,0
SMA-11-01,TOKA,TOKA-099,6/30/2021,25,280,,,,PLLA,12,,,,,,,,,,,S,,0
SMA-11-01,TOKA,TOKA-099,6/30/2021,26,280,,,,LIBI5,14,BRDI2,TRAN6,L,,,,,,,,S,,0
SMA-11-01,TOKA,TOKA-099,6/30/2021,27,280,,,,LOPEM2,5,BRDI2,TRIFO,,,,,,,,,S,,0
SMA-11-01,TOKA,TOKA-099,6/30/2021,28,280,,,,PHAQ,40,PLLA,PHAQ,,,,,,,,,S,2,0
SMA-11-01,TOKA,TOKA-099,6/30/2021,29,280,,,,NOPLANT,NA,,,,,,,,,,,S,,0
SMA-11-01,TOKA,TOKA-099,6/30/2021,30,280,,,,BRDI2,6,TRIFO,,,,,,,,,,S,,0
SMA-11-01,TOKA,TOKA-099,6/30/2021,31,280,,,,CYEC,15,PLLA,L,,,,,,,,,S,,0
SMA-11-01,TOKA,TOKA-099,6/30/2021,32,280,,,,PLLA,2,L,,,,,,,,,,S,,0
SMA-11-01,TOKA,TOKA-099,6/30/2021,33,280,,,,BRDI2,21,TRIFO,MADIA,L,,,,,,,,S,,0
SMA-11-01,TOKA,TOKA-099,6/30/2021,34,280,,,,PHAQ,15,CYEC,PHAQ,2GA,,,,,,,,S,"2,3",0
SMA-11-01,TOKA,TOKA-099,6/30/2021,35,280,,,,CYEC,3,L,,,,,,,,,,S,,0
SMA-11-01,TOKA,TOKA-099,6/30/2021,36,280,,,,PHAQ,10,PLLA,L,,,,,,,,,S,,0
SMA-11-01,TOKA,TOKA-099,6/30/2021,37,280,,,,PHAQ,12,PLLA,L,,,,,,,,,S,,1
SMA-11-01,TOKA,TOKA-099,6/30/2021,38,280,,,,2GA,4,,,,,,,,,,,S,,1
SMA-11-01,TOKA,TOKA-099,6/30/2021,39,280,BAPI,,,BRCA5,27,BRDI2,CYEC,2GA,,,,,,,,S,3,0
SMA-11-01,TOKA,TOKA-099,6/30/2021,40,280,BAPI,RUUR,,PHAQ,25,BRDI2,2GA,,,,,,,,,S,2,0
SMA-11-01,TOKA,TOKA-099,6/30/2021,41,280,BAPI,,,PHAQ,65,PHAQ,BRDI2,PLLA,,,,,,,,S,,1
SMA-11-01,TOKA,TOKA-099,6/30/2021,42,280,,,,BRCA5,25,PHAQ,CYEC,L,,,,,,,,S,,0
SMA-11-01,TOKA,TOKA-099,6/30/2021,43,280,BAPI,RUUR,,NOPLANT,NA,L,,,,,,,,,,S,,0
SMA-11-01,TOKA,TOKA-099,6/30/2021,44,280,,,,,NA,,,,,,,,,,,,,0
SMA-11-01,TOKA,TOKA-099,6/30/2021,45,280,,,,,NA,,,,,,,,,,,,,0
SMA-11-01,TOKA,TOKA-099,6/30/2021,46,280,,,,,NA,,,,,,,,,,,,,0
SMA-11-01,TOKA,TOKA-099,6/30/2021,47,280,,,,,NA,,,,,,,,,,,,,0
SMA-11-01,TOKA,TOKA-099,6/30/2021,48,280,,,,,NA,,,,,,,,,,,,,0
SMA-11-01,TOKA,TOKA-099,6/30/2021,49,280,,,,,NA,,,,,,,,,,,,,0
SMA-11-01,TOKA,TOKA-099,6/30/2021,50,280,,,,,NA,,,,,,,,,,,,,0
SMA-11-01,TOKA,TOKA-099,5/24/2024,1,100,,,,BRDI3,89,BRHO2,,,,,,,,,,S,,0
SMA-11-01,TOKA,TOKA-099,5/24/2024,2,100,,,,AVBA,49,LOPEM2,TRHI4,PLLA,,,,,,,,S,,0
SMA-11-01,TOKA,TOKA-099,5/24/2024,3,100,,,,BRDI3,74,RUUR,TRDU2,LOPEM2,L,,,,,,,S,,0
SMA-11-01,TOKA,TOKA-099,5/24/2024,4,100,,,,BRDI3,68,BRDI2,AVBA,CAPY2,LIBI5,SHAR2,,,,,,S,,0
SMA-11-01,TOKA,TOKA-099,5/24/2024,5,100,,,,BRHO2,14,L,,,,,,,,,,S,,0
SMA-11-01,TOKA,TOKA-099,5/24/2024,6,100,,,,AVBA,80,LOPEM2,BRHO2,L,,,,,,,,S,,0
SMA-11-01,TOKA,TOKA-099,5/24/2024,7,100,,,,BRHO2,80,BRDI3,VUBR,TRDU2,L,,,,,,,S,,0
SMA-11-01,TOKA,TOKA-099,5/24/2024,8,100,,,,AVBA,100,VISA,L,,,,,,,,,S,,0
SMA-11-01,TOKA,TOKA-099,5/24/2024,9,100,,,,BRNI,61,LOPEM2,TRDU2,AVBA,ERCI6,VISA,L,,,,,S,,0
SMA-11-01,TOKA,TOKA-099,5/24/2024,10,100,,,,BRDI3,89,AVBA,LOPEM2,BRDI2,VUBR,L,,,,,,S,,0
SMA-11-01,TOKA,TOKA-099,5/24/2024,11,100,,,,RUAC3,84,BRDI3,LOPEM2,VISA,RUUR,TRDU2,L,,,,,S,,0
SMA-11-01,TOKA,TOKA-099,5/24/2024,12,100,,,,LOPEM2,50,SIMA3,VUBR,BRHO2,L,,,,,,,S,,0
SMA-11-01,TOKA,TOKA-099,5/24/2024,13,100,,,,AVBA,80,BRDI2,SHAR2,LOPEM2,L,,,,,,,S,,0
SMA-11-01,TOKA,TOKA-099,5/24/2024,14,100,,,,AVBA,74,VISA,LOPEM2,SHAR2,TRDU2,L,,,,,,S,,0
SMA-11-01,TOKA,TOKA-099,5/24/2024,15,100,,,,AVBA,74,LOPEM2,BRHO2,BRDI2,LIBI5,MASA,L,,,,,S,,0
SMA-11-01,TOKA,TOKA-099,5/24/2024,16,100,,,,AVBA,75,HYGL2,VUBR,LOPEM2,TRDU2,L,,,,,,S,,0
SMA-11-01,TOKA,TOKA-099,5/24/2024,17,100,,,,AVBA,84,LOPEM2,BRHO2,TRDU2,GEDI,VISA,L,,,,,S,,0
SMA-11-01,TOKA,TOKA-099,5/24/2024,18,100,,,,AVBA,107,CREPI,LIBI5,BRDI2,MASA,LOCO6,L,,,,,S,,0
SMA-11-01,TOKA,TOKA-099,5/24/2024,19,100,,,,AVBA,71,LOCO6,LIBI5,TRDU2,L,,,,,,,S,,0
SMA-11-01,TOKA,TOKA-099,5/24/2024,20,100,,,,AVBA,101,LOPEM2,VISA,BRDI2,L,,,,,,,S,,0
SMA-11-01,TOKA,TOKA-099,5/24/2024,21,100,,,,BRDI3,54,LOPEM2,VISA,BRDI2,L,,,,,,,S,,0
SMA-11-01,TOKA,TOKA-099,5/24/2024,22,100,,,,AVBA,70,LOPEM2,BRDI2,VUBR,BRHO2,L,,,,,,S,,0
SMA-11-01,TOKA,TOKA-099,5/24/2024,23,100,,,,LOPEM2,75,BRDI3,BRDI2,BRHO2,LIBI5,MASA,L,,,,,S,,0
SMA-11-01,TOKA,TOKA-099,5/24/2024,24,100,,,,SCAR7,70,LOPEM2,BAPI,BRHO2,L,,,,,,,S,,0
SMA-11-01,TOKA,TOKA-099,5/24/2024,25,100,,,,AVBA,40,LOPEM2,VUBR,L,,,,,,,,S,,0
SMA-11-01,TOKA,TOKA-099,5/24/2024,26,100,,,,BRCA5,63,BAPI,L,,,,,,,,,S,,0
SMA-11-01,TOKA,TOKA-099,5/24/2024,27,100,BAPI,,,LOPEM2,45,BRHO2,L,,,,,,,,,S,,0
SMA-11-01,TOKA,TOKA-099,5/24/2024,28,100,BAPI,,,BRDI2,15,,,,,,,,,,,S,,0
SMA-11-01,TOKA,TOKA-099,5/24/2024,29,100,BAPI,,,BRDI2,18,L,,,,,,,,,,S,,0
SMA-11-01,TOKA,TOKA-099,5/24/2024,30,100,BAPI,,,RUUR,25,L,,,,,,,,,,S,,0
SMA-11-01,TOKA,TOKA-099,5/24/2024,31,100,BAPI,,,BRDI2,18,L,,,,,,,,,,S,,0
SMA-11-01,TOKA,TOKA-099,5/24/2024,32,100,,,,BRDI2,25,,,,,,,,,,,S,,0
SMA-11-01,TOKA,TOKA-099,5/24/2024,33,100,,,,AVBA,95,BRHO2,PLLA,BRDI2,L,,,,,,,S,,0
SMA-11-01,TOKA,TOKA-099,5/24/2024,34,100,,,,BRDI3,38,BRDI2,PLLA,L,,,,,,,,S,,0
SMA-11-01,TOKA,TOKA-099,5/24/2024,35,100,,,,BRHO2,50,BRDI2,,,,,,,,,,S,,0
SMA-11-01,TOKA,TOKA-099,5/24/2024,36,100,BAPI,,,VUBR,55,LOPEM2,BRDI2,L,,,,,,,,S,,0
SMA-11-01,TOKA,TOKA-099,5/24/2024,37,100,,,,VUBR,43,BAPI,HYRA3,L,,,,,,,,S,,0
SMA-11-01,TOKA,TOKA-099,5/24/2024,38,100,,,,AVENA,72,BRDI2,BRHO2,BRDI3,HYRA3,,,,,,,S,,0
SMA-11-01,TOKA,TOKA-099,5/24/2024,39,100,,,,AVBA,75,HYRA3,BRDI2,L,,,,,,,,S,,0
SMA-11-01,TOKA,TOKA-099,5/24/2024,40,100,,,,AVBA,80,BRDI3,BRDI2,CAPY2,L,,,,,,,S,,0
SMA-11-01,TOKA,TOKA-099,5/24/2024,41,100,BAPI,,,AVENA,71,LOPEM2,BRDI3,HYRA3,L,,,,,,,S,,0
SMA-11-01,TOKA,TOKA-099,5/24/2024,42,100,,,,AVENA,65,BRDI3,VITE,BRDI2,L,,,,,,,S,,0
SMA-11-01,TOKA,TOKA-099,5/24/2024,43,100,,,,AVENA,60,BRHO2,CAPY2,LIBI5,L,,,,,,,S,,0
SMA-11-01,TOKA,TOKA-099,5/24/2024,44,100,,,,AVENA,115,LOPEM2,BRDI2,TRDU2,MASA,VUBR,L,,,,,S,,0
SMA-11-01,TOKA,TOKA-099,5/24/2024,45,100,,,,AVENA,84,BRDI3,BRHO2,TRDU2,VISA,HYGL2,,,,,,S,,0
SMA-11-01,TOKA,TOKA-099,5/24/2024,46,100,,,,AVBA,75,VUBR,BRDI2,HYRA3,,,,,,,,S,,0
SMA-11-01,TOKA,TOKA-099,5/24/2024,47,100,,,,BRDI2,26,LIBI5,VUBR,L,,,,,,,,S,,0
SMA-11-01,TOKA,TOKA-099,5/24/2024,48,100,,,,BRHO2,37,BAPI,VUBR,BRDI2,PLLA,WL,,,,,,S,,0
SMA-11-01,TOKA,TOKA-099,5/24/2024,49,100,,,,ESCA2,17,RUUR,HYRA3,L,,,,,,,,S,,0
SMA-11-01,TOKA,TOKA-099,5/24/2024,50,100,,,,BRDI3,72,VUBR,HYGL2,L,,,,,,,,S,,0
SMA-11-01,TOKA,TOKA-099,5/24/2024,1,280,,,,AVBA,60,GEDI,TRHI4,L,,,,,,,,S,,0
SMA-11-01,TOKA,TOKA-099,5/24/2024,2,280,,,,BRDI3,78,BRDI2,LOPEM2,BRHO2,HYGL2,,,,,,,S,,0
SMA-11-01,TOKA,TOKA-099,5/24/2024,3,280,,,,AVBA,65,LOPEM2,LOCO6,L,,,,,,,,S,,0
SMA-11-01,TOKA,TOKA-099,5/24/2024,4,280,,,,AVBA,52,LIBI5,LOPEM2,BRDI2,L,,,,,,,S,,0
SMA-11-01,TOKA,TOKA-099,5/24/2024,5,280,,,,AVBA,95,LOPEM2,ANAR,L,,,,,,,,S,,0
SMA-11-01,TOKA,TOKA-099,5/24/2024,6,280,,,,AVBA,74,BRDI2,LOPEM2,PLLA,L,,,,,,,S,,0
SMA-11-01,TOKA,TOKA-099,5/24/2024,7,280,,,,AVBA,54,CYEC,PLLA,L,,,,,,,,S,,0
SMA-11-01,TOKA,TOKA-099,5/24/2024,8,280,,,,AVBA,61,CYEC,PLLA,L,,,,,,,,S,,0
SMA-11-01,TOKA,TOKA-099,5/24/2024,9,280,,,,VUBR,50,BRDI2,PLLA,,,,,,,,,S,,0
SMA-11-01,TOKA,TOKA-099,5/24/2024,10,280,BAPI,,,VUBR,40,PLLA,,,,,,,,,,S,,0
SMA-11-01,TOKA,TOKA-099,5/24/2024,11,280,BAPI,,,BRDI3,74,VUBR,L,,,,,,,,,S,,0
SMA-11-01,TOKA,TOKA-099,5/24/2024,12,280,,,,BRHO2,18,PLLA,L,,,,,,,,,S,,0
SMA-11-01,TOKA,TOKA-099,5/24/2024,13,280,,,,PLLA,30,BRHO2,BRDI2,ANAR,,,,,,,,S,,0
SMA-11-01,TOKA,TOKA-099,5/24/2024,14,280,,,,PLLA,4,HYGL2,,,,,,,,,,S,,0
SMA-11-01,TOKA,TOKA-099,5/24/2024,15,280,BAPI,,,BRDI2,37,PLLA,,,,,,,,,,S,,0
SMA-11-01,TOKA,TOKA-099,5/24/2024,16,280,BAPI,,,NAPU4,45,BRDI2,PLLA,,,,,,,,,S,,0
SMA-11-01,TOKA,TOKA-099,5/24/2024,17,280,BAPI,,,2FA,30,BRDI2,BRHO2,,,,,,,,,S,,0
SMA-11-01,TOKA,TOKA-099,5/24/2024,18,280,,,,BRHO2,20,PLLA,HYRA3,,,,,,,,,S,,0
SMA-11-01,TOKA,TOKA-099,5/24/2024,19,280,,,,PLLA,6,BRDI2,,,,,,,,,,S,,0
SMA-11-01,TOKA,TOKA-099,5/24/2024,20,280,,,,PLLA,38,BRDI2,,,,,,,,,,S,,0
SMA-11-01,TOKA,TOKA-099,5/24/2024,21,280,,,,CYEC,41,VIVI,BRDI2,L,,,,,,,,S,,0
SMA-11-01,TOKA,TOKA-099,5/24/2024,22,280,,,,BRHO2,40,LOPEM2,PLLA,,,,,,,,,S,,0
SMA-11-01,TOKA,TOKA-099,5/24/2024,23,280,,,,BRDI2,20,BETR,HYRA3,,,,,,,,,S,,0
SMA-11-01,TOKA,TOKA-099,5/24/2024,24,280,,,,BETR,15,TRDU2,L,,,,,,,,,S,,0
SMA-11-01,TOKA,TOKA-099,5/24/2024,25,280,,,,LIBI5,39,LOPEM2,PLLA,,,,,,,,,S,,0
SMA-11-01,TOKA,TOKA-099,5/24/2024,26,280,,,,PLLA,37,,,,,,,,,,,AM,,0
SMA-11-01,TOKA,TOKA-099,5/24/2024,27,280,,,,PLLA,15,CYEC,L,,,,,,,,,S,,0
SMA-11-01,TOKA,TOKA-099,5/24/2024,28,280,,,,DACA3,18,CYEC,PLLA,L,,,,,,,,S,,0
SMA-11-01,TOKA,TOKA-099,5/24/2024,29,280,,,,DACA3,16,CYEC,PLLA,,,,,,,,,S,,0
SMA-11-01,TOKA,TOKA-099,5/24/2024,30,280,,,,PLLA,14,L,,,,,,,,,,S,,0
SMA-11-01,TOKA,TOKA-099,5/24/2024,31,280,,,,PHAQ,45,PLLA,,,,,,,,,,S,,0
SMA-11-01,TOKA,TOKA-099,5/24/2024,32,280,,,,CYEC,30,PLLA,BETR,,,,,,,,,S,,0
SMA-11-01,TOKA,TOKA-099,5/24/2024,33,280,,,,SIBE,15,DACA3,LIBI5,,,,,,,,,S,,0
SMA-11-01,TOKA,TOKA-099,5/24/2024,34,280,BAPI,,,VISA,43,VITE,RUUR,L,,,,,,,,S,,0
SMA-11-01,TOKA,TOKA-099,5/24/2024,35,280,,,,PLLA,25,CYEC,L,,,,,,,,,S,,0
SMA-11-01,TOKA,TOKA-099,5/24/2024,36,280,,,,CYEC,12,L,,,,,,,,,,S,,0
SMA-11-01,TOKA,TOKA-099,5/24/2024,37,280,,,,BRCA5,30,LOPEM2,PLLA,CYEC,,,,,,,,S,,0
SMA-11-01,TOKA,TOKA-099,5/24/2024,38,280,,,,PLLA,3,,,,,,,,,,,S,,0
SMA-11-01,TOKA,TOKA-099,5/24/2024,39,280,,,,PHAQ,32,BRMI2,BRDI2,PLLA,,,,,,,,S,,0
SMA-11-01,TOKA,TOKA-099,5/24/2024,40,280,,,,BRCA5,22,PLLA,,,,,,,,,,S,,0
SMA-11-01,TOKA,TOKA-099,5/24/2024,41,280,,,,CYEC,25,PLLA,AICA,L,,,,,,,,S,,0
SMA-11-01,TOKA,TOKA-099,5/24/2024,42,280,,,,BRCA5,35,BRMI2,PLLA,L,,,,,,,,S,,0
SMA-11-01,TOKA,TOKA-099,5/24/2024,43,280,,,,AICA,15,DACA3,BRCA5,PLLA,,,,,,,,S,,0
SMA-11-01,TOKA,TOKA-099,5/24/2024,44,280,,,,AICA,25,BRMI2,ANAR,PLLA,,,,,,,,S,,0
SMA-11-01,TOKA,TOKA-099,5/24/2024,45,280,,,,BRCA5,64,PHAQ,PLLA,L,,,,,,,,S,,0
SMA-11-01,TOKA,TOKA-099,5/24/2024,46,280,BAPI,,,SCCA2,33,BRCA5,L,,,,,,,,,S,,0
SMA-11-01,TOKA,TOKA-099,5/24/2024,47,280,,,,SCCA2,25,L,,,,,,,,,,S,,0
SMA-11-01,TOKA,TOKA-099,5/24/2024,48,280,BAPI,,,RUUR,100,,,,,,,,,,,S,,0
SMA-11-01,TOKA,TOKA-099,5/24/2024,49,280,BAPI,,,MAFA3,100,L,,,,,,,,,,S,,0
SMA-11-01,TOKA,TOKA-099,5/24/2024,50,280,,,,COMA2,200,L,,,,,,,,,,S,,0
SMA-11-01,TOKA,TOKA-104,5/25/2016,1,97,,,,PHAQ,85,LIUS,L,,,,,,,,,S,,0
SMA-11-01,TOKA,TOKA-104,5/25/2016,2,97,,,,PHAQ,72,VUMY,LIUS,L,,,,,,,,S,,0
SMA-11-01,TOKA,TOKA-104,5/25/2016,3,97,,,,PHAQ,100,VUMY,L,,,,,,,,,S,,0
SMA-11-01,TOKA,TOKA-104,5/25/2016,4,97,,,,VUMY,63,PHAQ,LIUS,L,,,,,,,,S,,0
SMA-11-01,TOKA,TOKA-104,5/25/2016,5,97,,,,PHAQ,98,LIUS,VUMY,LOCO6,L,,,,,,,S,,0
SMA-11-01,TOKA,TOKA-104,5/25/2016,6,97,,,,PHAQ,59,VUMY,LIUS,L,,,,,,,,S,,0
SMA-11-01,TOKA,TOKA-104,5/25/2016,7,97,,,,PHAQ,60,VUMY,L,,,,,,,,,S,,0
SMA-11-01,TOKA,TOKA-104,5/25/2016,8,97,,,,VUMY,38,PHAQ,L,,,,,,,,,S,,0
SMA-11-01,TOKA,TOKA-104,5/25/2016,9,97,,,,PHAQ,66,LOCO6,VUMY,L,,,,,,,,S,,0
SMA-11-01,TOKA,TOKA-104,5/25/2016,10,97,,,,PHAQ,71,VUMY,GEDI,L,,,,,,,,S,,0
SMA-11-01,TOKA,TOKA-104,5/25/2016,11,97,,,,PHAQ,74,VUMY,L,,,,,,,,,S,,0
SMA-11-01,TOKA,TOKA-104,5/25/2016,12,97,,,,VUMY,46,LOCO6,LIUS,L,,,,,,,,S,,0
SMA-11-01,TOKA,TOKA-104,5/25/2016,13,97,,,,PHAQ,93,VUMY,LIUS,L,,,,,,,,S,,0
SMA-11-01,TOKA,TOKA-104,5/25/2016,14,97,,,,PHAQ,95,VUMY,LIUS,LOCO6,L,,,,,,,S,,0
SMA-11-01,TOKA,TOKA-104,5/25/2016,15,97,,,,LIUS,50,VUMY,MASA,L,,,,,,,,S,,0
SMA-11-01,TOKA,TOKA-104,5/25/2016,16,97,,,,VUMY,43,LOCO6,L,,,,,,,,,S,,0
SMA-11-01,TOKA,TOKA-104,5/25/2016,17,97,,,,LIUS,48,VUMY,PHAQ,LOCO6,L,,,,,,,S,,0
SMA-11-01,TOKA,TOKA-104,5/25/2016,18,97,,,,PHAQ,60,VUMY,LIUS,GEDI,L,,,,,,,S,,0
SMA-11-01,TOKA,TOKA-104,5/25/2016,19,97,,,,PHAQ,102,VUMY,BRHO2,LIUS,L,,,,,,,S,,0
SMA-11-01,TOKA,TOKA-104,5/25/2016,20,97,,,,LIUS,46,VUMY,PLLA,L,,,,,,,,S,,0
SMA-11-01,TOKA,TOKA-104,5/25/2016,21,97,,,,PHAQ,115,DAGL,VUMY,L,,,,,,,,S,,0
SMA-11-01,TOKA,TOKA-104,5/25/2016,22,97,,,,LIUS,60,VUMY,L,,,,,,,,,S,,0
SMA-11-01,TOKA,TOKA-104,5/25/2016,23,97,,,,PHAQ,57,VUMY,LIUS,L,,,,,,,,S,,0
SMA-11-01,TOKA,TOKA-104,5/25/2016,24,97,,,,PHAQ,50,VUMY,LIUS,LOCO6,L,,,,,,,S,,0
SMA-11-01,TOKA,TOKA-104,5/25/2016,25,97,,,,LIUS,12,,,,,,,,,,,S,,0
SMA-11-01,TOKA,TOKA-104,5/25/2016,26,97,,,,VUMY,36,LIUS,L,,,,,,,,,S,,0
SMA-11-01,TOKA,TOKA-104,5/25/2016,27,97,,,,LIUS,32,PLLA,VUMY,L,,,,,,,,S,,0
SMA-11-01,TOKA,TOKA-104,5/25/2016,28,97,,,,VUMY,30,LIUS,L,,,,,,,,,S,,0
SMA-11-01,TOKA,TOKA-104,5/25/2016,29,97,,,,NOPLANT,0,L,,,,,,,,,,S,,0
SMA-11-01,TOKA,TOKA-104,5/25/2016,30,97,,,,PHAQ,64,VUMY,L,,,,,,,,,S,,0
SMA-11-01,TOKA,TOKA-104,5/25/2016,31,97,,,,PHAQ,80,VUMY,LIUS,ASTERA,,,,,,,,S,,0
SMA-11-01,TOKA,TOKA-104,5/25/2016,32,97,,,,LIUS,75,VUMY,PHAQ,L,,,,,,,,S,,0
SMA-11-01,TOKA,TOKA-104,5/25/2016,33,97,,,,PHAQ,56,VUMY,LOCO6,,,,,,,,,S,,0
SMA-11-01,TOKA,TOKA-104,5/25/2016,34,97,,,,LIUS,51,LOCO6,PHAQ,L,,,,,,,,S,,0
SMA-11-01,TOKA,TOKA-104,5/25/2016,35,97,,,,VUMY,45,L,,,,,,,,,,S,,0
SMA-11-01,TOKA,TOKA-104,5/25/2016,36,97,,,,PHAQ,65,LIUS,VUMY,L,,,,,,,,S,,0
SMA-11-01,TOKA,TOKA-104,5/25/2016,37,97,,,,VUMY,51,L,,,,,,,,,,S,,0
SMA-11-01,TOKA,TOKA-104,5/25/2016,38,97,,,,VUMY,40,L,,,,,,,,,,S,,0
SMA-11-01,TOKA,TOKA-104,5/25/2016,39,97,,,,PHAQ,45,VUMY,L,,,,,,,,,S,,0
SMA-11-01,TOKA,TOKA-104,5/25/2016,40,97,,,,VUMY,38,PHAQ,ASTERA,,,,,,,,,S,,0
SMA-11-01,TOKA,TOKA-104,5/25/2016,41,97,,,,LIUS,52,VUMY,ASTERA,L,,,,,,,,S,,0
SMA-11-01,TOKA,TOKA-104,5/25/2016,42,97,,,,PHAQ,78,VUMY,LIUS,L,,,,,,,,S,,0
SMA-11-01,TOKA,TOKA-104,5/25/2016,43,97,,,,VUMY,27,PHAQ,ASTERA,,,,,,,,,S,,0
SMA-11-01,TOKA,TOKA-104,5/25/2016,44,97,,,,VUMY,21,BRDI2,L,,,,,,,,,S,,0
SMA-11-01,TOKA,TOKA-104,5/25/2016,45,97,,,,PHAQ,16,L,,,,,,,,,,S,,0
SMA-11-01,TOKA,TOKA-104,5/25/2016,46,97,,,,BRDI3,30,GEDI,VUMY,L,,,,,,,,S,,0
SMA-11-01,TOKA,TOKA-104,5/25/2016,47,97,,,,VUMY,40,BRCA5,BRDI3,L,,,,,,,,S,,0
SMA-11-01,TOKA,TOKA-104,5/25/2016,48,97,,,,BRDI2,48,VUMY,L,,,,,,,,,S,,0
SMA-11-01,TOKA,TOKA-104,5/25/2016,49,97,,,,NOPLANT,0,,,,,,,,,,,WL,,0
SMA-11-01,TOKA,TOKA-104,5/25/2016,50,97,,,,VISA,14,L,,,,,,,,,,WL,,0
SMA-11-01,TOKA,TOKA-104,5/25/2016,1,177,,,,PHAQ,92,LOPEM2,LIUS,VUMY,L,,,,,,,S,,0
SMA-11-01,TOKA,TOKA-104,5/25/2016,2,177,,,,VUMY,43,LIUS,LOCO6,L,,,,,,,,S,,0
SMA-11-01,TOKA,TOKA-104,5/25/2016,3,177,,,,PHAQ,60,ERODI,L,,,,,,,,,S,,0
SMA-11-01,TOKA,TOKA-104,5/25/2016,4,177,,,,PHAQ,62,LOPEM2,L,,,,,,,,,S,,0
SMA-11-01,TOKA,TOKA-104,5/25/2016,5,177,,,,PHAQ,59,VUMY,LOCO6,LOPEM2,L,,,,,,,S,,0
SMA-11-01,TOKA,TOKA-104,5/25/2016,6,177,,,,AVBA,83,VUMY,LOCO6,L,,,,,,,,S,,0
SMA-11-01,TOKA,TOKA-104,5/25/2016,7,177,,,,PHAQ,71,LOCO6,L,,,,,,,,,S,,0
SMA-11-01,TOKA,TOKA-104,5/25/2016,8,177,,,,LIUS,72,VUMY,LOCO6,L,,,,,,,,S,,0
SMA-11-01,TOKA,TOKA-104,5/25/2016,9,177,,,,PHAQ,59,VUMY,LOCO6,L,,,,,,,,S,,0
SMA-11-01,TOKA,TOKA-104,5/25/2016,10,177,,,,PHAQ,91,BRHO2,VUMY,LOCO6,,,,,,,,S,,0
SMA-11-01,TOKA,TOKA-104,5/25/2016,11,177,,,,PHAQ,125,VUMY,L,,,,,,,,,S,,0
SMA-11-01,TOKA,TOKA-104,5/25/2016,12,177,,,,PHAQ,95,VUMY,L,,,,,,,,,S,,0
SMA-11-01,TOKA,TOKA-104,5/25/2016,13,177,,,,LOPEM2,62,LIUS,VUMY,,,,,,,,,S,,0
SMA-11-01,TOKA,TOKA-104,5/25/2016,14,177,,,,PHAQ,70,VUMY,LIUS,L,,,,,,,,S,,0
SMA-11-01,TOKA,TOKA-104,5/25/2016,15,177,,,,LIUS,47,VUMY,L,,,,,,,,,S,,0
SMA-11-01,TOKA,TOKA-104,5/25/2016,16,177,,,,VUMY,49,HOLA,L,,,,,,,,,S,,0
SMA-11-01,TOKA,TOKA-104,5/25/2016,17,177,,,,AVBA,90,VUMY,L,,,,,,,,,S,,0
SMA-11-01,TOKA,TOKA-104,5/25/2016,18,177,,,,VUMY,25,,,,,,,,,,,S,,0
SMA-11-01,TOKA,TOKA-104,5/25/2016,19,177,,,,LOPEM2,42,VUMY,LIUS,LOCO6,,,,,,,,S,,0
SMA-11-01,TOKA,TOKA-104,5/25/2016,20,177,,,,LIUS,49,VUMY,PLLA,L,,,,,,,,S,,0
SMA-11-01,TOKA,TOKA-104,5/25/2016,21,177,,,,PLLA,19,VUMY,DACA3,L,,,,,,,,S,,0
SMA-11-01,TOKA,TOKA-104,5/25/2016,22,177,,,,DACA3,15,PLLA,,,,,,,,,,S,,0
SMA-11-01,TOKA,TOKA-104,5/25/2016,23,177,,,,LIUS,38,BRDI2,PLLA,,,,,,,,,S,,0
SMA-11-01,TOKA,TOKA-104,5/25/2016,24,177,,,,VUMY,20,,,,,,,,,,,S,,0
SMA-11-01,TOKA,TOKA-104,5/25/2016,25,177,,,,VUMY,40,LIUS,PLLA,,,,,,,,,S,,0
SMA-11-01,TOKA,TOKA-104,5/25/2016,26,177,,,,LIUS,30,VUMY,L,,,,,,,,,S,,0
SMA-11-01,TOKA,TOKA-104,5/25/2016,27,177,,,,VUMY,14,L,,,,,,,,,,S,,0
SMA-11-01,TOKA,TOKA-104,5/25/2016,28,177,,,,TRDU2,11,LIUS,VUMY,L,,,,,,,,S,,0
SMA-11-01,TOKA,TOKA-104,5/25/2016,29,177,,,,LIUS,24,AICA,VUMY,DACA3,L,,,,,,,S,,0
SMA-11-01,TOKA,TOKA-104,5/25/2016,30,177,,,,LIUS,46,VUMY,,,,,,,,,,S,,0
SMA-11-01,TOKA,TOKA-104,5/25/2016,31,177,,,,LIUS,66,VUMY,PLLA,L,,,,,,,,S,,0
SMA-11-01,TOKA,TOKA-104,5/25/2016,32,177,,,,VUMY,39,GEDI,PHAQ,DACA3,L,,,,,,,S,,0
SMA-11-01,TOKA,TOKA-104,5/25/2016,33,177,,,,BRHO2,39,BRDI2,DACA3,,,,,,,,,S,,0
SMA-11-01,TOKA,TOKA-104,5/25/2016,34,177,,,,BRDI2,23,GEDI,VUMY,L,,,,,,,,S,,0
SMA-11-01,TOKA,TOKA-104,5/25/2016,35,177,,,,BRHO2,21,BRDI2,ERODI,DACA3,,,,,,,,S,,0
SMA-11-01,TOKA,TOKA-104,5/25/2016,36,177,,,,BRDI2,20,PLLA,ERODI,,,,,,,,,S,,0
SMA-11-01,TOKA,TOKA-104,5/25/2016,37,177,,,,BRDI2,10,PLLA,ERODI,L,,,,,,,,S,,0
SMA-11-01,TOKA,TOKA-104,5/25/2016,38,177,,,,VUMY,11,PLLA,ERODI,,,,,,,,,S,,0
SMA-11-01,TOKA,TOKA-104,5/25/2016,39,177,,,,BRDI2,19,PLLA,L,,,,,,,,,S,,0
SMA-11-01,TOKA,TOKA-104,5/25/2016,40,177,,,,BRDI2,22,L,,,,,,,,,,S,,0
SMA-11-01,TOKA,TOKA-104,5/25/2016,41,177,,,,VUMY,39,BRDI2,PLLA,DACA3,L,,,,,,,S,,0
SMA-11-01,TOKA,TOKA-104,5/25/2016,42,177,,,,VUMY,13,BRHO2,L,,,,,,,,,S,,0
SMA-11-01,TOKA,TOKA-104,5/25/2016,43,177,,,,VUMY,10,,,,,,,,,,,S,,0
SMA-11-01,TOKA,TOKA-104,5/25/2016,44,177,,,,BRDI2,26,L,,,,,,,,,,S,,0
SMA-11-01,TOKA,TOKA-104,5/25/2016,45,177,,,,BRDI2,20,,,,,,,,,,,S,,0
SMA-11-01,TOKA,TOKA-104,5/25/2016,46,177,,,,VUMY,13,BRDI2,PLLA,L,,,,,,,,S,,0
SMA-11-01,TOKA,TOKA-104,5/25/2016,47,177,,,,VUMY,30,BRDI2,PLLA,,,,,,,,,S,,0
SMA-11-01,TOKA,TOKA-104,5/25/2016,48,177,,,,VITE,23,DACA3,PLLA,BRDI3,,,,,,,,S,,0
SMA-11-01,TOKA,TOKA-104,5/25/2016,49,177,,,,DACA3,11,VUMY,PHAQ,,,,,,,,,S,,0
SMA-11-01,TOKA,TOKA-104,5/25/2016,50,177,,,,VUMY,39,BRDI2,PLLA,,,,,,,,,S,,0
SMA-11-01,TOKA,TOKA-104,5/14/2018,1,97,,,,PHAQ,59,VUBR,LOCO6,L,,,,,,,,S,,0
SMA-11-01,TOKA,TOKA-104,5/14/2018,2,97,,,,PHAQ,54,PHAQ,L,,,,,,,,,S,1,0
SMA-11-01,TOKA,TOKA-104,5/14/2018,3,97,,,,PHAQ,50,VUBR,L,,,,,,,,,S,,0
SMA-11-01,TOKA,TOKA-104,5/14/2018,4,97,,,,VUBR,40,GEDI,L,,,,,,,,,S,,0
SMA-11-01,TOKA,TOKA-104,5/14/2018,5,97,,,,JUOC2,42,PHAQ,VUBR,L,,,,,,,,S,,0
SMA-11-01,TOKA,TOKA-104,5/14/2018,6,97,,,,VUBR,19,LOCO6,L,,,,,,,,,S,,0
SMA-11-01,TOKA,TOKA-104,5/14/2018,7,97,,,,VITE,29,VUBR,VUBR,,,,,,,,,S,2,0
SMA-11-01,TOKA,TOKA-104,5/14/2018,8,97,,,,LOCO6,10,VUBR,VUBR,,,,,,,,,S,2,0
SMA-11-01,TOKA,TOKA-104,5/14/2018,9,97,,,,PHAQ,15,PHAQ,,,,,,,,,,S,1,0
SMA-11-01,TOKA,TOKA-104,5/14/2018,10,97,,,,VUBR,23,VUBR,,,,,,,,,,S,1,0
SMA-11-01,TOKA,TOKA-104,5/14/2018,11,97,,,,VUBR,14,LOCO6,VUBR,,,,,,,,,S,2,0
SMA-11-01,TOKA,TOKA-104,5/14/2018,12,97,,,,VUBR,29,VUBR,,,,,,,,,,S,1,0
SMA-11-01,TOKA,TOKA-104,5/14/2018,13,97,,,,VUBR,11,VUBR,,,,,,,,,,S,1,0
SMA-11-01,TOKA,TOKA-104,5/14/2018,14,97,,,,PHAQ,44,VUBR,VUBR,L,,,,,,,,S,2,0
SMA-11-01,TOKA,TOKA-104,5/14/2018,15,97,,,,VUBR,29,PHAQ,ANAR,L,,,,,,,,S,,0
SMA-11-01,TOKA,TOKA-104,5/14/2018,16,97,,,,NOPLANT,NA,,,,,,,,,,,S,,0
SMA-11-01,TOKA,TOKA-104,5/14/2018,17,97,,,,PHAQ,46,VUBR,PHAQ,,,,,,,,,S,2,0
SMA-11-01,TOKA,TOKA-104,5/14/2018,18,97,,,,PHAQ,39,VUBR,VUBR,,,,,,,,,S,2,0
SMA-11-01,TOKA,TOKA-104,5/14/2018,19,97,,,,VUBR,43,PHAQ,RUUR,L,,,,,,,,S,,0
SMA-11-01,TOKA,TOKA-104,5/14/2018,20,97,,,,PHAQ,29,MYDI,VUBR,,,,,,,,,S,2,0
SMA-11-01,TOKA,TOKA-104,5/14/2018,21,97,,,,VUBR,45,JUPA2,PHAQ,LOCO6,L,,,,,,,S,,0
SMA-11-01,TOKA,TOKA-104,5/14/2018,22,97,,,,PHAQ,50,RUUR,2GA,,,,,,,,,S,2,0
SMA-11-01,TOKA,TOKA-104,5/14/2018,23,97,,,,VUBR,50,PHAQ,BRHO2,GEDI,2GA,,,,,,,S,4,0
SMA-11-01,TOKA,TOKA-104,5/14/2018,24,97,,,,PHAQ,42,VUBR,,,,,,,,,,S,1,0
SMA-11-01,TOKA,TOKA-104,5/14/2018,25,97,,,,PHAQ,49,VUBR,2GA,,,,,,,,,S,2,0
SMA-11-01,TOKA,TOKA-104,5/14/2018,26,97,,,,VUBR,35,AICA,VUBR,,,,,,,,,S,2,0
SMA-11-01,TOKA,TOKA-104,5/14/2018,27,97,,,,2GA,2,,,,,,,,,,,S,,1
SMA-11-01,TOKA,TOKA-104,5/14/2018,28,97,,,,VUBR,25,PHAQ,2GA,,,,,,,,,S,2,0
SMA-11-01,TOKA,TOKA-104,5/14/2018,29,97,,,,PHAQ,80,VITE,VUBR,PHAQ,,,,,,,,S,3,0
SMA-11-01,TOKA,TOKA-104,5/14/2018,30,97,,,,VUBR,15,VUBR,,,,,,,,,,S,1,0
SMA-11-01,TOKA,TOKA-104,5/14/2018,31,97,,,,VUBR,17,VUBR,,,,,,,,,,S,1,0
SMA-11-01,TOKA,TOKA-104,5/14/2018,32,97,,,,PHAQ,44,VUBR,GEDI,VUBR,,,,,,,,S,3,0
SMA-11-01,TOKA,TOKA-104,5/14/2018,33,97,,,,RUUR,14,LIBI5,2GA,,,,,,,,,S,2,0
SMA-11-01,TOKA,TOKA-104,5/14/2018,34,97,,,,PHAQ,18,VUBR,,,,,,,,,,S,1,1
SMA-11-01,TOKA,TOKA-104,5/14/2018,35,97,,,,VUBR,12,2GA,,,,,,,,,,S,1,0
SMA-11-01,TOKA,TOKA-104,5/14/2018,36,97,,,,RUUR,23,PHAQ,VUBR,,,,,,,,,S,2,0
SMA-11-01,TOKA,TOKA-104,5/14/2018,37,97,,,,DAGL,60,PHAQ,LOCO6,VUBR,LIBI5,WL,L,,,,,S,,0
SMA-11-01,TOKA,TOKA-104,5/14/2018,38,97,,,,HYRA3,1,VUBR,,,,,,,,,,S,1,0
SMA-11-01,TOKA,TOKA-104,5/14/2018,39,97,,,,PHAQ,22,VITE,L,,,,,,,,,S,,0
SMA-11-01,TOKA,TOKA-104,5/14/2018,40,97,,,,VUBR,14,BRHO2,2GA,,,,,,,,,S,2,0
SMA-11-01,TOKA,TOKA-104,5/14/2018,41,97,,,,PHAQ,49,VUBR,L,,,,,,,,,S,,0
SMA-11-01,TOKA,TOKA-104,5/14/2018,42,97,,,,JUPA2,50,VUBR,GEDI,L,,,,,,,,S,,0
SMA-11-01,TOKA,TOKA-104,5/14/2018,43,97,,,,VUBR,30,GEDI,RUUR,2GA,,,,,,,,S,3,0
SMA-11-01,TOKA,TOKA-104,5/14/2018,44,97,,,,BRDI3,44,RUUR,VUBR,L,,,,,,,,S,,0
SMA-11-01,TOKA,TOKA-104,5/14/2018,45,97,BAPI,,,VUBR,30,RUUR,GEDI,2GA,,,,,,,,S,3,0
SMA-11-01,TOKA,TOKA-104,5/14/2018,46,97,SALIX,,,VITE,15,LOCO6,DACA3,L,,,,,,,,S,,0
SMA-11-01,TOKA,TOKA-104,5/14/2018,47,97,,,,,NA,,,,,,,,,,,,,0
SMA-11-01,TOKA,TOKA-104,5/14/2018,48,97,,,,,NA,,,,,,,,,,,,,0
SMA-11-01,TOKA,TOKA-104,5/14/2018,49,97,,,,,NA,,,,,,,,,,,,,0
SMA-11-01,TOKA,TOKA-104,5/14/2018,50,97,,,,,NA,,,,,,,,,,,,,0
SMA-11-01,TOKA,TOKA-104,5/14/2018,1,277,,,,PHAQ,11,VUBR,,,,,,,,,,S,1,0
SMA-11-01,TOKA,TOKA-104,5/14/2018,2,277,,,,VUBR,16,2GA,,,,,,,,,,S,1,0
SMA-11-01,TOKA,TOKA-104,5/14/2018,3,277,,,,VUBR,25,PHAQ,PHAQ,,,,,,,,,S,2,0
SMA-11-01,TOKA,TOKA-104,5/14/2018,4,277,,,,VUBR,11,2GA,,,,,,,,,,S,1,0
SMA-11-01,TOKA,TOKA-104,5/14/2018,5,277,,,,PHAQ,40,VUBR,VUBR,,,,,,,,,S,2,0
SMA-11-01,TOKA,TOKA-104,5/14/2018,6,277,,,,PHAQ,60,VUBR,L,,,,,,,,,S,,0
SMA-11-01,TOKA,TOKA-104,5/14/2018,7,277,,,,VUBR,29,JUPA2,PHAQ,L,,,,,,,,S,,0
SMA-11-01,TOKA,TOKA-104,5/14/2018,8,277,,,,HOLA,53,VUBR,LOCO6,L,,,,,,,,S,,0
SMA-11-01,TOKA,TOKA-104,5/14/2018,9,277,,,,JUPA2,25,LOCO6,VUBR,,,,,,,,,S,2,0
SMA-11-01,TOKA,TOKA-104,5/14/2018,10,277,,,,PHAQ,47,VUBR,GEDI,L,,,,,,,,S,,0
SMA-11-01,TOKA,TOKA-104,5/14/2018,11,277,,,,VUBR,34,PHAQ,VUBR,L,,,,,,,,S,,0
SMA-11-01,TOKA,TOKA-104,5/14/2018,12,277,,,,PHAQ,40,GEDI,,,,,,,,,,AM,,0
SMA-11-01,TOKA,TOKA-104,5/14/2018,13,277,,,,VUBR,16,PHAQ,PHAQ,,,,,,,,,S,2,0
SMA-11-01,TOKA,TOKA-104,5/14/2018,14,277,,,,PHAQ,37,VUBR,VUBR,,,,,,,,,S,2,0
SMA-11-01,TOKA,TOKA-104,5/14/2018,15,277,,,,VUBR,25,PHAQ,PHAQ,,,,,,,,,S,2,0
SMA-11-01,TOKA,TOKA-104,5/14/2018,16,277,,,,PHAQ,29,VUBR,RUUR,VUBR,,,,,,,,S,3,0
SMA-11-01,TOKA,TOKA-104,5/14/2018,17,277,BAPI,,,RUUR,10,L,,,,,,,,,,S,,0
SMA-11-01,TOKA,TOKA-104,5/14/2018,18,277,,,,PHAQ,29,VUBR,VUBR,,,,,,,,,S,2,0
SMA-11-01,TOKA,TOKA-104,5/14/2018,19,277,BAPI,,,VUBR,20,L,,,,,,,,,,S,,0
SMA-11-01,TOKA,TOKA-104,5/14/2018,20,277,BAPI,,,RUAC3,3,L,,,,,,,,,,S,,0
SMA-11-01,TOKA,TOKA-104,5/14/2018,21,277,,,,VUBR,15,BRDI2,2GA,,,,,,,,,S,2,0
SMA-11-01,TOKA,TOKA-104,5/14/2018,22,277,,,,PHAQ,80,GEDI,2GA,,,,,,,,,S,,0
SMA-11-01,TOKA,TOKA-104,5/14/2018,23,277,,,,PHAQ,20,DACA3,L,,,,,,,,,S,,0
SMA-11-01,TOKA,TOKA-104,5/14/2018,24,277,,,,SIBE,25,VUBR,PLLA,L,,,,,,,,S,,0
SMA-11-01,TOKA,TOKA-104,5/14/2018,25,277,,,,PHAQ,20,DACA3,VUBR,,,,,,,,,S,2,0
SMA-11-01,TOKA,TOKA-104,5/14/2018,26,277,,,,VITE,13,BRDI3,DACA3,BRDI2,L,,,,,,,S,,0
SMA-11-01,TOKA,TOKA-104,5/14/2018,27,277,,,,AICA,17,BRDI2,PLLA,,,,,,,,,S,,0
SMA-11-01,TOKA,TOKA-104,5/14/2018,28,277,,,,VUBR,18,VITE,PLLA,DACA3,L,,,,,,,S,,0
SMA-11-01,TOKA,TOKA-104,5/14/2018,29,277,,,,PLLA,6,VUBR,L,,,,,,,,,S,,0
SMA-11-01,TOKA,TOKA-104,5/14/2018,30,277,,,,VUBR,22,PLLA,L,,,,,,,,,S,,0
SMA-11-01,TOKA,TOKA-104,5/14/2018,31,277,,,,VUBR,17,PLLA,2GA,,,,,,,,,S,2,0
SMA-11-01,TOKA,TOKA-104,5/14/2018,32,277,,,,VUBR,50,PLLA,L,,,,,,,,,S,,0
SMA-11-01,TOKA,TOKA-104,5/14/2018,33,277,,,,DACA3,9,L,,,,,,,,,,S,,0
SMA-11-01,TOKA,TOKA-104,5/14/2018,34,277,,,,BRDI2,24,L,,,,,,,,,,S,,0
SMA-11-01,TOKA,TOKA-104,5/14/2018,35,277,,,,PLLA,6,GEDI,BRDI2,L,,,,,,,,S,,0
SMA-11-01,TOKA,TOKA-104,5/14/2018,36,277,,,,NOPLANT,NA,,,,,,,,,,,S,,0
SMA-11-01,TOKA,TOKA-104,5/14/2018,37,277,,,,ERBO,14,L,,,,,,,,,,S,,0
SMA-11-01,TOKA,TOKA-104,5/14/2018,38,277,,,,TRAN6,13,2GA,,,,,,,,,,S,1,0
SMA-11-01,TOKA,TOKA-104,5/14/2018,39,277,,,,BRDI3,16,,,,,,,,,,,S,,0
SMA-11-01,TOKA,TOKA-104,5/14/2018,40,277,,,,VUBR,15,TRAN6,BRDI2,2GA,,,,,,,,S,3,0
SMA-11-01,TOKA,TOKA-104,5/14/2018,41,277,,,,VUBR,20,ERBO,2GA,,,,,,,,,S,2,0
SMA-11-01,TOKA,TOKA-104,5/14/2018,42,277,,,,TRAN6,9,ERBO,L,,,,,,,,,S,,0
SMA-11-01,TOKA,TOKA-104,5/14/2018,43,277,,,,PHAQ,10,PLLA,L,,,,,,,,,S,,0
SMA-11-01,TOKA,TOKA-104,5/14/2018,44,277,,,,VUBR,3,,,,,,,,,,,S,,1
SMA-11-01,TOKA,TOKA-104,5/14/2018,45,277,,,,VUBR,15,PLLA,2GA,,,,,,,,,S,2,0
SMA-11-01,TOKA,TOKA-104,5/14/2018,46,277,,,,TRAN6,10,BRDI2,2GA,,,,,,,,,S,2,0
SMA-11-01,TOKA,TOKA-104,5/14/2018,47,277,,,,PHAQ,20,PLLA,TRAN6,L,,,,,,,,S,,0
SMA-11-01,TOKA,TOKA-104,5/14/2018,48,277,,,,TRAN6,11,L,,,,,,,,,,S,,0
SMA-11-01,TOKA,TOKA-104,5/14/2018,49,277,,,,VUBR,8,HYRA3,L,,,,,,,,,S,,0
SMA-11-01,TOKA,TOKA-104,5/14/2018,50,277,,,,PLLA,12,L,,,,,,,,,,S,,0
SMA-11-01,TOKA,TOKA-104,5/25/2022,1,97,NOPLANT,,,PHAQ,51,VUBR,L,,,,,,,,,S,,0
SMA-11-01,TOKA,TOKA-104,5/25/2022,2,97,NOPLANT,,,PHAQ,29,VITE,,,,,,,,,,S,,0
SMA-11-01,TOKA,TOKA-104,5/25/2022,3,97,RUUR,,,PHAQ,16,L,,,,,,,,,,S,,0
SMA-11-01,TOKA,TOKA-104,5/25/2022,4,97,NOPLANT,,,PHAQ,47,L,,,,,,,,,,S,,0
SMA-11-01,TOKA,TOKA-104,5/25/2022,5,97,NOPLANT,,,PHAQ,15,VUBR,L,,,,,,,,,S,,0
SMA-11-01,TOKA,TOKA-104,5/25/2022,6,97,NOPLANT,,,PHAQ,41,VITE,PHAQ,,,,,,,,,S,2,0
SMA-11-01,TOKA,TOKA-104,5/25/2022,7,97,NOPLANT,,,PHAQ,51,VITE,PHAQ,,,,,,,,,S,2,0
SMA-11-01,TOKA,TOKA-104,5/25/2022,8,97,NOPLANT,,,VUBR,38,PHAQ,,,,,,,,,,S,1,0
SMA-11-01,TOKA,TOKA-104,5/25/2022,9,97,NOPLANT,,,VITE,51,RUUR,VUBR,L,,,,,,,,S,,0
SMA-11-01,TOKA,TOKA-104,5/25/2022,10,97,NOPLANT,,,VUBR,24,PHAQ,VITE,,,,,,,,,S,1,0
SMA-11-01,TOKA,TOKA-104,5/25/2022,11,97,NOPLANT,,,PHAQ,30,VUBR,PHAQ,L,,,,,,,,S,,0
SMA-11-01,TOKA,TOKA-104,5/25/2022,12,97,NOPLANT,,,PHAQ,27,RUUR,VUBR,L,,,,,,,,S,,0
SMA-11-01,TOKA,TOKA-104,5/25/2022,13,97,NOPLANT,,,PHAQ,71,VUBR,L,,,,,,,,,S,,0
SMA-11-01,TOKA,TOKA-104,5/25/2022,14,97,RUUR,,,PHAQ,19,VUBR,L,,,,,,,,,S,,0
SMA-11-01,TOKA,TOKA-104,5/25/2022,15,97,RUUR,,,PHAQ,17,VITE,L,,,,,,,,,S,,0
SMA-11-01,TOKA,TOKA-104,5/25/2022,16,97,NOPLANT,,,PHAQ,37,RUUR,VUBR,L,,,,,,,,S,,0
SMA-11-01,TOKA,TOKA-104,5/25/2022,17,97,RUUR,,,PHAQ,55,PHAQ,,,,,,,,,,S,1,0
SMA-11-01,TOKA,TOKA-104,5/25/2022,18,97,NOPLANT,,,PHAQ,10,VUBR,L,,,,,,,,,S,,0
SMA-11-01,TOKA,TOKA-104,5/25/2022,19,97,RUUR,,,VUBR,21,PHAQ,VUBR,L,,,,,,,,S,2,0
SMA-11-01,TOKA,TOKA-104,5/25/2022,20,97,NOPLANT,,,VUBR,20,VUBR,PHAQ,L,,,,,,,,S,,0
SMA-11-01,TOKA,TOKA-104,5/25/2022,21,97,NOPLANT,,,VUBR,31,PHAQ,L,,,,,,,,,S,,0
SMA-11-01,TOKA,TOKA-104,5/25/2022,22,97,NOPLANT,,,PHAQ,40,VUBR,PHAQ,L,,,,,,,,S,2,0
SMA-11-01,TOKA,TOKA-104,5/25/2022,23,97,NOPLANT,,,VUBR,23,PHAQ,L,,,,,,,,,S,,0
SMA-11-01,TOKA,TOKA-104,5/25/2022,24,97,NOPLANT,,,VUBR,32,VITE,PHAQ,L,,,,,,,,S,,0
SMA-11-01,TOKA,TOKA-104,5/25/2022,25,97,NOPLANT,,,VUBR,26,RUUR,,,,,,,,,,S,,0
SMA-11-01,TOKA,TOKA-104,5/25/2022,26,97,NOPLANT,,,PHAQ,35,VUBR,L,,,,,,,,,S,,0
SMA-11-01,TOKA,TOKA-104,5/25/2022,27,97,NOPLANT,,,VUBR,11,L,,,,,,,,,,S,,0
SMA-11-01,TOKA,TOKA-104,5/25/2022,28,97,RUUR,,,AGROS2,20,VUBR,,,,,,,,,,S,,0
SMA-11-01,TOKA,TOKA-104,5/25/2022,29,97,NOPLANT,,,VUBR,2,L,,,,,,,,,,S,,0
SMA-11-01,TOKA,TOKA-104,5/25/2022,30,97,NOPLANT,,,PHAQ,19,VUBR,L,,,,,,,,,S,,0
SMA-11-01,TOKA,TOKA-104,5/25/2022,31,97,BAPI,,,PHAQ,6,L,,,,,,,,,,S,,0
SMA-11-01,TOKA,TOKA-104,5/25/2022,32,97,BAPI,,,PHAQ,56,JUNCU,L,,,,,,,,,S,,1
SMA-11-01,TOKA,TOKA-104,5/25/2022,33,97,BAPI,,,PHAQ,60,PHAQ,RUUR,L,,,,,,,,S,,1
SMA-11-01,TOKA,TOKA-104,5/25/2022,34,97,RUUR,,,VUBR,24,VITE,L,,,,,,,,,S,,0
SMA-11-01,TOKA,TOKA-104,5/25/2022,35,97,NOPLANT,,,PHAQ,71,VUBR,RUUR,L,,,,,,,,S,,0
SMA-11-01,TOKA,TOKA-104,5/25/2022,36,97,NOPLANT,,,PHAQ,43,VUBR,L,,,,,,,,,S,,0
SMA-11-01,TOKA,TOKA-104,5/25/2022,37,97,NOPLANT,,,PHAQ,55,VITE,RUUR,L,,,,,,,,S,,1
SMA-11-01,TOKA,TOKA-104,5/25/2022,38,97,RUUR,,,VUBR,34,PHAQ,L,,,,,,,,,S,1,0
SMA-11-01,TOKA,TOKA-104,5/25/2022,39,97,NOPLANT,,,2GA,26,VUBR,L,,,,,,,,,S,,0
SMA-11-01,TOKA,TOKA-104,5/25/2022,40,97,SALIX,,,PHAQ,25,VUBR,L,,,,,,,,,S,,0
SMA-11-01,TOKA,TOKA-104,5/25/2022,41,97,SALIX,,,PHAQ,55,VUBR,L,,,,,,,,,S,,0
SMA-11-01,TOKA,TOKA-104,5/25/2022,42,97,SALIX,,,PHAQ,20,VITE,L,,,,,,,,,S,,1
SMA-11-01,TOKA,TOKA-104,5/25/2022,43,97,SALIX,,,NOPLANT,NA,WL,,,,,,,,,,S,,0
SMA-11-01,TOKA,TOKA-104,5/25/2022,44,97,SALIX,,,NOPLANT,NA,L,,,,,,,,,,S,,0
SMA-11-01,TOKA,TOKA-104,5/25/2022,45,97,SALIX,,,RUUR,76,L,,,,,,,,,,S,,0
SMA-11-01,TOKA,TOKA-104,5/25/2022,46,97,SALIX,,,RUUR,40,L,,,,,,,,,,S,,0
SMA-11-01,TOKA,TOKA-104,5/25/2022,47,97,SALIX,,,RUUR,89,WL,,,,,,,,,,S,,0
SMA-11-01,TOKA,TOKA-104,5/25/2022,48,97,SALIX,,,RUUR,27,WL,L,,,,,,,,,S,,0
SMA-11-01,TOKA,TOKA-104,5/25/2022,49,97,SALIX,,,RUUR,37,L,WL,,,,,,,,,S,,0
SMA-11-01,TOKA,TOKA-104,5/25/2022,50,97,SALIX,,,RUUR,20,L,,,,,,,,,,S,,0
SMA-11-01,TOKA,TOKA-104,5/25/2022,1,277,NOPLANT,,,NOPLANT,NA,,,,,,,,,,,S,,0
SMA-11-01,TOKA,TOKA-104,5/25/2022,2,277,RUUR,,,PHAQ,50,L,,,,,,,,,,S,,0
SMA-11-01,TOKA,TOKA-104,5/25/2022,3,277,RUUR,,,PHAQ,26,L,,,,,,,,,,S,,0
SMA-11-01,TOKA,TOKA-104,5/25/2022,4,277,NOPLANT,,,PHAQ,76,VUBR,L,,,,,,,,,S,,0
SMA-11-01,TOKA,TOKA-104,5/25/2022,5,277,NOPLANT,,,PHAQ,18,VUBR,,,,,,,,,,S,,0
SMA-11-01,TOKA,TOKA-104,5/25/2022,6,277,NOPLANT,,,PHAQ,70,LIBI5,VUBR,L,,,,,,,,S,,0
SMA-11-01,TOKA,TOKA-104,5/25/2022,7,277,NOPLANT,,,PHAQ,68,VUBR,VITE,GEDI,L,,,,,,,S,,0
SMA-11-01,TOKA,TOKA-104,5/25/2022,8,277,NOPLANT,,,JUOC2,51,PHAQ,L,,,,,,,,,S,,0
SMA-11-01,TOKA,TOKA-104,5/25/2022,9,277,NOPLANT,,,JUOC2,61,MYDI,,,,,,,,,,S,,0
SMA-11-01,TOKA,TOKA-104,5/25/2022,10,277,NOPLANT,,,BRHO2,27,PHAQ,RUCR,L,,,,,,,,S,,0
SMA-11-01,TOKA,TOKA-104,5/25/2022,11,277,NOPLANT,,,VUBR,23,PHAQ,,,,,,,,,,S,,0
SMA-11-01,TOKA,TOKA-104,5/25/2022,12,277,NOPLANT,,,PHAQ,51,VITE,,,,,,,,,,S,,0
SMA-11-01,TOKA,TOKA-104,5/25/2022,13,277,NOPLANT,,,PHAQ,24,VUBR,L,,,,,,,,,S,,0
SMA-11-01,TOKA,TOKA-104,5/25/2022,14,277,NOPLANT,,,PHAQ,85,BRHO2,LIBI5,VUBR,L,,,,,,,S,,0
SMA-11-01,TOKA,TOKA-104,5/25/2022,15,277,NOPLANT,,,PHAQ,66,VUBR,VITE,PHAQ,,,,,,,,S,3,0
SMA-11-01,TOKA,TOKA-104,5/25/2022,16,277,NOPLANT,,,PHAQ,12,PHAQ,,,,,,,,,,S,1,0
SMA-11-01,TOKA,TOKA-104,5/25/2022,17,277,NOPLANT,,,PHAQ,60,PHAQ,,,,,,,,,,S,1,0
SMA-11-01,TOKA,TOKA-104,5/25/2022,18,277,NOPLANT,,,JUNCU,36,VUBR,,,,,,,,,,S,,0
SMA-11-01,TOKA,TOKA-104,5/25/2022,19,277,NOPLANT,,,PHAQ,35,VUBR,GEDI,,,,,,,,,S,,0
SMA-11-01,TOKA,TOKA-104,5/25/2022,20,277,NOPLANT,,,VUBR,31,LIBI5,L,,,,,,,,,S,,0
SMA-11-01,TOKA,TOKA-104,5/25/2022,21,277,NOPLANT,,,VUBR,21,2GA,,,,,,,,,,S,1,0
SMA-11-01,TOKA,TOKA-104,5/25/2022,22,277,NOPLANT,,,RUAC3,30,LIBI5,VUBR,,,,,,,,,S,2,0
SMA-11-01,TOKA,TOKA-104,5/25/2022,23,277,NOPLANT,,,RUAC3,31,VUBR,LIBI5,VITE,,,,,,,,S,,0
SMA-11-01,TOKA,TOKA-104,5/25/2022,24,277,NOPLANT,,,AVBA,80,PLLA,VUBR,,,,,,,,,S,,0
SMA-11-01,TOKA,TOKA-104,5/25/2022,25,277,NOPLANT,,,TRAN6,33,LIBI5,VUBR,PLLA,L,,,,,,,S,,0
SMA-11-01,TOKA,TOKA-104,5/25/2022,26,277,NOPLANT,,,AVBA,41,VUBR,LIBI5,L,,,,,,,,S,,0
SMA-11-01,TOKA,TOKA-104,5/25/2022,27,277,NOPLANT,,,AVBA,56,BRHO2,BRDI3,LIBI5,PLLA,TRDU2,L,,,,,S,,0
SMA-11-01,TOKA,TOKA-104,5/25/2022,28,277,NOPLANT,,,BRHO2,21,2GA,,,,,,,,,,S,1,0
SMA-11-01,TOKA,TOKA-104,5/25/2022,29,277,NOPLANT,,,AVBA,106,VUBR,BRHO2,LIBI5,,,,,,,,S,,0
SMA-11-01,TOKA,TOKA-104,5/25/2022,30,277,NOPLANT,,,MYDI,21,VUBR,LIBI5,L,,,,,,,,S,,0
SMA-11-01,TOKA,TOKA-104,5/25/2022,31,277,NOPLANT,,,BRHO2,30,VUBR,LIBI5,L,,,,,,,,S,,0
SMA-11-01,TOKA,TOKA-104,5/25/2022,32,277,NOPLANT,,,VUBR,25,LIBI5,,,,,,,,,,S,,0
SMA-11-01,TOKA,TOKA-104,5/25/2022,33,277,NOPLANT,,,PLLA,21,VUBR,TRAN6,LIBI5,,,,,,,,S,,0
SMA-11-01,TOKA,TOKA-104,5/25/2022,34,277,NOPLANT,,,VUBR,12,BRHO2,,,,,,,,,,S,,0
SMA-11-01,TOKA,TOKA-104,5/25/2022,35,277,NOPLANT,,,BRHO2,22,MYDI,VUBR,ERODI,L,,,,,,,S,,0
SMA-11-01,TOKA,TOKA-104,5/25/2022,36,277,NOPLANT,,,PLLA,23,BRHO2,VUBR,LIBI5,ERODI,L,,,,,,S,,0
SMA-11-01,TOKA,TOKA-104,5/25/2022,37,277,NOPLANT,,,LIBI5,12,VUBR,L,,,,,,,,,S,,0
SMA-11-01,TOKA,TOKA-104,5/25/2022,38,277,NOPLANT,,,LIBI5,14,L,,,,,,,,,,S,,0
SMA-11-01,TOKA,TOKA-104,5/25/2022,39,277,NOPLANT,,,PHAQ,7,ERODI,L,,,,,,,,,S,,0
SMA-11-01,TOKA,TOKA-104,5/25/2022,40,277,NOPLANT,,,BRDI2,8,TRAN6,,,,,,,,,,S,,0
SMA-11-01,TOKA,TOKA-104,5/25/2022,41,277,NOPLANT,,,TRAN6,6,,,,,,,,,,,,,0
SMA-11-01,TOKA,TOKA-104,5/25/2022,42,277,NOPLANT,,,BRDI2,5,ERODI,,,,,,,,,,S,,0
SMA-11-01,TOKA,TOKA-104,5/25/2022,43,277,NOPLANT,,,BRHO2,8,TRAN6,PLLA,L,,,,,,,,S,,0
SMA-11-01,TOKA,TOKA-104,5/25/2022,44,277,NOPLANT,,,AVBA,82,BRDI2,VITE,L,,,,,,,,S,,0
SMA-11-01,TOKA,TOKA-104,5/25/2022,45,277,NOPLANT,,,BRDI2,8,VUBR,,,,,,,,,,S,,0
SMA-11-01,TOKA,TOKA-104,5/25/2022,46,277,NOPLANT,,,PLLA,18,TRAN6,VUBR,L,,,,,,,,S,,0
SMA-11-01,TOKA,TOKA-104,5/25/2022,47,277,NOPLANT,,,BRDI2,25,,,,,,,,,,,S,,0
SMA-11-01,TOKA,TOKA-104,5/25/2022,48,277,NOPLANT,,,2GA,10,,,,,,,,,,,S,,0
SMA-11-01,TOKA,TOKA-104,5/25/2022,49,277,NOPLANT,,,ERODI,3,,,,,,,,,,,S,,0
SMA-11-01,TOKA,TOKA-104,5/25/2022,50,277,NOPLANT,,,BRDI2,7,,,,,,,,,,,S,,0
SMA-11-01,TOKA,TOKA-111,5/25/2016,1,146,,,,PHAQ,85,BRHO2,VUMY,L,,,,,,,,S,,0
SMA-11-01,TOKA,TOKA-111,5/25/2016,2,146,,,,PHAQ,145,VUMY,L,,,,,,,,,S,,0
SMA-11-01,TOKA,TOKA-111,5/25/2016,3,146,,,,PHAQ,71,JUNCU,L,,,,,,,,,S,,0
SMA-11-01,TOKA,TOKA-111,5/25/2016,4,146,,,,BRHO2,59,VUMY,PHAQ,L,,,,,,,,S,,0
SMA-11-01,TOKA,TOKA-111,5/25/2016,5,146,,,,BRDI3,72,BRHO2,L,,,,,,,,,S,,0
SMA-11-01,TOKA,TOKA-111,5/25/2016,6,146,,,,PHAQ,127,BRDI3,L,,,,,,,,,S,,0
SMA-11-01,TOKA,TOKA-111,5/25/2016,7,146,,,,PHAQ,100,BRDI3,L,,,,,,,,,S,,0
SMA-11-01,TOKA,TOKA-111,5/25/2016,8,146,,,,LOPEM2,84,AVBA,BRDI3,L,,,,,,,,S,,0
SMA-11-01,TOKA,TOKA-111,5/25/2016,9,146,,,,AVBA,127,LOPEM2,PHAQ,L,,,,,,,,S,,0
SMA-11-01,TOKA,TOKA-111,5/25/2016,10,146,,,,PHAQ,86,BRDI3,ASTERA,L,,,,,,,,S,,0
SMA-11-01,TOKA,TOKA-111,5/25/2016,11,146,,,,LOPEM2,57,BRDI3,L,,,,,,,,,S,,0
SMA-11-01,TOKA,TOKA-111,5/25/2016,12,146,,,,AVBA,98,BRDI3,L,,,,,,,,,S,,0
SMA-11-01,TOKA,TOKA-111,5/25/2016,13,146,,,,AVBA,91,LOPEM2,BRDI3,L,,,,,,,,S,,0
SMA-11-01,TOKA,TOKA-111,5/25/2016,14,146,,,,LOPEM2,86,BRDI3,LIUS,L,,,,,,,,S,,0
SMA-11-01,TOKA,TOKA-111,5/25/2016,15,146,,,,LIUS,49,VUMY,BRDI3,L,,,,,,,,S,,0
SMA-11-01,TOKA,TOKA-111,5/25/2016,16,146,,,,LOPEM2,86,BRDI3,L,,,,,,,,,S,,0
SMA-11-01,TOKA,TOKA-111,5/25/2016,17,146,,,,PHAQ,60,BRDI3,PLLA,L,,,,,,,,S,,0
SMA-11-01,TOKA,TOKA-111,5/25/2016,18,146,,,,PHAQ,87,VUMY,L,,,,,,,,,S,,0
SMA-11-01,TOKA,TOKA-111,5/25/2016,19,146,,,,LOPEM2,78,PHAQ,BRDI3,VUMY,LOCO6,L,,,,,,S,,0
SMA-11-01,TOKA,TOKA-111,5/25/2016,20,146,,,,PLLA,40,BRDI3,LOCO6,VUMY,,,,,,,,S,,0
SMA-11-01,TOKA,TOKA-111,5/25/2016,21,146,,,,VUMY,28,PLLA,L,,,,,,,,,S,,0
SMA-11-01,TOKA,TOKA-111,5/25/2016,22,146,,,,BRCA5,53,AVBA,VUMY,PLLA,LOCO6,L,,,,,,S,,0
SMA-11-01,TOKA,TOKA-111,5/25/2016,23,146,,,,BRHO2,38,LOPEM2,VUMY,PLLA,L,,,,,,,S,,0
SMA-11-01,TOKA,TOKA-111,5/25/2016,24,146,,,,NOPLANT,0,,,,,,,,,,,R,,0
SMA-11-01,TOKA,TOKA-111,5/25/2016,25,146,,,,LOPEM2,92,VUMY,PLLA,L,,,,,,,,S,,0
SMA-11-01,TOKA,TOKA-111,5/25/2016,26,146,,,,LOPEM2,67,ASTERA,L,,,,,,,,,S,,0
SMA-11-01,TOKA,TOKA-111,5/25/2016,27,146,,,,PLLA,22,VUMY,MEDIC,L,,,,,,,,S,,0
SMA-11-01,TOKA,TOKA-111,5/25/2016,28,146,,,,ASTERA,42,VUMY,LIUS,TRDU2,LOCO6,L,,,,,,S,,0
SMA-11-01,TOKA,TOKA-111,5/25/2016,29,146,,,,VITE,19,PLLA,LIUS,L,,,,,,,,S,,0
SMA-11-01,TOKA,TOKA-111,5/25/2016,30,146,,,,BRHO2,36,PLLA,VUMY,L,,,,,,,,S,,0
SMA-11-01,TOKA,TOKA-111,5/25/2016,31,146,,,,LOCO6,22,PLLA,L,,,,,,,,,S,,0
SMA-11-01,TOKA,TOKA-111,5/25/2016,32,146,,,,RUAC3,34,VUMY,LIUS,LOCO6,L,,,,,,,S,,0
SMA-11-01,TOKA,TOKA-111,5/25/2016,33,146,,,,ASTERA,30,L,,,,,,,,,,S,,0
SMA-11-01,TOKA,TOKA-111,5/25/2016,34,146,,,,VUMY,36,PLLA,LOCO6,L,,,,,,,,S,,0
SMA-11-01,TOKA,TOKA-111,5/25/2016,35,146,,,,ASTERA,43,BRDI2,VUMY,PLLA,L,,,,,,,S,,0
SMA-11-01,TOKA,TOKA-111,5/25/2016,36,146,,,,AVBA,65,LOPEM2,BRHO2,ASTERA,L,,,,,,,S,,0
SMA-11-01,TOKA,TOKA-111,5/25/2016,37,146,,,,VUMY,41,LOCO6,PLLA,L,,,,,,,,S,,0
SMA-11-01,TOKA,TOKA-111,5/25/2016,38,146,,,,VUMY,31,LOCO6,PLLA,L,,,,,,,,S,,0
SMA-11-01,TOKA,TOKA-111,5/25/2016,39,146,,,,VUMY,50,LOCO6,L,,,,,,,,,S,,0
SMA-11-01,TOKA,TOKA-111,5/25/2016,40,146,,,,VUMY,52,TRHI4,L,,,,,,,,,S,,0
SMA-11-01,TOKA,TOKA-111,5/25/2016,41,146,,,,VUMY,30,PLLA,L,,,,,,,,,S,,0
SMA-11-01,TOKA,TOKA-111,5/25/2016,42,146,,,,BRDI2,20,TRHI4,L,,,,,,,,,S,,0
SMA-11-01,TOKA,TOKA-111,5/25/2016,43,146,,,,VUMY,36,TRDU2,L,,,,,,,,,S,,0
SMA-11-01,TOKA,TOKA-111,5/25/2016,44,146,,,,LOPEM2,51,BRDI3,TRAN6,PLLA,L,,,,,,,S,,0
SMA-11-01,TOKA,TOKA-111,5/25/2016,45,146,,,,VUMY,40,PLLA,L,,,,,,,,,S,,0
SMA-11-01,TOKA,TOKA-111,5/25/2016,46,146,,,,LOPEM2,75,VUMY,TRAN6,PLLA,L,,,,,,,S,,0
SMA-11-01,TOKA,TOKA-111,5/25/2016,47,146,,,,LOPEM2,65,PHAQ,VUMY,TRHI4,L,,,,,,,S,,0
SMA-11-01,TOKA,TOKA-111,5/25/2016,48,146,,,,PHAQ,105,BRDI3,TRHI4,L,,,,,,,,S,,0
SMA-11-01,TOKA,TOKA-111,5/25/2016,49,146,,,,PHAQ,93,VUMY,BRDI3,PLLA,VITE,TRHI4,L,,,,,S,,0
SMA-11-01,TOKA,TOKA-111,5/25/2016,50,146,,,,LIUS,21,VUMY,PLLA,L,,,,,,,,S,,0
SMA-11-01,TOKA,TOKA-111,5/25/2016,1,326,,,,VUMY,45,LOPEM2,PHAQ,L,,,,,,,,S,,0
SMA-11-01,TOKA,TOKA-111,5/25/2016,2,326,,,,PHAQ,84,LOPEM2,L,,,,,,,,,S,,0
SMA-11-01,TOKA,TOKA-111,5/25/2016,3,326,,,,PHAQ,108,AVBA,L,,,,,,,,,S,,0
SMA-11-01,TOKA,TOKA-111,5/25/2016,4,326,,,,LOPEM2,103,PHAQ,L,,,,,,,,,S,,0
SMA-11-01,TOKA,TOKA-111,5/25/2016,5,326,,,,PHAQ,89,LOPEM2,VUMY,PLLA,L,,,,,,,S,,0
SMA-11-01,TOKA,TOKA-111,5/25/2016,6,326,,,,NOPLANT,0,L,,,,,,,,,,S,,0
SMA-11-01,TOKA,TOKA-111,5/25/2016,7,326,,,,VUMY,34,L,,,,,,,,,,S,,0
SMA-11-01,TOKA,TOKA-111,5/25/2016,8,326,,,,PHAQ,78,BRDI2,L,,,,,,,,,S,,0
SMA-11-01,TOKA,TOKA-111,5/25/2016,9,326,,,,BRDI3,40,VUMY,L,,,,,,,,,S,,0
SMA-11-01,TOKA,TOKA-111,5/25/2016,10,326,,,,BRDI2,31,L,,,,,,,,,,S,,0
SMA-11-01,TOKA,TOKA-111,5/25/2016,11,326,,,,PHAQ,38,VUMY,L,,,,,,,,,S,,0
SMA-11-01,TOKA,TOKA-111,5/25/2016,12,326,,,,PHAQ,60,L,,,,,,,,,,S,,0
SMA-11-01,TOKA,TOKA-111,5/25/2016,13,326,,,,BRDI2,40,LIUS,PLLA,BRHO2,L,,,,,,,R,,0
SMA-11-01,TOKA,TOKA-111,5/25/2016,14,326,,,,VUMY,61,PLLA,CIVU,L,,,,,,,,S,,0
SMA-11-01,TOKA,TOKA-111,5/25/2016,15,326,,,,AVBA,73,VUMY,LOPEM2,BRDI2,L,,,,,,,S,,0
SMA-11-01,TOKA,TOKA-111,5/25/2016,16,326,,,,AVBA,85,VITE,BRDI2,L,,,,,,,,S,,0
SMA-11-01,TOKA,TOKA-111,5/25/2016,17,326,,,,AVBA,80,LIUS,VUMY,ASTERA,L,,,,,,,S,,0
SMA-11-01,TOKA,TOKA-111,5/25/2016,18,326,,,,AVBA,35,VITE,PLLA,L,,,,,,,,S,,0
SMA-11-01,TOKA,TOKA-111,5/25/2016,19,326,,,,AVBA,89,VUMY,BRDI2,L,,,,,,,,S,,0
SMA-11-01,TOKA,TOKA-111,5/25/2016,20,326,,,,LIUS,19,VUMY,PLLA,,,,,,,,,S,,0
SMA-11-01,TOKA,TOKA-111,5/25/2016,21,326,,,,LIUS,18,VUMY,L,,,,,,,,,S,,0
SMA-11-01,TOKA,TOKA-111,5/25/2016,22,326,,,,VUMY,8,,,,,,,,,,,S,,0
SMA-11-01,TOKA,TOKA-111,5/25/2016,23,326,,,,BRHO2,34,PLLA,L,,,,,,,,,S,,0
SMA-11-01,TOKA,TOKA-111,5/25/2016,24,326,,,,PHAQ,75,DACA3,L,,,,,,,,,S,,0
SMA-11-01,TOKA,TOKA-111,5/25/2016,25,326,,,,PLLA,12,VUMY,L,,,,,,,,,S,,0
SMA-11-01,TOKA,TOKA-111,5/25/2016,26,326,,,,PHAQ,46,VUMY,VICIA,L,,,,,,,,S,,0
SMA-11-01,TOKA,TOKA-111,5/25/2016,27,326,,,,VUMY,40,L,,,,,,,,,,S,,0
SMA-11-01,TOKA,TOKA-111,5/25/2016,28,326,,,,VITE,38,VUMY,JUNCU,L,,,,,,,,S,,0
SMA-11-01,TOKA,TOKA-111,5/25/2016,29,326,,,,BRCA5,55,VUMY,L,,,,,,,,,S,,0
SMA-11-01,TOKA,TOKA-111,5/25/2016,30,326,,,,BRDI2,40,LOCO6,L,,,,,,,,,S,,0
SMA-11-01,TOKA,TOKA-111,5/25/2016,31,326,,,,BRCA5,45,VUMY,ASTERA,L,,,,,,,,S,,0
SMA-11-01,TOKA,TOKA-111,5/25/2016,32,326,,,,VITE,40,LOCO6,VUMY,L,,,,,,,,S,,0
SMA-11-01,TOKA,TOKA-111,5/25/2016,33,326,,,,AVBA,76,LOPEM2,BRHO2,VUMY,L,,,,,,,S,,0
SMA-11-01,TOKA,TOKA-111,5/25/2016,34,326,,,,LOPEM2,60,VUMY,LOCO6,L,,,,,,,,S,,0
SMA-11-01,TOKA,TOKA-111,5/25/2016,35,326,,,,VUMY,53,LOCO6,BRHO2,L,,,,,,,,S,,0
SMA-11-01,TOKA,TOKA-111,5/25/2016,36,326,,,,PHAQ,68,BRHO2,LOCO6,L,,,,,,,,S,,0
SMA-11-01,TOKA,TOKA-111,5/25/2016,37,326,,,,PHAQ,80,GEDI,L,,,,,,,,,S,,0
SMA-11-01,TOKA,TOKA-111,5/25/2016,38,326,,,,AVBA,120,LOPEM2,BRDI3,LOCO6,L,,,,,,,S,,0
SMA-11-01,TOKA,TOKA-111,5/25/2016,39,326,,,,AVBA,52,LIUS,VUMY,L,,,,,,,,S,,0
SMA-11-01,TOKA,TOKA-111,5/25/2016,40,326,,,,AVBA,62,LOPEM2,BRHO2,VUMY,LIUS,L,,,,,,S,,0
SMA-11-01,TOKA,TOKA-111,5/25/2016,41,326,,,,JUNCU,42,VUMY,L,,,,,,,,,S,,0
SMA-11-01,TOKA,TOKA-111,5/25/2016,42,326,,,,LOPEM2,49,VUMY,L,,,,,,,,,S,,0
SMA-11-01,TOKA,TOKA-111,5/25/2016,43,326,,,,PHAQ,53,LOPEM2,VUMY,L,,,,,,,,S,,0
SMA-11-01,TOKA,TOKA-111,5/25/2016,44,326,,,,VUMY,24,L,,,,,,,,,,S,,0
SMA-11-01,TOKA,TOKA-111,5/25/2016,45,326,,,,NOPLANT,0,L,,,,,,,,,,S,,0
SMA-11-01,TOKA,TOKA-111,5/25/2016,46,326,,,,NOPLANT,0,L,,,,,,,,,,S,,0
SMA-11-01,TOKA,TOKA-111,5/25/2016,47,326,,,,BRDI2,0,L,,,,,,,,,,S,,0
SMA-11-01,TOKA,TOKA-111,5/25/2016,48,326,,,,NOPLANT,0,L,,,,,,,,,,S,,0
SMA-11-01,TOKA,TOKA-111,5/25/2016,49,326,,,,AVBA,78,BRDI2,L,,,,,,,,,S,,0
SMA-11-01,TOKA,TOKA-111,5/25/2016,50,326,,,,AVBA,103,BRDI2,VUMY,L,,,,,,,,S,,0
SMA-11-01,TOKA,TOKA-111,4/17/2018,1,326,BAPI,RUUR,,NOPLANT,NA,L,,,,,,,,,,S,,0
SMA-11-01,TOKA,TOKA-111,4/17/2018,2,326,BAPI,RUUR,,NOPLANT,NA,L,,,,,,,,,,S,,0
SMA-11-01,TOKA,TOKA-111,4/17/2018,3,326,BAPI,TODI,,NOPLANT,NA,L,,,,,,,,,,S,,0
SMA-11-01,TOKA,TOKA-111,4/17/2018,4,326,BAPI,,,PHAQ,55,L,,,,,,,,,,S,,0
SMA-11-01,TOKA,TOKA-111,4/17/2018,5,326,BAPI,RUUR,,NOPLANT,NA,L,,,,,,,,,,S,,0
SMA-11-01,TOKA,TOKA-111,4/17/2018,6,326,,,,RUAC3,24,PHAQ,RUUR,L,,,,,,,,S,,0
SMA-11-01,TOKA,TOKA-111,4/17/2018,7,326,,,,BRDI3,40,VUBR,GEDI,L,,,,,,,,S,,0
SMA-11-01,TOKA,TOKA-111,4/17/2018,8,326,,,,PHAQ,20,RUUR,L,,,,,,,,,S,,0
SMA-11-01,TOKA,TOKA-111,4/17/2018,9,326,,,,AVBA,25,GEDI,RUUR,BRDI3,L,,,,,,,S,,0
SMA-11-01,TOKA,TOKA-111,4/17/2018,10,326,,,,BRDI3,31,RUUR,VUBR,L,,,,,,,,S,,0
SMA-11-01,TOKA,TOKA-111,4/17/2018,11,326,,,,VUBR,30,BRDI3,GEDI,L,,,,,,,,S,,0
SMA-11-01,TOKA,TOKA-111,4/17/2018,12,326,,,,PHAQ,26,AVBA,L,,,,,,,,,S,,0
SMA-11-01,TOKA,TOKA-111,4/17/2018,13,326,,,,VUBR,49,RUUR,L,,,,,,,,,S,,0
SMA-11-01,TOKA,TOKA-111,4/17/2018,14,326,,,,LOPEM2,50,L,,,,,,,,,,S,,0
SMA-11-01,TOKA,TOKA-111,4/17/2018,15,326,,,,VUBR,25,GEDI,AVBA,L,,,,,,,,S,,0
SMA-11-01,TOKA,TOKA-111,4/17/2018,16,326,,,,PHAQ,35,VUBR,RUUR,,,,,,,,,S,,0
SMA-11-01,TOKA,TOKA-111,4/17/2018,17,326,,,,BRDI3,48,AVBA,LOPEM2,L,,,,,,,,S,,0
SMA-11-01,TOKA,TOKA-111,4/17/2018,18,326,,,,GEDI,34,VUBR,L,,,,,,,,,S,,0
SMA-11-01,TOKA,TOKA-111,4/17/2018,19,326,,,,AVBA,45,PHAQ,GEDI,L,,,,,,,,S,,0
SMA-11-01,TOKA,TOKA-111,4/17/2018,20,326,,,,PHAQ,53,,,,,,,,,,,PHAQ,,0
SMA-11-01,TOKA,TOKA-111,4/17/2018,21,326,,,,NOPLANT,NA,,,,,,,,,,,S,,0
SMA-11-01,TOKA,TOKA-111,4/17/2018,22,326,,,,VUBR,10,PLLA,L,,,,,,,,,S,,0
SMA-11-01,TOKA,TOKA-111,4/17/2018,23,326,,,,DACA3,9,,,,,,,,,,,S,,0
SMA-11-01,TOKA,TOKA-111,4/17/2018,24,326,,,,VITE,28,PLLA,GEDI,L,,,,,,,,S,,0
SMA-11-01,TOKA,TOKA-111,4/17/2018,25,326,,,,VITE,23,VUBR,PLLA,L,,,,,,,,S,,0
SMA-11-01,TOKA,TOKA-111,4/17/2018,26,326,,,,TRSU3,10,VUBR,L,,,,,,,,,S,1,0
SMA-11-01,TOKA,TOKA-111,4/17/2018,27,326,,,,VUBR,5,L,,,,,,,,,,S,,0
SMA-11-01,TOKA,TOKA-111,4/17/2018,28,326,,,,PLLA,29,VUBR,L,,,,,,,,,S,,0
SMA-11-01,TOKA,TOKA-111,4/17/2018,29,326,,,,TRAN6,15,VITE,GEDI,VUBR,L,,,,,,,S,3,0
SMA-11-01,TOKA,TOKA-111,4/17/2018,30,326,,,,PLLA,7,LIBI5,TRAN6,VUBR,L,,,,,,,S,3,0
SMA-11-01,TOKA,TOKA-111,4/17/2018,31,326,,,,VUBR,5,PLLA,L,,,,,,,,,S,,0
SMA-11-01,TOKA,TOKA-111,4/17/2018,32,326,,,,PLLA,10,VUBR,L,,,,,,,,,S,,0
SMA-11-01,TOKA,TOKA-111,4/17/2018,33,326,,,,BRDI3,18,PLLA,VUBR,2GA,L,,,,,,,S,3,0
SMA-11-01,TOKA,TOKA-111,4/17/2018,34,326,,,,RORO,23,VUBR,2GA,L,,,,,,,,S,2,0
SMA-11-01,TOKA,TOKA-111,4/17/2018,35,326,,,,RORO,16,PLLA,VUBR,L,,,,,,,,S,2,0
SMA-11-01,TOKA,TOKA-111,4/17/2018,36,326,,,,BRDI3,20,PLLA,VITE,VUBR,L,,,,,,,S,3,0
SMA-11-01,TOKA,TOKA-111,4/17/2018,37,326,,,,PLLA,20,GEDI,L,,,,,,,,,S,,0
SMA-11-01,TOKA,TOKA-111,4/17/2018,38,326,,,,VITE,19,BRHO2,PLLA,L,,,,,,,,S,,0
SMA-11-01,TOKA,TOKA-111,4/17/2018,39,326,,,,BRDI3,50,LOCO6,VITE,VUBR,2GA,L,,,,,,S,4,0
SMA-11-01,TOKA,TOKA-111,4/17/2018,40,326,,,,HYRA3,2,L,,,,,,,,,,S,,0
SMA-11-01,TOKA,TOKA-111,4/17/2018,41,326,,,,BRDI3,17,BRHO2,PLLA,L,,,,,,,,S,,0
SMA-11-01,TOKA,TOKA-111,4/17/2018,42,326,,,,VUBR,21,PLLA,L,,,,,,,,,S,,0
SMA-11-01,TOKA,TOKA-111,4/17/2018,43,326,,,,VUBR,15,PLLA,BRHO2,L,,,,,,,,S,,0
SMA-11-01,TOKA,TOKA-111,4/17/2018,44,326,BAPI,,,2GA,25,BRDI3,PLLA,L,,,,,,,,S,,0
SMA-11-01,TOKA,TOKA-111,4/17/2018,45,326,,,,BRDI3,32,VUBR,2GA,L,,,,,,,,S,2,0
SMA-11-01,TOKA,TOKA-111,4/17/2018,46,326,,,,VUBR,19,L,,,,,,,,,,S,,0
SMA-11-01,TOKA,TOKA-111,4/17/2018,47,326,,,,VUBR,6,L,,,,,,,,,,S,,0
SMA-11-01,TOKA,TOKA-111,4/17/2018,48,326,,,,HOMU,29,GEDI,L,,,,,,,,,S,,0
SMA-11-01,TOKA,TOKA-111,4/17/2018,49,326,,,,BRHO2,33,VUBR,L,,,,,,,,,S,,0
SMA-11-01,TOKA,TOKA-111,4/17/2018,50,326,,,,AVBA,64,BRDI3,HOMU,L,,,,,,,,S,,0
SMA-11-01,TOKA,TOKA-111,4/17/2018,1,146,BAPI,,,PHAQ,7,L,,,,,,,,,,S,,1
SMA-11-01,TOKA,TOKA-111,4/17/2018,2,146,BAPI,,,BRHO2,10,VUBR,CLDO2,L,,,,,,,,S,,0
SMA-11-01,TOKA,TOKA-111,4/17/2018,3,146,,,,VITE,5,L,,,,,,,,,,S,,0
SMA-11-01,TOKA,TOKA-111,4/17/2018,4,146,BAPI,TODI,,PHAQ,20,L,,,,,,,,,,S,,0
SMA-11-01,TOKA,TOKA-111,4/17/2018,5,146,,,,BRHO2,11,2GA,L,,,,,,,,,S,1,0
SMA-11-01,TOKA,TOKA-111,4/17/2018,6,146,,,,PLLA,20,L,,,,,,,,,,S,,0
SMA-11-01,TOKA,TOKA-111,4/17/2018,7,146,BAPI,,,PLLA,13,VUBR,L,,,,,,,,,S,,0
SMA-11-01,TOKA,TOKA-111,4/17/2018,8,146,,,,PLLA,10,RUUR,VUBR,L,,,,,,,,S,,0
SMA-11-01,TOKA,TOKA-111,4/17/2018,9,146,BAPI,,,PLLA,10,HYRA3,L,,,,,,,,,S,,0
SMA-11-01,TOKA,TOKA-111,4/17/2018,10,146,BAPI,,,VUBR,34,DACA3,L,,,,,,,,,S,,0
SMA-11-01,TOKA,TOKA-111,4/17/2018,11,146,BAPI,,,GEDI,8,PLLA,VUBR,L,,,,,,,,S,,0
SMA-11-01,TOKA,TOKA-111,4/17/2018,12,146,,,,VUBR,9,PLLA,L,,,,,,,,,S,,0
SMA-11-01,TOKA,TOKA-111,4/17/2018,13,146,BAPI,,,RUUR,9,L,,,,,,,,,,S,,0
SMA-11-01,TOKA,TOKA-111,4/17/2018,14,146,,,,RUUR,4,,,,,,,,,,,AM,,0
SMA-11-01,TOKA,TOKA-111,4/17/2018,15,146,,,,PLLA,6,,,,,,,,,,,PLLA,,0
SMA-11-01,TOKA,TOKA-111,4/17/2018,16,146,,,,LIBI5,5,VUBR,L,,,,,,,,,S,,0
SMA-11-01,TOKA,TOKA-111,4/17/2018,17,146,,,,VITE,6,2GA,L,,,,,,,,,S,1,0
SMA-11-01,TOKA,TOKA-111,4/17/2018,18,146,,,,PLLA,15,VUBR,L,,,,,,,,,S,,0
SMA-11-01,TOKA,TOKA-111,4/17/2018,19,146,,,,BRCA5,20,RUUR,L,,,,,,,,,S,,0
SMA-11-01,TOKA,TOKA-111,4/17/2018,20,146,TODI,,,AVBA,33,L,,,,,,,,,,S,,0
SMA-11-01,TOKA,TOKA-111,4/17/2018,21,146,,,,PLLA,4,L,,,,,,,,,,S,,0
SMA-11-01,TOKA,TOKA-111,4/17/2018,22,146,,,,VUBR,15,AVBA,L,,,,,,,,,S,,0
SMA-11-01,TOKA,TOKA-111,4/17/2018,23,146,,,,VUBR,5,,,,,,,,,,,S,,0
SMA-11-01,TOKA,TOKA-111,4/17/2018,24,146,,,,JUOC2,54,AVBA,,,,,,,,,,R,,0
SMA-11-01,TOKA,TOKA-111,4/17/2018,25,146,,,,NOPLANT,NA,L,,,,,,,,,,S,,0
SMA-11-01,TOKA,TOKA-111,4/17/2018,26,146,,,,NOPLANT,NA,,,,,,,,,,,S,,0
SMA-11-01,TOKA,TOKA-111,4/17/2018,27,146,,,,VUBR,9,L,,,,,,,,,,S,,0
SMA-11-01,TOKA,TOKA-111,4/17/2018,28,146,,,,PLLA,41,VUBR,L,,,,,,,,,S,,0
SMA-11-01,TOKA,TOKA-111,4/17/2018,29,146,,,,VUBR,20,PLLA,DACA3,L,,,,,,,,S,,0
SMA-11-01,TOKA,TOKA-111,4/17/2018,30,146,BAPI,RUUR,,2GA,25,L,,,,,,,,,,S,,0
SMA-11-01,TOKA,TOKA-111,4/17/2018,31,146,,,,VUBR,20,L,,,,,,,,,,S,,0
SMA-11-01,TOKA,TOKA-111,4/17/2018,32,146,,,,RUUR,6,BRCA5,L,,,,,,,,,S,,0
SMA-11-01,TOKA,TOKA-111,4/17/2018,33,146,BAPI,,,RUUR,21,RUAC3,L,,,,,,,,,S,,0
SMA-11-01,TOKA,TOKA-111,4/17/2018,34,146,BAPI,RUUR,,BRCA5,23,L,,,,,,,,,,S,,0
SMA-11-01,TOKA,TOKA-111,4/17/2018,35,146,,,,BRHO2,3,L,,,,,,,,,,S,,0
SMA-11-01,TOKA,TOKA-111,4/17/2018,36,146,BAPI,,,VUBR,10,RUUR,L,,,,,,,,,S,,0
SMA-11-01,TOKA,TOKA-111,4/17/2018,37,146,BAPI,,,VUBR,NA,L,,,,,,,,,,S,,0
SMA-11-01,TOKA,TOKA-111,4/17/2018,38,146,BAPI,,,VUBR,44,VUBR,L,,,,,,,,,S,1,0
SMA-11-01,TOKA,TOKA-111,4/17/2018,39,146,,,,VUBR,45,AVBA,L,,,,,,,,,S,,0
SMA-11-01,TOKA,TOKA-111,4/17/2018,40,146,,,,VUBR,30,DACA3,L,,,,,,,,,S,,0
SMA-11-01,TOKA,TOKA-111,4/17/2018,41,146,,,,VUBR,21,PLLA,L,,,,,,,,,S,,0
SMA-11-01,TOKA,TOKA-111,4/17/2018,42,146,,,,PLLA,9,L,,,,,,,,,,S,,0
SMA-11-01,TOKA,TOKA-111,4/17/2018,43,146,,,,VUBR,11,VUBR,PLLA,L,,,,,,,,S,1,0
SMA-11-01,TOKA,TOKA-111,4/17/2018,44,146,,,,PLLA,10,L,,,,,,,,,,S,,0
SMA-11-01,TOKA,TOKA-111,4/17/2018,45,146,,,,VUBR,25,PLLA,,L,,,,,,,,S,,0
SMA-11-01,TOKA,TOKA-111,4/17/2018,46,146,BAPI,,,NAPU4,40,BRDI2,L,,,,,,,,,S,,0
SMA-11-01,TOKA,TOKA-111,4/17/2018,47,146,,,,NAPU4,16,VUBR,,,,,,,,,,S,,0
SMA-11-01,TOKA,TOKA-111,4/17/2018,48,146,,,,JUOC2,15,VUBR,DACA3,L,,,,,,,,S,,0
SMA-11-01,TOKA,TOKA-111,4/17/2018,49,146,,,,PLLA,9,L,,,,,,,,,,S,,0
SMA-11-01,TOKA,TOKA-111,4/17/2018,50,146,,,,VUBR,11,L,,,,,,,,,,S,,0
SMA-11-01,TOKA,TOKA-111,5/25/2022,1,326,NOPLANT,,,AVBA,50,BRHO2,BRDI2,L,,,,,,,,S,,0
SMA-11-01,TOKA,TOKA-111,5/25/2022,2,326,BAPI,,,PHAQ,19,VUBR,L,,,,,,,,,S,,0
SMA-11-01,TOKA,TOKA-111,5/25/2022,3,326,BAPI,,,RUUR,31,CLDO2,L,,,,,,,,,S,,0
SMA-11-01,TOKA,TOKA-111,5/25/2022,4,326,TODI,,,CLDO2,6,L,,,,,,,,,,S,,0
SMA-11-01,TOKA,TOKA-111,5/25/2022,5,326,BAPI,,,NOPLANT,NA,L,,,,,,,,,,S,,0
SMA-11-01,TOKA,TOKA-111,5/25/2022,6,326,BAPI,,,NOPLANT,NA,L,,,,,,,,,,S,,0
SMA-11-01,TOKA,TOKA-111,5/25/2022,7,326,BAPI,,,RUUR,20,VITE,L,,,,,,,,,S,,0
SMA-11-01,TOKA,TOKA-111,5/25/2022,8,326,BAPI,,,RUUR,41,L,,,,,,,,,,S,,0
SMA-11-01,TOKA,TOKA-111,5/25/2022,9,326,BAPI,,,PHAQ,37,L,,,,,,,,,,S,,0
SMA-11-01,TOKA,TOKA-111,5/25/2022,10,326,BAPI,,,NOPLANT,NA,L,,,,,,,,,,S,,0
SMA-11-01,TOKA,TOKA-111,5/25/2022,11,326,BAPI,,,VUBR,1,L,,,,,,,,,,S,,0
SMA-11-01,TOKA,TOKA-111,5/25/2022,12,326,BAPI,,,RUUR,25,L,,,,,,,,,,S,,0
SMA-11-01,TOKA,TOKA-111,5/25/2022,13,326,BAPI,,,NOPLANT,NA,L,,,,,,,,,,S,,0
SMA-11-01,TOKA,TOKA-111,5/25/2022,14,326,BAPI,,,NOPLANT,NA,L,,,,,,,,,,S,,0
SMA-11-01,TOKA,TOKA-111,5/25/2022,15,326,BAPI,,,NOPLANT,NA,L,,,,,,,,,,S,,0
SMA-11-01,TOKA,TOKA-111,5/25/2022,16,326,BAPI,,,NOPLANT,NA,L,,,,,,,,,,S,,0
SMA-11-01,TOKA,TOKA-111,5/25/2022,17,326,BAPI,,,PHAQ,31,L,,,,,,,,,,S,,0
SMA-11-01,TOKA,TOKA-111,5/25/2022,18,326,NOPLANT,,,PHAQ,22,BRHO2,RUUR,VUBR,,,,,,,,S,,0
SMA-11-01,TOKA,TOKA-111,5/25/2022,19,326,BAPI,,,RUUR,11,PHAQ,L,,,,,,,,,S,,0
SMA-11-01,TOKA,TOKA-111,5/25/2022,20,326,BAPI,,,PHAQ,15,L,,,,,,,,,,S,,0
SMA-11-01,TOKA,TOKA-111,5/25/2022,21,326,BAPI,,,RUUR,30,L,,,,,,,,,,S,,0
SMA-11-01,TOKA,TOKA-111,5/25/2022,22,326,NOPLANT,,,AVBA,41,VUBR,L,,,,,,,,,S,,0
SMA-11-01,TOKA,TOKA-111,5/25/2022,23,326,NOPLANT,,,AVBA,55,VUBR,L,,,,,,,,,S,,0
SMA-11-01,TOKA,TOKA-111,5/25/2022,24,326,NOPLANT,,,AVBA,85,VISA,VUBR,L,,,,,,,,S,,0
SMA-11-01,TOKA,TOKA-111,5/25/2022,25,326,NOPLANT,,,RUAC3,20,PLLA,2GA,L,,,,,,,,S,2,0
SMA-11-01,TOKA,TOKA-111,5/25/2022,26,326,NOPLANT,,,PHAQ,8,VUBR,2GA,,,,,,,,,S,2,0
SMA-11-01,TOKA,TOKA-111,5/25/2022,27,326,NOPLANT,,,DAGL,51,DAGL,BRHO2,L,,,,,,,,S,,0
SMA-11-01,TOKA,TOKA-111,5/25/2022,28,326,NOPLANT,,,PHAQ,106,PHAQ,,,,,,,,,,S,,0
SMA-11-01,TOKA,TOKA-111,5/25/2022,29,326,NOPLANT,,,BRDI3,26,PHAQ,HYRA3,L,,,,,,,,S,1,0
SMA-11-01,TOKA,TOKA-111,5/25/2022,30,326,NOPLANT,,,PLLA,11,VUBR,,,,,,,,,,S,,0
SMA-11-01,TOKA,TOKA-111,5/25/2022,31,326,NOPLANT,,,VUBR,12,DAGL,BRHO2,L,,,,,,,,S,2,0
SMA-11-01,TOKA,TOKA-111,5/25/2022,32,326,NOPLANT,,,VUBR,16,DAGL,L,,,,,,,,,S,,0
SMA-11-01,TOKA,TOKA-111,5/25/2022,33,326,NOPLANT,,,VUBR,11,L,,,,,,,,,,S,,0
SMA-11-01,TOKA,TOKA-111,5/25/2022,34,326,NOPLANT,,,PLLA,21,BRHO2,L,,,,,,,,,S,,0
SMA-11-01,TOKA,TOKA-111,5/25/2022,35,326,NOPLANT,,,VUBR,6,L,,,,,,,,,,S,,0
SMA-11-01,TOKA,TOKA-111,5/25/2022,36,326,NOPLANT,,,BRDI3,16,PLLA,VUBR,L,,,,,,,,S,,0
SMA-11-01,TOKA,TOKA-111,5/25/2022,37,326,NOPLANT,,,PLLA,23,,,,,,,,,,,S,,0
SMA-11-01,TOKA,TOKA-111,5/25/2022,38,326,NOPLANT,,,LIBI5,11,POSE,L,,,,,,,,,S,,0
SMA-11-01,TOKA,TOKA-111,5/25/2022,39,326,NOPLANT,,,PLLA,4,TRAN6,,,,,,,,,,S,,0
SMA-11-01,TOKA,TOKA-111,5/25/2022,40,326,NOPLANT,,,PLLA,15,L,,,,,,,,,,S,,0
SMA-11-01,TOKA,TOKA-111,5/25/2022,41,326,NOPLANT,,,PLLA,16,TRAN6,VUBR,,,,,,,,,S,,0
SMA-11-01,TOKA,TOKA-111,5/25/2022,42,326,NOPLANT,,,PLLA,16,BRHO2,L,,,,,,,,,S,,0
SMA-11-01,TOKA,TOKA-111,5/25/2022,43,326,NOPLANT,,,TRAN6,16,VUBR,L,,,,,,,,,S,,0
SMA-11-01,TOKA,TOKA-111,5/25/2022,44,326,NOPLANT,,,PLLA,2,L,,,,,,,,,,S,,0
SMA-11-01,TOKA,TOKA-111,5/25/2022,45,326,NOPLANT,,,VUBR,5,L,,,,,,,,,,S,,0
SMA-11-01,TOKA,TOKA-111,5/25/2022,46,326,NOPLANT,,,NOPLANT,NA,L,,,,,,,,,,S,,0
SMA-11-01,TOKA,TOKA-111,5/25/2022,47,326,NOPLANT,,,PLLA,21,VUBR,L,,,,,,,,,S,,0
SMA-11-01,TOKA,TOKA-111,5/25/2022,48,326,NOPLANT,,,PLLA,30,VUBR,L,,,,,,,,,S,,0
SMA-11-01,TOKA,TOKA-111,5/25/2022,49,326,NOPLANT,,,PLLA,5,TRSU3,L,,,,,,,,,S,,0
SMA-11-01,TOKA,TOKA-111,5/25/2022,50,326,NOPLANT,,,AVBA,26,PLLA,VUBR,L,,,,,,,,S,,0
SMA-11-01,TOKA,TOKA-111,5/25/2022,1,146,NOPLANT,,,PLLA,51,AVBA,VUBR,,,,,,,,,S,,0
SMA-11-01,TOKA,TOKA-111,5/25/2022,2,146,NOPLANT,,,PHAQ,71,L,,,,,,,,,,S,,0
SMA-11-01,TOKA,TOKA-111,5/25/2022,3,146,NOPLANT,,,PHAQ,36,CLDO2,L,,,,,,,,,S,,0
SMA-11-01,TOKA,TOKA-111,5/25/2022,4,146,NOPLANT,,,AVBA,37,VUBR,L,,,,,,,,,S,,0
SMA-11-01,TOKA,TOKA-111,5/25/2022,5,146,NOPLANT,,,AVBA,66,LIBI5,RUAC3,VUBR,,,,,,,,S,,0
SMA-11-01,TOKA,TOKA-111,5/25/2022,6,146,NOPLANT,,,AVBA,69,BRDI2,LIBI5,PHAQ,2GA,,,,,,,S,4,0
SMA-11-01,TOKA,TOKA-111,5/25/2022,7,146,NOPLANT,,,BRCA5,53,ELGL,LIBI5,VUBR,,,,,,,,S,,0
SMA-11-01,TOKA,TOKA-111,5/25/2022,8,146,NOPLANT,,,BRCA5,50,BRDI2,VUBR,2GA,,,,,,,,S,3,0
SMA-11-01,TOKA,TOKA-111,5/25/2022,9,146,RUUR,,,ELGL,61,AVBA,BRHO2,BRDI2,GEDI,,,,,,,S,,0
SMA-11-01,TOKA,TOKA-111,5/25/2022,10,146,NOPLANT,,,PHAQ,31,BRDI3,2GA,,,,,,,,,S,2,0
SMA-11-01,TOKA,TOKA-111,5/25/2022,11,146,NOPLANT,,,AVBA,50,PLLA,LOPEM2,VUBR,LIBI5,L,,,,,,S,,0
SMA-11-01,TOKA,TOKA-111,5/25/2022,12,146,NOPLANT,,,PHAQ,30,LIBI5,TRAN6,VUBR,,,,,,,,S,,0
SMA-11-01,TOKA,TOKA-111,5/25/2022,13,146,NOPLANT,,,PHAQ,11,BRDI2,SIBE,VUBR,L,,,,,,,S,,0
SMA-11-01,TOKA,TOKA-111,5/25/2022,14,146,NOPLANT,,,AVBA,19,VUBR,BRDI2,MEDIC,,,,,,,,S,,0
SMA-11-01,TOKA,TOKA-111,5/25/2022,15,146,NOPLANT,,,PHAQ,52,CYEC,BRDI2,LIBI5,2GA,,,,,,,S,4,0
SMA-11-01,TOKA,TOKA-111,5/25/2022,16,146,NOPLANT,,,PHAQ,81,2GA,,,,,,,,,,S,1,0
SMA-11-01,TOKA,TOKA-111,5/25/2022,17,146,BAPI,,,BRCA5,41,VUBR,2GA,,,,,,,,,S,2,0
SMA-11-01,TOKA,TOKA-111,5/25/2022,18,146,BAPI,,,NOPLANT,NA,L,,,,,,,,,,S,,0
SMA-11-01,TOKA,TOKA-111,5/25/2022,19,146,BAPI,RUUR,,NOPLANT,NA,L,,,,,,,,,,S,,0
SMA-11-01,TOKA,TOKA-111,5/25/2022,20,146,BAPI,RUUR,,NOPLANT,NA,L,,,,,,,,,,S,,0
SMA-11-01,TOKA,TOKA-111,5/25/2022,21,146,BAPI,,,BRDI2,15,L,,,,,,,,,,S,,0
SMA-11-01,TOKA,TOKA-111,5/25/2022,22,146,BAPI,,,AVBA,78,RUAC3,BRDI2,L,,,,,,,,S,,0
SMA-11-01,TOKA,TOKA-111,5/25/2022,23,146,NOPLANT,,,VUBR,30,VIVI,LOCO6,,,,,,,,,S,,0
SMA-11-01,TOKA,TOKA-111,5/25/2022,24,146,NOPLANT,,,PHAQ,61,LOPEM2,L,,,,,,,,,S,,0
SMA-11-01,TOKA,TOKA-111,5/25/2022,25,146,NOPLANT,,,PHAQ,82,VUBR,L,,,,,,,,,S,,0
SMA-11-01,TOKA,TOKA-111,5/25/2022,26,146,RUUR,,,PHAQ,54,VITE,LOPEM2,BRMI2,2GA,,,,,,,S,4,0
SMA-11-01,TOKA,TOKA-111,5/25/2022,27,146,NOPLANT,,,PHAQ,56,PHAQ,,,,,,,,,,S,1,0
SMA-11-01,TOKA,TOKA-111,5/25/2022,28,146,NOPLANT,,,PHAQ,57,VITE,PHAQ,,,,,,,,,S,2,0
SMA-11-01,TOKA,TOKA-111,5/25/2022,29,146,NOPLANT,,,LOPEM2,51,PHAQ,BRHO2,VUBR,,,,,,,,S,,0
SMA-11-01,TOKA,TOKA-111,5/25/2022,30,146,BAPI,RUUR,,NOPLANT,NA,L,,,,,,,,,,S,,0
SMA-11-01,TOKA,TOKA-111,5/25/2022,31,146,NOPLANT,,,PHAQ,51,BRHO2,VITE,LIBI5,VUBR,,,,,,,S,,0
SMA-11-01,TOKA,TOKA-111,5/25/2022,32,146,BAPI,RUUR,,JUNCU,116,L,,,,,,,,,,S,,0
SMA-11-01,TOKA,TOKA-111,5/25/2022,33,146,BAPI,TODI,RUUR,VISA,110,L,,,,,,,,,,S,,0
SMA-11-01,TOKA,TOKA-111,5/25/2022,34,146,NOPLANT,,,PHAQ,35,L,,,,,,,,,,S,,0
SMA-11-01,TOKA,TOKA-111,5/25/2022,35,146,BAPI,RUUR,,NOPLANT,NA,L,,,,,,,,,,S,,0
SMA-11-01,TOKA,TOKA-111,5/25/2022,36,146,BAPI,RUUR,,NOPLANT,NA,L,,,,,,,,,,S,,0
SMA-11-01,TOKA,TOKA-111,5/25/2022,37,146,BAPI,RUUR,,NOPLANT,NA,L,,,,,,,,,,S,,0
SMA-11-01,TOKA,TOKA-111,5/25/2022,38,146,BAPI,RUUR,,BRDI2,30,L,,,,,,,,,,S,,0
SMA-11-01,TOKA,TOKA-111,5/25/2022,39,146,BAPI,RUUR,,BRDI2,23,L,,,,,,,,,,S,,0
SMA-11-01,TOKA,TOKA-111,5/25/2022,40,146,NOPLANT,,,BRDI2,86,BRDI2,2GA,,,,,,,,,S,2,0
SMA-11-01,TOKA,TOKA-111,5/25/2022,41,146,NOPLANT,,,PHAQ,60,BRDI2,PLLA,L,,,,,,,,S,,0
SMA-11-01,TOKA,TOKA-111,5/25/2022,42,146,QUAG,,,PHAQ,31,L,,,,,,,,,,S,,0
SMA-11-01,TOKA,TOKA-111,5/25/2022,43,146,QUAG,,,VISA,24,BRDI2,L,,,,,,,,,S,,0
SMA-11-01,TOKA,TOKA-111,5/25/2022,44,146,QUAG,,,PHAQ,60,PLLA,L,,,,,,,,,S,,0
SMA-11-01,TOKA,TOKA-111,5/25/2022,45,146,NOPLANT,,,AVBA,71,BRDI2,L,,,,,,,,,S,,0
SMA-11-01,TOKA,TOKA-111,5/25/2022,46,146,NOPLANT,,,PHAQ,67,LOPEM2,LIBI5,L,,,,,,,,S,,0
SMA-11-01,TOKA,TOKA-111,5/25/2022,47,146,BAPI,RUUR,,PHAQ,88,VISA,BRDI2,PHAQ,,,,,,,,S,3,0
SMA-11-01,TOKA,TOKA-111,5/25/2022,48,146,BAPI,,,BRDI2,7,2GA,,,,,,,,,,S,1,0
SMA-11-01,TOKA,TOKA-111,5/25/2022,49,146,NOPLANT,,,NAPU4,51,LIBI5,PLLA,2GA,,,,,,,,S,3,0
SMA-11-01,TOKA,TOKA-111,5/25/2022,50,146,NOPLANT,,,NAPU4,25,LOPEM2,BRHO2,BRDI2,2GA,,,,,,,S,4,0
SMA-11-01,TOKA,TOKA-115,5/25/2016,1,129,,,,BRHO2,14,VUMY,,,,,,,,,,R,,0
SMA-11-01,TOKA,TOKA-115,5/25/2016,2,129,,,,PLLA,3,,,,,,,,,,,R,,0
SMA-11-01,TOKA,TOKA-115,5/25/2016,3,129,,,,VUMY,10,LOGA2,,,,,,,,,,R,,0
SMA-11-01,TOKA,TOKA-115,5/25/2016,4,129,,,,BRDI2,13,VUMY,,,,,,,,,,R,,0
SMA-11-01,TOKA,TOKA-115,5/25/2016,5,129,,,,BRHO2,28,VUMY,,,,,,,,,,R,,0
SMA-11-01,TOKA,TOKA-115,5/25/2016,6,129,,,,BRDI2,20,,,,,,,,,,,R,,0
SMA-11-01,TOKA,TOKA-115,5/25/2016,7,129,,,,BRDI2,6,PLLA,,,,,,,,,,R,,0
SMA-11-01,TOKA,TOKA-115,5/25/2016,8,129,,,,BRDI2,23,VUMY,,,,,,,,,,S,,0
SMA-11-01,TOKA,TOKA-115,5/25/2016,9,129,,,,PLLA,32,VUMY,,,,,,,,,,S,,0
SMA-11-01,TOKA,TOKA-115,5/25/2016,10,129,,,,VUMY,10,PLLA,,,,,,,,,,R,,0
SMA-11-01,TOKA,TOKA-115,5/25/2016,11,129,,,,PLLA,23,BRDI2,,,,,,,,,,R,,0
SMA-11-01,TOKA,TOKA-115,5/25/2016,12,129,,,,BRDI2,21,VUMY,,,,,,,,,,R,,0
SMA-11-01,TOKA,TOKA-115,5/25/2016,13,129,,,,VUMY,21,PLLA,ANAR,,,,,,,,,S,,0
SMA-11-01,TOKA,TOKA-115,5/25/2016,14,129,,,,VUMY,11,PLLA,,,,,,,,,,R,,0
SMA-11-01,TOKA,TOKA-115,5/25/2016,15,129,,,,PLLA,15,BRDI2,,,,,,,,,,M,,0
SMA-11-01,TOKA,TOKA-115,5/25/2016,16,129,,,,BRHO2,25,BRDI2,,,,,,,,,,S,,0
SMA-11-01,TOKA,TOKA-115,5/25/2016,17,129,,,,PLLA,19,VUMY,L,,,,,,,,,S,,0
SMA-11-01,TOKA,TOKA-115,5/25/2016,18,129,,,,BRHO2,24,VUMY,L,,,,,,,,,R,,0
SMA-11-01,TOKA,TOKA-115,5/25/2016,19,129,,,,VUMY,23,AICA,,,,,,,,,,S,,0
SMA-11-01,TOKA,TOKA-115,5/25/2016,20,129,,,,AICA,11,L,,,,,,,,,,S,,0
SMA-11-01,TOKA,TOKA-115,5/25/2016,21,129,,,,VUMY,5,,,,,,,,,,,R,,0
SMA-11-01,TOKA,TOKA-115,5/25/2016,22,129,,,,VUMY,28,VITE,L,,,,,,,,,S,,0
SMA-11-01,TOKA,TOKA-115,5/25/2016,23,129,,,,VUMY,4,,,,,,,,,,,R,,0
SMA-11-01,TOKA,TOKA-115,5/25/2016,24,129,,,,AICA,23,PLLA,,,,,,,,,,S,,0
SMA-11-01,TOKA,TOKA-115,5/25/2016,25,129,,,,PLLA,25,VUMY,,,,,,,,,,R,,0
SMA-11-01,TOKA,TOKA-115,5/25/2016,26,129,,,,VITE,13,PLLA,,,,,,,,,,R,,0
SMA-11-01,TOKA,TOKA-115,5/25/2016,27,129,,,,BRDI2,20,VUMY,L,,,,,,,,,S,,0
SMA-11-01,TOKA,TOKA-115,5/25/2016,28,129,,,,PLLA,20,AICA,,,,,,,,,,R,,0
SMA-11-01,TOKA,TOKA-115,5/25/2016,29,129,,,,PLLA,21,ESCA2,,,,,,,,,,R,,0
SMA-11-01,TOKA,TOKA-115,5/25/2016,30,129,,,,VUMY,3,DACA3,,,,,,,,,,R,,0
SMA-11-01,TOKA,TOKA-115,5/25/2016,31,129,,,,VUMY,12,,,,,,,,,,,R,,0
SMA-11-01,TOKA,TOKA-115,5/25/2016,32,129,,,,BRDI2,9,,,,,,,,,,,R,,0
SMA-11-01,TOKA,TOKA-115,5/25/2016,33,129,,,,VUMY,16,BRDI2,,,,,,,,,,S,,0
SMA-11-01,TOKA,TOKA-115,5/25/2016,34,129,,,,PLLA,12,TRDU2,L,,,,,,,,,S,,0
SMA-11-01,TOKA,TOKA-115,5/25/2016,35,129,,,,VUMY,21,L,,,,,,,,,,R,,0
SMA-11-01,TOKA,TOKA-115,5/25/2016,36,129,,,,VUMY,23,BRDI2,,,,,,,,,,R,,0
SMA-11-01,TOKA,TOKA-115,5/25/2016,37,129,,,,NOPLANT,0,,,,,,,,,,,R,,0
SMA-11-01,TOKA,TOKA-115,5/25/2016,38,129,,,,PLLA,23,L,,,,,,,,,,R,,0
SMA-11-01,TOKA,TOKA-115,5/25/2016,39,129,,,,BRDI2,16,LOCO6,L,,,,,,,,,R,,0
SMA-11-01,TOKA,TOKA-115,5/25/2016,40,129,,,,LOGA2,10,VUMY,,,,,,,,,,R,,0
SMA-11-01,TOKA,TOKA-115,5/25/2016,41,129,,,,SIBE,16,BRDI2,,,,,,,,,,S,,0
SMA-11-01,TOKA,TOKA-115,5/25/2016,42,129,,,,VUMY,4,,,,,,,,,,,R,,0
SMA-11-01,TOKA,TOKA-115,5/25/2016,43,129,,,,PLLA,26,VUMY,TRDU2,,,,,,,,,R,,0
SMA-11-01,TOKA,TOKA-115,5/25/2016,44,129,,,,WYGL,24,BRDI2,L,,,,,,,,,S,,0
SMA-11-01,TOKA,TOKA-115,5/25/2016,45,129,,,,AVBA,59,ASTERA,VUMY,PLLA,,,,,,,,S,,0
SMA-11-01,TOKA,TOKA-115,5/25/2016,46,129,,,,BRDI3,23,BRDI2,AVBA,,,,,,,,,S,,0
SMA-11-01,TOKA,TOKA-115,5/25/2016,47,129,,,,VUMY,21,L,,,,,,,,,,S,,0
SMA-11-01,TOKA,TOKA-115,5/25/2016,48,129,,,,AVBA,43,LOPEM2,PLLA,,,,,,,,,R,,0
SMA-11-01,TOKA,TOKA-115,5/25/2016,49,129,,,,TRDU2,12,,,,,,,,,,,R,,0
SMA-11-01,TOKA,TOKA-115,5/25/2016,50,129,,,,BRDI2,12,L,,,,,,,,,,R,,0
SMA-11-01,TOKA,TOKA-115,5/25/2016,1,309,,,,AICA,11,M,,,,,,,,,,S,,0
SMA-11-01,TOKA,TOKA-115,5/25/2016,2,309,,,,BRDI2,12,ANAR,L,,,,,,,,,S,,0
SMA-11-01,TOKA,TOKA-115,5/25/2016,3,309,,,,BRDI2,18,L,M,,,,,,,,,R,,0
SMA-11-01,TOKA,TOKA-115,5/25/2016,4,309,,,,BRDI2,10,,,,,,,,,,,R,,0
SMA-11-01,TOKA,TOKA-115,5/25/2016,5,309,,,,VUMY,10,,,,,,,,,,,R,,0
SMA-11-01,TOKA,TOKA-115,5/25/2016,6,309,,,,NOPLANT,0,L,,,,,,,,,,R,,0
SMA-11-01,TOKA,TOKA-115,5/25/2016,7,309,,,,AVBA,90,BRDI2,,,,,,,,,,R,,0
SMA-11-01,TOKA,TOKA-115,5/25/2016,8,309,,,,VUMY,21,,,,,,,,,,,R,,0
SMA-11-01,TOKA,TOKA-115,5/25/2016,9,309,,,,BRDI2,27,PLLA,2PLANT,,,,,,,,,S,,0
SMA-11-01,TOKA,TOKA-115,5/25/2016,10,309,,,,VUMY,19,,,,,,,,,,,S,,0
SMA-11-01,TOKA,TOKA-115,5/25/2016,11,309,,,,VUMY,10,BRDI2,,,,,,,,,,R,,0
SMA-11-01,TOKA,TOKA-115,5/25/2016,12,309,,,,VUMY,18,BRDI2,L,,,,,,,,,R,,0
SMA-11-01,TOKA,TOKA-115,5/25/2016,13,309,,,,NOPLANT,0,L,,,,,,,,,,R,,0
SMA-11-01,TOKA,TOKA-115,5/25/2016,14,309,,,,PLLA,10,L,,,,,,,,,,R,,0
SMA-11-01,TOKA,TOKA-115,5/25/2016,15,309,,,,BRDI2,28,VUMY,L,,,,,,,,,R,,0
SMA-11-01,TOKA,TOKA-115,5/25/2016,16,309,,,,BRDI2,15,L,,,,,,,,,,S,,0
SMA-11-01,TOKA,TOKA-115,5/25/2016,17,309,,,,ANAR,13,BRDI2,L,,,,,,,,,S,,0
SMA-11-01,TOKA,TOKA-115,5/25/2016,18,309,,,,BRDI2,1,L,,,,,,,,,,S,,0
SMA-11-01,TOKA,TOKA-115,5/25/2016,19,309,,,,VUMY,18,L,,,,,,,,,,S,,0
SMA-11-01,TOKA,TOKA-115,5/25/2016,20,309,,,,NOPLANT,0,L,,,,,,,,,,S,,0
SMA-11-01,TOKA,TOKA-115,5/25/2016,21,309,,,,BRDI3,60,CLDO2,WL,,,,,,,,,S,,0
SMA-11-01,TOKA,TOKA-115,5/25/2016,22,309,,,,VITE,37,CLDO2,WL,,,,,,,,,S,,0
SMA-11-01,TOKA,TOKA-115,5/25/2016,23,309,,,,AVBA,0,WL,,,,,,,,,,S,,0
SMA-11-01,TOKA,TOKA-115,5/25/2016,24,309,,,,NOPLANT,0,WL,,,,,,,,,,S,,0
SMA-11-01,TOKA,TOKA-115,5/25/2016,25,309,,,,PTAQ,48,WL,,,,,,,,,,S,,0
SMA-11-01,TOKA,TOKA-115,5/25/2016,26,309,,,,PTAQ,0,WL,,,,,,,,,,S,,0
SMA-11-01,TOKA,TOKA-115,5/25/2016,27,309,,,,PTAQ,18,L,,,,,,,,,,S,,0
SMA-11-01,TOKA,TOKA-115,5/25/2016,28,309,,,,PLLA,48,L,,,,,,,,,,S,,0
SMA-11-01,TOKA,TOKA-115,5/25/2016,29,309,,,,PLLA,51,PTAQ,L,,,,,,,,,S,,0
SMA-11-01,TOKA,TOKA-115,5/25/2016,30,309,,,,NOPLANT,0,,,,,,,,,,,R,,0
SMA-11-01,TOKA,TOKA-115,5/25/2016,31,309,,,,BRDI3,18,BRDI2,,,,,,,,,,R,,0
SMA-11-01,TOKA,TOKA-115,5/25/2016,32,309,,,,NOPLANT,0,,,,,,,,,,,R,,0
SMA-11-01,TOKA,TOKA-115,5/25/2016,33,309,,,,NOPLANT,0,,,,,,,,,,,R,,0
SMA-11-01,TOKA,TOKA-115,5/25/2016,34,309,,,,NOPLANT,0,,,,,,,,,,,R,,0
SMA-11-01,TOKA,TOKA-115,5/25/2016,35,309,,,,NOPLANT,0,,,,,,,,,,,R,,0
SMA-11-01,TOKA,TOKA-115,5/25/2016,36,309,,,,NOPLANT,0,,,,,,,,,,,R,,0
SMA-11-01,TOKA,TOKA-115,5/25/2016,37,309,,,,,NA,,,,,,,,,,,,,0
SMA-11-01,TOKA,TOKA-115,5/25/2016,38,309,,,,,NA,,,,,,,,,,,,,0
SMA-11-01,TOKA,TOKA-115,5/25/2016,39,309,,,,,NA,,,,,,,,,,,,,0
SMA-11-01,TOKA,TOKA-115,5/25/2016,40,309,,,,,NA,,,,,,,,,,,,,0
SMA-11-01,TOKA,TOKA-115,5/25/2016,41,309,,,,,NA,,,,,,,,,,,,,0
SMA-11-01,TOKA,TOKA-115,5/25/2016,42,309,,,,,NA,,,,,,,,,,,,,0
SMA-11-01,TOKA,TOKA-115,5/25/2016,43,309,,,,,NA,,,,,,,,,,,,,0
SMA-11-01,TOKA,TOKA-115,5/25/2016,44,309,,,,,NA,,,,,,,,,,,,,0
SMA-11-01,TOKA,TOKA-115,5/25/2016,45,309,,,,,NA,,,,,,,,,,,,,0
SMA-11-01,TOKA,TOKA-115,5/25/2016,46,309,,,,,NA,,,,,,,,,,,,,0
SMA-11-01,TOKA,TOKA-115,5/25/2016,47,309,,,,,NA,,,,,,,,,,,,,0
SMA-11-01,TOKA,TOKA-115,5/25/2016,48,309,,,,,NA,,,,,,,,,,,,,0
SMA-11-01,TOKA,TOKA-115,5/25/2016,49,309,,,,,NA,,,,,,,,,,,,,0
SMA-11-01,TOKA,TOKA-115,5/25/2016,50,309,,,,,NA,,,,,,,,,,,,,0
SMA-11-01,TOKA,TOKA-115,6/1/2018,1,129,,,,VUBR,2,L,,,,,,,,,,S,,0
SMA-11-01,TOKA,TOKA-115,6/1/2018,2,129,,,,BRDI2,17,TRDU2,L,,,,,,,,,S,,0
SMA-11-01,TOKA,TOKA-115,6/1/2018,3,129,,,,BRHO2,27,DACA3,2GA,,,,,,,,,S,2,0
SMA-11-01,TOKA,TOKA-115,6/1/2018,4,129,,,,BRDI2,5,HYRA3,L,,,,,,,,,S,,0
SMA-11-01,TOKA,TOKA-115,6/1/2018,5,129,,,,VUBR,10,AICA,2GA,,,,,,,,,S,2,0
SMA-11-01,TOKA,TOKA-115,6/1/2018,6,129,,,,HYRA3,1,L,,,,,,,,,,S,,0
SMA-11-01,TOKA,TOKA-115,6/1/2018,7,129,,,,PLLA,1,L,,,,,,,,,,S,,0
SMA-11-01,TOKA,TOKA-115,6/1/2018,8,129,,,,BRDI2,5,L,,,,,,,,,,S,,0
SMA-11-01,TOKA,TOKA-115,6/1/2018,9,129,,,,VUBR,10,L,,,,,,,,,,S,,0
SMA-11-01,TOKA,TOKA-115,6/1/2018,10,129,,,,VUBR,9,L,,,,,,,,,,S,,0
SMA-11-01,TOKA,TOKA-115,6/1/2018,11,129,,,,VUBR,19,2GA,,,,,,,,,,S,1,0
SMA-11-01,TOKA,TOKA-115,6/1/2018,12,129,,,,PLLA,5,L,,,,,,,,,,S,,0
SMA-11-01,TOKA,TOKA-115,6/1/2018,13,129,,,,PLLA,22,BRDI2,L,,,,,,,,,S,,0
SMA-11-01,TOKA,TOKA-115,6/1/2018,14,129,,,,VUBR,18,BRDI2,LOGA2,PLLA,L,,,,,,,S,,0
SMA-11-01,TOKA,TOKA-115,6/1/2018,15,129,,,,VUBR,4,L,,,,,,,,,,S,,0
SMA-11-01,TOKA,TOKA-115,6/1/2018,16,129,,,,BRDI2,4,VUBR,L,,,,,,,,,S,,0
SMA-11-01,TOKA,TOKA-115,6/1/2018,17,129,BAPI,,,BRHO2,14,VUBR,L,,,,,,,,,S,,0
SMA-11-01,TOKA,TOKA-115,6/1/2018,18,129,,,,BRDI2,14,VUBR,L,,,,,,,,,S,,0
SMA-11-01,TOKA,TOKA-115,6/1/2018,19,129,,,,PLLA,10,VUBR,L,,,,,,,,,S,,0
SMA-11-01,TOKA,TOKA-115,6/1/2018,20,129,,,,PLLA,1,L,,,,,,,,,,S,,0
SMA-11-01,TOKA,TOKA-115,6/1/2018,21,129,,,,RUUR,8,VUBR,L,,,,,,,,,S,,0
SMA-11-01,TOKA,TOKA-115,6/1/2018,22,129,,,,AICA,11,L,,,,,,,,,,S,,0
SMA-11-01,TOKA,TOKA-115,6/1/2018,23,129,,,,SIBE,6,VUBR,L,,,,,,,,,S,,0
SMA-11-01,TOKA,TOKA-115,6/1/2018,24,129,,,,PLLA,30,BRDI2,DACA3,VUBR,L,,,,,,,S,,0
SMA-11-01,TOKA,TOKA-115,6/1/2018,25,129,,,,PLLA,21,BRDI2,L,,,,,,,,,S,,0
SMA-11-01,TOKA,TOKA-115,6/1/2018,26,129,,,,PLLA,9,L,,,,,,,,,,S,,0
SMA-11-01,TOKA,TOKA-115,6/1/2018,27,129,BAPI,,,BRDI2,14,2GA,,,,,,,,,,S,1,0
SMA-11-01,TOKA,TOKA-115,6/1/2018,28,129,,,,HYRA3,10,VUBR,LOHU2,L,,,,,,,,S,,0
SMA-11-01,TOKA,TOKA-115,6/1/2018,29,129,,,,BRDI2,16,VUBR,L,,,,,,,,,S,,0
SMA-11-01,TOKA,TOKA-115,6/1/2018,30,129,,,,BRDI2,2,L,,,,,,,,,,S,,0
SMA-11-01,TOKA,TOKA-115,6/1/2018,31,129,,,,VUBR,7,PLLA,L,,,,,,,,,S,,0
SMA-11-01,TOKA,TOKA-115,6/1/2018,32,129,,,,PLLA,6,BRDI2,WL,L,,,,,,,,S,,0
SMA-11-01,TOKA,TOKA-115,6/1/2018,33,129,,,,BRDI2,4,HYRA3,L,,,,,,,,,S,,0
SMA-11-01,TOKA,TOKA-115,6/1/2018,34,129,,,,PLLA,25,VUBR,L,,,,,,,,,S,,0
SMA-11-01,TOKA,TOKA-115,6/1/2018,35,129,,,,PLLA,15,L,,,,,,,,,,S,,0
SMA-11-01,TOKA,TOKA-115,6/1/2018,36,129,,,,BRDI2,25,2GA,,,,,,,,,,S,1,0
SMA-11-01,TOKA,TOKA-115,6/1/2018,37,129,,,,PLLA,19,BRDI2,2GA,,,,,,,,,S,2,0
SMA-11-01,TOKA,TOKA-115,6/1/2018,38,129,,,,BRDI2,25,VUBR,L,,,,,,,,,S,,0
SMA-11-01,TOKA,TOKA-115,6/1/2018,39,129,,,,BRDI2,3,,,,,,,,,,,S,,0
SMA-11-01,TOKA,TOKA-115,6/1/2018,40,129,,,,BRDI2,26,L,,,,,,,,,,S,,0
SMA-11-01,TOKA,TOKA-115,6/1/2018,41,129,,,,BRDI2,19,LIBI5,L,,,,,,,,,S,,0
SMA-11-01,TOKA,TOKA-115,6/1/2018,42,129,,,,VUBR,14,BRDI2,PLLA,L,,,,,,,,S,,0
SMA-11-01,TOKA,TOKA-115,6/1/2018,43,129,,,,BRDI2,4,,,,,,,,,,,S,,0
SMA-11-01,TOKA,TOKA-115,6/1/2018,44,129,,,,TRDU2,11,PLLA,2GA,,,,,,,,,S,2,0
SMA-11-01,TOKA,TOKA-115,6/1/2018,45,129,,,,BRCA6,35,LIBI5,BRDI2,TRDU2,2GA,,,,,,,S,4,0
SMA-11-01,TOKA,TOKA-115,6/1/2018,46,129,,,,BRDI2,27,2GA,,,,,,,,,,S,1,0
SMA-11-01,TOKA,TOKA-115,6/1/2018,47,129,,,,PLLA,25,L,,,,,,,,,,S,,0
SMA-11-01,TOKA,TOKA-115,6/1/2018,48,129,BAPI,,,BRDI2,22,L,,,,,,,,,,S,,0
SMA-11-01,TOKA,TOKA-115,6/1/2018,49,129,BAPI,,,RUUR,20,VITE,PLLA,BRDI2,L,,,,,,,S,,0
SMA-11-01,TOKA,TOKA-115,6/1/2018,50,129,BAPI,,,BRDI2,26,RUUR,L,,,,,,,,,S,,0
SMA-11-01,TOKA,TOKA-115,6/1/2018,1,309,,,,VUBR,14,BRHO2,TRDU2,L,,,,,,,,S,,0
SMA-11-01,TOKA,TOKA-115,6/1/2018,2,309,,,,MAEX,4,L,,,,,,,,,,S,,0
SMA-11-01,TOKA,TOKA-115,6/1/2018,3,309,,,,BRDI2,7,HYRA3,L,,,,,,,,,S,,0
SMA-11-01,TOKA,TOKA-115,6/1/2018,4,309,,,,HYRA3,14,LIBI5,BRDI2,2GA,,,,,,,,S,3,0
SMA-11-01,TOKA,TOKA-115,6/1/2018,5,309,,,,BRDI2,10,2GA,,,,,,,,,,S,1,0
SMA-11-01,TOKA,TOKA-115,6/1/2018,6,309,,,,BRDI2,10,2GA,,,,,,,,,,S,1,0
SMA-11-01,TOKA,TOKA-115,6/1/2018,7,309,,,,2GA,2,,,,,,,,,,,S,,1
SMA-11-01,TOKA,TOKA-115,6/1/2018,8,309,,,,BRDI2,23,VITE,HYRA3,L,,,,,,,,S,,0
SMA-11-01,TOKA,TOKA-115,6/1/2018,9,309,,,,VITE,9,VUBR,HYRA3,L,,,,,,,,S,,0
SMA-11-01,TOKA,TOKA-115,6/1/2018,10,309,,,,BRDI2,23,VITE,HYRA3,L,,,,,,,,S,,0
SMA-11-01,TOKA,TOKA-115,6/1/2018,11,309,,,,BRDI2,10,HYRA3,2GA,,,,,,,,,,2,0
SMA-11-01,TOKA,TOKA-115,6/1/2018,12,309,,,,BRDI2,9,2GA,,,,,,,,,,S,1,0
SMA-11-01,TOKA,TOKA-115,6/1/2018,13,309,,,,BRDI2,9,L,,,,,,,,,,S,,0
SMA-11-01,TOKA,TOKA-115,6/1/2018,14,309,,,,VUBR,14,BRDI2,2GA,,,,,,,,,S,2,0
SMA-11-01,TOKA,TOKA-115,6/1/2018,15,309,,,,BRHO2,23,VUBR,VITE,AICA,HYRA3,L,,,,,,S,,0
SMA-11-01,TOKA,TOKA-115,6/1/2018,16,309,,,,VUBR,10,LUCO6,AICA,HYRA3,L,,,,,,,S,,0
SMA-11-01,TOKA,TOKA-115,6/1/2018,17,309,,,,LIBI5,15,BRDI2,HYRA3,L,,,,,,,,S,,0
SMA-11-01,TOKA,TOKA-115,6/1/2018,18,309,,,,PLLA,6,BRDI2,L,,,,,,,,,S,,0
SMA-11-01,TOKA,TOKA-115,6/1/2018,19,309,,,,LIBI5,29,BRDI2,RUUR,TRDU2,L,,,,,,,S,,0
SMA-11-01,TOKA,TOKA-115,6/1/2018,20,309,,,,VUBR,15,RUUR,2GA,L,,,,,,,,S,2,0
SMA-11-01,TOKA,TOKA-115,6/1/2018,21,309,,,,RUUR,25,AVBA,VUBR,PLLA,L,,,,,,,S,,0
SMA-11-01,TOKA,TOKA-115,6/1/2018,22,309,PSME,,,VUBR,24,BRDI2,L,,,,,,,,,S,,0
SMA-11-01,TOKA,TOKA-115,6/1/2018,23,309,PSME,,,VUBR,10,2GA,,,,,,,,,,S,1,0
SMA-11-01,TOKA,TOKA-115,6/1/2018,24,309,PSME,,,VUBR,4,L,,,,,,,,,,S,,0
SMA-11-01,TOKA,TOKA-115,6/1/2018,25,309,PSME,BAPI,RUUR,NOPLANT,NA,L,,,,,,,,,,S,,0
SMA-11-01,TOKA,TOKA-115,6/1/2018,26,309,,,,,NA,,,,,,,,,,,,,0
SMA-11-01,TOKA,TOKA-115,6/1/2018,27,309,,,,,NA,,,,,,,,,,,,,0
SMA-11-01,TOKA,TOKA-115,6/1/2018,28,309,,,,,NA,,,,,,,,,,,,,0
SMA-11-01,TOKA,TOKA-115,6/1/2018,29,309,,,,,NA,,,,,,,,,,,,,0
SMA-11-01,TOKA,TOKA-115,6/1/2018,30,309,,,,,NA,,,,,,,,,,,,,0
SMA-11-01,TOKA,TOKA-115,6/1/2018,31,309,,,,,NA,,,,,,,,,,,,,0
SMA-11-01,TOKA,TOKA-115,6/1/2018,32,309,,,,,NA,,,,,,,,,,,,,0
SMA-11-01,TOKA,TOKA-115,6/1/2018,33,309,,,,,NA,,,,,,,,,,,,,0
SMA-11-01,TOKA,TOKA-115,6/1/2018,34,309,,,,,NA,,,,,,,,,,,,,0
SMA-11-01,TOKA,TOKA-115,6/1/2018,35,309,,,,,NA,,,,,,,,,,,,,0
SMA-11-01,TOKA,TOKA-115,6/1/2018,36,309,,,,,NA,,,,,,,,,,,,,0
SMA-11-01,TOKA,TOKA-115,6/1/2018,37,309,,,,,NA,,,,,,,,,,,,,0
SMA-11-01,TOKA,TOKA-115,6/1/2018,38,309,,,,,NA,,,,,,,,,,,,,0
SMA-11-01,TOKA,TOKA-115,6/1/2018,39,309,,,,,NA,,,,,,,,,,,,,0
SMA-11-01,TOKA,TOKA-115,6/1/2018,40,309,,,,,NA,,,,,,,,,,,,,0
SMA-11-01,TOKA,TOKA-115,6/1/2018,41,309,,,,,NA,,,,,,,,,,,,,0
SMA-11-01,TOKA,TOKA-115,6/1/2018,42,309,,,,,NA,,,,,,,,,,,,,0
SMA-11-01,TOKA,TOKA-115,6/1/2018,43,309,,,,,NA,,,,,,,,,,,,,0
SMA-11-01,TOKA,TOKA-115,6/1/2018,44,309,,,,,NA,,,,,,,,,,,,,0
SMA-11-01,TOKA,TOKA-115,6/1/2018,45,309,,,,,NA,,,,,,,,,,,,,0
SMA-11-01,TOKA,TOKA-115,6/1/2018,46,309,,,,,NA,,,,,,,,,,,,,0
SMA-11-01,TOKA,TOKA-115,6/1/2018,47,309,,,,,NA,,,,,,,,,,,,,0
SMA-11-01,TOKA,TOKA-115,6/1/2018,48,309,,,,,NA,,,,,,,,,,,,,0
SMA-11-01,TOKA,TOKA-115,6/1/2018,49,309,,,,,NA,,,,,,,,,,,,,0
SMA-11-01,TOKA,TOKA-115,6/1/2018,50,309,,,,,NA,,,,,,,,,,,,,0
SMA-11-01,TOKA,TOKA-117,5/26/2022,1,270,NOPLANT,,,LOPEM2,25,VIVI,BRHO2,L,,,,,,,,S,,0
SMA-11-01,TOKA,TOKA-117,5/26/2022,2,270,NOPLANT,,,BRHO2,52,LOPEM2,L,,,,,,,,,S,,0
SMA-11-01,TOKA,TOKA-117,5/26/2022,3,270,NOPLANT,,,LOPEM2,76,L,,,,,,,,,,S,,0
SMA-11-01,TOKA,TOKA-117,5/26/2022,4,270,NOPLANT,,,LOPEM2,55,BRHO2,L,,,,,,,,,S,,0
SMA-11-01,TOKA,TOKA-117,5/26/2022,5,270,NOPLANT,,,LOPEM2,43,VIVI,RUCR,L,,,,,,,,S,,0
SMA-11-01,TOKA,TOKA-117,5/26/2022,6,270,NOPLANT,,,LOPEM2,46,L,,,,,,,,,,S,,0
SMA-11-01,TOKA,TOKA-117,5/26/2022,7,270,NOPLANT,,,LOPEM2,55,RUCR,RUUR,L,,,,,,,,S,,0
SMA-11-01,TOKA,TOKA-117,5/26/2022,8,270,NOPLANT,,,LOPEM2,66,L,,,,,,,,,,S,,0
SMA-11-01,TOKA,TOKA-117,5/26/2022,9,270,NOPLANT,,,LOPEM2,61,RUUR,L,,,,,,,,,S,,0
SMA-11-01,TOKA,TOKA-117,5/26/2022,10,270,NOPLANT,,,LOPEM2,55,L,,,,,,,,,,S,,0
SMA-11-01,TOKA,TOKA-117,5/26/2022,11,270,NOPLANT,,,LOPEM2,57,L,,,,,,,,,,S,,0
SMA-11-01,TOKA,TOKA-117,5/26/2022,12,270,NOPLANT,,,LOPEM2,44,VUBR,BRDI2,L,,,,,,,,S,,0
SMA-11-01,TOKA,TOKA-117,5/26/2022,13,270,NOPLANT,,,LOPEM2,67,BRDI2,BRHO2,L,,,,,,,,S,,0
SMA-11-01,TOKA,TOKA-117,5/26/2022,14,270,NOPLANT,,,LOPEM2,57,RUUR,BRDI2,L,,,,,,,,S,,0
SMA-11-01,TOKA,TOKA-117,5/26/2022,15,270,NOPLANT,,,LOPEM2,36,BRDI2,L,,,,,,,,,S,,0
SMA-11-01,TOKA,TOKA-117,5/26/2022,16,270,NOPLANT,,,LOPEM2,26,BRDI2,L,,,,,,,,,S,,0
SMA-11-01,TOKA,TOKA-117,5/26/2022,17,270,NOPLANT,,,LOPEM2,54,BRHO2,RUUR,L,,,,,,,,S,,0
SMA-11-01,TOKA,TOKA-117,5/26/2022,18,270,NOPLANT,,,LOPEM2,41,RUUR,L,,,,,,,,,S,,0
SMA-11-01,TOKA,TOKA-117,5/26/2022,19,270,NOPLANT,,,LOPEM2,40,RUUR,CAPY2,L,,,,,,,,S,,0
SMA-11-01,TOKA,TOKA-117,5/26/2022,20,270,NOPLANT,,,LOPEM2,70,RUUR,L,,,,,,,,,S,,0
SMA-11-01,TOKA,TOKA-117,5/26/2022,21,270,NOPLANT,,,LOPEM2,46,RUUR,L,,,,,,,,,S,,0
SMA-11-01,TOKA,TOKA-117,5/26/2022,22,270,NOPLANT,,,DAGL,58,LOPEM2,BRDI2,RUUR,L,,,,,,,S,,0
SMA-11-01,TOKA,TOKA-117,5/26/2022,23,270,NOPLANT,,,LOPEM2,72,RUUR,L,,,,,,,,,S,,0
SMA-11-01,TOKA,TOKA-117,5/26/2022,24,270,NOPLANT,,,TRITI,69,LOPEM2,RUUR,L,,,,,,,,S,,0
SMA-11-01,TOKA,TOKA-117,5/26/2022,25,270,NOPLANT,,,LOPEM2,56,VISA,BRDI2,L,,,,,,,,S,,0
SMA-11-01,TOKA,TOKA-117,5/26/2022,26,270,NOPLANT,,,TRITI,82,LOPEM2,RUUR,L,,,,,,,,S,,0
SMA-11-01,TOKA,TOKA-117,5/26/2022,27,270,NOPLANT,,,LOPEM2,72,RUUR,L,,,,,,,,,S,,0
SMA-11-01,TOKA,TOKA-117,5/26/2022,28,270,NOPLANT,,,LOPEM2,74,BRDI2,L,,,,,,,,,S,,0
SMA-11-01,TOKA,TOKA-117,5/26/2022,29,270,NOPLANT,,,AVBA,58,LOPEM2,RUUR,L,,,,,,,,S,,0
SMA-11-01,TOKA,TOKA-117,5/26/2022,30,270,NOPLANT,,,LOPEM2,60,BRDI3,BRDI2,L,,,,,,,,S,,0
SMA-11-01,TOKA,TOKA-117,5/26/2022,31,270,NOPLANT,,,LOPEM2,47,BRDI2,L,,,,,,,,,S,,0
SMA-11-01,TOKA,TOKA-117,5/26/2022,32,270,NOPLANT,,,LOPEM2,53,BRDI2,RUUR,L,,,,,,,,S,,0
SMA-11-01,TOKA,TOKA-117,5/26/2022,33,270,NOPLANT,,,BRDI2,20,L,,,,,,,,,,S,,0
SMA-11-01,TOKA,TOKA-117,5/26/2022,34,270,NOPLANT,,,LOPEM2,47,L,,,,,,,,,,S,,0
SMA-11-01,TOKA,TOKA-117,5/26/2022,35,270,NOPLANT,,,LOPEM2,29,RUUR,BRDI2,L,,,,,,,,S,,0
SMA-11-01,TOKA,TOKA-117,5/26/2022,36,270,NOPLANT,,,LOPEM2,60,BRDI2,RUUR,L,,,,,,,,S,,0
SMA-11-01,TOKA,TOKA-117,5/26/2022,37,270,NOPLANT,,,BRDI2,25,L,,,,,,,,,,S,,0
SMA-11-01,TOKA,TOKA-117,5/26/2022,38,270,NOPLANT,,,LOPEM2,45,RUUR,BRDI2,L,,,,,,,,S,,0
SMA-11-01,TOKA,TOKA-117,5/26/2022,39,270,NOPLANT,,,BRDI2,44,LOPEM2,CAPY2,HYRA3,L,,,,,,,S,,0
SMA-11-01,TOKA,TOKA-117,5/26/2022,40,270,NOPLANT,,,BRDI2,38,L,,,,,,,,,,S,,0
SMA-11-01,TOKA,TOKA-117,5/26/2022,41,270,NOPLANT,,,LOPEM2,56,TRAN6,RUUR,L,,,,,,,,S,,0
SMA-11-01,TOKA,TOKA-117,5/26/2022,42,270,NOPLANT,,,BRDI3,54,RUUR,L,,,,,,,,,S,,0
SMA-11-01,TOKA,TOKA-117,5/26/2022,43,270,NOPLANT,,,BRDI2,25,GEDI,L,,,,,,,,,S,,0
SMA-11-01,TOKA,TOKA-117,5/26/2022,44,270,NOPLANT,,,LOPEM2,49,BRDI2,VISA,L,,,,,,,,S,,0
SMA-11-01,TOKA,TOKA-117,5/26/2022,45,270,NOPLANT,,,BRDI3,25,GEDI,L,,,,,,,,,S,,0
SMA-11-01,TOKA,TOKA-117,5/26/2022,46,270,NOPLANT,,,LOPEM2,38,BRDI2,L,,,,,,,,,S,,0
SMA-11-01,TOKA,TOKA-117,5/26/2022,47,270,NOPLANT,,,LOPEM2,74,TRAN6,BRDI2,L,,,,,,,,S,,0
SMA-11-01,TOKA,TOKA-117,5/26/2022,48,270,NOPLANT,,,LOPEM2,45,BRDI2,VISA,RUUR,L,,,,,,,S,,0
SMA-11-01,TOKA,TOKA-117,5/26/2022,49,270,NOPLANT,,,BRDI2,27,AVBA,L,,,,,,,,,S,,0
SMA-11-01,TOKA,TOKA-117,5/26/2022,50,270,NOPLANT,,,BRDI2,25,RUUR,L,,,,,,,,,S,,0
SMA-11-01,TOKA,TOKA-117,5/26/2022,1,90,NOPLANT,,,LOPEM2,34,RUUR,L,,,,,,,,,S,,0
SMA-11-01,TOKA,TOKA-117,5/26/2022,2,90,NOPLANT,,,LOPEM2,61,AVFA,L,,,,,,,,,S,,0
SMA-11-01,TOKA,TOKA-117,5/26/2022,3,90,NOPLANT,,,LOPEM2,71,L,,,,,,,,,,S,,0
SMA-11-01,TOKA,TOKA-117,5/26/2022,4,90,NOPLANT,,,BRMI2,32,LOPEM2,RUUR,L,,,,,,,,S,,0
SMA-11-01,TOKA,TOKA-117,5/26/2022,5,90,NOPLANT,,,LOPEM2,76,SOOL,L,,,,,,,,,S,,0
SMA-11-01,TOKA,TOKA-117,5/26/2022,6,90,NOPLANT,,,LOPEM2,60,BRMI2,L,,,,,,,,,S,,0
SMA-11-01,TOKA,TOKA-117,5/26/2022,7,90,NOPLANT,,,LOPEM2,60,ERCI6,BRMI2,RUUR,L,,,,,,,S,,0
SMA-11-01,TOKA,TOKA-117,5/26/2022,8,90,NOPLANT,,,LOPEM2,50,VUBR,BRMI2,RUUR,L,,,,,,,S,,0
SMA-11-01,TOKA,TOKA-117,5/26/2022,9,90,NOPLANT,,,LOPEM2,40,BRHO2,BRDI2,L,,,,,,,,S,,0
SMA-11-01,TOKA,TOKA-117,5/26/2022,10,90,NOPLANT,,,LOPEM2,60,RUUR,BRMI2,L,,,,,,,,S,,0
SMA-11-01,TOKA,TOKA-117,5/26/2022,11,90,NOPLANT,,,LOPEM2,58,BRDI2,RUUR,L,,,,,,,,S,,0
SMA-11-01,TOKA,TOKA-117,5/26/2022,12,90,NOPLANT,,,LOPEM2,57,L,,,,,,,,,,S,,0
SMA-11-01,TOKA,TOKA-117,5/26/2022,13,90,NOPLANT,,,LOPEM2,60,VUBR,L,,,,,,,,,S,,0
SMA-11-01,TOKA,TOKA-117,5/26/2022,14,90,NOPLANT,,,LIBI5,56,LOPEM2,RUUR,L,,,,,,,,S,,0
SMA-11-01,TOKA,TOKA-117,5/26/2022,15,90,NOPLANT,,,LOPEM2,46,VISA,VUBR,,,,,,,,,S,,0
SMA-11-01,TOKA,TOKA-117,5/26/2022,16,90,NOPLANT,,,LOPEM2,56,VUBR,RUUR,L,,,,,,,,S,,0
SMA-11-01,TOKA,TOKA-117,5/26/2022,17,90,NOPLANT,,,LOPEM2,54,BRMI2,BRHO2,L,,,,,,,,S,,0
SMA-11-01,TOKA,TOKA-117,5/26/2022,18,90,NOPLANT,,,LIBI5,37,AVFA,BRMI2,L,,,,,,,,S,,0
SMA-11-01,TOKA,TOKA-117,5/26/2022,19,90,NOPLANT,,,AVFA,21,L,,,,,,,,,,S,,0
SMA-11-01,TOKA,TOKA-117,5/26/2022,20,90,NOPLANT,,,BRHO2,9,VUBR,L,,,,,,,,,S,,0
SMA-11-01,TOKA,TOKA-117,5/26/2022,21,90,,,,,NA,,,,,,,,,,,,,0
SMA-11-01,TOKA,TOKA-117,5/26/2022,22,90,,,,,NA,,,,,,,,,,,,,0
SMA-11-01,TOKA,TOKA-117,5/26/2022,23,90,,,,,NA,,,,,,,,,,,,,0
SMA-11-01,TOKA,TOKA-117,5/26/2022,24,90,,,,,NA,,,,,,,,,,,,,0
SMA-11-01,TOKA,TOKA-117,5/26/2022,25,90,,,,,NA,,,,,,,,,,,,,0
SMA-11-01,TOKA,TOKA-117,5/26/2022,26,90,,,,,NA,,,,,,,,,,,,,0
SMA-11-01,TOKA,TOKA-117,5/26/2022,27,90,,,,,NA,,,,,,,,,,,,,0
SMA-11-01,TOKA,TOKA-117,5/26/2022,28,90,,,,,NA,,,,,,,,,,,,,0
SMA-11-01,TOKA,TOKA-117,5/26/2022,29,90,,,,,NA,,,,,,,,,,,,,0
SMA-11-01,TOKA,TOKA-117,5/26/2022,30,90,,,,,NA,,,,,,,,,,,,,0
SMA-11-01,TOKA,TOKA-117,5/26/2022,31,90,,,,,NA,,,,,,,,,,,,,0
SMA-11-01,TOKA,TOKA-117,5/26/2022,32,90,,,,,NA,,,,,,,,,,,,,0
SMA-11-01,TOKA,TOKA-117,5/26/2022,33,90,,,,,NA,,,,,,,,,,,,,0
SMA-11-01,TOKA,TOKA-117,5/26/2022,34,90,,,,,NA,,,,,,,,,,,,,0
SMA-11-01,TOKA,TOKA-117,5/26/2022,35,90,,,,,NA,,,,,,,,,,,,,0
SMA-11-01,TOKA,TOKA-117,5/26/2022,36,90,,,,,NA,,,,,,,,,,,,,0
SMA-11-01,TOKA,TOKA-117,5/26/2022,37,90,,,,,NA,,,,,,,,,,,,,0
SMA-11-01,TOKA,TOKA-117,5/26/2022,38,90,,,,,NA,,,,,,,,,,,,,0
SMA-11-01,TOKA,TOKA-117,5/26/2022,39,90,,,,,NA,,,,,,,,,,,,,0
SMA-11-01,TOKA,TOKA-117,5/26/2022,40,90,,,,,NA,,,,,,,,,,,,,0
SMA-11-01,TOKA,TOKA-117,5/26/2022,41,90,,,,,NA,,,,,,,,,,,,,0
SMA-11-01,TOKA,TOKA-117,5/26/2022,42,90,,,,,NA,,,,,,,,,,,,,0
SMA-11-01,TOKA,TOKA-117,5/26/2022,43,90,,,,,NA,,,,,,,,,,,,,0
SMA-11-01,TOKA,TOKA-117,5/26/2022,44,90,,,,,NA,,,,,,,,,,,,,0
SMA-11-01,TOKA,TOKA-117,5/26/2022,45,90,,,,,NA,,,,,,,,,,,,,0
SMA-11-01,TOKA,TOKA-117,5/26/2022,46,90,,,,,NA,,,,,,,,,,,,,0
SMA-11-01,TOKA,TOKA-117,5/26/2022,47,90,,,,,NA,,,,,,,,,,,,,0
SMA-11-01,TOKA,TOKA-117,5/26/2022,48,90,,,,,NA,,,,,,,,,,,,,0
SMA-11-01,TOKA,TOKA-117,5/26/2022,49,90,,,,,NA,,,,,,,,,,,,,0
SMA-11-01,TOKA,TOKA-117,5/26/2022,50,90,,,,,NA,,,,,,,,,,,,,0
SMA-11-01,TOKA,TOKA-119,6/15/2016,1,100,,,,BRDI2,15,COAR4,L,,,,,,,,,S,,0
SMA-11-01,TOKA,TOKA-119,6/15/2016,2,100,,,,NOPLANT,0,L,,,,,,,,,,S,,0
SMA-11-01,TOKA,TOKA-119,6/15/2016,3,100,,,,NOPLANT,0,L,,,,,,,,,,S,,0
SMA-11-01,TOKA,TOKA-119,6/15/2016,4,100,,,,AVBA,80,BRDI2,L,,,,,,,,,S,,0
SMA-11-01,TOKA,TOKA-119,6/15/2016,5,100,,,,NOPLANT,0,L,,,,,,,,,,S,,0
SMA-11-01,TOKA,TOKA-119,6/15/2016,6,100,,,,BRDI2,31,L,,,,,,,,,,S,,0
SMA-11-01,TOKA,TOKA-119,6/15/2016,7,100,,,,NOPLANT,0,L,,,,,,,,,,S,,0
SMA-11-01,TOKA,TOKA-119,6/15/2016,8,100,,,,NOPLANT,0,L,,,,,,,,,,S,,0
SMA-11-01,TOKA,TOKA-119,6/15/2016,9,100,,,,NOPLANT,0,L,,,,,,,,,,S,,0
SMA-11-01,TOKA,TOKA-119,6/15/2016,10,100,,,,BRDI2,8,,,,,,,,,,,S,,0
SMA-11-01,TOKA,TOKA-119,6/15/2016,11,100,,,,NOPLANT,0,,,,,,,,,,,S,,0
SMA-11-01,TOKA,TOKA-119,6/15/2016,12,100,,,,BRDI2,12,CRSE11,,,,,,,,,,S,,0
SMA-11-01,TOKA,TOKA-119,6/15/2016,13,100,,,,BRDI2,20,L,,,,,,,,,,S,,0
SMA-11-01,TOKA,TOKA-119,6/15/2016,14,100,,,,BRDI2,15,,,,,,,,,,,S,,0
SMA-11-01,TOKA,TOKA-119,6/15/2016,15,100,,,,BRDI2,20,,,,,,,,,,,S,,0
SMA-11-01,TOKA,TOKA-119,6/15/2016,16,100,,,,BRDI2,41,L,,,,,,,,,,S,,0
SMA-11-01,TOKA,TOKA-119,6/15/2016,17,100,,,,COMA2,10,BRDI2,L,,,,,,,,,S,,0
SMA-11-01,TOKA,TOKA-119,6/15/2016,18,100,,,,BRDI2,33,L,,,,,,,,,,S,,0
SMA-11-01,TOKA,TOKA-119,6/15/2016,19,100,,,,COMA2,22,BRDI2,L,,,,,,,,,S,,0
SMA-11-01,TOKA,TOKA-119,6/15/2016,20,100,,,,NOPLANT,0,L,,,,,,,,,,S,,0
SMA-11-01,TOKA,TOKA-119,6/15/2016,21,100,,,,COMA2,117,LOPEM2,L,,,,,,,,,S,,0
SMA-11-01,TOKA,TOKA-119,6/15/2016,22,100,,,,COMA2,35,L,,,,,,,,,,S,,0
SMA-11-01,TOKA,TOKA-119,6/15/2016,23,100,,,,COMA2,130,L,,,,,,,,,,S,,0
SMA-11-01,TOKA,TOKA-119,6/15/2016,24,100,,,,COMA2,140,L,,,,,,,,,,S,,0
SMA-11-01,TOKA,TOKA-119,6/15/2016,25,100,,,,COMA2,150,L,,,,,,,,,,S,,0
SMA-11-01,TOKA,TOKA-119,6/15/2016,26,100,,,,COMA2,110,L,,,,,,,,,,S,,0
SMA-11-01,TOKA,TOKA-119,6/15/2016,27,100,,,,COMA2,130,L,,,,,,,,,,S,,0
SMA-11-01,TOKA,TOKA-119,6/15/2016,28,100,,,,COMA2,95,L,,,,,,,,,,S,,0
SMA-11-01,TOKA,TOKA-119,6/15/2016,29,100,,,,COMA2,160,L,,,,,,,,,,S,,0
SMA-11-01,TOKA,TOKA-119,6/15/2016,30,100,,,,COMA2,170,L,,,,,,,,,,S,,0
SMA-11-01,TOKA,TOKA-119,6/15/2016,31,100,,,,COMA2,170,L,,,,,,,,,,S,,0
SMA-11-01,TOKA,TOKA-119,6/15/2016,32,100,,,,COMA2,205,L,,,,,,,,,,S,,0
SMA-11-01,TOKA,TOKA-119,6/15/2016,33,100,,,,COMA2,195,L,,,,,,,,,,S,,0
SMA-11-01,TOKA,TOKA-119,6/15/2016,34,100,,,,COMA2,210,L,,,,,,,,,,S,,0
SMA-11-01,TOKA,TOKA-119,6/15/2016,35,100,,,,COMA2,210,L,,,,,,,,,,S,,0
SMA-11-01,TOKA,TOKA-119,6/15/2016,36,100,,,,COMA2,110,L,,,,,,,,,,S,,0
SMA-11-01,TOKA,TOKA-119,6/15/2016,37,100,,,,COMA2,175,L,,,,,,,,,,S,,0
SMA-11-01,TOKA,TOKA-119,6/15/2016,38,100,,,,COMA2,160,L,,,,,,,,,,S,,0
SMA-11-01,TOKA,TOKA-119,6/15/2016,39,100,,,,COMA2,190,L,,,,,,,,,,S,,0
SMA-11-01,TOKA,TOKA-119,6/15/2016,40,100,,,,COMA2,150,BRDI2,,,,,,,,,,S,,0
SMA-11-01,TOKA,TOKA-119,6/15/2016,41,100,,,,BRDI2,15,CAPY2,,,,,,,,,,S,,0
SMA-11-01,TOKA,TOKA-119,6/15/2016,42,100,,,,BRDI2,20,L,,,,,,,,,,S,,0
SMA-11-01,TOKA,TOKA-119,6/15/2016,43,100,,,,COMA2,75,BRDI2,L,,,,,,,,,S,,0
SMA-11-01,TOKA,TOKA-119,6/15/2016,44,100,,,,BRDI2,19,L,,,,,,,,,,S,,0
SMA-11-01,TOKA,TOKA-119,6/15/2016,45,100,,,,CAPY2,66,BRDI2,L,,,,,,,,,S,,0
SMA-11-01,TOKA,TOKA-119,6/15/2016,46,100,,,,AVBA,84,BRDI2,L,,,,,,,,,S,,0
SMA-11-01,TOKA,TOKA-119,6/15/2016,47,100,,,,BRDI2,5,L,,,,,,,,,,S,,0
SMA-11-01,TOKA,TOKA-119,6/15/2016,48,100,,,,AVBA,50,LOPEM2,BRDI2,L,,,,,,,,S,,0
SMA-11-01,TOKA,TOKA-119,6/15/2016,49,100,,,,PLLA,30,BRDI2,L,,,,,,,,,S,,0
SMA-11-01,TOKA,TOKA-119,6/15/2016,50,100,,,,PLLA,32,LOPEM2,VUMY,,,,,,,,,S,,0
SMA-11-01,TOKA,TOKA-119,6/15/2016,1,280,,,,BRDI2,5,,,,,,,,,,,S,,0
SMA-11-01,TOKA,TOKA-119,6/15/2016,2,280,,,,BRDI2,6,L,,,,,,,,,,S,,0
SMA-11-01,TOKA,TOKA-119,6/15/2016,3,280,,,,NOPLANT,0,L,,,,,,,,,,S,,0
SMA-11-01,TOKA,TOKA-119,6/15/2016,4,280,,,,BRDI2,12,CLDO2,L,,,,,,,,,S,,0
SMA-11-01,TOKA,TOKA-119,6/15/2016,5,280,,,,BRDI2,34,BRMI2,L,,,,,,,,,S,,0
SMA-11-01,TOKA,TOKA-119,6/15/2016,6,280,,,,NOPLANT,0,,,,,,,,,,,WL,,0
SMA-11-01,TOKA,TOKA-119,6/15/2016,7,280,,,,BRDI2,10,,,,,,,,,,,S,,0
SMA-11-01,TOKA,TOKA-119,6/15/2016,8,280,,,,VUMY,8,BRDI2,,,,,,,,,,S,,0
SMA-11-01,TOKA,TOKA-119,6/15/2016,9,280,,,,BRDI2,22,,,,,,,,,,,S,,0
SMA-11-01,TOKA,TOKA-119,6/15/2016,10,280,,,,BRDI2,10,,,,,,,,,,,S,,0
SMA-11-01,TOKA,TOKA-119,6/15/2016,11,280,,,,NOPLANT,0,L,,,,,,,,,,S,,0
SMA-11-01,TOKA,TOKA-119,6/15/2016,12,280,,,,NOPLANT,0,,,,,,,,,,,S,,0
SMA-11-01,TOKA,TOKA-119,6/15/2016,13,280,,,,NOPLANT,0,,,,,,,,,,,S,,0
SMA-11-01,TOKA,TOKA-119,6/15/2016,14,280,,,,SANIC,21,BRDI2,,,,,,,,,,S,,0
SMA-11-01,TOKA,TOKA-119,6/15/2016,15,280,,,,BRDI2,15,CLDO2,,,,,,,,,,S,,0
SMA-11-01,TOKA,TOKA-119,6/15/2016,16,280,,,,SCCA2,37,WL,,,,,,,,,,S,,0
SMA-11-01,TOKA,TOKA-119,6/15/2016,17,280,,,,NOPLANT,0,L,,,,,,,,,,S,,0
SMA-11-01,TOKA,TOKA-119,6/15/2016,18,280,,,,NOPLANT,0,L,,,,,,,,,,S,,0
SMA-11-01,TOKA,TOKA-119,6/15/2016,19,280,,,,BRDI2,30,L,,,,,,,,,,S,,0
SMA-11-01,TOKA,TOKA-119,6/15/2016,20,280,,,,BRDI2,4,,,,,,,,,,,S,,0
SMA-11-01,TOKA,TOKA-119,6/15/2016,21,280,,,,NOPLANT,0,,,,,,,,,,,S,,0
SMA-11-01,TOKA,TOKA-119,6/15/2016,22,280,,,,NOPLANT,0,L,,,,,,,,,,S,,0
SMA-11-01,TOKA,TOKA-119,6/15/2016,23,280,,,,ANAR,5,,,,,,,,,,,S,,0
SMA-11-01,TOKA,TOKA-119,6/15/2016,24,280,,,,BRDI2,10,,,,,,,,,,,S,,0
SMA-11-01,TOKA,TOKA-119,6/15/2016,25,280,,,,WL,0,,,,,,,,,,,S,,0
SMA-11-01,TOKA,TOKA-119,6/15/2016,26,280,,,,NOPLANT,0,L,,,,,,,,,,S,,0
SMA-11-01,TOKA,TOKA-119,6/15/2016,27,280,,,,,NA,,,,,,,,,,,,,0
SMA-11-01,TOKA,TOKA-119,6/15/2016,28,280,,,,,NA,,,,,,,,,,,,,0
SMA-11-01,TOKA,TOKA-119,6/15/2016,29,280,,,,,NA,,,,,,,,,,,,,0
SMA-11-01,TOKA,TOKA-119,6/15/2016,30,280,,,,,NA,,,,,,,,,,,,,0
SMA-11-01,TOKA,TOKA-119,6/15/2016,31,280,,,,,NA,,,,,,,,,,,,,0
SMA-11-01,TOKA,TOKA-119,6/15/2016,32,280,,,,,NA,,,,,,,,,,,,,0
SMA-11-01,TOKA,TOKA-119,6/15/2016,33,280,,,,,NA,,,,,,,,,,,,,0
SMA-11-01,TOKA,TOKA-119,6/15/2016,34,280,,,,,NA,,,,,,,,,,,,,0
SMA-11-01,TOKA,TOKA-119,6/15/2016,35,280,,,,,NA,,,,,,,,,,,,,0
SMA-11-01,TOKA,TOKA-119,6/15/2016,36,280,,,,,NA,,,,,,,,,,,,,0
SMA-11-01,TOKA,TOKA-119,6/15/2016,37,280,,,,,NA,,,,,,,,,,,,,0
SMA-11-01,TOKA,TOKA-119,6/15/2016,38,280,,,,,NA,,,,,,,,,,,,,0
SMA-11-01,TOKA,TOKA-119,6/15/2016,39,280,,,,,NA,,,,,,,,,,,,,0
SMA-11-01,TOKA,TOKA-119,6/15/2016,40,280,,,,,NA,,,,,,,,,,,,,0
SMA-11-01,TOKA,TOKA-119,6/15/2016,41,280,,,,,NA,,,,,,,,,,,,,0
SMA-11-01,TOKA,TOKA-119,6/15/2016,42,280,,,,,NA,,,,,,,,,,,,,0
SMA-11-01,TOKA,TOKA-119,6/15/2016,43,280,,,,,NA,,,,,,,,,,,,,0
SMA-11-01,TOKA,TOKA-119,6/15/2016,44,280,,,,,NA,,,,,,,,,,,,,0
SMA-11-01,TOKA,TOKA-119,6/15/2016,45,280,,,,,NA,,,,,,,,,,,,,0
SMA-11-01,TOKA,TOKA-119,6/15/2016,46,280,,,,,NA,,,,,,,,,,,,,0
SMA-11-01,TOKA,TOKA-119,6/15/2016,47,280,,,,,NA,,,,,,,,,,,,,0
SMA-11-01,TOKA,TOKA-119,6/15/2016,48,280,,,,,NA,,,,,,,,,,,,,0
SMA-11-01,TOKA,TOKA-119,6/15/2016,49,280,,,,,NA,,,,,,,,,,,,,0
SMA-11-01,TOKA,TOKA-119,6/15/2016,50,280,,,,,NA,,,,,,,,,,,,,0
SMA-11-01,TOKA,TOKA-119,4/23/2018,1,280,,,,ANAR,4,SACR2,L,,,,,,,,,S,,0
SMA-11-01,TOKA,TOKA-119,4/23/2018,2,280,,,,VUBR,10,VUBR,L,,,,,,,,,S,1,0
SMA-11-01,TOKA,TOKA-119,4/23/2018,3,280,,,,2GA,9,LIBI5,L,,,,,,,,,S,,1
SMA-11-01,TOKA,TOKA-119,4/23/2018,4,280,BAPI,,,NOPLANT,NA,WL,,,,,,,,,,S,,0
SMA-11-01,TOKA,TOKA-119,4/23/2018,5,280,BAPI,,,PHAQ,15,WL,L,,,,,,,,,S,,0
SMA-11-01,TOKA,TOKA-119,4/23/2018,6,280,BAPI,TODI,,2GA,15,L,,,,,,,,,,S,,0
SMA-11-01,TOKA,TOKA-119,4/23/2018,7,280,,,,NOPLANT,NA,,,,,,,,,,,S,,0
SMA-11-01,TOKA,TOKA-119,4/23/2018,8,280,BAPI,TODI,,2GA,15,L,,,,,,,,,,S,,0
SMA-11-01,TOKA,TOKA-119,4/23/2018,9,280,,BAPI,,BRCA5,18,L,,,,,,,,,,S,,0
SMA-11-01,TOKA,TOKA-119,4/23/2018,10,280,,,,VUBR,24,L,,,,,,,,,,S,,0
SMA-11-01,TOKA,TOKA-119,4/23/2018,11,280,BAPI,RUUR,,NOPLANT,NA,L,,,,,,,,,,S,,0
SMA-11-01,TOKA,TOKA-119,4/23/2018,12,280,BAPI,RUUR,,CLDO2,1,L,,,,,,,,,,S,,0
SMA-11-01,TOKA,TOKA-119,4/23/2018,13,280,BAPI,,,NOPLANT,NA,L,,,,,,,,,,S,,0
SMA-11-01,TOKA,TOKA-119,4/23/2018,14,280,,,,VUBR,7,L,,,,,,,,,,S,,0
SMA-11-01,TOKA,TOKA-119,4/23/2018,15,280,TODI,,,NOPLANT,NA,L,,,,,,,,,,S,,0
SMA-11-01,TOKA,TOKA-119,4/23/2018,16,280,BAPI,,,SACR2,10,L,,,,,,,,,,S,,0
SMA-11-01,TOKA,TOKA-119,4/23/2018,17,280,TODI,,,SACR2,10,L,,,,,,,,,,S,,0
SMA-11-01,TOKA,TOKA-119,4/23/2018,18,280,BAPI,,,2GA,12,2GA,L,,,,,,,,,S,1,0
SMA-11-01,TOKA,TOKA-119,4/23/2018,19,280,BAPI,,,NOPLANT,NA,L,,,,,,,,,,S,,0
SMA-11-01,TOKA,TOKA-119,4/23/2018,20,280,BAPI,,,VUBR,12,OXPE,L,,,,,,,,,S,,0
SMA-11-01,TOKA,TOKA-119,4/23/2018,21,280,BAPI,RUUR,,NOPLANT,NA,L,,,,,,,,,,S,,0
SMA-11-01,TOKA,TOKA-119,4/23/2018,22,280,BAPI,,,BRCA5,10,OXPE,L,,,,,,,,,S,,0
SMA-11-01,TOKA,TOKA-119,4/23/2018,23,280,,,,AVBA,15,OXPE,L,,,,,,,,,S,,0
SMA-11-01,TOKA,TOKA-119,4/23/2018,24,280,,,,BRDI2,14,BRDI3,L,,,,,,,,,S,,0
SMA-11-01,TOKA,TOKA-119,4/23/2018,25,280,,,,COMA2,19,VUBR,WL,L,,,,,,,,S,,0
SMA-11-01,TOKA,TOKA-119,4/23/2018,26,280,,,,COMA2,8,,,,,,,,,,,S,,0
SMA-11-01,TOKA,TOKA-119,4/23/2018,27,280,,,,SIMA3,15,RUUR,COMA2,L,,,,,,,,S,,0
SMA-11-01,TOKA,TOKA-119,4/23/2018,28,280,,,,COMA2,20,,,,,,,,,,,S,,0
SMA-11-01,TOKA,TOKA-119,4/23/2018,29,280,,,,SIMA3,15,,,,,,,,,,,SIMA3,,0
SMA-11-01,TOKA,TOKA-119,4/23/2018,30,280,,,,SIMA3,34,COMA2,L,,,,,,,,,S,,0
SMA-11-01,TOKA,TOKA-119,4/23/2018,31,280,,,,SIMA3,20,COMA2,L,,,,,,,,,S,,0
SMA-11-01,TOKA,TOKA-119,4/23/2018,32,280,,,,SIMA3,39,L,,,,,,,,,,S,,0
SMA-11-01,TOKA,TOKA-119,4/23/2018,33,280,,,,COMA2,4,L,,,,,,,,,,S,,1
SMA-11-01,TOKA,TOKA-119,4/23/2018,34,280,,,,COMA2,49,L,,,,,,,,,,S,,0
SMA-11-01,TOKA,TOKA-119,4/23/2018,35,280,,,,SIMA3,71,COMA2,L,,,,,,,,,S,,0
SMA-11-01,TOKA,TOKA-119,4/23/2018,36,280,,,,COMA2,79,L,,,,,,,,,,S,,0
SMA-11-01,TOKA,TOKA-119,4/23/2018,37,280,,,,SIMA3,60,L,,,,,,,,,,S,,0
SMA-11-01,TOKA,TOKA-119,4/23/2018,38,280,,,,SIMA3,15,L,,,,,,,,,,S,,0
SMA-11-01,TOKA,TOKA-119,4/23/2018,39,280,,,,SIMA3,53,L,,,,,,,,,,S,,0
SMA-11-01,TOKA,TOKA-119,4/23/2018,40,280,,,,SIMA3,35,L,,,,,,,,,,S,,0
SMA-11-01,TOKA,TOKA-119,4/23/2018,41,280,,,,SIMA3,71,COMA2,L,,,,,,,,,S,,0
SMA-11-01,TOKA,TOKA-119,4/23/2018,42,280,,,,COMA2,40,CAPY2,L,,,,,,,,,S,,0
SMA-11-01,TOKA,TOKA-119,4/23/2018,43,280,,,,COMA2,53,L,,,,,,,,,,S,,0
SMA-11-01,TOKA,TOKA-119,4/23/2018,44,280,,,,COMA2,85,CAPY2,L,,,,,,,,,S,,0
SMA-11-01,TOKA,TOKA-119,4/23/2018,45,280,,,,COMA2,73,CAPY2,L,,,,,,,,,S,,0
SMA-11-01,TOKA,TOKA-119,4/23/2018,46,280,,,,BRCA5,45,COMA2,L,,,,,,,,,S,,0
SMA-11-01,TOKA,TOKA-119,4/23/2018,47,280,,,,COMA2,53,BRCA5,L,,,,,,,,,S,,0
SMA-11-01,TOKA,TOKA-119,4/23/2018,48,280,,,,COMA2,43,OXPE,,,,,,,,,,S,,0
SMA-11-01,TOKA,TOKA-119,4/23/2018,49,280,,,,BRDI3,25,VUBR,L,,,,,,,,,S,,0
SMA-11-01,TOKA,TOKA-119,4/23/2018,50,280,,,,VUBR,22,RUUR,BRDI3,L,,,,,,,,S,,0
SMA-11-01,TOKA,TOKA-119,4/23/2018,1,100,,,,,NA,,,,,,,,,,,,,0
SMA-11-01,TOKA,TOKA-119,4/23/2018,2,100,,,,,NA,,,,,,,,,,,,,0
SMA-11-01,TOKA,TOKA-119,4/23/2018,3,100,,,,,NA,,,,,,,,,,,,,0
SMA-11-01,TOKA,TOKA-119,4/23/2018,4,100,,,,,NA,,,,,,,,,,,,,0
SMA-11-01,TOKA,TOKA-119,4/23/2018,5,100,,,,,NA,,,,,,,,,,,,,0
SMA-11-01,TOKA,TOKA-119,4/23/2018,6,100,,,,,NA,,,,,,,,,,,,,0
SMA-11-01,TOKA,TOKA-119,4/23/2018,7,100,,,,,NA,,,,,,,,,,,,,0
SMA-11-01,TOKA,TOKA-119,4/23/2018,8,100,,,,,NA,,,,,,,,,,,,,0
SMA-11-01,TOKA,TOKA-119,4/23/2018,9,100,,,,,NA,,,,,,,,,,,,,0
SMA-11-01,TOKA,TOKA-119,4/23/2018,10,100,,,,,NA,,,,,,,,,,,,,0
SMA-11-01,TOKA,TOKA-119,4/23/2018,11,100,,,,,NA,,,,,,,,,,,,,0
SMA-11-01,TOKA,TOKA-119,4/23/2018,12,100,,,,,NA,,,,,,,,,,,,,0
SMA-11-01,TOKA,TOKA-119,4/23/2018,13,100,,,,,NA,,,,,,,,,,,,,0
SMA-11-01,TOKA,TOKA-119,4/23/2018,14,100,,,,,NA,,,,,,,,,,,,,0
SMA-11-01,TOKA,TOKA-119,4/23/2018,15,100,,,,,NA,,,,,,,,,,,,,0
SMA-11-01,TOKA,TOKA-119,4/23/2018,16,100,,,,,NA,,,,,,,,,,,,,0
SMA-11-01,TOKA,TOKA-119,4/23/2018,17,100,,,,,NA,,,,,,,,,,,,,0
SMA-11-01,TOKA,TOKA-119,4/23/2018,18,100,,,,,NA,,,,,,,,,,,,,0
SMA-11-01,TOKA,TOKA-119,4/23/2018,19,100,,,,,NA,,,,,,,,,,,,,0
SMA-11-01,TOKA,TOKA-119,4/23/2018,20,100,,,,,NA,,,,,,,,,,,,,0
SMA-11-01,TOKA,TOKA-119,4/23/2018,21,100,,,,,NA,,,,,,,,,,,,,0
SMA-11-01,TOKA,TOKA-119,4/23/2018,22,100,,,,,NA,,,,,,,,,,,,,0
SMA-11-01,TOKA,TOKA-119,4/23/2018,23,100,,,,,NA,,,,,,,,,,,,,0
SMA-11-01,TOKA,TOKA-119,4/23/2018,24,100,,,,,NA,,,,,,,,,,,,,0
SMA-11-01,TOKA,TOKA-119,4/23/2018,25,100,,,,,NA,,,,,,,,,,,,,0
SMA-11-01,TOKA,TOKA-119,4/23/2018,26,100,,,,,NA,,,,,,,,,,,,,0
SMA-11-01,TOKA,TOKA-119,4/23/2018,27,100,,,,,NA,,,,,,,,,,,,,0
SMA-11-01,TOKA,TOKA-119,4/23/2018,28,100,,,,,NA,,,,,,,,,,,,,0
SMA-11-01,TOKA,TOKA-119,4/23/2018,29,100,,,,,NA,,,,,,,,,,,,,0
SMA-11-01,TOKA,TOKA-119,4/23/2018,30,100,,,,,NA,,,,,,,,,,,,,0
SMA-11-01,TOKA,TOKA-119,4/23/2018,31,100,,,,,NA,,,,,,,,,,,,,0
SMA-11-01,TOKA,TOKA-119,4/23/2018,32,100,,,,,NA,,,,,,,,,,,,,0
SMA-11-01,TOKA,TOKA-119,4/23/2018,33,100,,,,,NA,,,,,,,,,,,,,0
SMA-11-01,TOKA,TOKA-119,4/23/2018,34,100,,,,,NA,,,,,,,,,,,,,0
SMA-11-01,TOKA,TOKA-119,4/23/2018,35,100,,,,,NA,,,,,,,,,,,,,0
SMA-11-01,TOKA,TOKA-119,4/23/2018,36,100,,,,,NA,,,,,,,,,,,,,0
SMA-11-01,TOKA,TOKA-119,4/23/2018,37,100,,,,,NA,,,,,,,,,,,,,0
SMA-11-01,TOKA,TOKA-119,4/23/2018,38,100,,,,,NA,,,,,,,,,,,,,0
SMA-11-01,TOKA,TOKA-119,4/23/2018,39,100,,,,,NA,,,,,,,,,,,,,0
SMA-11-01,TOKA,TOKA-119,4/23/2018,40,100,,,,,NA,,,,,,,,,,,,,0
SMA-11-01,TOKA,TOKA-119,4/23/2018,41,100,,,,,NA,,,,,,,,,,,,,0
SMA-11-01,TOKA,TOKA-119,4/23/2018,42,100,,,,,NA,,,,,,,,,,,,,0
SMA-11-01,TOKA,TOKA-119,4/23/2018,43,100,,,,,NA,,,,,,,,,,,,,0
SMA-11-01,TOKA,TOKA-119,4/23/2018,44,100,,,,,NA,,,,,,,,,,,,,0
SMA-11-01,TOKA,TOKA-119,4/23/2018,45,100,,,,,NA,,,,,,,,,,,,,0
SMA-11-01,TOKA,TOKA-119,4/23/2018,46,100,,,,,NA,,,,,,,,,,,,,0
SMA-11-01,TOKA,TOKA-119,4/23/2018,47,100,,,,,NA,,,,,,,,,,,,,0
SMA-11-01,TOKA,TOKA-119,4/23/2018,48,100,,,,,NA,,,,,,,,,,,,,0
SMA-11-01,TOKA,TOKA-119,4/23/2018,49,100,,,,,NA,,,,,,,,,,,,,0
SMA-11-01,TOKA,TOKA-119,4/23/2018,50,100,,,,,NA,,,,,,,,,,,,,0
SMA-11-01,TOKA,TOKA-126,6/14/2016,1,236,,,,CAPY2,61,LOPEM2,L,,,,,,,,,S,,0
SMA-11-01,TOKA,TOKA-126,6/14/2016,2,236,,,,BRDI3,50,LOPEM2,BRDI2,2LTR,,,,,,,,S,,0
SMA-11-01,TOKA,TOKA-126,6/14/2016,3,236,,,,CAPY2,93,BRDI2,L,,,,,,,,,S,,0
SMA-11-01,TOKA,TOKA-126,6/14/2016,4,236,,,,AVBA,90,CAPY2,LOPEM2,BRDI2,,,,,,,,S,,0
SMA-11-01,TOKA,TOKA-126,6/14/2016,5,236,,,,AVBA,50,LOPEM2,CAPY2,BRDI2,2LTR,,,,,,,S,,0
SMA-11-01,TOKA,TOKA-126,6/14/2016,6,236,,,,AVBA,49,LOPEM2,HOMA2,2LTR,,,,,,,,S,,0
SMA-11-01,TOKA,TOKA-126,6/14/2016,7,236,,,,NOPLANT,NA,,,,,,,,,,,S,,0
SMA-11-01,TOKA,TOKA-126,6/14/2016,8,236,,,,NOPLANT,NA,L,,,,,,,,,,S,,0
SMA-11-01,TOKA,TOKA-126,6/14/2016,9,236,,,,NAPU4,42,LOPEM2,BRDI2,2LTR,,,,,,,,S,,0
SMA-11-01,TOKA,TOKA-126,6/14/2016,10,236,,,,AVBA,58,BRDI2,L,,,,,,,,,S,,0
SMA-11-01,TOKA,TOKA-126,6/14/2016,11,236,,,,NAPU4,37,BRDI2,L,,,,,,,,,S,,0
SMA-11-01,TOKA,TOKA-126,6/14/2016,12,236,,,,NAPU4,21,2FORB,L,,,,,,,,,S,,0
SMA-11-01,TOKA,TOKA-126,6/14/2016,13,236,,,,NAPU4,37,BRDI2,L,,,,,,,,,S,,0
SMA-11-01,TOKA,TOKA-126,6/14/2016,14,236,,,,AVBA,103,BRDI2,,,,,,,,,,S,,0
SMA-11-01,TOKA,TOKA-126,6/14/2016,15,236,,,,NAPU4,10,BRDI2,,,,,,,,,,S,,0
SMA-11-01,TOKA,TOKA-126,6/14/2016,16,236,,,,AVBA,42,,,,,,,,,,,S,,0
SMA-11-01,TOKA,TOKA-126,6/14/2016,17,236,,,,AVBA,82,VUBR,,,,,,,,,,S,,0
SMA-11-01,TOKA,TOKA-126,6/14/2016,18,236,,,,BRDI2,11,,,,,,,,,,,S,,0
SMA-11-01,TOKA,TOKA-126,6/14/2016,19,236,,,,NAPU4,9,BRDI2,,,,,,,,,,S,,0
SMA-11-01,TOKA,TOKA-126,6/14/2016,20,236,,,,AVBA,55,BRDI2,,,,,,,,,,S,,0
SMA-11-01,TOKA,TOKA-126,6/14/2016,21,236,,,,NOPLANT,NA,,,,,,,,,,,S,,0
SMA-11-01,TOKA,TOKA-126,6/14/2016,22,236,,,,NAPU4,37,BRDI2,,,,,,,,,,S,,0
SMA-11-01,TOKA,TOKA-126,6/14/2016,23,236,,,,AVBA,65,,,,,,,,,,,S,,0
SMA-11-01,TOKA,TOKA-126,6/14/2016,24,236,,,,AVBA,53,BRDI2,,,,,,,,,,S,,0
SMA-11-01,TOKA,TOKA-126,6/14/2016,25,236,,,,AVBA,35,BRDI2,L,,,,,,,,,S,,0
SMA-11-01,TOKA,TOKA-126,6/14/2016,26,236,,,,AVBA,94,BRDI2,L,,,,,,,,,S,,0
SMA-11-01,TOKA,TOKA-126,6/14/2016,27,236,,,,AVBA,32,BRDI2,L,,,,,,,,,S,,0
SMA-11-01,TOKA,TOKA-126,6/14/2016,28,236,,,,AVBA,103,L,,,,,,,,,,S,,0
SMA-11-01,TOKA,TOKA-126,6/14/2016,29,236,,,,AVBA,70,BRDI2,L,,,,,,,,,S,,0
SMA-11-01,TOKA,TOKA-126,6/14/2016,30,236,,,,AVBA,120,CAPY2,LOPEM2,2LTR,,,,,,,,S,,0
SMA-11-01,TOKA,TOKA-126,6/14/2016,31,236,,,,AVBA,35,LOPEM2,L,,,,,,,,,S,,0
SMA-11-01,TOKA,TOKA-126,6/14/2016,32,236,,,,BAPI,84,TODI,L,,,,,,,,,S,,0
SMA-11-01,TOKA,TOKA-126,6/14/2016,33,236,,,,BAPI,115,TODI,RUUR,,,,,,,,,S,,0
SMA-11-01,TOKA,TOKA-126,6/14/2016,34,236,,,,RUUR,33,L,,,,,,,,,,S,,0
SMA-11-01,TOKA,TOKA-126,6/14/2016,35,236,,,,RUUR,32,BRDI2,L,,,,,,,,,S,,0
SMA-11-01,TOKA,TOKA-126,6/14/2016,36,236,,,,BAPI,50,BRDI2,TODI,2LTR,,,,,,,,S,,0
SMA-11-01,TOKA,TOKA-126,6/14/2016,37,236,,,,BAPI,57,TODI,L,,,,,,,,,S,,0
SMA-11-01,TOKA,TOKA-126,6/14/2016,38,236,,,,BAPI,112,TODI,COMA2,2LTR,,,,,,,,S,,0
SMA-11-01,TOKA,TOKA-126,6/14/2016,39,236,,,,NOPLANT,NA,,,,,,,,,,,S,,0
SMA-11-01,TOKA,TOKA-126,6/14/2016,40,236,,,,BAPI,78,TODI,L,,,,,,,,,S,,0
SMA-11-01,TOKA,TOKA-126,6/14/2016,41,236,,,,BRDI2,12,L,,,,,,,,,,S,,0
SMA-11-01,TOKA,TOKA-126,6/14/2016,42,236,,,,CAPY2,75,BRDI2,L,,,,,,,,,S,,0
SMA-11-01,TOKA,TOKA-126,6/14/2016,43,236,,,,COMA2,125,L,,,,,,,,,,S,,0
SMA-11-01,TOKA,TOKA-126,6/14/2016,44,236,,,,CAPY2,110,RUUR,BRDI2,2LTR,,,,,,,,S,,0
SMA-11-01,TOKA,TOKA-126,6/14/2016,45,236,,,,COMA2,98,CAPY2,L,,,,,,,,,S,,0
SMA-11-01,TOKA,TOKA-126,6/14/2016,46,236,,,,COMA2,42,RUUR,L,,,,,,,,,S,,0
SMA-11-01,TOKA,TOKA-126,6/14/2016,47,236,,,,CAPY2,111,COMA2,BRDI2,2LTR,,,,,,,,S,,0
SMA-11-01,TOKA,TOKA-126,6/14/2016,48,236,,,,LOPEM2,30,RUUR,BRDI2,2LTR,,,,,,,,S,,0
SMA-11-01,TOKA,TOKA-126,6/14/2016,49,236,,,,CAPY2,51,BRDI2,L,,,,,,,,,S,,0
SMA-11-01,TOKA,TOKA-126,6/14/2016,50,236,,,,BRDI2,12,L,,,,,,,,,,S,,0
SMA-11-01,TOKA,TOKA-126,6/14/2016,1,56,,,,CAPY2,42,LOPEM2,VUBR,BRDI2,,,,,,,,S,,0
SMA-11-01,TOKA,TOKA-126,6/14/2016,2,56,,,,PIEC,6,L,,,,,,,,,,S,,0
SMA-11-01,TOKA,TOKA-126,6/14/2016,3,56,,,,BRDI2,16,VUBR,L,,,,,,,,,S,,0
SMA-11-01,TOKA,TOKA-126,6/14/2016,4,56,,,,CAPY2,33,VUBR,L,,,,,,,,,S,,0
SMA-11-01,TOKA,TOKA-126,6/14/2016,5,56,,,,CAPY2,113,TODI,BRDI2,2LTR,,,,,,,,S,,0
SMA-11-01,TOKA,TOKA-126,6/14/2016,6,56,,,,TODI,62,LOMAT,L,,,,,,,,,S,,0
SMA-11-01,TOKA,TOKA-126,6/14/2016,7,56,,,,LOMAT,120,TODI,CAPY2,2LTR,,,,,,,,S,,0
SMA-11-01,TOKA,TOKA-126,6/14/2016,8,56,,,,RUUR,25,BRDI2,,,,,,,,,,S,,0
SMA-11-01,TOKA,TOKA-126,6/14/2016,9,56,,,,VUBR,3,L,,,,,,,,,,S,,0
SMA-11-01,TOKA,TOKA-126,6/14/2016,10,56,,,,NAPU4,31,BRDI2,CAPY2,PIEC,2LTR,,,,,,,S,,0
SMA-11-01,TOKA,TOKA-126,6/14/2016,11,56,,,,LIUS,31,BRDI2,LOPEM2,2LTR,,,,,,,,S,,0
SMA-11-01,TOKA,TOKA-126,6/14/2016,12,56,,,,LOPEM2,16,BRDI2,L,,,,,,,,,S,,0
SMA-11-01,TOKA,TOKA-126,6/14/2016,13,56,,,,LOPEM2,28,BRDI2,L,,,,,,,,,S,,0
SMA-11-01,TOKA,TOKA-126,6/14/2016,14,56,,,,NAPU4,53,LOPEM2,BRDI2,2LTR,,,,,,,,S,,0
SMA-11-01,TOKA,TOKA-126,6/14/2016,15,56,,,,NAPU4,16,BRDI2,L,,,,,,,,,S,,0
SMA-11-01,TOKA,TOKA-126,6/14/2016,16,56,,,,BRDI2,18,VICIA,VUBR,,,,,,,,,S,,0
SMA-11-01,TOKA,TOKA-126,6/14/2016,17,56,,,,NAPU4,61,BRDI2,VICIA,2LTR,,,,,,,,S,,0
SMA-11-01,TOKA,TOKA-126,6/14/2016,18,56,,,,NAPU4,51,BRDI2,L,,,,,,,,,S,,0
SMA-11-01,TOKA,TOKA-126,6/14/2016,19,56,,,,BRDI2,14,VICIA,L,,,,,,,,,S,,0
SMA-11-01,TOKA,TOKA-126,6/14/2016,20,56,,,,NAPU4,25,BRDI2,LOPEM2,2LTR,,,,,,,,S,,0
SMA-11-01,TOKA,TOKA-126,6/14/2016,21,56,,,,LOPEM2,40,NAPU4,BRDI2,2LTR,,,,,,,,S,,0
SMA-11-01,TOKA,TOKA-126,6/14/2016,22,56,,,,NAPU4,41,BRDI2,L,,,,,,,,,S,,0
SMA-11-01,TOKA,TOKA-126,6/14/2016,23,56,,,,NAPU4,16,BRDI2,L,,,,,,,,,S,,0
SMA-11-01,TOKA,TOKA-126,6/14/2016,24,56,,,,BRDI2,8,VICIA,LOPEM2,2LTR,,,,,,,,S,,0
SMA-11-01,TOKA,TOKA-126,6/14/2016,25,56,,,,BRDI2,5,L,,,,,,,,,,S,,0
SMA-11-01,TOKA,TOKA-126,6/14/2016,26,56,,,,NAPU4,33,BRDI2,L,,,,,,,,,S,,0
SMA-11-01,TOKA,TOKA-126,6/14/2016,27,56,,,,BRDI2,20,L,,,,,,,,,,S,,0
SMA-11-01,TOKA,TOKA-126,6/14/2016,28,56,,,,AVBA,81,BRDI2,L,,,,,,,,,S,,0
SMA-11-01,TOKA,TOKA-126,6/14/2016,29,56,,,,AVBA,30,BRDI2,L,,,,,,,,,S,,0
SMA-11-01,TOKA,TOKA-126,6/14/2016,30,56,,,,BRDI2,11,,,,,,,,,,,S,,0
SMA-11-01,TOKA,TOKA-126,6/14/2016,31,56,,,,PHAQ,31,BRDI2,L,,,,,,,,,S,,0
SMA-11-01,TOKA,TOKA-126,6/14/2016,32,56,,,,AVBA,61,PHAQ,BRDI2,2LTR,,,,,,,,S,,0
SMA-11-01,TOKA,TOKA-126,6/14/2016,33,56,,,,AVBA,49,BRDI2,L,,,,,,,,,S,,0
SMA-11-01,TOKA,TOKA-126,6/14/2016,34,56,,,,AVBA,60,BRDI2,L,,,,,,,,,S,,0
SMA-11-01,TOKA,TOKA-126,6/14/2016,35,56,,,,AVBA,93,BRDI2,L,,,,,,,,,S,,0
SMA-11-01,TOKA,TOKA-126,6/14/2016,36,56,,,,AVBA,89,BRDI2,VUMY,2LTR,,,,,,,,S,,0
SMA-11-01,TOKA,TOKA-126,6/14/2016,37,56,,,,AVBA,48,LOPEM2,BRDI2,2LTR,,,,,,,,S,,0
SMA-11-01,TOKA,TOKA-126,6/14/2016,38,56,,,,AVBA,89,LOPEM2,BRDI2,2LTR,,,,,,,,S,,0
SMA-11-01,TOKA,TOKA-126,6/14/2016,39,56,,,,LOPEM2,21,BRDI2,CAPY2,2LTR,,,,,,,,S,,0
SMA-11-01,TOKA,TOKA-126,6/14/2016,40,56,,,,BRDI2,5,L,,,,,,,,,,S,,0
SMA-11-01,TOKA,TOKA-126,6/14/2016,41,56,,,,NAPU4,48,AVBA,LOPEM2,PIEC,2LTR,,,,,,,S,,0
SMA-11-01,TOKA,TOKA-126,6/14/2016,42,56,,,,NAPU4,60,BRDI2,L,,,,,,,,,S,,0
SMA-11-01,TOKA,TOKA-126,6/14/2016,43,56,,,,LOPEM2,22,BRDI2,,,,,,,,,,S,,0
SMA-11-01,TOKA,TOKA-126,6/14/2016,44,56,,,,LOPEM2,36,BRDI2,CAPU18,,,,,,,,,,,0
SMA-11-01,TOKA,TOKA-126,6/14/2016,45,56,,,,LOPEM2,19,,,,,,,,,,,,,0
SMA-11-01,TOKA,TOKA-126,6/14/2016,46,56,,,,CAPY2,NA,,BRDI2,,,,,,,,,,,0
SMA-11-01,TOKA,TOKA-126,6/14/2016,47,56,,,,BRDI2,20,L,,,,,,,,,,S,,0
SMA-11-01,TOKA,TOKA-126,6/14/2016,48,56,,,,BRDI2,15,L,,,,,,,,,,S,,0
SMA-11-01,TOKA,TOKA-126,6/14/2016,49,56,,,,CAPY2,102,BRDI2,L,,,,,,,,,S,,0
SMA-11-01,TOKA,TOKA-126,6/14/2016,50,56,,,,BRDI2,20,LOPEM2,L,,,,,,,,,S,,0
SMA-11-01,TOKA,TOKA-126,5/16/2018,1,236,TODI,,,COMA2,108,CAPY2,LOPEM2,L,,,,,,,,S,,0
SMA-11-01,TOKA,TOKA-126,5/16/2018,2,236,TODI,,,COMA2,71,CAPY2,L,,,,,,,,,S,,0
SMA-11-01,TOKA,TOKA-126,5/16/2018,3,236,TODI,,,COMA2,45,L,,,,,,,,,,S,,0
SMA-11-01,TOKA,TOKA-126,5/16/2018,4,236,,,,BRCA6,80,COMA2,RUUR,GEDI,L,,,,,,,S,,0
SMA-11-01,TOKA,TOKA-126,5/16/2018,5,236,TODI,,,LOPEM2,61,BRDI3,RUUR,L,,,,,,,,S,,0
SMA-11-01,TOKA,TOKA-126,5/16/2018,6,236,,,,NAPU4,52,LIBI5,BRDI2,LOPEM2,L,,,,,,,S,,0
SMA-11-01,TOKA,TOKA-126,5/16/2018,7,236,,,,NAPU4,60,BRDI2,LOPEM2,L,,,,,,,,S,,0
SMA-11-01,TOKA,TOKA-126,5/16/2018,8,236,,,,NAPU4,45,LOPEM2,2GA,,,,,,,,,S,2,0
SMA-11-01,TOKA,TOKA-126,5/16/2018,9,236,,,,NAPU4,65,LOPEM2,BRDI2,2GA,,,,,,,,S,3,0
SMA-11-01,TOKA,TOKA-126,5/16/2018,10,236,,,,NAPU4,54,LOPEM2,BRDI2,GEDI,2GA,,,,,,,S,4,0
SMA-11-01,TOKA,TOKA-126,5/16/2018,11,236,,,,NAPU4,55,LOPEM2,BRDI2,2GA,,,,,,,,S,3,0
SMA-11-01,TOKA,TOKA-126,5/16/2018,12,236,,,,NAPU4,54,BRDI3,BRDI2,LOPEM2,2GA,,,,,,,S,4,0
SMA-11-01,TOKA,TOKA-126,5/16/2018,13,236,,,,LOPEM2,47,BRDI2,2GA,,,,,,,,,S,2,0
SMA-11-01,TOKA,TOKA-126,5/16/2018,14,236,,,,NAPU4,47,BRDI2,2GA,,,,,,,,,S,2,0
SMA-11-01,TOKA,TOKA-126,5/16/2018,15,236,,,,NAPU4,50,LOPEM2,BRDI2,2GA,,,,,,,,S,3,0
SMA-11-01,TOKA,TOKA-126,5/16/2018,16,236,,,,NAPU4,48,BRDI2,2GA,,,,,,,,,S,2,0
SMA-11-01,TOKA,TOKA-126,5/16/2018,17,236,,,,NAPU4,45,LOPEM2,BRDI2,LOCO6,2GA,,,,,,,S,4,0
SMA-11-01,TOKA,TOKA-126,5/16/2018,18,236,,,,LOPEM2,53,BRDI2,2GA,,,,,,,,,S,2,0
SMA-11-01,TOKA,TOKA-126,5/16/2018,19,236,,,,NAPU4,52,BRDI2,2GA,,,,,,,,,S,2,0
SMA-11-01,TOKA,TOKA-126,5/16/2018,20,236,,,,NAPU4,56,AVBA,BRDI2,PIEC,2GA,,,,,,,S,4,0
SMA-11-01,TOKA,TOKA-126,5/16/2018,21,236,,,,AVBA,97,NAPU4,LOPEM2,BRDI2,2GA,,,,,,,S,4,0
SMA-11-01,TOKA,TOKA-126,5/16/2018,22,236,,,,NAPU4,59,LOPEM2,BRDI2,BRHO2,2GA,,,,,,,S,4,0
SMA-11-01,TOKA,TOKA-126,5/16/2018,23,236,,,,NAPU4,44,BRDI2,BRHO2,LOPEM2,2GA,,,,,,,S,4,0
SMA-11-01,TOKA,TOKA-126,5/16/2018,24,236,,,,AVBA,35,BRDI2,NAPU4,2GA,,,,,,,,S,3,0
SMA-11-01,TOKA,TOKA-126,5/16/2018,25,236,,,,BRHO2,52,NAPU4,BRDI2,VUBR,2GA,,,,,,,S,4,0
SMA-11-01,TOKA,TOKA-126,5/16/2018,26,236,,,,NAPU4,32,BRDI2,AVBA,2GA,,,,,,,,S,3,0
SMA-11-01,TOKA,TOKA-126,5/16/2018,27,236,,,,AVBA,135,BRDI2,SOAS,NAPU4,2GA,,,,,,,S,4,0
SMA-11-01,TOKA,TOKA-126,5/16/2018,28,236,,,,AVBA,123,LOPEM2,NAPU4,BRDI2,2GA,,,,,,,S,4,0
SMA-11-01,TOKA,TOKA-126,5/16/2018,29,236,,,,AVBA,101,LOPEM2,BRDI2,VISA,2GA,,,,,,,S,4,0
SMA-11-01,TOKA,TOKA-126,5/16/2018,30,236,,,,AVBA,128,CAPY2,BRDI2,LOPEM2,GEDI,VUBR,2GA,,,,,S,6,0
SMA-11-01,TOKA,TOKA-126,5/16/2018,31,236,,,,LOPEM2,55,AVBA,COAR4,,,,,,,,,S,,0
SMA-11-01,TOKA,TOKA-126,5/16/2018,32,236,,,,AVBA,99,LOPEM2,BRDI2,2GA,,,,,,,,S,3,0
SMA-11-01,TOKA,TOKA-126,5/16/2018,33,236,,,,AVBA,132,NAPU4,BRDI2,2GA,,,,,,,,S,3,0
SMA-11-01,TOKA,TOKA-126,5/16/2018,34,236,,,,AVBA,83,BRDI2,GEDI,2GA,,,,,,,,S,3,0
SMA-11-01,TOKA,TOKA-126,5/16/2018,35,236,,,,AVBA,112,BRDI2,LOPEM2,2GA,,,,,,,,S,3,0
SMA-11-01,TOKA,TOKA-126,5/16/2018,36,236,,,,AVBA,69,BRDI2,LOPEM2,PLLA,2GA,,,,,,,S,4,0
SMA-11-01,TOKA,TOKA-126,5/16/2018,37,236,,,,AVBA,121,LOPEM2,BRDI2,LOCO6,2GA,,,,,,,S,4,0
SMA-11-01,TOKA,TOKA-126,5/16/2018,38,236,,,,BRDI2,43,DACA3,GEDI,PLLA,L,,,,,,,S,,0
SMA-11-01,TOKA,TOKA-126,5/16/2018,39,236,,,,AVBA,80,NAPU4,BRDI2,LOCO6,PLLA,2GA,,,,,,S,5,0
SMA-11-01,TOKA,TOKA-126,5/16/2018,40,236,,,,BRDI2,15,2GA,,,,,,,,,,S,1,0
SMA-11-01,TOKA,TOKA-126,5/16/2018,41,236,,,,LOPEM2,25,BRDI2,PIEC,2GA,,,,,,,,S,3,0
SMA-11-01,TOKA,TOKA-126,5/16/2018,42,236,,,,LOPEM2,30,2GA,,,,,,,,,,S,1,0
SMA-11-01,TOKA,TOKA-126,5/16/2018,43,236,,,,LOPEM2,6,2GA,,,,,,,,,,S,1,0
SMA-11-01,TOKA,TOKA-126,5/16/2018,44,236,,,,LOPEM2,32,PIEC,GEDI,2GA,,,,,,,,S,3,0
SMA-11-01,TOKA,TOKA-126,5/16/2018,45,236,,,,LOPEM2,35,CAPY2,COMA2,GEDI,2GA,,,,,,,S,4,0
SMA-11-01,TOKA,TOKA-126,5/16/2018,46,236,,,,LOPEM2,15,CAPY2,2GA,,,,,,,,,S,"1,2",0
SMA-11-01,TOKA,TOKA-126,5/16/2018,47,236,,,,BRHO2,16,GEDI,CAPY2,LOPEM2,2GA,,,,,,,S,4,0
SMA-11-01,TOKA,TOKA-126,5/16/2018,48,236,,,,LOPEM2,17,2GA,,,,,,,,,,S,1,0
SMA-11-01,TOKA,TOKA-126,5/16/2018,49,236,,,,LOPEM2,38,PIEC,2GA,,,,,,,,,S,2,0
SMA-11-01,TOKA,TOKA-126,5/16/2018,50,236,,,,LOPEM2,50,PIEC,2GA,,,,,,,,,S,2,0
SMA-11-01,TOKA,TOKA-126,5/16/2018,1,56,,,,CAPY2,49,COMA2,BRHO2,L,,,,,,,,S,,0
SMA-11-01,TOKA,TOKA-126,5/16/2018,2,56,,,,BRHO2,67,BRDI3,COMA2,LOPEM2,LOPEM2,,,,,,,S,,0
SMA-11-01,TOKA,TOKA-126,5/16/2018,3,56,,,,LOPEM2,19,LIBI5,L,,,,,,,,,S,,0
SMA-11-01,TOKA,TOKA-126,5/16/2018,4,56,,,,LOPEM2,40,BRDI2,L,,,,,,,,,S,,0
SMA-11-01,TOKA,TOKA-126,5/16/2018,5,56,,,,BRDI3,49,BRCA5,BRDI2,L,,,,,,,,S,,0
SMA-11-01,TOKA,TOKA-126,5/16/2018,6,56,,,,LOPEM2,36,GEDI,L,,,,,,,,,S,,0
SMA-11-01,TOKA,TOKA-126,5/16/2018,7,56,,,,LOPEM2,41,CAPY2,L,,,,,,,,,S,,0
SMA-11-01,TOKA,TOKA-126,5/16/2018,8,56,,,,BRDI2,35,LOPEM2,CAPY2,L,,,,,,,,S,,0
SMA-11-01,TOKA,TOKA-126,5/16/2018,9,56,,,,2GA,15,L,,,,,,,,,,S,,0
SMA-11-01,TOKA,TOKA-126,5/16/2018,10,56,,,,LOPEM2,3,PLLA,L,,,,,,,,,S,,0
SMA-11-01,TOKA,TOKA-126,5/16/2018,11,56,,,,NAPU4,10,L,,,,,,,,,,S,,0
SMA-11-01,TOKA,TOKA-126,5/16/2018,12,56,,,,AVBA,30,NAPU4,HECR2,LOPEM2,BRDI2,L,,,,,,S,,0
SMA-11-01,TOKA,TOKA-126,5/16/2018,13,56,,,,NAPU4,52,LOPEM2,BRDI2,L,,,,,,,,S,,0
SMA-11-01,TOKA,TOKA-126,5/16/2018,14,56,,,,NAPU4,57,BRDI2,AVBA,HYRA3,L,,,,,,,S,,0
SMA-11-01,TOKA,TOKA-126,5/16/2018,15,56,,,,NAPU4,75,AVBA,CAPY2,VUBR,L,,,,,,,S,,0
SMA-11-01,TOKA,TOKA-126,5/16/2018,16,56,,,,NAPU4,45,BRDI2,PLLA,L,,,,,,,,S,,0
SMA-11-01,TOKA,TOKA-126,5/16/2018,17,56,,,,NAPU4,55,BRDI2,L,,,,,,,,,S,,0
SMA-11-01,TOKA,TOKA-126,5/16/2018,18,56,,,,NAPU4,6,BRDI2,L,,,,,,,,,S,,0
SMA-11-01,TOKA,TOKA-126,5/16/2018,19,56,,,,AVBA,115,BRDI2,L,,,,,,,,,S,,0
SMA-11-01,TOKA,TOKA-126,5/16/2018,20,56,,,,NAPU4,16,BRDI2,L,,,,,,,,,S,,0
SMA-11-01,TOKA,TOKA-126,5/16/2018,21,56,,,,NAPU4,12,,,,,,,,,,,S,,0
SMA-11-01,TOKA,TOKA-126,5/16/2018,22,56,,,,NAPU4,22,HECR2,BRDI2,L,,,,,,,,S,,0
SMA-11-01,TOKA,TOKA-126,5/16/2018,23,56,,,,AVBA,64,BRDI2,L,,,,,,,,,S,,0
SMA-11-01,TOKA,TOKA-126,5/16/2018,24,56,,,,BRDI2,15,VUBR,L,,,,,,,,,S,,0
SMA-11-01,TOKA,TOKA-126,5/16/2018,25,56,,,,BRDI2,17,CAPY2,ANAR,,,,,,,,,S,,0
SMA-11-01,TOKA,TOKA-126,5/16/2018,26,56,,,,AVBA,72,BRDI2,BRDI2,L,,,,,,,,S,,0
SMA-11-01,TOKA,TOKA-126,5/16/2018,27,56,,,,AVBA,57,NAPU4,BRDI2,L,,,,,,,,S,,0
SMA-11-01,TOKA,TOKA-126,5/16/2018,28,56,,,,VUBR,35,BRDI2,SOAS,L,,,,,,,,S,,0
SMA-11-01,TOKA,TOKA-126,5/16/2018,29,56,,,,AVBA,57,LOPEM2,BRDI2,L,,,,,,,,S,,0
SMA-11-01,TOKA,TOKA-126,5/16/2018,30,56,,,,AVBA,49,BRHO2,BRDI2,LOPEM2,L,,,,,,,S,,0
SMA-11-01,TOKA,TOKA-126,5/16/2018,31,56,,,,BRDI2,10,LOPEM2,WL,L,,,,,,,,S,,0
SMA-11-01,TOKA,TOKA-126,5/16/2018,32,56,,,,BRDI2,14,L,,,,,,,,,,S,,0
SMA-11-01,TOKA,TOKA-126,5/16/2018,33,56,,,,BRDI2,16,2GA,,,,,,,,,,S,1,0
SMA-11-01,TOKA,TOKA-126,5/16/2018,34,56,TODI,BAPI,,BRDI2,30,L,,,,,,,,,,S,,0
SMA-11-01,TOKA,TOKA-126,5/16/2018,35,56,BAPI,RUUR,,NOPLANT,NA,WL,L,,,,,,,,,S,,0
SMA-11-01,TOKA,TOKA-126,5/16/2018,36,56,TODI,BAPI,RUUR,NOPLANT,NA,WL,L,,,,,,,,,S,,0
SMA-11-01,TOKA,TOKA-126,5/16/2018,37,56,BAPI,TODI,,NOPLANT,NA,L,,,,,,,,,,S,,0
SMA-11-01,TOKA,TOKA-126,5/16/2018,38,56,TODI,,,RUUR,39,L,,,,,,,,,,S,,0
SMA-11-01,TOKA,TOKA-126,5/16/2018,39,56,BAPI,,,RUUR,23,L,,,,,,,,,,S,,0
SMA-11-01,TOKA,TOKA-126,5/16/2018,40,56,BAPI,RUUR,,NOPLANT,NA,L,,,,,,,,,,S,,0
SMA-11-01,TOKA,TOKA-126,5/16/2018,41,56,BAPI,RUUR,,NOPLANT,NA,L,,,,,,,,,,S,,0
SMA-11-01,TOKA,TOKA-126,5/16/2018,42,56,TODI,BAPI,,NOPLANT,NA,L,,,,,,,,,,S,,0
SMA-11-01,TOKA,TOKA-126,5/16/2018,43,56,TODI,BAPI,,NOPLANT,NA,L,,,,,,,,,,S,,0
SMA-11-01,TOKA,TOKA-126,5/16/2018,44,56,TODI,,,COMA2,21,L,,,,,,,,,,S,,0
SMA-11-01,TOKA,TOKA-126,5/16/2018,45,56,,,,COMA2,30,RUUR,L,,,,,,,,,S,,0
SMA-11-01,TOKA,TOKA-126,5/16/2018,46,56,RUUR,,,NOPLANT,NA,L,,,,,,,,,,S,,0
SMA-11-01,TOKA,TOKA-126,5/16/2018,47,56,,,,COMA2,74,LOPEM2,COMA2,,,,,,,,,S,,0
SMA-11-01,TOKA,TOKA-126,5/16/2018,48,56,,,,CAPY2,50,COMA2,,,,,,,,,,S,,1
SMA-11-01,TOKA,TOKA-126,5/16/2018,49,56,,,,COMA2,44,RUUR,L,,,,,,,,,S,,0
SMA-11-01,TOKA,TOKA-126,5/16/2018,50,56,,,,CAPY2,61,COMA2,BRDI2,L,,,,,,,,S,,0
SMA-11-01,TOKA,TOKA-126,4/23/2021,1,236,,,,2GA,11,2GA,,,,,,,,,,S,,0
SMA-11-01,TOKA,TOKA-126,4/23/2021,2,236,,,,COMA2,15,2GA,2GA,,,,,,,,,S,2,0
SMA-11-01,TOKA,TOKA-126,4/23/2021,3,236,RUAR9,,,VISA,19,2GA,2GA,,,,,,,,,S,2,0
SMA-11-01,TOKA,TOKA-126,4/23/2021,4,236,,,,VISA,20,GEDI,2GA,2GA,,,,,,,,S,3,0
SMA-11-01,TOKA,TOKA-126,4/23/2021,5,236,RUAR9,,,2GA,25,GEDI,2GA,,,,,,,,,S,2,0
SMA-11-01,TOKA,TOKA-126,4/23/2021,6,236,,,,VULPI,15,2GA,,,,,,,,,,S,1,0
SMA-11-01,TOKA,TOKA-126,4/23/2021,7,236,,,,2GA,25,GEDI,VULPI,2GA,,,,,,,,S,3,0
SMA-11-01,TOKA,TOKA-126,4/23/2021,8,236,,,,2GA,24,2GA,,,,,,,,,,S,1,0
SMA-11-01,TOKA,TOKA-126,4/23/2021,9,236,,,,2GA,5,2GA,,,,,,,,,,S,1,0
SMA-11-01,TOKA,TOKA-126,4/23/2021,10,236,,,,2GA,10,2GA,,,,,,,,,,S,1,0
SMA-11-01,TOKA,TOKA-126,4/23/2021,11,236,,,,2GRAM,10,2GA,,,,,,,,,,S,1,0
SMA-11-01,TOKA,TOKA-126,4/23/2021,12,236,,,,AVENA,25,VISA,2GA,,,,,,,,,S,2,0
SMA-11-01,TOKA,TOKA-126,4/23/2021,13,236,,,,NAPU4,20,,,,,,,,,,,AM,,0
SMA-11-01,TOKA,TOKA-126,4/23/2021,14,236,,,,NAPU4,15,VULPI,2GA,,,,,,,,,S,2,0
SMA-11-01,TOKA,TOKA-126,4/23/2021,15,236,,,,NAPU4,20,VISA,2GA,,,,,,,,,S,2,0
SMA-11-01,TOKA,TOKA-126,4/23/2021,16,236,,,,NAPU4,35,VISA,VULPI,2GA,,,,,,,,S,3,0
SMA-11-01,TOKA,TOKA-126,4/23/2021,17,236,,,,2GA,15,VULPI,2GA,,,,,,,,,S,2,0
SMA-11-01,TOKA,TOKA-126,4/23/2021,18,236,,,,BRHO2,16,VULPI,VISA,LOCO6,2GA,,,,,,,S,4,0
SMA-11-01,TOKA,TOKA-126,4/23/2021,19,236,,,,BRHO2,19,VISA,VULPI,HYPOC,2GA,,,,,,,S,4,0
SMA-11-01,TOKA,TOKA-126,4/23/2021,20,236,,,,BRHO2,35,VISA,SONCH,2GA,,,,,,,,S,3,0
SMA-11-01,TOKA,TOKA-126,4/23/2021,21,236,,,,AVENA,42,VISA,,,,,,,,,,S,,0
SMA-11-01,TOKA,TOKA-126,4/23/2021,22,236,,,,VISA,20,VULPI,NAPU4,2GA,,,,,,,,S,3,0
SMA-11-01,TOKA,TOKA-126,4/23/2021,23,236,,,,VISA,14,LOPEM2,VULPI,GEDI,2GA,,,,,,,S,4,0
SMA-11-01,TOKA,TOKA-126,4/23/2021,24,236,,,,BRHO2,15,VULPI,2GA,,,,,,,,,S,2,0
SMA-11-01,TOKA,TOKA-126,4/23/2021,25,236,,,,VULPI,15,VISA,GEDI,2GA,,,,,,,,S,3,0
SMA-11-01,TOKA,TOKA-126,4/23/2021,26,236,,,,NAPU4,22,BRHO2,LOCO6,VISA,2GA,,,,,,,S,4,0
SMA-11-01,TOKA,TOKA-126,4/23/2021,27,236,,,,AVENA,30,VISA,VUBR,2GA,,,,,,,,S,3,0
SMA-11-01,TOKA,TOKA-126,4/23/2021,28,236,,,,BRHO2,20,VISA,VULPI,2GA,,,,,,,,S,3,0
SMA-11-01,TOKA,TOKA-126,4/23/2021,29,236,,,,NAPU4,17,LOPEM2,VISA,2GA,,,,,,,,S,3,0
SMA-11-01,TOKA,TOKA-126,4/23/2021,30,236,,,,BRHO2,20,VISA,VULPI,2GA,,,,,,,,S,3,0
SMA-11-01,TOKA,TOKA-126,4/23/2021,31,236,,,,AVENA,35,GEDI,LOPEM2,VULPI,2GA,,,,,,,S,,0
SMA-11-01,TOKA,TOKA-126,4/23/2021,32,236,,,,BRHO2,13,2GA,,,,,,,,,,S,1,0
SMA-11-01,TOKA,TOKA-126,4/23/2021,33,236,,,,VULPI,15,VISA,GEDI,2GA,,,,,,,,S,3,0
SMA-11-01,TOKA,TOKA-126,4/23/2021,34,236,,,,NAPU4,15,VULPI,VISA,GEDI,,,,,,,,AM,,0
SMA-11-01,TOKA,TOKA-126,4/23/2021,35,236,,,,AVENA,25,GEDI,2GA,,,,,,,,,S,2,0
SMA-11-01,TOKA,TOKA-126,4/23/2021,36,236,,,,AVENA,34,GEDI,2GA,,,,,,,,,S,2,0
SMA-11-01,TOKA,TOKA-126,4/23/2021,37,236,,,,LOPEM2,15,GEDI,RUMEX,2GA,,,,,,,,S,3,0
SMA-11-01,TOKA,TOKA-126,4/23/2021,38,236,,,,AVENA,29,PIEC,VISA,2GA,,,,,,,,S,3,0
SMA-11-01,TOKA,TOKA-126,4/23/2021,39,236,,,,AVENA,36,VISA,GEDI,2GA,,,,,,,,S,3,0
SMA-11-01,TOKA,TOKA-126,4/23/2021,40,236,,,,PHAQ,35,GEDI,2GA,,,,,,,,,S,2,0
SMA-11-01,TOKA,TOKA-126,4/23/2021,41,236,,,,PHAQ,26,VULPI,CAPY2,GEDI,2GA,,,,,,,S,4,0
SMA-11-01,TOKA,TOKA-126,4/23/2021,42,236,,,,VULPI,18,GEDI,2GP,,,,,,,,,S,2,0
SMA-11-01,TOKA,TOKA-126,4/23/2021,43,236,,,,PHAQ,32,BRHO2,GEDI,2GP,,,,,,,,S,3,0
SMA-11-01,TOKA,TOKA-126,4/23/2021,44,236,,,,BRHO2,15,VULPI,2GA,,,,,,,,,S,2,0
SMA-11-01,TOKA,TOKA-126,4/23/2021,45,236,,,,BRHO2,19,VULPI,2GA,,,,,,,,,S,2,0
SMA-11-01,TOKA,TOKA-126,4/23/2021,46,236,,,,VULPI,7,BRHO2,2GA,,,,,,,,,S,2,0
SMA-11-01,TOKA,TOKA-126,4/23/2021,47,236,,,,BRHO2,8,VULPI,GEDI,2GA,,,,,,,,S,3,0
SMA-11-01,TOKA,TOKA-126,4/23/2021,48,236,,,,VULPI,7,,,,,,,,,,,S,,0
SMA-11-01,TOKA,TOKA-126,4/23/2021,49,236,BAPI,,,AVENA,26,VULPI,2GA,L,,,,,,,,S,2,0
SMA-11-01,TOKA,TOKA-126,4/23/2021,50,236,BAPI,,,AVENA,12,BRHO2,HYRA3,2GA,,,,,,,,S,3,0
SMA-11-01,TOKA,TOKA-126,4/23/2021,1,56,,,,AVENA,22,VULPI,2GA,,,,,,,,,S,2,0
SMA-11-01,TOKA,TOKA-126,4/23/2021,2,56,,,,BRHO2,30,VULPI,2GA,,,,,,,,,S,2,0
SMA-11-01,TOKA,TOKA-126,4/23/2021,3,56,,,,NAPU4,30,BRHO2,LOPEM2,GEDI,2GA,,,,,,,S,4,0
SMA-11-01,TOKA,TOKA-126,4/23/2021,4,56,,,,NAPU4,29,VITE,VULPI,GEDI,2GA,,,,,,,S,4,0
SMA-11-01,TOKA,TOKA-126,4/23/2021,5,56,,,,AVENA,30,VISA,2GA,,,,,,,,,S,2,0
SMA-11-01,TOKA,TOKA-126,4/23/2021,6,56,,,,NAPU4,40,PLLA,MEPO3,2GA,,,,,,,,S,3,0
SMA-11-01,TOKA,TOKA-126,4/23/2021,7,56,,,,PLLA,15,VISA,BRHO2,2GA,,,,,,,,S,3,0
SMA-11-01,TOKA,TOKA-126,4/23/2021,8,56,,,,NAPU4,18,VISA,LIBI5,MEPO3,2GA,,,,,,,S,4,0
SMA-11-01,TOKA,TOKA-126,4/23/2021,9,56,,,,2GA,5,ERCI6,,,,,,,,,,S,,0
SMA-11-01,TOKA,TOKA-126,4/23/2021,10,56,,,,NAPU4,14,VISA,LOPEM2,2GA,,,,,,,,S,3,0
SMA-11-01,TOKA,TOKA-126,4/23/2021,11,56,,,,AVENA,15,VISA,2GA,,,,,,,,,S,2,0
SMA-11-01,TOKA,TOKA-126,4/23/2021,12,56,,,,NAPU4,25,VISA,,,,,,,,,,AM,,0
SMA-11-01,TOKA,TOKA-126,4/23/2021,13,56,,,,LOPEM2,10,VISA,L,,,,,,,,,S,,0
SMA-11-01,TOKA,TOKA-126,4/23/2021,14,56,,,,BRASSI,6,L,,,,,,,,,,S,,0
SMA-11-01,TOKA,TOKA-126,4/23/2021,15,56,,,,LIBI5,9,VISA,HECR2,CAPY2,L,,,,,,,S,,0
SMA-11-01,TOKA,TOKA-126,4/23/2021,16,56,,,,HECR2,6,VUBR,L,,,,,,,,,S,,0
SMA-11-01,TOKA,TOKA-126,4/23/2021,17,56,,,,ESCA2,10,HECR2,VUBR,2GA,,,,,,,,S,3,0
SMA-11-01,TOKA,TOKA-126,4/23/2021,18,56,,,,NAPU4,15,HECR2,TRAN6,VUBR,2GA,,,,,,,S,4,0
SMA-11-01,TOKA,TOKA-126,4/23/2021,19,56,,,,NAPU4,45,GEDI,BRHO2,,,,,,,,,AM,,0
SMA-11-01,TOKA,TOKA-126,4/23/2021,20,56,,,,AVENA,18,VISA,HYRA3,VUBR,2GA,,,,,,,S,4,0
SMA-11-01,TOKA,TOKA-126,4/23/2021,21,56,,,,BRHO2,8,VITE,2GA,,,,,,,,,S,2,0
SMA-11-01,TOKA,TOKA-126,4/23/2021,22,56,,,,NAPU4,25,VITE,MEPO3,GEDI,2GA,,,,,,,S,4,0
SMA-11-01,TOKA,TOKA-126,4/23/2021,23,56,,,,AVENA,40,NAPU4,CAPY2,GEDI,2GA,,,,,,,S,4,0
SMA-11-01,TOKA,TOKA-126,4/23/2021,24,56,,,,VUBR,7,,,,,,,,,,,S,,0
SMA-11-01,TOKA,TOKA-126,4/23/2021,25,56,,,,BRHO2,20,VUBR,CAPY2,VISA,L,,,,,,,S,,0
SMA-11-01,TOKA,TOKA-126,4/23/2021,26,56,,,,NAPU4,33,VISA,ESCA2,ANAR,2GA,,,,,,,S,4,0
SMA-11-01,TOKA,TOKA-126,4/23/2021,27,56,,,,NAPU4,50,VITE,BRHO2,2GA,,,,,,,,S,3,0
SMA-11-01,TOKA,TOKA-126,4/23/2021,28,56,,,,NAPU4,15,LOPEM2,VUBR,VISA,,,,,,,,S,,0
SMA-11-01,TOKA,TOKA-126,4/23/2021,29,56,,,,AVENA,25,GEDI,VITE,BRHO2,2GA,,,,,,,S,4,0
SMA-11-01,TOKA,TOKA-126,4/23/2021,30,56,,,,NAPU4,22,VISA,2GA,,,,,,,,,S,2,0
SMA-11-01,TOKA,TOKA-126,4/23/2021,31,56,,,,BRHO2,9,,,,,,,,,,,S,,0
SMA-11-01,TOKA,TOKA-126,4/23/2021,32,56,,,,NAPU4,38,VUBR,VITE,VISA,2GA,,,,,,,S,4,0
SMA-11-01,TOKA,TOKA-126,4/23/2021,33,56,,,,AVENA,36,VISA,BRHO2,2GA,,,,,,,,S,3,0
SMA-11-01,TOKA,TOKA-126,4/23/2021,34,56,,,,2GA,25,VUBR,COMA2,L,,,,,,,,S,,0
SMA-11-01,TOKA,TOKA-126,4/23/2021,35,56,RUAR9,,,BRHO2,20,GEDI,COMA2,VITE,2GA,,,,,,,S,4,0
SMA-11-01,TOKA,TOKA-126,4/23/2021,36,56,,,,BRHO2,20,CAPY2,VITE,,,,,,,,,AM,,0
SMA-11-01,TOKA,TOKA-126,4/23/2021,37,56,RUAR9,,,COMA2,20,VISA,L,,,,,,,,,S,,0
SMA-11-01,TOKA,TOKA-126,4/23/2021,38,56,RUAR9,,,COMA2,17,BRHO2,VUBR,GEDI,2GA,,,,,,,S,4,0
SMA-11-01,TOKA,TOKA-126,4/23/2021,39,56,RUAR9,,,BRHO2,35,CAPY2,VISA,COMA2,,,,,,,,AM,,0
SMA-11-01,TOKA,TOKA-126,4/23/2021,40,56,,,,AVENA,50,GEDI,VUBR,L,,,,,,,,S,,0
SMA-11-01,TOKA,TOKA-126,4/23/2021,41,56,,,,AVENA,50,COMA2,CAPY2,LOPEM2,L,,,,,,,S,,0
SMA-11-01,TOKA,TOKA-126,4/23/2021,42,56,,,,2GA,15,VISA,COMA2,GEDI,L,,,,,,,S,,0
SMA-11-01,TOKA,TOKA-126,4/23/2021,43,56,,,,BRHO2,35,COMA2,RUAR9,L,,,,,,,,S,,0
SMA-11-01,TOKA,TOKA-126,4/23/2021,44,56,RUAR9,,,COMA2,20,VUBR,L,,,,,,,,,S,,0
SMA-11-01,TOKA,TOKA-126,4/23/2021,45,56,,,,2GA,30,VISA,GEDI,2GA,,,,,,,,S,3,0
SMA-11-01,TOKA,TOKA-126,4/23/2021,46,56,TODI,,,VITE,15,GEDI,VISA,2GA,,,,,,,,S,3,0
SMA-11-01,TOKA,TOKA-126,4/23/2021,47,56,,,,BRHO2,40,COMA2,2GA,,,,,,,,,S,2,0
SMA-11-01,TOKA,TOKA-126,4/23/2021,48,56,,,,COMA2,40,VISA,GEDI,L,,,,,,,,S,,0
SMA-11-01,TOKA,TOKA-126,4/23/2021,49,56,TODI,,,ANAR,5,VUBR,L,,,,,,,,,S,,0
SMA-11-01,TOKA,TOKA-126,4/23/2021,50,56,TODI,,,VUBR,20,CAPY2,VITE,2GA,,,,,,,,S,3,0
SMA-11-01,TOKA,TOKA-126,5/21/2024,1,56,,,,AVBA,93,LOPEM2,BRDI3,BRDI2,PIEC,L,,,,,,S,,0
SMA-11-01,TOKA,TOKA-126,5/21/2024,2,56,,,,AVENA,73,LOPEM2,PIEC,L,,,,,,,,S,,0
SMA-11-01,TOKA,TOKA-126,5/21/2024,3,56,,,,PIEC,41,LOPEM2,L,,,,,,,,,S,,0
SMA-11-01,TOKA,TOKA-126,5/21/2024,4,56,,,,PIEC,59,BRDI3,BRDI2,L,,,,,,,,S,,0
SMA-11-01,TOKA,TOKA-126,5/21/2024,5,56,,,,LOPEM2,49,PIEC,L,,,,,,,,,S,,0
SMA-11-01,TOKA,TOKA-126,5/21/2024,6,56,,,,PHAQ,85,AVENA,L,,,,,,,,,S,,0
SMA-11-01,TOKA,TOKA-126,5/21/2024,7,56,,,,AVENA,59,BRDI2,PIEC,VUBR,L,,,,,,,S,,0
SMA-11-01,TOKA,TOKA-126,5/21/2024,8,56,,,,AVENA,61,VUBR,VISA,PLLA,L,,,,,,,S,,0
SMA-11-01,TOKA,TOKA-126,5/21/2024,9,56,,,,CREPI,7,LIBI5,PLLA,L,,,,,,,,S,,0
SMA-11-01,TOKA,TOKA-126,5/21/2024,10,56,,,,AVENA,68,BRHO2,BRDI2,NAPU4,L,,,,,,,S,,0
SMA-11-01,TOKA,TOKA-126,5/21/2024,11,56,,,,AVENA,83,NAPU4,BRHO2,L,,,,,,,,S,,0
SMA-11-01,TOKA,TOKA-126,5/21/2024,12,56,,,,NAPU4,64,BRDI3,AVENA,VISA,HYPOC,L,,,,,,S,,0
SMA-11-01,TOKA,TOKA-126,5/21/2024,13,56,,,,BRDI3,54,AVENA,BRDI2,LOPEM2,,,,,,,,S,,0
SMA-11-01,TOKA,TOKA-126,5/21/2024,14,56,,,,AVENA,34,BRDI2,TRAN6,L,,,,,,,,S,,0
SMA-11-01,TOKA,TOKA-126,5/21/2024,15,56,,,,NAPU4,38,HYPOC,AVBA,VISA,CREPI,L,,,,,,S,,0
SMA-11-01,TOKA,TOKA-126,5/21/2024,16,56,,,,HYPOC,2,,,,,,,,,,,S,,0
SMA-11-01,TOKA,TOKA-126,5/21/2024,17,56,,,,TRAN6,54,AVENA,VUBR,BRDI2,,,,,,,,S,,0
SMA-11-01,TOKA,TOKA-126,5/21/2024,18,56,,,,NAPU4,42,AVENA,VUBR,,,,,,,,,S,,0
SMA-11-01,TOKA,TOKA-126,5/21/2024,19,56,,,,AVENA,21,CREPI,BRDI2,LIBI5,,,,,,,,S,,0
SMA-11-01,TOKA,TOKA-126,5/21/2024,20,56,,,,NAPU4,29,VISA,L,,,,,,,,,S,,0
SMA-11-01,TOKA,TOKA-126,5/21/2024,21,56,,,,BRDI2,21,CREPI,L,,,,,,,,,S,,0
SMA-11-01,TOKA,TOKA-126,5/21/2024,22,56,,,,BRDI2,34,AVENA,L,,,,,,,,,S,,0
SMA-11-01,TOKA,TOKA-126,5/21/2024,23,56,,,,AVENA,49,NAPU4,BRHO2,BRDI2,HYPOC,L,,,,,,S,,0
SMA-11-01,TOKA,TOKA-126,5/21/2024,24,56,,,,VISA,51,BRDI2,NAPU4,L,,,,,,,,S,,0
SMA-11-01,TOKA,TOKA-126,5/21/2024,25,56,,,,AVENA,54,BRDI2,L,,,,,,,,,S,,0
SMA-11-01,TOKA,TOKA-126,5/21/2024,26,56,,,,AVENA,89,VISA,HYPOC,L,,,,,,,,S,,0
SMA-11-01,TOKA,TOKA-126,5/21/2024,27,56,,,,AVENA,91,NAPU4,BRDI2,SONCH,L,,,,,,,S,,0
SMA-11-01,TOKA,TOKA-126,5/21/2024,28,56,,,,AVENA,60,BRDI2,BRHO2,VISA,L,,,,,,,S,,0
SMA-11-01,TOKA,TOKA-126,5/21/2024,29,56,,,,AVENA,64,BRDI2,,,,,,,,,,S,,0
SMA-11-01,TOKA,TOKA-126,5/21/2024,30,56,,,,LOPEM2,30,BRDI2,TODI,BAPI,,,,,,,,S,,0
SMA-11-01,TOKA,TOKA-126,5/21/2024,31,56,TODI,RUUR,BAPI,NOPLANT,NA,,,,,,,,,,,S,,0
SMA-11-01,TOKA,TOKA-126,5/21/2024,32,56,TODI,RUUR,BAPI,NOPLANT,NA,,,,,,,,,,,S,,0
SMA-11-01,TOKA,TOKA-126,5/21/2024,33,56,TODI,RUUR,BAPI,NOPLANT,NA,,,,,,,,,,,S,,0
SMA-11-01,TOKA,TOKA-126,5/21/2024,34,56,RUUR,,,CIVU,40,,,,,,,,,,,S,,0
SMA-11-01,TOKA,TOKA-126,5/21/2024,35,56,,,,NOPLANT,NA,,,,,,,,,,,S,,0
SMA-11-01,TOKA,TOKA-126,5/21/2024,36,56,BAPI,,,NOPLANT,NA,L,,,,,,,,,,S,,0
SMA-11-01,TOKA,TOKA-126,5/21/2024,37,56,TODI,,,NOPLANT,NA,,,,,,,,,,,S,,0
SMA-11-01,TOKA,TOKA-126,5/21/2024,38,56,TODI,,,NOPLANT,NA,,,,,,,,,,,S,,0
SMA-11-01,TOKA,TOKA-126,5/21/2024,39,56,TODI,,,NOPLANT,NA,,,,,,,,,,,S,,0
SMA-11-01,TOKA,TOKA-126,5/21/2024,40,56,TODI,RUUR,BAPI,NOPLANT,NA,,,,,,,,,,,S,,0
SMA-11-01,TOKA,TOKA-126,5/21/2024,41,56,TODI,RUUR,BAPI,NOPLANT,NA,,,,,,,,,,,S,,0
SMA-11-01,TOKA,TOKA-126,5/21/2024,42,56,TODI,RUUR,BAPI,NOPLANT,NA,,,,,,,,,,,S,,0
SMA-11-01,TOKA,TOKA-126,5/21/2024,43,56,,,,NOPLANT,NA,,,,,,,,,,,S,,0
SMA-11-01,TOKA,TOKA-126,5/21/2024,44,56,,,,VUBR,50,COMA2,TODI,HYPOC,,,,,,,,S,,0
SMA-11-01,TOKA,TOKA-126,5/21/2024,45,56,,,,BRDI2,48,AVENA,VUBR,TODI,,,,,,,,S,,0
SMA-11-01,TOKA,TOKA-126,5/21/2024,46,56,,,,BRDI2,50,ANAR,L,,,,,,,,,S,,0
SMA-11-01,TOKA,TOKA-126,5/21/2024,47,56,RUUR,,,BRDI2,55,TODI,L,,,,,,,,,S,,0
SMA-11-01,TOKA,TOKA-126,5/21/2024,48,56,,,,NOPLANT,NA,,,,,,,,,,,S,,0
SMA-11-01,TOKA,TOKA-126,5/21/2024,49,56,TODI,,,NOPLANT,NA,L,,,,,,,,,,S,,0
SMA-11-01,TOKA,TOKA-126,5/21/2024,50,56,BAPI,TODI,,NOPLANT,NA,L,,,,,,,,,,S,,0
SMA-11-01,TOKA,TOKA-126,5/21/2024,1,236,,,,AVENA,50,LOPEM2,BRDI3,L,,,,,,,,S,,0
SMA-11-01,TOKA,TOKA-126,5/21/2024,2,236,,,,AVENA,90,BRDI3,LOPEM2,L,,,,,,,,S,,0
SMA-11-01,TOKA,TOKA-126,5/21/2024,3,236,,,,BRDI3,80,LOPEM2,GEDI,COMA2,L,,,,,,,S,,0
SMA-11-01,TOKA,TOKA-126,5/21/2024,4,236,TODI,,,AVENA,93,LOPEM2,COMA2,GEDI,L,,,,,,,S,,0
SMA-11-01,TOKA,TOKA-126,5/21/2024,5,236,,,,LOPEM2,10,L,,,,,,,,,,S,,0
SMA-11-01,TOKA,TOKA-126,5/21/2024,6,236,,,,LOPEM2,30,TODI,RUUR,L,,,,,,,,S,,0
SMA-11-01,TOKA,TOKA-126,5/21/2024,7,236,,,,COMA2,97,TODI,L,,,,,,,,,S,,0
SMA-11-01,TOKA,TOKA-126,5/21/2024,8,236,TODI,,,COMA2,50,GEDI,L,,,,,,,,,S,,0
SMA-11-01,TOKA,TOKA-126,5/21/2024,9,236,,,,AVENA,70,LOPEM2,BRDI3,L,,,,,,,,S,,0
SMA-11-01,TOKA,TOKA-126,5/21/2024,10,236,,,,LOPEM2,81,AVENA,PIEC,L,,,,,,,,S,,0
SMA-11-01,TOKA,TOKA-126,5/21/2024,11,236,,,,LOPEM2,61,AVENA,LIBI5,L,,,,,,,,S,,0
SMA-11-01,TOKA,TOKA-126,5/21/2024,12,236,,,,AVENA,60,LOPEM2,BRHO2,LIBI5,L,,,,,,,S,,0
SMA-11-01,TOKA,TOKA-126,5/21/2024,13,236,,,,PIEC,10,LOPEM2,L,,,,,,,,,S,,0
SMA-11-01,TOKA,TOKA-126,5/21/2024,14,236,,,,LOPEM2,40,LIBI5,PIEC,L,,,,,,,,S,,0
SMA-11-01,TOKA,TOKA-126,5/21/2024,15,236,,,,NAPU4,41,BRHO2,VISA,LOCO6,L,,,,,,,S,,0
SMA-11-01,TOKA,TOKA-126,5/21/2024,16,236,,,,LOPEM2,59,L,,,,,,,,,,S,,0
SMA-11-01,TOKA,TOKA-126,5/21/2024,17,236,,,,NAPU4,34,VULPI,BRHO2,PIEC,LOCO6,L,,,,,,S,,0
SMA-11-01,TOKA,TOKA-126,5/21/2024,18,236,,,,AVENA,61,BRHO2,LOCO6,L,,,,,,,,S,,0
SMA-11-01,TOKA,TOKA-126,5/21/2024,19,236,,,,NAPU4,51,LOPEM2,L,,,,,,,,,S,,0
SMA-11-01,TOKA,TOKA-126,5/21/2024,20,236,,,,AVBA,50,LOPEM2,BRHO2,LOCO6,L,,,,,,,S,,0
SMA-11-01,TOKA,TOKA-126,5/21/2024,21,236,,,,AVENA,91,LOPEM2,BRDI2,L,,,,,,,,S,,0
SMA-11-01,TOKA,TOKA-126,5/21/2024,22,236,,,,LOPEM2,71,AVENA,L,,,,,,,,,S,,0
SMA-11-01,TOKA,TOKA-126,5/21/2024,23,236,,,,NAPU4,50,AVENA,PIEC,L,,,,,,,,S,,0
SMA-11-01,TOKA,TOKA-126,5/21/2024,24,236,,,,AVENA,97,LOPEM2,L,,,,,,,,,S,,0
SMA-11-01,TOKA,TOKA-126,5/21/2024,25,236,,,,AVENA,40,LOPEM2,BRHO2,L,,,,,,,,S,,0
SMA-11-01,TOKA,TOKA-126,5/21/2024,26,236,,,,BRHO2,40,AVENA,LOPEM2,L,,,,,,,,S,,0
SMA-11-01,TOKA,TOKA-126,5/21/2024,27,236,,,,AVENA,40,LOPEM2,LOCO6,L,,,,,,,,S,,0
SMA-11-01,TOKA,TOKA-126,5/21/2024,28,236,,,,AVENA,91,LOPEM2,L,,,,,,,,,S,,0
SMA-11-01,TOKA,TOKA-126,5/21/2024,29,236,,,,NAPU4,25,LOPEM2,L,,,,,,,,,S,,0
SMA-11-01,TOKA,TOKA-126,5/21/2024,30,236,,,,AVENA,35,PHAQ,LOPEM2,L,,,,,,,,S,,0
SMA-11-01,TOKA,TOKA-126,5/21/2024,31,236,,,,AVENA,43,BRDI2,PHAQ,GEDI,L,,,,,,,S,,0
SMA-11-01,TOKA,TOKA-126,5/21/2024,32,236,,,,LOPEM2,61,BRHO2,BRDI2,L,,,,,,,,S,,0
SMA-11-01,TOKA,TOKA-126,5/21/2024,33,236,,,,LOPEM2,49,LOCO6,PIEC,,,,,,,,,S,,0
SMA-11-01,TOKA,TOKA-126,5/21/2024,34,236,,,,AVBA,40,LOPEM2,BRDI2,LOCO6,L,,,,,,,S,,0
SMA-11-01,TOKA,TOKA-126,5/21/2024,35,236,,,,LOPEM2,31,LOCO6,GEDI,L,,,,,,,,S,,0
SMA-11-01,TOKA,TOKA-126,5/21/2024,36,236,,,,LOPEM2,25,LOCO6,BRHO2,L,,,,,,,,S,,0
SMA-11-01,TOKA,TOKA-126,5/21/2024,37,236,,,,LOCO6,16,HOMA2,L,,,,,,,,,S,,0
SMA-11-01,TOKA,TOKA-126,5/21/2024,38,236,,,,HOMA2,21,LOPEM2,LOCO6,L,,,,,,,,S,,0
SMA-11-01,TOKA,TOKA-126,5/21/2024,39,236,,,,AVENA,37,LOPEM2,LOCO6,HOMA2,L,,,,,,,S,,0
SMA-11-01,TOKA,TOKA-126,5/21/2024,40,236,,,,AVENA,54,GEDI,LOCO6,L,,,,,,,,S,,0
SMA-11-01,TOKA,TOKA-126,5/21/2024,41,236,,,,LOPEM2,48,VISA,LOCO6,L,,,,,,,,S,,0
SMA-11-01,TOKA,TOKA-126,5/21/2024,42,236,,,,LOPEM2,21,VISA,LIBI5,L,,,,,,,,S,,0
SMA-11-01,TOKA,TOKA-126,5/21/2024,43,236,,,,AVENA,84,LOPEM2,PIEC,LOCO6,L,,,,,,,S,,0
SMA-11-01,TOKA,TOKA-126,5/21/2024,44,236,,,,LOPEM2,43,BRDI2,PIEC,PLLA,L,,,,,,,S,,0
SMA-11-01,TOKA,TOKA-126,5/21/2024,45,236,,,,PIEC,34,AVENA,L,,,,,,,,,S,,0
SMA-11-01,TOKA,TOKA-126,5/21/2024,46,236,,,,AVENA,50,LOPEM2,PIEC,L,,,,,,,,S,,0
SMA-11-01,TOKA,TOKA-126,5/21/2024,47,236,,,,AVENA,99,PIEC,L,,,,,,,,,S,,0
SMA-11-01,TOKA,TOKA-126,5/21/2024,48,236,,,,AVENA,61,PIEC,L,,,,,,,,,S,,0
SMA-11-01,TOKA,TOKA-126,5/21/2024,49,236,,,,LOPEM2,62,PIEC,L,,,,,,,,,S,,0
SMA-11-01,TOKA,TOKA-126,5/21/2024,50,236,,,,LOPEM2,51,AVENA,PIEC,L,,,,,,,,S,,0
SMA-11-01,TOKA,TOKA-129,5/24/2016,1,126,,,,LOCO6,8,L,,,,,,,,,,S,,0
SMA-11-01,TOKA,TOKA-129,5/24/2016,2,126,,,,PHAQ,9,,,,,,,,,,,S,,0
SMA-11-01,TOKA,TOKA-129,5/24/2016,3,126,,,,PHAQ,12,,,,,,,,,,,S,,0
SMA-11-01,TOKA,TOKA-129,5/24/2016,4,126,,,,NOPLANT,0,L,,,,,,,,,,S,,0
SMA-11-01,TOKA,TOKA-129,5/24/2016,5,126,,,,NOPLANT,0,L,,,,,,,,,,S,,0
SMA-11-01,TOKA,TOKA-129,5/24/2016,6,126,,,,PHAQ,4,,,,,,,,,,,S,,0
SMA-11-01,TOKA,TOKA-129,5/24/2016,7,126,,,,PHAQ,3,LOCO6,L,,,,,,,,,S,,0
SMA-11-01,TOKA,TOKA-129,5/24/2016,8,126,,,,PHAQ,16,L,,,,,,,,,,S,,0
SMA-11-01,TOKA,TOKA-129,5/24/2016,9,126,,,,NOPLANT,0,,,,,,,,,,,S,,0
SMA-11-01,TOKA,TOKA-129,5/24/2016,10,126,,,,LOCO6,4,,,,,,,,,,,S,,0
SMA-11-01,TOKA,TOKA-129,5/24/2016,11,126,,,,PHAQ,6,LOCO6,,,,,,,,,,S,,0
SMA-11-01,TOKA,TOKA-129,5/24/2016,12,126,,,,VUBR,16,VICIA,PHAQ,L,,,,,,,,S,,0
SMA-11-01,TOKA,TOKA-129,5/24/2016,13,126,,,,JUNCU,37,PHAQ,,,,,,,,,,S,,0
SMA-11-01,TOKA,TOKA-129,5/24/2016,14,126,,,,PHAQ,37,,,,,,,,,,,S,,0
SMA-11-01,TOKA,TOKA-129,5/24/2016,15,126,,,,PHAQ,57,JUNCU,L,,,,,,,,,S,,0
SMA-11-01,TOKA,TOKA-129,5/24/2016,16,126,,,,JUNCU,19,PHAQ,LOCO6,,,,,,,,,S,,0
SMA-11-01,TOKA,TOKA-129,5/24/2016,17,126,,,,SIBE,6,,,,,,,,,,,S,,0
SMA-11-01,TOKA,TOKA-129,5/24/2016,18,126,,,,PHAQ,9,L,,,,,,,,,,S,,0
SMA-11-01,TOKA,TOKA-129,5/24/2016,19,126,,,,PHAQ,9,L,,,,,,,,,,S,,0
SMA-11-01,TOKA,TOKA-129,5/24/2016,20,126,,,,PHAQ,21,L,,,,,,,,,,S,,0
SMA-11-01,TOKA,TOKA-129,5/24/2016,21,126,,,,PHAQ,22,L,,,,,,,,,,S,,0
SMA-11-01,TOKA,TOKA-129,5/24/2016,22,126,,,,JUNCU,19,PHAQ,L,,,,,,,,,S,,0
SMA-11-01,TOKA,TOKA-129,5/24/2016,23,126,,,,PHAQ,72,JUNCU,L,,,,,,,,,S,,0
SMA-11-01,TOKA,TOKA-129,5/24/2016,24,126,,,,BRMI2,5,PHAQ,LOCO6,L,,,,,,,,S,,0
SMA-11-01,TOKA,TOKA-129,5/24/2016,25,126,,,,PHAQ,10,L,,,,,,,,,,S,,0
SMA-11-01,TOKA,TOKA-129,5/24/2016,26,126,,,,JUNCU,21,PHAQ,L,,,,,,,,,S,,0
SMA-11-01,TOKA,TOKA-129,5/24/2016,27,126,,,,JUNCU,61,PHAQ,L,,,,,,,,,S,,0
SMA-11-01,TOKA,TOKA-129,5/24/2016,28,126,,,,PHAQ,41,VUBR,L,,,,,,,,,S,,0
SMA-11-01,TOKA,TOKA-129,5/24/2016,29,126,,,,PHAQ,27,LOCO6,DACA3,L,,,,,,,,S,,0
SMA-11-01,TOKA,TOKA-129,5/24/2016,30,126,,,,JUNCU,11,L,,,,,,,,,,S,,0
SMA-11-01,TOKA,TOKA-129,5/24/2016,31,126,,,,PHAQ,25,L,,,,,,,,,,S,,0
SMA-11-01,TOKA,TOKA-129,5/24/2016,32,126,,,,PHAQ,27,VUBR,L,,,,,,,,,S,,0
SMA-11-01,TOKA,TOKA-129,5/24/2016,33,126,,,,VUBR,5,L,,,,,,,,,,S,,0
SMA-11-01,TOKA,TOKA-129,5/24/2016,34,126,,,,PHAQ,5,L,,,,,,,,,,S,,0
SMA-11-01,TOKA,TOKA-129,5/24/2016,35,126,,,,ASTERA,6,LOCO6,L,,,,,,,,,S,,0
SMA-11-01,TOKA,TOKA-129,5/24/2016,36,126,,,,PHAQ,7,L,,,,,,,,,,S,,0
SMA-11-01,TOKA,TOKA-129,5/24/2016,37,126,,,,PHAQ,6,L,,,,,,,,,,S,,0
SMA-11-01,TOKA,TOKA-129,5/24/2016,38,126,,,,LOCO6,12,PHAQ,L,,,,,,,,,S,,0
SMA-11-01,TOKA,TOKA-129,5/24/2016,39,126,,,,ASTERA,1,L,,,,,,,,,,S,,0
SMA-11-01,TOKA,TOKA-129,5/24/2016,40,126,,,,PHAQ,9,LOCO6,L,,,,,,,,,S,,0
SMA-11-01,TOKA,TOKA-129,5/24/2016,41,126,,,,BRHO2,10,PHAQ,L,,,,,,,,,S,,0
SMA-11-01,TOKA,TOKA-129,5/24/2016,42,126,,,,PHAQ,29,JUNCU,L,,,,,,,,,S,,0
SMA-11-01,TOKA,TOKA-129,5/24/2016,43,126,,,,JUNCU,2,CIVU,L,,,,,,,,,S,,0
SMA-11-01,TOKA,TOKA-129,5/24/2016,44,126,,,,ROCA2,19,L,,,,,,,,,,S,,0
SMA-11-01,TOKA,TOKA-129,5/24/2016,45,126,,,,JUNCU,40,L,,,,,,,,,,S,,0
SMA-11-01,TOKA,TOKA-129,5/24/2016,46,126,,,,NOPLANT,0,L,,,,,,,,,,S,,0
SMA-11-01,TOKA,TOKA-129,5/24/2016,47,126,,,,NOPLANT,0,L,,,,,,,,,,S,,0
SMA-11-01,TOKA,TOKA-129,5/24/2016,48,126,,,,PHAQ,17,L,,,,,,,,,,S,,0
SMA-11-01,TOKA,TOKA-129,5/24/2016,49,126,,,,PHAQ,10,L,,,,,,,,,,S,,0
SMA-11-01,TOKA,TOKA-129,5/24/2016,50,126,,,,PHAQ,4,L,,,,,,,,,,S,,0
SMA-11-01,TOKA,TOKA-129,5/24/2016,1,306,,,,VUBR,11,PHAQ,L,,,,,,,,,S,,0
SMA-11-01,TOKA,TOKA-129,5/24/2016,2,306,,,,LOCO6,15,L,,,,,,,,,,S,,0
SMA-11-01,TOKA,TOKA-129,5/24/2016,3,306,,,,PHAQ,15,ANAR,L,,,,,,,,,S,,0
SMA-11-01,TOKA,TOKA-129,5/24/2016,4,306,,,,PHAQ,24,VUBR,L,,,,,,,,,S,,0
SMA-11-01,TOKA,TOKA-129,5/24/2016,5,306,,,,BRHO2,21,PHAQ,L,,,,,,,,,S,,0
SMA-11-01,TOKA,TOKA-129,5/24/2016,6,306,,,,PHAQ,7,ASTERA,,,,,,,,,,S,,0
SMA-11-01,TOKA,TOKA-129,5/24/2016,7,306,,,,NOPLANT,0,,,,,,,,,,,AM,,0
SMA-11-01,TOKA,TOKA-129,5/24/2016,8,306,,,,HOMA2,19,VUBR,L,,,,,,,,,S,,0
SMA-11-01,TOKA,TOKA-129,5/24/2016,9,306,,,,NOPLANT,0,L,,,,,,,,,,S,,0
SMA-11-01,TOKA,TOKA-129,5/24/2016,10,306,,,,BRHO2,21,VUBR,HOMA2,L,,,,,,,,S,,0
SMA-11-01,TOKA,TOKA-129,5/24/2016,11,306,,,,HOMA2,1,L,,,,,,,,,,S,,0
SMA-11-01,TOKA,TOKA-129,5/24/2016,12,306,,,,LOPEM2,19,L,,,,,,,,,,S,,0
SMA-11-01,TOKA,TOKA-129,5/24/2016,13,306,,,,LOPEM2,9,L,,,,,,,,,,S,,0
SMA-11-01,TOKA,TOKA-129,5/24/2016,14,306,,,,VUBR,10,L,,,,,,,,,,S,,0
SMA-11-01,TOKA,TOKA-129,5/24/2016,15,306,,,,VUBR,5,L,,,,,,,,,,S,,0
SMA-11-01,TOKA,TOKA-129,5/24/2016,16,306,,,,JUNCU,51,LOPEM2,,,,,,,,,,S,,0
SMA-11-01,TOKA,TOKA-129,5/24/2016,17,306,,,,PHAQ,24,JUNCU,HOMA2,L,,,,,,,,S,,0
SMA-11-01,TOKA,TOKA-129,5/24/2016,18,306,,,,NOPLANT,0,L,,,,,,,,,,S,,0
SMA-11-01,TOKA,TOKA-129,5/24/2016,19,306,,,,JUNCU,81,L,,,,,,,,,,S,,0
SMA-11-01,TOKA,TOKA-129,5/24/2016,20,306,,,,JUNCU,25,L,,,,,,,,,,S,,0
SMA-11-01,TOKA,TOKA-129,5/24/2016,21,306,,,,JUNCU,26,LOPEM2,PHAQ,L,,,,,,,,S,,0
SMA-11-01,TOKA,TOKA-129,5/24/2016,22,306,,,,JUNCU,59,L,,,,,,,,,,S,,0
SMA-11-01,TOKA,TOKA-129,5/24/2016,23,306,,,,JUNCU,43,PHAQ,L,,,,,,,,,S,,0
SMA-11-01,TOKA,TOKA-129,5/24/2016,24,306,,,,JUNCU,18,PHAQ,VUBR,L,,,,,,,,S,,0
SMA-11-01,TOKA,TOKA-129,5/24/2016,25,306,,,,JUNCU,62,L,,,,,,,,,,S,,0
SMA-11-01,TOKA,TOKA-129,5/24/2016,26,306,,,,JUNCU,56,PHAQ,L,,,,,,,,,S,,0
SMA-11-01,TOKA,TOKA-129,5/24/2016,27,306,,,,JUNCU,42,L,,,,,,,,,,S,,0
SMA-11-01,TOKA,TOKA-129,5/24/2016,28,306,,,,JUNCU,34,PHAQ,L,,,,,,,,,S,,0
SMA-11-01,TOKA,TOKA-129,5/24/2016,29,306,,,,PHAQ,9,JUNCU,L,,,,,,,,,S,,0
SMA-11-01,TOKA,TOKA-129,5/24/2016,30,306,,,,JUNCU,40,PHAQ,L,,,,,,,,,S,,0
SMA-11-01,TOKA,TOKA-129,5/24/2016,31,306,,,,JUNCU,27,PHAQ,L,,,,,,,,,S,,0
SMA-11-01,TOKA,TOKA-129,5/24/2016,32,306,,,,PHAQ,31,JUNCU,L,,,,,,,,,S,,0
SMA-11-01,TOKA,TOKA-129,5/24/2016,33,306,,,,JUNCU,5,L,,,,,,,,,,S,,0
SMA-11-01,TOKA,TOKA-129,5/24/2016,34,306,,,,JUNCU,56,PHAQ,L,,,,,,,,,S,,0
SMA-11-01,TOKA,TOKA-129,5/24/2016,35,306,,,,JUNCU,40,RUMEX,PHAQ,L,,,,,,,,S,,0
SMA-11-01,TOKA,TOKA-129,5/24/2016,36,306,,,,JUNCU,19,PHAQ,L,,,,,,,,,S,,0
SMA-11-01,TOKA,TOKA-129,5/24/2016,37,306,,,,PHAQ,4,L,,,,,,,,,,S,,0
SMA-11-01,TOKA,TOKA-129,5/24/2016,38,306,,,,JUNCU,56,L,,,,,,,,,,S,,0
SMA-11-01,TOKA,TOKA-129,5/24/2016,39,306,,,,JUNCU,5,L,,,,,,,,,,S,,0
SMA-11-01,TOKA,TOKA-129,5/24/2016,40,306,,,,NOPLANT,0,L,,,,,,,,,,S,,0
SMA-11-01,TOKA,TOKA-129,5/24/2016,41,306,,,,JUNCU,21,PHAQ,L,,,,,,,,,S,,0
SMA-11-01,TOKA,TOKA-129,5/24/2016,42,306,,,,JUNCU,23,L,,,,,,,,,,S,,0
SMA-11-01,TOKA,TOKA-129,5/24/2016,43,306,,,,JUNCU,9,L,,,,,,,,,,S,,0
SMA-11-01,TOKA,TOKA-129,5/24/2016,44,306,,,,JUNCU,4,L,,,,,,,,,,S,,0
SMA-11-01,TOKA,TOKA-129,5/24/2016,45,306,,,,PHAQ,40,JUNCU,L,,,,,,,,,S,,0
SMA-11-01,TOKA,TOKA-129,5/24/2016,46,306,,,,JUNCU,51,PHAQ,L,,,,,,,,,S,,0
SMA-11-01,TOKA,TOKA-129,5/24/2016,47,306,,,,PHAQ,8,L,,,,,,,,,,S,,0
SMA-11-01,TOKA,TOKA-129,5/24/2016,48,306,,,,JUNCU,10,L,,,,,,,,,,S,,0
SMA-11-01,TOKA,TOKA-129,5/24/2016,49,306,,,,JUNCU,19,PHAQ,L,,,,,,,,,S,,0
SMA-11-01,TOKA,TOKA-129,5/24/2016,50,306,,,,JUNCU,32,PHAQ,L,,,,,,,,,S,,0
SMA-11-01,TOKA,TOKA-129,5/15/2018,1,126,,,,DAGL,40,HOLA,VUBR,L,,,,,,,,S,,0
SMA-11-01,TOKA,TOKA-129,5/15/2018,2,126,,,,PHAQ,35,LOCO6,HOLA,L,,,,,,,,S,,0
SMA-11-01,TOKA,TOKA-129,5/15/2018,3,126,,,,ANAR,18,VUBR,HOLA,L,,,,,,,,S,,0
SMA-11-01,TOKA,TOKA-129,5/15/2018,4,126,BAPI,,,PHAQ,31,JUPA2,L,,,,,,,,,EM,,0
SMA-11-01,TOKA,TOKA-129,5/15/2018,5,126,,,,PHAQ,24,VUBR,HOLA,ANAR,L,,,,,,,S,,0
SMA-11-01,TOKA,TOKA-129,5/15/2018,6,126,,,,JUPA2,24,VUBR,L,,,,,,,,,S,,0
SMA-11-01,TOKA,TOKA-129,5/15/2018,7,126,,,,PHAQ,62,VITE,JUPA2,,,,,,,,,JUPA2,2,0
SMA-11-01,TOKA,TOKA-129,5/15/2018,8,126,,,,HOLA,19,AICA,LOCO6,L,,,,,,,,S,,0
SMA-11-01,TOKA,TOKA-129,5/15/2018,9,126,,,,RUUR,20,HOLA,JUPA2,,,,,,,,,M,2,0
SMA-11-01,TOKA,TOKA-129,5/15/2018,10,126,,,,PHAQ,30,AICA,L,,,,,,,,,S,,0
SMA-11-01,TOKA,TOKA-129,5/15/2018,11,126,,,,RUUR,40,PHAQ,L,,,,,,,,,S,,0
SMA-11-01,TOKA,TOKA-129,5/15/2018,12,126,,,,PHAQ,40,JUPA2,RUUR,HOLA,L,,,,,,,S,,0
SMA-11-01,TOKA,TOKA-129,5/15/2018,13,126,,,,JUEF,70,PHAQ,RUUR,L,,,,,,,,S,,0
SMA-11-01,TOKA,TOKA-129,5/15/2018,14,126,,,,CIVU,24,GEDI,RUUR,PHAQ,L,,,,,,,S,3,0
SMA-11-01,TOKA,TOKA-129,5/15/2018,15,126,,,,PHAQ,60,JUPA2,RUUR,L,,,,,,,,S,,0
SMA-11-01,TOKA,TOKA-129,5/15/2018,16,126,,,,PHAQ,25,RUUR,HOLA,L,,,,,,,,S,,0
SMA-11-01,TOKA,TOKA-129,5/15/2018,17,126,,,,PHAQ,44,RUUR,PHAQ,,,,,,,,,S,2,0
SMA-11-01,TOKA,TOKA-129,5/15/2018,18,126,,,,PHAQ,39,LIBI5,RUUR,L,,,,,,,,S,,0
SMA-11-01,TOKA,TOKA-129,5/15/2018,19,126,,,,DAGL,19,L,,,,,,,,,,M,,0
SMA-11-01,TOKA,TOKA-129,5/15/2018,20,126,,,,PHAQ,20,RUUR,JUPA2,L,,,,,,,,S,,0
SMA-11-01,TOKA,TOKA-129,5/15/2018,21,126,,,,RUUR,22,PHAQ,HOLA,HOLA,L,,,,,,,S,3,0
SMA-11-01,TOKA,TOKA-129,5/15/2018,22,126,,,,CIVU,17,HOLA,L,,,,,,,,,S,,0
SMA-11-01,TOKA,TOKA-129,5/15/2018,23,126,,,,PHAQ,31,AICA,L,,,,,,,,,M,,0
SMA-11-01,TOKA,TOKA-129,5/15/2018,24,126,,,,JUPA2,30,LOCO6,LIBI5,DAGL,L,,,,,,,S,,0
SMA-11-01,TOKA,TOKA-129,5/15/2018,25,126,,,,DAGL,50,RUUR,JUPA2,,,,,,,,,S,2,0
SMA-11-01,TOKA,TOKA-129,5/15/2018,26,126,RUUR,,,PHAQ,31,L,,,,,,,,,,S,,0
SMA-11-01,TOKA,TOKA-129,5/15/2018,27,126,,,,DAGL,32,PHAQ,L,,,,,,,,,S,,0
SMA-11-01,TOKA,TOKA-129,5/15/2018,28,126,,,,PHAQ,42,PHAQ,,,,,,,,,,S,1,0
SMA-11-01,TOKA,TOKA-129,5/15/2018,29,126,,,,DAGL,74,DAGL,,,,,,,,,,S,1,0
SMA-11-01,TOKA,TOKA-129,5/15/2018,30,126,,,,JUPA2,45,DAGL,HOLA,HOLA,,,,,,,,S,3,0
SMA-11-01,TOKA,TOKA-129,5/15/2018,31,126,,,,DAGL,29,JUPA2,L,,,,,,,,,S,,0
SMA-11-01,TOKA,TOKA-129,5/15/2018,32,126,,,,PHAQ,45,VITE,RUUR,HOLA,L,,,,,,,S,,0
SMA-11-01,TOKA,TOKA-129,5/15/2018,33,126,,,,GEDI,30,RUUR,HOLA,L,,,,,,,,S,,0
SMA-11-01,TOKA,TOKA-129,5/15/2018,34,126,,,,DAGL,44,HYRA3,L,,,,,,,,,S,,0
SMA-11-01,TOKA,TOKA-129,5/15/2018,35,126,,,,PHAQ,34,RUUR,L,,,,,,,,,S,,0
SMA-11-01,TOKA,TOKA-129,5/15/2018,36,126,,,,DAGL,24,LOCO6,DAGL,,,,,,,,,S,2,0
SMA-11-01,TOKA,TOKA-129,5/15/2018,37,126,,,,PHAQ,40,HOLA,HOLA,,,,,,,,,S,2,0
SMA-11-01,TOKA,TOKA-129,5/15/2018,38,126,,,,LOCO6,24,HYRA3,GEDI,L,,,,,,,,S,,0
SMA-11-01,TOKA,TOKA-129,5/15/2018,39,126,,,,HOLA,17,LIBI5,LOCO6,,,,,,,,,S,,0
SMA-11-01,TOKA,TOKA-129,5/15/2018,40,126,,,,PHAQ,50,HOLA,L,,,,,,,,,S,,0
SMA-11-01,TOKA,TOKA-129,5/15/2018,41,126,,,,DAGL,31,PIEC,HOLA,L,,,,,,,,S,,0
SMA-11-01,TOKA,TOKA-129,5/15/2018,42,126,,,,HOLA,20,L,,,,,,,,,,S,,0
SMA-11-01,TOKA,TOKA-129,5/15/2018,43,126,,,,IRDO,34,RUUR,L,,,,,,,,,S,,0
SMA-11-01,TOKA,TOKA-129,5/15/2018,44,126,TODI,RUUR,,IRDO,50,L,,,,,,,,,,S,,0
SMA-11-01,TOKA,TOKA-129,5/15/2018,45,126,TODI,,,DAGL,12,GEDI,L,,,,,,,,,S,,0
SMA-11-01,TOKA,TOKA-129,5/15/2018,46,126,,,,DAGL,19,L,,,,,,,,,,S,,0
SMA-11-01,TOKA,TOKA-129,5/15/2018,47,126,,,,DAGL,30,RUUR,MYDI,L,,,,,,,,S,,0
SMA-11-01,TOKA,TOKA-129,5/15/2018,48,126,,,,HYRA3,2,L,,,,,,,,,,S,,0
SMA-11-01,TOKA,TOKA-129,5/15/2018,49,126,,,,DAGL,43,RUUR,L,,,,,,,,,S,,0
SMA-11-01,TOKA,TOKA-129,5/15/2018,50,126,,,,DAGL,26,RUUR,L,,,,,,,,,S,,0
SMA-11-01,TOKA,TOKA-129,5/15/2018,1,306,,,,DAGL,25,LOCO6,HYRA3,L,,,,,,,,S,,0
SMA-11-01,TOKA,TOKA-129,5/15/2018,2,306,BAPI,RUUR,,DAGL,44,L,,,,,,,,,,S,,0
SMA-11-01,TOKA,TOKA-129,5/15/2018,3,306,,,,BRHO2,40,AICA,VUBR,L,,,,,,,,S,,0
SMA-11-01,TOKA,TOKA-129,5/15/2018,4,306,RUUR,,,DAGL,55,VUBR,L,,,,,,,,,S,,0
SMA-11-01,TOKA,TOKA-129,5/15/2018,5,306,,,,VITE,9,RUUR,DAGL,L,,,,,,,,S,1,0
SMA-11-01,TOKA,TOKA-129,5/15/2018,6,306,,,,HOLA,35,VUBR,COMA2,LOCO6,L,,,,,,,S,,0
SMA-11-01,TOKA,TOKA-129,5/15/2018,7,306,,,,LOPEM2,59,BRHO2,COMA2,HOLA,L,,,,,,,S,,0
SMA-11-01,TOKA,TOKA-129,5/15/2018,8,306,,,,SCAR7,112,COMA2,GEDI,2GA,,,,,,,,S,3,0
SMA-11-01,TOKA,TOKA-129,5/15/2018,9,306,,,,HOBR2,64,BRCA6,BRHO2,VITE,GEDI,COMA2,L,,,,,S,,0
SMA-11-01,TOKA,TOKA-129,5/15/2018,10,306,,,,HOLA,48,GEDI,VUBR,BRHO2,COMA2,L,,,,,,S,,0
SMA-11-01,TOKA,TOKA-129,5/15/2018,11,306,,,,SCAR7,89,LOPEM2,VUBR,GEDI,2GA,,,,,,,S,4,0
SMA-11-01,TOKA,TOKA-129,5/15/2018,12,306,,,,LOPEM2,81,BRCA6,COMA2,HOLA,L,,,,,,,S,,0
SMA-11-01,TOKA,TOKA-129,5/15/2018,13,306,,,,LOPEM2,72,PHAQ,COMA2,GEDI,L,,,,,,,S,,0
SMA-11-01,TOKA,TOKA-129,5/15/2018,14,306,,,,GEDI,21,PHAQ,HOLA,2GP,,,,,,,,S,3,0
SMA-11-01,TOKA,TOKA-129,5/15/2018,15,306,,,,PHAQ,71,PHAQ,,,,,,,,,,S,1,0
SMA-11-01,TOKA,TOKA-129,5/15/2018,16,306,,,,PHAQ,87,PHAQ,,,,,,,,,,S,1,0
SMA-11-01,TOKA,TOKA-129,5/15/2018,17,306,,,,PHAQ,84,VITE,L,,,,,,,,,S,,0
SMA-11-01,TOKA,TOKA-129,5/15/2018,18,306,,,,HOLA,76,PHAQ,COMA2,2GP,L,,,,,,,S,3,0
SMA-11-01,TOKA,TOKA-129,5/15/2018,19,306,,,,PHAQ,56,HOLA,JUEF,COMA2,JUEF,,,,,,,S,"3,4",0
SMA-11-01,TOKA,TOKA-129,5/15/2018,20,306,,,,JUEF,123,HOLA,HOLA,,,,,,,,,S,2,0
SMA-11-01,TOKA,TOKA-129,5/15/2018,21,306,,,,JUEF,90,HOLA,COMA2,JUEF,,,,,,,,S,3,0
SMA-11-01,TOKA,TOKA-129,5/15/2018,22,306,,,,JUEF,102,PHAQ,JUEF,,,,,,,,,S,2,0
SMA-11-01,TOKA,TOKA-129,5/15/2018,23,306,,,,HOLA,60,L,,,,,,,,,,S,,0
SMA-11-01,TOKA,TOKA-129,5/15/2018,24,306,,,,JUEF,90,JUEF,PHAQ,,,,,,,,,S,1,0
SMA-11-01,TOKA,TOKA-129,5/15/2018,25,306,,,,PHAQ,85,JUEF,L,,,,,,,,,S,,0
SMA-11-01,TOKA,TOKA-129,5/15/2018,26,306,,,,JUEF,78,PHAQ,HOLA,JUEF,,,,,,,,S,3,0
SMA-11-01,TOKA,TOKA-129,5/15/2018,27,306,,,,JUEF,65,PHAQ,JUEF,,,,,,,,,S,2,0
SMA-11-01,TOKA,TOKA-129,5/15/2018,28,306,,,,JUEF,64,JUEF,,,,,,,,,,S,1,0
SMA-11-01,TOKA,TOKA-129,5/15/2018,29,306,,,,JUEF,77,PHAQ,HOLA,2GP,,,,,,,,S,3,0
SMA-11-01,TOKA,TOKA-129,5/15/2018,30,306,,,,CASU4,86,HOLA,PHAQ,LOPEM2,L,,,,,,,S,,0
SMA-11-01,TOKA,TOKA-129,5/15/2018,31,306,,,,CASU4,54,JUEF,HOLA,PHAQ,2GP,,,,,,,S,4,0
SMA-11-01,TOKA,TOKA-129,5/15/2018,32,306,,,,JUEF,80,VITE,HOLA,PHAQ,2GP,,,,,,,S,4,0
SMA-11-01,TOKA,TOKA-129,5/15/2018,33,306,,,,SCAR7,150,JUEF,HOLA,2GP,,,,,,,,S,3,0
SMA-11-01,TOKA,TOKA-129,5/15/2018,34,306,,,,HOLA,46,JUBU,,,,,,,,,,S,,0
SMA-11-01,TOKA,TOKA-129,5/15/2018,35,306,,,,POPR,107,JUEF,PHAQ,HOLA,JUEF,,,,,,,S,4,0
SMA-11-01,TOKA,TOKA-129,5/15/2018,36,306,,,,JUEF,58,HOLA,JUEF,,,,,,,,,S,2,0
SMA-11-01,TOKA,TOKA-129,5/15/2018,37,306,,,,JUEF,56,JUEF,,,,,,,,,,S,1,0
SMA-11-01,TOKA,TOKA-129,5/15/2018,38,306,,,,HOLA,50,JUEF,JUEF,,,,,,,,,S,2,0
SMA-11-01,TOKA,TOKA-129,5/15/2018,39,306,,,,JUEF,86,JUEF,,,,,,,,,,S,1,0
SMA-11-01,TOKA,TOKA-129,5/15/2018,40,306,,,,JUEF,65,LOPEM2,SOAS,L,,,,,,,,S,,0
SMA-11-01,TOKA,TOKA-129,5/15/2018,41,306,,,,PHAQ,90,JUEF,LOPEM2,2GP,,,,,,,,S,3,0
SMA-11-01,TOKA,TOKA-129,5/15/2018,42,306,,,,JUEF,56,JUEF,,,,,,,,,,S,1,0
SMA-11-01,TOKA,TOKA-129,5/15/2018,43,306,,,,JUEF,27,HOLA,HOLA,JUEF,,,,,,,,S,"2,3",0
SMA-11-01,TOKA,TOKA-129,5/15/2018,44,306,,,,JUEF,40,2GP,JUEF,,,,,,,,,S,"1,2",0
SMA-11-01,TOKA,TOKA-129,5/15/2018,45,306,,,,JUEF,99,PHAQ,HOLA,2GP,JUEF,,,,,,,S,"3,4",0
SMA-11-01,TOKA,TOKA-129,5/15/2018,46,306,,,,JUEF,65,HOLA,JUEF,,,,,,,,,S,2,0
SMA-11-01,TOKA,TOKA-129,5/15/2018,47,306,,,,SCAR7,92,PHAQ,JUEF,HOLA,L,,,,,,,S,,0
SMA-11-01,TOKA,TOKA-129,5/15/2018,48,306,,,,JUEF,86,HOLA,PHAQ,L,,,,,,,,S,,0
SMA-11-01,TOKA,TOKA-129,5/15/2018,49,306,,,,JUEF,64,HOLA,JUEF,,,,,,,,,S,2,0
SMA-11-01,TOKA,TOKA-129,5/15/2018,50,306,,,,JUEF,72,PHAQ,JUEF,,,,,,,,,S,2,0
SMA-11-01,TOKA,TOKA-129,5/28/2021,1,126,,,,BRHO2,10,VISA,LOCO6,VITE,,,,,,,,M,,0
SMA-11-01,TOKA,TOKA-129,5/28/2021,2,126,,,,VITE,20,LIBI5,GEDI,LOCO6,L,,,,,,,S,,0
SMA-11-01,TOKA,TOKA-129,5/28/2021,3,126,RUUR,,,2GP,50,GEDI,VITE,2GP,,,,,,,,S,3,0
SMA-11-01,TOKA,TOKA-129,5/28/2021,4,126,BAPI,,,2GA,30,GEDI,VUBR,2GA,,,,,,,,M,3,0
SMA-11-01,TOKA,TOKA-129,5/28/2021,5,126,RUUR,BAPI,,CIVU,30,VITE,2GA,GEDI,2GP,,,,,,,S,4,0
SMA-11-01,TOKA,TOKA-129,5/28/2021,6,126,,,,JUNCU,45,VITE,2GA,L,,,,,,,,M,,0
SMA-11-01,TOKA,TOKA-129,5/28/2021,7,126,,,,2GA,48,JUNCU,2GP,,,,,,,,,S,2,0
SMA-11-01,TOKA,TOKA-129,5/28/2021,8,126,,,,JUNCU,35,VITE,LIBI5,,,,,,,,,S,,0
SMA-11-01,TOKA,TOKA-129,5/28/2021,9,126,,,,2GP,50,VITE,LOCO6,GEDI,2GP,,,,,,,S,4,0
SMA-11-01,TOKA,TOKA-129,5/28/2021,10,126,,,,JUNCU,45,VITE,LOCO6,GEDI,2GP,,,,,,,S,,0
SMA-11-01,TOKA,TOKA-129,5/28/2021,11,126,,,,VITE,40,GEDI,2GP,2GP,,,,,,,,S,3,0
SMA-11-01,TOKA,TOKA-129,5/28/2021,12,126,RUUR,,,JUNCU,50,2GP,2GRAM,,,,,,,,,S,2,0
SMA-11-01,TOKA,TOKA-129,5/28/2021,13,126,RUUR,,,JUNCU,55,2GP,2GRAM,,,,,,,,,S,2,0
SMA-11-01,TOKA,TOKA-129,5/28/2021,14,126,RUUR,,,2GP,45,GEDI,VITE,L,,,,,,,,S,,0
SMA-11-01,TOKA,TOKA-129,5/28/2021,15,126,,,,2GP,60,LOCO6,VITE,2GP,,,,,,,,S,3,0
SMA-11-01,TOKA,TOKA-129,5/28/2021,16,126,,,,2GP,25,LOCO6,LIBI5,VITE,2GP,,,,,,,S,4,0
SMA-11-01,TOKA,TOKA-129,5/28/2021,17,126,,,,2GP,20,VITE,LOCO6,2GP,,,,,,,,S,3,0
SMA-11-01,TOKA,TOKA-129,5/28/2021,18,126,,,,2GP,30,LOCO6,VITE,VUBR,L,,,,,,,M,,0
SMA-11-01,TOKA,TOKA-129,5/28/2021,19,126,,,,2GP,55,VITE,LOCO6,2GP,,,,,,,,S,3,0
SMA-11-01,TOKA,TOKA-129,5/28/2021,20,126,RUUR,,,2GP,45,VITE,2GP,,,,,,,,,S,2,0
SMA-11-01,TOKA,TOKA-129,5/28/2021,21,126,,,,2GP,25,VITE,GEDI,VISA,L,,,,,,,M,,0
SMA-11-01,TOKA,TOKA-129,5/28/2021,22,126,RUUR,,,CAREX,50,VITE,LIBI5,2GP,,,,,,,,S,3,0
SMA-11-01,TOKA,TOKA-129,5/28/2021,23,126,,,,CAREX,70,VITE,2GP,2GP,,,,,,,,S,3,0
SMA-11-01,TOKA,TOKA-129,5/28/2021,24,126,,,,CAREX,20,VITE,GEDI,2GP,,,,,,,,S,3,0
SMA-11-01,TOKA,TOKA-129,5/28/2021,25,126,RUUR,,,2GP,40,VITE,GEDI,2GP,,,,,,,,S,3,0
SMA-11-01,TOKA,TOKA-129,5/28/2021,26,126,RUUR,,,VITE,25,2GP,GEDI,2GP,,,,,,,,S,3,0
SMA-11-01,TOKA,TOKA-129,5/28/2021,27,126,,,,2GP,40,VITE,GEDI,2GP,,,,,,,,S,3,0
SMA-11-01,TOKA,TOKA-129,5/28/2021,28,126,,,,VITE,20,2GP,,,,,,,,,,S,,0
SMA-11-01,TOKA,TOKA-129,5/28/2021,29,126,,,,VITE,15,HYRA3,L,,,,,,,,,S,,0
SMA-11-01,TOKA,TOKA-129,5/28/2021,30,126,,,,VITE,35,2GP,GEDI,L,,,,,,,,S,,0
SMA-11-01,TOKA,TOKA-129,5/28/2021,31,126,,,,VITE,30,2PLANT,LOCO6,L,,,,,,,,S,,0
SMA-11-01,TOKA,TOKA-129,5/28/2021,32,126,,,,2GP,45,VITE,HYRA3,LIBI5,L,,,,,,,S,,0
SMA-11-01,TOKA,TOKA-129,5/28/2021,33,126,,,,2GP,30,SIBE,VITE,GEDI,L,,,,,,,S,,0
SMA-11-01,TOKA,TOKA-129,5/28/2021,34,126,,,,VITE,25,LOCO6,2GP,2GP,,,,,,,,S,3,0
SMA-11-01,TOKA,TOKA-129,5/28/2021,35,126,,,,2GP,25,VITE,GEDI,LOCO6,2GP,,,,,,,S,,0
SMA-11-01,TOKA,TOKA-129,5/28/2021,36,126,,,,2GP,30,VITE,GEDI,2GP,,,,,,,,S,,0
SMA-11-01,TOKA,TOKA-129,5/28/2021,37,126,,,,2GP,20,HYRA3,LIBI5,LOCO6,L,,,,,,,S,,0
SMA-11-01,TOKA,TOKA-129,5/28/2021,38,126,,,,2GP,15,HYRA3,LOCO6,LIBI5,L,,,,,,,S,,0
SMA-11-01,TOKA,TOKA-129,5/28/2021,39,126,,,,2GP,35,VITE,LOCO6,GEDI,2GP,,,,,,,S,4,0
SMA-11-01,TOKA,TOKA-129,5/28/2021,40,126,,,,2GP,35,VITE,LOCO6,GEDI,2GP,,,,,,,S,4,0
SMA-11-01,TOKA,TOKA-129,5/28/2021,41,126,,,,2GP,50,VITE,2GP,,,,,,,,,S,2,0
SMA-11-01,TOKA,TOKA-129,5/28/2021,42,126,RUUR,,,2GP,50,VITE,JUNCU,L,,,,,,,,S,,0
SMA-11-01,TOKA,TOKA-129,5/28/2021,43,126,TODI,,,VITE,60,VISA,GEDI,L,,,,,,,,S,,0
SMA-11-01,TOKA,TOKA-129,5/28/2021,44,126,RUUR,,,2GP,38,VITE,CIVU,2GP,,,,,,,,S,3,0
SMA-11-01,TOKA,TOKA-129,5/28/2021,45,126,RUUR,,,IRDO,35,VITE,GEDI,2GP,,,,,,,,S,3,0
SMA-11-01,TOKA,TOKA-129,5/28/2021,46,126,TODI,,,2GP,50,GEDI,LOCO6,2GP,,,,,,,,S,3,0
SMA-11-01,TOKA,TOKA-129,5/28/2021,47,126,RUUR,TODI,,IRDO,40,L,,,,,,,,,,S,,0
SMA-11-01,TOKA,TOKA-129,5/28/2021,48,126,TODI,,,IRDO,35,VITE,VISA,GEDI,L,,,,,,,S,,0
SMA-11-01,TOKA,TOKA-129,5/28/2021,49,126,TODI,RUUR,,VITE,50,GEDI,2GP,,,,,,,,,S,2,0
SMA-11-01,TOKA,TOKA-129,5/28/2021,50,126,TODI,,,2GP,20,GEDI,VITE,LOCO6,2GP,,,,,,,S,4,0
SMA-11-01,TOKA,TOKA-129,5/28/2021,1,306,,,,2GP,20,GEDI,VITE,LIBI5,L,,,,,,,S,,0
SMA-11-01,TOKA,TOKA-129,5/28/2021,2,306,RUUR,,,VITE,26,GEDI,LIBI5,2GP,,,,,,,,S,3,0
SMA-11-01,TOKA,TOKA-129,5/28/2021,3,306,,,,JUNCU,36,VITE,GEDI,VUBR,L,,,,,,,S,,0
SMA-11-01,TOKA,TOKA-129,5/28/2021,4,306,,,,2GP,30,GEDI,VITE,2GP,,,,,,,,S,3,0
SMA-11-01,TOKA,TOKA-129,5/28/2021,5,306,RUUR,,,2GP,30,VITE,BRHO2,VUBR,2GP,,,,,,,S,4,0
SMA-11-01,TOKA,TOKA-129,5/28/2021,6,306,RUUR,,,2GP,65,VITE,GEDI,VISA,L,,,,,,,S,,0
SMA-11-01,TOKA,TOKA-129,5/28/2021,7,306,RUUR,,,2GP,50,COMA2,GEDI,VITE,L,,,,,,,S,,0
SMA-11-01,TOKA,TOKA-129,5/28/2021,8,306,,,,VITE,60,BRHO2,GEDI,2GP,,,,,,,,S,3,0
SMA-11-01,TOKA,TOKA-129,5/28/2021,9,306,RUUR,,,VITE,45,VUBR,GEDI,2GP,,,,,,,,S,3,0
SMA-11-01,TOKA,TOKA-129,5/28/2021,10,306,RUUR,,,NOPLANT,NA,L,,,,,,,,,,S,,0
SMA-11-01,TOKA,TOKA-129,5/28/2021,11,306,,,,VISA,30,BRHO2,GEDI,COMA2,2GP,,,,,,,S,4,0
SMA-11-01,TOKA,TOKA-129,5/28/2021,12,306,,,,AVENA,25,VITE,VISA,VUBR,2GP,,,,,,,S,4,0
SMA-11-01,TOKA,TOKA-129,5/28/2021,13,306,,,,BRHO2,50,VITE,GEDI,2GP,,,,,,,,S,3,0
SMA-11-01,TOKA,TOKA-129,5/28/2021,14,306,,,,LOPEM2,56,AVENA,GEDI,2GP,,,,,,,,S,3,0
SMA-11-01,TOKA,TOKA-129,5/28/2021,15,306,,,,VITE,53,LOPEM2,GEDI,2GP,,,,,,,,S,3,0
SMA-11-01,TOKA,TOKA-129,5/28/2021,16,306,,,,VITE,40,GEDI,2GP,COMA2,2GP,,,,,,,S,,0
SMA-11-01,TOKA,TOKA-129,5/28/2021,17,306,,,,BRHO2,55,VITE,VISA,2GP,,,,,,,,S,3,0
SMA-11-01,TOKA,TOKA-129,5/28/2021,18,306,,,,LOPEM2,80,GEDI,VITE,,,,,,,,,S,,0
SMA-11-01,TOKA,TOKA-129,5/28/2021,19,306,,,,AVENA,60,VITE,COMA2,2GP,,,,,,,,S,3,0
SMA-11-01,TOKA,TOKA-129,5/28/2021,20,306,,,,JUNCU,100,VITE,2GP,GEDI,2GP,,,,,,,S,4,0
SMA-11-01,TOKA,TOKA-129,5/28/2021,21,306,,,,COMA2,85,JUNCU,VITE,2GP,,,,,,,,S,3,0
SMA-11-01,TOKA,TOKA-129,5/28/2021,22,306,,,,2GP,45,VITE,PIEC,JUNCU,L,,,,,,,S,,0
SMA-11-01,TOKA,TOKA-129,5/28/2021,23,306,,,,JUNCU,50,VITE,LOCO6,BRHO2,2GP,,,,,,,S,4,0
SMA-11-01,TOKA,TOKA-129,5/28/2021,24,306,,,,CAREX,75,VITE,LOCO6,2GP,,,,,,,,S,3,0
SMA-11-01,TOKA,TOKA-129,5/28/2021,25,306,,,,LOPEM2,60,VITE,LOCO6,L,,,,,,,,S,,0
SMA-11-01,TOKA,TOKA-129,5/28/2021,26,306,,,,CAREX,55,VITE,L,,,,,,,,,S,,0
SMA-11-01,TOKA,TOKA-129,5/28/2021,27,306,,,,CAREX,48,VITE,LOPEM2,L,,,,,,,,S,,0
SMA-11-01,TOKA,TOKA-129,5/28/2021,28,306,,,,CAREX,76,MELIC,2GP,VITE,2GP,,,,,,,S,4,0
SMA-11-01,TOKA,TOKA-129,5/28/2021,29,306,,,,2GP,56,VITE,GEDI,2GP,,,,,,,,S,3,0
SMA-11-01,TOKA,TOKA-129,5/28/2021,30,306,,,,VITE,40,2GP,LOCO6,L,,,,,,,,S,,0
SMA-11-01,TOKA,TOKA-129,5/28/2021,31,306,,,,LOPEM2,50,MEPO3,VITE,GEDI,2GP,,,,,,,S,4,0
SMA-11-01,TOKA,TOKA-129,5/28/2021,32,306,,,,LOPEM2,60,LOCO6,VITE,RUCR,2GP,,,,,,,S,4,0
SMA-11-01,TOKA,TOKA-129,5/28/2021,33,306,,,,LOPEM2,60,2GP,GEDI,LOCO6,L,,,,,,,S,1,0
SMA-11-01,TOKA,TOKA-129,5/28/2021,34,306,,,,FESTU,100,VITE,LOCO6,JUNCU,L,,,,,,,S,,0
SMA-11-01,TOKA,TOKA-129,5/28/2021,35,306,,,,FESTU,100,VITE,LOCO6,RUCR,2GP,,,,,,,S,4,0
SMA-11-01,TOKA,TOKA-129,5/28/2021,36,306,,,,FESTU,100,RUCR,2GP,,,,,,,,,S,2,0
SMA-11-01,TOKA,TOKA-129,5/28/2021,37,306,,,,FESTU,100,JUNCU,LOCO6,VITE,,,,,,,,AM,,0
SMA-11-01,TOKA,TOKA-129,5/28/2021,38,306,,,,JUNCU,95,DAGL,VISA,JUNCU,,,,,,,,S,3,0
SMA-11-01,TOKA,TOKA-129,5/28/2021,39,306,,,,JUNCU,70,2GP,L,,,,,,,,,S,,0
SMA-11-01,TOKA,TOKA-129,5/28/2021,40,306,,,,JUNCU,100,VITE,JUNCU,,,,,,,,,S,2,0
SMA-11-01,TOKA,TOKA-129,5/28/2021,41,306,,,,JUNCU,50,VITE,2GP,GEDI,L,,,,,,,S,,0
SMA-11-01,TOKA,TOKA-129,5/28/2021,42,306,,,,JUNCU,52,LOCO6,PIEC,RUCR,,,,,,,,AM,,0
SMA-11-01,TOKA,TOKA-129,5/28/2021,43,306,,,,JUNCU,90,VITE,GEDI,,,,,,,,,AM,,0
SMA-11-01,TOKA,TOKA-129,5/28/2021,44,306,,,,JUNCU,60,LOCO6,PIEC,,,,,,,,,,,0
SMA-11-01,TOKA,TOKA-129,5/28/2021,45,306,,,,JUNCU,60,VITE,RUCR,JUNCU,,,,,,,,S,3,0
SMA-11-01,TOKA,TOKA-129,5/28/2021,46,306,,,,FESTU,85,LOCO6,2GP,2GP,,,,,,,,S,3,0
SMA-11-01,TOKA,TOKA-129,5/28/2021,47,306,,,,FESTU,75,LOCO6,VITE,CAREX,L,,,,,,,S,,0
SMA-11-01,TOKA,TOKA-129,5/28/2021,48,306,,,,FESTU,64,2GP,VITE,JUNCU,,,,,,,,S,3,0
SMA-11-01,TOKA,TOKA-129,5/28/2021,49,306,,,,2GP,60,VITE,CAREX,2GP,,,,,,,,S,3,0
SMA-11-01,TOKA,TOKA-129,5/28/2021,50,306,,,,FESTU,100,VITE,2GP,,,,,,,,,S,2,0
SMA-11-01,TOKA,TOKA-129,6/21/2024,1,126,,,,PHAQ,21,LOCO6,L,,,,,,,,,S,,0
SMA-11-01,TOKA,TOKA-129,6/21/2024,2,126,,,,HOLA,34,,,,,,,,,,,S,,0
SMA-11-01,TOKA,TOKA-129,6/21/2024,3,126,,,,HOLA,51,PHAQ,RUUR,JUNCU,,,,,,,,S,,0
SMA-11-01,TOKA,TOKA-129,6/21/2024,4,126,,,,HOLA,38,JUNCU,RUUR,L,,,,,,,,S,,0
SMA-11-01,TOKA,TOKA-129,6/21/2024,5,126,,,,HOLA,30,PHAQ,BRMI2,L,,,,,,,,S,,0
SMA-11-01,TOKA,TOKA-129,6/21/2024,6,126,,,,AICA,34,BRMI2,2GA,,,,,,,,,M,2,0
SMA-11-01,TOKA,TOKA-129,6/21/2024,7,126,,,,PHAQ,68,RUUR,2GA,VITE,L,,,,,,,S,2,0
SMA-11-01,TOKA,TOKA-129,6/21/2024,8,126,,,,HOLA,73,VULPI,PHAQ,L,,,,,,,,S,,0
SMA-11-01,TOKA,TOKA-129,6/21/2024,9,126,,,,HOLA,62,JUNCU,BRMI2,RUUR,LAAM,,,,,,,S,,0
SMA-11-01,TOKA,TOKA-129,6/21/2024,10,126,,,,PIEC,12,PHAQ,HOLA,L,,,,,,,,S,,0
SMA-11-01,TOKA,TOKA-129,6/21/2024,11,126,RUUR,,,PHAQ,40,L,,,,,,,,,,S,,0
SMA-11-01,TOKA,TOKA-129,6/21/2024,12,126,,,,HOLA,42,2GA,RUUR,L,,,,,,,,S,,0
SMA-11-01,TOKA,TOKA-129,6/21/2024,13,126,,,,HOLA,51,BAPI,L,,,,,,,,,S,,0
SMA-11-01,TOKA,TOKA-129,6/21/2024,14,126,,,,VITE,44,VULPI,PHAQ,AICA,LOCO6,L,,,,,,S,,0
SMA-11-01,TOKA,TOKA-129,6/21/2024,15,126,,,,VULPI,29,PHAQ,LOCO6,L,,,,,,,,S,,0
SMA-11-01,TOKA,TOKA-129,6/21/2024,16,126,BAPI,,,PHAQ,51,PHAQ,L,,,,,,,,,S,1,0
SMA-11-01,TOKA,TOKA-129,6/21/2024,17,126,,,,PHAQ,38,VULPI,LOCO6,PLLA,L,,,,,,,S,,0
SMA-11-01,TOKA,TOKA-129,6/21/2024,18,126,,,,PHAQ,32,AICA,VULPI,VULPI,HOLA,2GA,L,,,,,S,5,0
SMA-11-01,TOKA,TOKA-129,6/21/2024,19,126,,,,JUNCU,50,PLLA,VULPI,LOCO6,RUUR,L,,,,,,S,,0
SMA-11-01,TOKA,TOKA-129,6/21/2024,20,126,,,,HOLA,54,PHAQ,L,,,,,,,,,S,,0
SMA-11-01,TOKA,TOKA-129,6/21/2024,21,126,,,,PHAQ,43,LOCO6,,,,,,,,,,S,,0
SMA-11-01,TOKA,TOKA-129,6/21/2024,22,126,,,,HOLA,63,AICA,VULPI,GEDI,L,,,,,,,S,,0
SMA-11-01,TOKA,TOKA-129,6/21/2024,23,126,,,,PHAQ,30,BRMI2,VULPI,AICA,L,,,,,,,S,,0
SMA-11-01,TOKA,TOKA-129,6/21/2024,24,126,,,,PHAQ,34,AICA,VULPI,VULPI,HOLA,L,,,,,,S,,0
SMA-11-01,TOKA,TOKA-129,6/21/2024,25,126,,,,PHAQ,120,L,,,,,,,,,,S,,0
SMA-11-01,TOKA,TOKA-129,6/21/2024,26,126,,,,PHAQ,37,CYPER,2GA,L,,,,,,,,S,,0
SMA-11-01,TOKA,TOKA-129,6/21/2024,27,126,,,,2GA,15,L,,,,,,,,,,S,,1
SMA-11-01,TOKA,TOKA-129,6/21/2024,28,126,,,,AICA,39,HOLA,LOCO6,JUNCU,L,,,,,,,S,,0
SMA-11-01,TOKA,TOKA-129,6/21/2024,29,126,RUUR,,,VULPI,16,L,,,,,,,,,,S,,0
SMA-11-01,TOKA,TOKA-129,6/21/2024,30,126,,,,PHAQ,46,2GA,L,,,,,,,,,S,1,0
SMA-11-01,TOKA,TOKA-129,6/21/2024,31,126,,,,PHAQ,42,RUUR,L,,,,,,,,,S,,0
SMA-11-01,TOKA,TOKA-129,6/21/2024,32,126,,,,PHAQ,67,RUUR,L,,,,,,,,,S,,0
SMA-11-01,TOKA,TOKA-129,6/21/2024,33,126,RUUR,,,PHAQ,25,L,,,,,,,,,,S,,0
SMA-11-01,TOKA,TOKA-129,6/21/2024,34,126,BAPI,,,PHAQ,45,RUUR,L,,,,,,,,,S,,0
SMA-11-01,TOKA,TOKA-129,6/21/2024,35,126,BAPI,,,PHAQ,91,RUUR,L,,,,,,,,,S,,0
SMA-11-01,TOKA,TOKA-129,6/21/2024,36,126,,,,HOLA,31,RUUR,,,,,,,,,,S,,0
SMA-11-01,TOKA,TOKA-129,6/21/2024,37,126,,,,PHAQ,73,HOLA,L,,,,,,,,,S,,0
SMA-11-01,TOKA,TOKA-129,6/21/2024,38,126,RUUR,,,PHAQ,32,2GA,L,,,,,,,,,S,,0
SMA-11-01,TOKA,TOKA-129,6/21/2024,39,126,,,,VULPI,33,HOLA,PHAQ,RUUR,L,,,,,,,S,,0
SMA-11-01,TOKA,TOKA-129,6/21/2024,40,126,,,,IRIS,57,RUUR,PHAQ,L,,,,,,,,S,,0
SMA-11-01,TOKA,TOKA-129,6/21/2024,41,126,,,,PHAQ,60,L,,,,,,,,,,S,,0
SMA-11-01,TOKA,TOKA-129,6/21/2024,42,126,,,,PHAQ,67,HOLA,,,,,,,,,,S,,0
SMA-11-01,TOKA,TOKA-129,6/21/2024,43,126,RUUR,,,HOLA,36,ROCA2,GEDI,2GA,,,,,,,,M,,0
SMA-11-01,TOKA,TOKA-129,6/21/2024,44,126,TODI,,,ROCA2,50,RUUR,L,,,,,,,,,S,,0
SMA-11-01,TOKA,TOKA-129,6/21/2024,45,126,,,,JUNCU,110,IRIS,VITE,L,,,,,,,,S,,0
SMA-11-01,TOKA,TOKA-129,6/21/2024,46,126,,,,IRIS,80,L,,,,,,,,,,S,,0
SMA-11-01,TOKA,TOKA-129,6/21/2024,47,126,TODI,,,HOLA,82,RUUR,L,,,,,,,,,S,,0
SMA-11-01,TOKA,TOKA-129,6/21/2024,48,126,BAPI,,,TODI,50,2GA,L,,,,,,,,,S,,0
SMA-11-01,TOKA,TOKA-129,6/21/2024,49,126,BAPI,,,TODI,50,2GA,L,,,,,,,,,S,,0
SMA-11-01,TOKA,TOKA-129,6/21/2024,50,126,BAPI,,,TODI,50,2GA,L,,,,,,,,,S,,0
SMA-11-01,TOKA,TOKA-129,6/21/2024,1,306,,,,PHAQ,68,LOCO6,AICA,L,,,,,,,,S,,0
SMA-11-01,TOKA,TOKA-129,6/21/2024,2,306,,,,HOLA,64,JUNCU,VITE,LOCO6,PHAQ,AICA,L,,,,,S,,0
SMA-11-01,TOKA,TOKA-129,6/21/2024,3,306,,,,PHAQ,21,LOCO6,RUUR,L,,,,,,,,S,,0
SMA-11-01,TOKA,TOKA-129,6/21/2024,4,306,,,,PHAQ,51,PHAQ,LOCO6,L,,,,,,,,S,,1
SMA-11-01,TOKA,TOKA-129,6/21/2024,5,306,,,,LIBI5,24,PLLA,LOCO6,PHAQ,L,,,,,,,S,3,0
SMA-11-01,TOKA,TOKA-129,6/21/2024,6,306,,,,HOLA,44,LIBI5,CYEC,VULPI,L,,,,,,,S,,0
SMA-11-01,TOKA,TOKA-129,6/21/2024,7,306,RUUR,,,JUNCU,50,L,,,,,,,,,,S,,0
SMA-11-01,TOKA,TOKA-129,6/21/2024,8,306,RUUR,,,NOPLANT,NA,L,,,,,,,,,,S,,0
SMA-11-01,TOKA,TOKA-129,6/21/2024,9,306,RUUR,,,NOPLANT,NA,L,,,,,,,,,,S,,0
SMA-11-01,TOKA,TOKA-129,6/21/2024,10,306,RUUR,,,NOPLANT,NA,L,,,,,,,,,,S,,0
SMA-11-01,TOKA,TOKA-129,6/21/2024,11,306,,,,PHAQ,70,VISA,RUUR,L,,,,,,,,S,,0
SMA-11-01,TOKA,TOKA-129,6/21/2024,12,306,RUUR,,,NOPLANT,NA,L,,,,,,,,,,S,,0
SMA-11-01,TOKA,TOKA-129,6/21/2024,13,306,,,,HOLA,68,RUUR,L,,,,,,,,,S,,0
SMA-11-01,TOKA,TOKA-129,6/21/2024,14,306,,,,HOLA,20,PHAQ,VULPI,L,,,,,,,,S,,0
SMA-11-01,TOKA,TOKA-129,6/21/2024,15,306,,,,2GA,20,VULPI,AICA,RUUR,L,,,,,,,S,,0
SMA-11-01,TOKA,TOKA-129,6/21/2024,16,306,,,,PHAQ,21,HOLA,RUUR,VULPI,L,,,,,,,S,,0
SMA-11-01,TOKA,TOKA-129,6/21/2024,17,306,,,,LOPEM2,6,HOLA,2GA,RUUR,L,,,,,,,S,,0
SMA-11-01,TOKA,TOKA-129,6/21/2024,18,306,,,,PHAQ,19,HOLA,LOPEM2,L,,,,,,,,S,,0
SMA-11-01,TOKA,TOKA-129,6/21/2024,19,306,,,,AICA,19,LOPEM2,PHAQ,HOLA,L,,,,,,,S,,0
SMA-11-01,TOKA,TOKA-129,6/21/2024,20,306,,,,PHAQ,19,LOPEM2,HOLA,L,,,,,,,,S,,0
SMA-11-01,TOKA,TOKA-129,6/21/2024,21,306,,,,PHAQ,20,2GA,L,,,,,,,,,S,,0
SMA-11-01,TOKA,TOKA-129,6/21/2024,22,306,,,,JUNCU,74,PHAQ,L,,,,,,,,,S,,0
SMA-11-01,TOKA,TOKA-129,6/21/2024,23,306,,,,2GA,12,L,,,,,,,,,,S,,0
SMA-11-01,TOKA,TOKA-129,6/21/2024,24,306,,,,2GA,14,L,,,,,,,,,,S,,0
SMA-11-01,TOKA,TOKA-129,6/21/2024,25,306,,,,HOLA,12,L,,,,,,,,,,S,,0
SMA-11-01,TOKA,TOKA-129,6/21/2024,26,306,,,,HOLA,73,JUNCU,L,,,,,,,,,S,,0
SMA-11-01,TOKA,TOKA-129,6/21/2024,27,306,,,,JUNCU,29,HOLA,L,,,,,,,,,S,,0
SMA-11-01,TOKA,TOKA-129,6/21/2024,28,306,,,,SCAR7,93,HOLA,L,,,,,,,,,S,,0
SMA-11-01,TOKA,TOKA-129,6/21/2024,29,306,,,,CAREX,47,LOPEM2,HOLA,,,,,,,,,S,,0
SMA-11-01,TOKA,TOKA-129,6/21/2024,30,306,,,,2GA,25,JUNCU,,,,,,,,,,S,,0
SMA-11-01,TOKA,TOKA-129,6/21/2024,31,306,,,,JUNCU,90,HOLA,L,,,,,,,,,S,,0
SMA-11-01,TOKA,TOKA-129,6/21/2024,32,306,,,,LOPEM2,83,JUNCU,HOLA,L,,,,,,,,S,,0
SMA-11-01,TOKA,TOKA-129,6/21/2024,33,306,,,,CAREX,15,SCAR7,L,,,,,,,,,S,,0
SMA-11-01,TOKA,TOKA-129,6/21/2024,34,306,,,,SCAR7,22,HOLA,L,,,,,,,,,S,,0
SMA-11-01,TOKA,TOKA-129,6/21/2024,35,306,,,,SCAR7,73,L,,,,,,,,,,S,,0
SMA-11-01,TOKA,TOKA-129,6/21/2024,36,306,,,,SCAR7,19,L,,,,,,,,,,S,,0
SMA-11-01,TOKA,TOKA-129,6/21/2024,37,306,,,,HOLA,89,SCAR7,JUNCU,L,,,,,,,,S,,0
SMA-11-01,TOKA,TOKA-129,6/21/2024,38,306,,,,SCAR7,80,L,,,,,,,,,,S,,0
SMA-11-01,TOKA,TOKA-129,6/21/2024,39,306,,,,SCAR7,54,,,,,,,,,,,S,,0
SMA-11-01,TOKA,TOKA-129,6/21/2024,40,306,,,,SCAR7,52,JUNCU,L,,,,,,,,,S,,0
SMA-11-01,TOKA,TOKA-129,6/21/2024,41,306,,,,RUCR,100,SCAR7,JUNCU,L,,,,,,,,S,,0
SMA-11-01,TOKA,TOKA-129,6/21/2024,42,306,,,,RUCR,110,JUNCU,L,,,,,,,,,S,,0
SMA-11-01,TOKA,TOKA-129,6/21/2024,43,306,,,,SCAR7,47,JUNCU,HOLA,L,,,,,,,,S,,0
SMA-11-01,TOKA,TOKA-129,6/21/2024,44,306,,,,SCAR7,31,JUNCU,L,,,,,,,,,S,,0
SMA-11-01,TOKA,TOKA-129,6/21/2024,45,306,,,,SCAR7,112,L,,,,,,,,,,S,,0
SMA-11-01,TOKA,TOKA-129,6/21/2024,46,306,,,,SCAR7,66,L,,,,,,,,,,S,,0
SMA-11-01,TOKA,TOKA-129,6/21/2024,47,306,,,,JUNCU,30,L,,,,,,,,,,S,,0
SMA-11-01,TOKA,TOKA-129,6/21/2024,48,306,,,,SCAR7,45,JUNCU,,,,,,,,,,S,,0
SMA-11-01,TOKA,TOKA-129,6/21/2024,49,306,,,,SCAR7,68,JUNCU,L,,,,,,,,,S,,0
SMA-11-01,TOKA,TOKA-129,6/21/2024,50,306,,,,LOPEM2,50,SCAR7,L,,,,,,,,,S,,0
SMA-11-01,TOKA,TOKA-135,6/27/2016,1,235,,,,,NA,,,,,,,,,,,,,0
SMA-11-01,TOKA,TOKA-135,6/27/2016,2,235,,,,,NA,,,,,,,,,,,,,0
SMA-11-01,TOKA,TOKA-135,6/27/2016,3,235,,,,,NA,,,,,,,,,,,,,0
SMA-11-01,TOKA,TOKA-135,6/27/2016,4,235,,,,,NA,,,,,,,,,,,,,0
SMA-11-01,TOKA,TOKA-135,6/27/2016,5,235,,,,,NA,,,,,,,,,,,,,0
SMA-11-01,TOKA,TOKA-135,6/27/2016,6,235,,,,,NA,,,,,,,,,,,,,0
SMA-11-01,TOKA,TOKA-135,6/27/2016,7,235,,,,,NA,,,,,,,,,,,,,0
SMA-11-01,TOKA,TOKA-135,6/27/2016,8,235,,,,,NA,,,,,,,,,,,,,0
SMA-11-01,TOKA,TOKA-135,6/27/2016,9,235,,,,,NA,,,,,,,,,,,,,0
SMA-11-01,TOKA,TOKA-135,6/27/2016,10,235,,,,,NA,,,,,,,,,,,,,0
SMA-11-01,TOKA,TOKA-135,6/27/2016,11,235,,,,,NA,,,,,,,,,,,,,0
SMA-11-01,TOKA,TOKA-135,6/27/2016,12,235,,,,NOPLANT,0,,,,,,,,,,,AM,,0
SMA-11-01,TOKA,TOKA-135,6/27/2016,13,235,,,,BRDI2,1,,,,,,,,,,,S,,0
SMA-11-01,TOKA,TOKA-135,6/27/2016,14,235,,,,BRDI2,16,L,,,,,,,,,,S,,0
SMA-11-01,TOKA,TOKA-135,6/27/2016,15,235,,,,BRDI2,14,L,,,,,,,,,,S,,0
SMA-11-01,TOKA,TOKA-135,6/27/2016,16,235,,,,BRDI2,26,,,,,,,,,,,S,,0
SMA-11-01,TOKA,TOKA-135,6/27/2016,17,235,,,,LIUS,34,BRDI2,L,,,,,,,,,S,,0
SMA-11-01,TOKA,TOKA-135,6/27/2016,18,235,,,,DACA3,36,BRDI2,L,,,,,,,,,S,,0
SMA-11-01,TOKA,TOKA-135,6/27/2016,19,235,,,,LOPEM2,37,BRDI2,LIUS,L,,,,,,,,S,,0
SMA-11-01,TOKA,TOKA-135,6/27/2016,20,235,,,,LIUS,45,BRDI2,L,,,,,,,,,S,,0
SMA-11-01,TOKA,TOKA-135,6/27/2016,21,235,,,,CAPY2,60,BRDI2,L,,,,,,,,,S,,0
SMA-11-01,TOKA,TOKA-135,6/27/2016,22,235,,,,BRDI2,48,CAPY2,L,,,,,,,,,S,,0
SMA-11-01,TOKA,TOKA-135,6/27/2016,23,235,,,,CAPY2,47,BRDI2,L,,,,,,,,,S,,0
SMA-11-01,TOKA,TOKA-135,6/27/2016,24,235,,,,BRDI2,32,L,,,,,,,,,,S,,0
SMA-11-01,TOKA,TOKA-135,6/27/2016,25,235,,,,BRHO2,48,LOPEM2,BRDI2,L,,,,,,,,S,,0
SMA-11-01,TOKA,TOKA-135,6/27/2016,26,235,,,,CAPY2,75,BRDI2,L,,,,,,,,,S,,0
SMA-11-01,TOKA,TOKA-135,6/27/2016,27,235,,,,NOPLANT,0,L,,,,,,,,,,S,,0
SMA-11-01,TOKA,TOKA-135,6/27/2016,28,235,,,,BRDI2,55,CAPY2,L,,,,,,,,,S,,0
SMA-11-01,TOKA,TOKA-135,6/27/2016,29,235,,,,CAPY2,115,BRDI2,L,,,,,,,,,S,,0
SMA-11-01,TOKA,TOKA-135,6/27/2016,30,235,,,,LOPEM2,21,BRDI2,CAPY2,,,,,,,,,S,,0
SMA-11-01,TOKA,TOKA-135,6/27/2016,31,235,,,,BRDI2,16,LOPEM2,L,,,,,,,,,S,,0
SMA-11-01,TOKA,TOKA-135,6/27/2016,32,235,,,,PLLA,10,BRDI2,,,,,,,,,,S,,0
SMA-11-01,TOKA,TOKA-135,6/27/2016,33,235,,,,NOPLANT,0,,,,,,,,,,,S,,0
SMA-11-01,TOKA,TOKA-135,6/27/2016,34,235,,,,AVENA,68,LOPEM2,L,,,,,,,,,S,,0
SMA-11-01,TOKA,TOKA-135,6/27/2016,35,235,,,,AVENA,38,L,,,,,,,,,,S,,0
SMA-11-01,TOKA,TOKA-135,6/27/2016,36,235,,,,LOPEM2,54,CAPY2,BRDI2,AVENA,L,,,,,,,S,,0
SMA-11-01,TOKA,TOKA-135,6/27/2016,37,235,,,,LOPEM2,80,CAPY2,L,,,,,,,,,S,,0
SMA-11-01,TOKA,TOKA-135,6/27/2016,38,235,,,,AVENA,120,CAPY2,BRDI2,L,,,,,,,,S,,0
SMA-11-01,TOKA,TOKA-135,6/27/2016,39,235,,,,VUBR,10,BRDI2,BRDI2,L,,,,,,,,S,,0
SMA-11-01,TOKA,TOKA-135,6/27/2016,40,235,,,,BRDI2,35,L,,,,,,,,,,S,,0
SMA-11-01,TOKA,TOKA-135,6/27/2016,41,235,,,,BRDI2,15,L,,,,,,,,,,S,,0
SMA-11-01,TOKA,TOKA-135,6/27/2016,42,235,,,,BRDI2,40,L,,,,,,,,,,S,,0
SMA-11-01,TOKA,TOKA-135,6/27/2016,43,235,,,,BRDI2,10,L,,,,,,,,,,S,,0
SMA-11-01,TOKA,TOKA-135,6/27/2016,44,235,,,,BRDI2,22,L,,,,,,,,,,S,,0
SMA-11-01,TOKA,TOKA-135,6/27/2016,45,235,,,,BRDI2,30,L,,,,,,,,,,S,,0
SMA-11-01,TOKA,TOKA-135,6/27/2016,46,235,,,,BRDI2,12,,,,,,,,,,,S,,0
SMA-11-01,TOKA,TOKA-135,6/27/2016,47,235,,,,AVENA,26,BRDI2,,,,,,,,,,S,,0
SMA-11-01,TOKA,TOKA-135,6/27/2016,48,235,,,,BRDI2,20,VUBR,L,,,,,,,,,S,,0
SMA-11-01,TOKA,TOKA-135,6/27/2016,49,235,,,,AVENA,52,BRDI2,L,,,,,,,,,S,,0
SMA-11-01,TOKA,TOKA-135,6/27/2016,50,235,,,,BRDI2,34,L,,,,,,,,,,S,,0
SMA-11-01,TOKA,TOKA-135,6/27/2016,1,NA,,,,,NA,,,,,,,,,,,,,0
SMA-11-01,TOKA,TOKA-135,6/27/2016,2,NA,,,,,NA,,,,,,,,,,,,,0
SMA-11-01,TOKA,TOKA-135,6/27/2016,3,NA,,,,,NA,,,,,,,,,,,,,0
SMA-11-01,TOKA,TOKA-135,6/27/2016,4,NA,,,,,NA,,,,,,,,,,,,,0
SMA-11-01,TOKA,TOKA-135,6/27/2016,5,NA,,,,,NA,,,,,,,,,,,,,0
SMA-11-01,TOKA,TOKA-135,6/27/2016,6,NA,,,,,NA,,,,,,,,,,,,,0
SMA-11-01,TOKA,TOKA-135,6/27/2016,7,NA,,,,,NA,,,,,,,,,,,,,0
SMA-11-01,TOKA,TOKA-135,6/27/2016,8,NA,,,,,NA,,,,,,,,,,,,,0
SMA-11-01,TOKA,TOKA-135,6/27/2016,9,NA,,,,,NA,,,,,,,,,,,,,0
SMA-11-01,TOKA,TOKA-135,6/27/2016,10,NA,,,,,NA,,,,,,,,,,,,,0
SMA-11-01,TOKA,TOKA-135,6/27/2016,11,NA,,,,,NA,,,,,,,,,,,,,0
SMA-11-01,TOKA,TOKA-135,6/27/2016,12,NA,,,,,NA,,,,,,,,,,,,,0
SMA-11-01,TOKA,TOKA-135,6/27/2016,13,NA,,,,,NA,,,,,,,,,,,,,0
SMA-11-01,TOKA,TOKA-135,6/27/2016,14,NA,,,,,NA,,,,,,,,,,,,,0
SMA-11-01,TOKA,TOKA-135,6/27/2016,15,NA,,,,,NA,,,,,,,,,,,,,0
SMA-11-01,TOKA,TOKA-135,6/27/2016,16,NA,,,,,NA,,,,,,,,,,,,,0
SMA-11-01,TOKA,TOKA-135,6/27/2016,17,NA,,,,,NA,,,,,,,,,,,,,0
SMA-11-01,TOKA,TOKA-135,6/27/2016,18,NA,,,,,NA,,,,,,,,,,,,,0
SMA-11-01,TOKA,TOKA-135,6/27/2016,19,NA,,,,,NA,,,,,,,,,,,,,0
SMA-11-01,TOKA,TOKA-135,6/27/2016,20,NA,,,,,NA,,,,,,,,,,,,,0
SMA-11-01,TOKA,TOKA-135,6/27/2016,21,NA,,,,,NA,,,,,,,,,,,,,0
SMA-11-01,TOKA,TOKA-135,6/27/2016,22,NA,,,,,NA,,,,,,,,,,,,,0
SMA-11-01,TOKA,TOKA-135,6/27/2016,23,NA,,,,,NA,,,,,,,,,,,,,0
SMA-11-01,TOKA,TOKA-135,6/27/2016,24,NA,,,,,NA,,,,,,,,,,,,,0
SMA-11-01,TOKA,TOKA-135,6/27/2016,25,NA,,,,,NA,,,,,,,,,,,,,0
SMA-11-01,TOKA,TOKA-135,6/27/2016,26,NA,,,,,NA,,,,,,,,,,,,,0
SMA-11-01,TOKA,TOKA-135,6/27/2016,27,NA,,,,,NA,,,,,,,,,,,,,0
SMA-11-01,TOKA,TOKA-135,6/27/2016,28,NA,,,,,NA,,,,,,,,,,,,,0
SMA-11-01,TOKA,TOKA-135,6/27/2016,29,NA,,,,,NA,,,,,,,,,,,,,0
SMA-11-01,TOKA,TOKA-135,6/27/2016,30,NA,,,,,NA,,,,,,,,,,,,,0
SMA-11-01,TOKA,TOKA-135,6/27/2016,31,NA,,,,,NA,,,,,,,,,,,,,0
SMA-11-01,TOKA,TOKA-135,6/27/2016,32,NA,,,,,NA,,,,,,,,,,,,,0
SMA-11-01,TOKA,TOKA-135,6/27/2016,33,NA,,,,,NA,,,,,,,,,,,,,0
SMA-11-01,TOKA,TOKA-135,6/27/2016,34,NA,,,,,NA,,,,,,,,,,,,,0
SMA-11-01,TOKA,TOKA-135,6/27/2016,35,NA,,,,,NA,,,,,,,,,,,,,0
SMA-11-01,TOKA,TOKA-135,6/27/2016,36,NA,,,,,NA,,,,,,,,,,,,,0
SMA-11-01,TOKA,TOKA-135,6/27/2016,37,NA,,,,,NA,,,,,,,,,,,,,0
SMA-11-01,TOKA,TOKA-135,6/27/2016,38,NA,,,,,NA,,,,,,,,,,,,,0
SMA-11-01,TOKA,TOKA-135,6/27/2016,39,NA,,,,,NA,,,,,,,,,,,,,0
SMA-11-01,TOKA,TOKA-135,6/27/2016,40,NA,,,,,NA,,,,,,,,,,,,,0
SMA-11-01,TOKA,TOKA-135,6/27/2016,41,NA,,,,,NA,,,,,,,,,,,,,0
SMA-11-01,TOKA,TOKA-135,6/27/2016,42,NA,,,,,NA,,,,,,,,,,,,,0
SMA-11-01,TOKA,TOKA-135,6/27/2016,43,NA,,,,,NA,,,,,,,,,,,,,0
SMA-11-01,TOKA,TOKA-135,6/27/2016,44,NA,,,,,NA,,,,,,,,,,,,,0
SMA-11-01,TOKA,TOKA-135,6/27/2016,45,NA,,,,,NA,,,,,,,,,,,,,0
SMA-11-01,TOKA,TOKA-135,6/27/2016,46,NA,,,,,NA,,,,,,,,,,,,,0
SMA-11-01,TOKA,TOKA-135,6/27/2016,47,NA,,,,,NA,,,,,,,,,,,,,0
SMA-11-01,TOKA,TOKA-135,6/27/2016,48,NA,,,,,NA,,,,,,,,,,,,,0
SMA-11-01,TOKA,TOKA-135,6/27/2016,49,NA,,,,,NA,,,,,,,,,,,,,0
SMA-11-01,TOKA,TOKA-135,6/27/2016,50,NA,,,,,NA,,,,,,,,,,,,,0
SMA-11-01,TOKA,TOKA-135,4/25/2018,1,235,,,,,NA,,,,,,,,,,,,,0
SMA-11-01,TOKA,TOKA-135,4/25/2018,2,235,,,,,NA,,,,,,,,,,,,,0
SMA-11-01,TOKA,TOKA-135,4/25/2018,3,235,,,,,NA,,,,,,,,,,,,,0
SMA-11-01,TOKA,TOKA-135,4/25/2018,4,235,,,,,NA,,,,,,,,,,,,,0
SMA-11-01,TOKA,TOKA-135,4/25/2018,5,235,,,,,NA,,,,,,,,,,,,,0
SMA-11-01,TOKA,TOKA-135,4/25/2018,6,235,,,,,NA,,,,,,,,,,,,,0
SMA-11-01,TOKA,TOKA-135,4/25/2018,7,235,,,,,NA,,,,,,,,,,,,,0
SMA-11-01,TOKA,TOKA-135,4/25/2018,8,235,,,,,NA,,,,,,,,,,,,,0
SMA-11-01,TOKA,TOKA-135,4/25/2018,9,235,,,,,NA,,,,,,,,,,,,,0
SMA-11-01,TOKA,TOKA-135,4/25/2018,10,235,BAPI,,,NOPLANT,NA,,,,,,,,,,,S,,0
SMA-11-01,TOKA,TOKA-135,4/25/2018,11,235,,,,VUBR,7,PLLA,VUBR,L,,,,,,,,S,2,0
SMA-11-01,TOKA,TOKA-135,4/25/2018,12,235,,,,BRDI2,4,L,,,,,,,,,,S,,0
SMA-11-01,TOKA,TOKA-135,4/25/2018,13,235,,,,BRHO2,11,VUBR,L,,,,,,,,,S,,0
SMA-11-01,TOKA,TOKA-135,4/25/2018,14,235,,,,BRDI2,9,LIBI5,L,,,,,,,,,S,,0
SMA-11-01,TOKA,TOKA-135,4/25/2018,15,235,,,,BRDI2,12,BRDI2,L,,,,,,,,,S,1,0
SMA-11-01,TOKA,TOKA-135,4/25/2018,16,235,,,,BRCA5,20,BRDI2,L,,,,,,,,,S,1,0
SMA-11-01,TOKA,TOKA-135,4/25/2018,17,235,,,,AVBA,23,BRDI2,L,,,,,,,,,S,,0
SMA-11-01,TOKA,TOKA-135,4/25/2018,18,235,,,,BRDI2,21,L,,,,,,,,,,S,,0
SMA-11-01,TOKA,TOKA-135,4/25/2018,19,235,,,,BRDI2,16,2GA,,,,,,,,,,S,1,0
SMA-11-01,TOKA,TOKA-135,4/25/2018,20,235,,,,BRCA5,47,AVBA,BRDI2,L,,,,,,,,S,,0
SMA-11-01,TOKA,TOKA-135,4/25/2018,21,235,,,,BRCA5,54,BRDI2,L,,,,,,,,,S,,0
SMA-11-01,TOKA,TOKA-135,4/25/2018,22,235,,,,BRDI2,5,BRDI2,,,,,,,,,,S,1,0
SMA-11-01,TOKA,TOKA-135,4/25/2018,23,235,BAPI,,,BRDI2,10,L,,,,,,,,,,S,,0
SMA-11-01,TOKA,TOKA-135,4/25/2018,24,235,,,,BRDI2,15,L,,,,,,,,,,S,,0
SMA-11-01,TOKA,TOKA-135,4/25/2018,25,235,,,,AVBA,19,BRDI2,L,,,,,,,,,S,,0
SMA-11-01,TOKA,TOKA-135,4/25/2018,26,235,,,,PLLA,25,L,,,,,,,,,,S,,0
SMA-11-01,TOKA,TOKA-135,4/25/2018,27,235,,,,PLLA,21,L,,,,,,,,,,S,,0
SMA-11-01,TOKA,TOKA-135,4/25/2018,28,235,,,,BRDI2,15,L,,,,,,,,,,S,,0
SMA-11-01,TOKA,TOKA-135,4/25/2018,29,235,,,,AVBA,51,BRDI2,L,,,,,,,,,S,,0
SMA-11-01,TOKA,TOKA-135,4/25/2018,30,235,,,,NOPLANT,NA,,,,,,,,,,,S,,0
SMA-11-01,TOKA,TOKA-135,4/25/2018,31,235,,,,AVBA,45,L,,,,,,,,,,S,,0
SMA-11-01,TOKA,TOKA-135,4/25/2018,32,235,,,,LIBI5,10,PLLA,L,,,,,,,,,S,,0
SMA-11-01,TOKA,TOKA-135,4/25/2018,33,235,,,,NOPLANT,NA,,,,,,,,,,,S,,0
SMA-11-01,TOKA,TOKA-135,4/25/2018,34,235,,,,NOPLANT,NA,,,,,,,,,,,S,,0
SMA-11-01,TOKA,TOKA-135,4/25/2018,35,235,,,,AVBA,21,BRDI2,L,,,,,,,,,S,,0
SMA-11-01,TOKA,TOKA-135,4/25/2018,36,235,,,,AVBA,39,BRDI2,AVBA,,,,,,,,,S,2,0
SMA-11-01,TOKA,TOKA-135,4/25/2018,37,235,,,,PLLA,25,BRDI2,L,,,,,,,,,S,,0
SMA-11-01,TOKA,TOKA-135,4/25/2018,38,235,,,,NOPLANT,NA,,,,,,,,,,,AM,,0
SMA-11-01,TOKA,TOKA-135,4/25/2018,39,235,,,,BRDI2,11,PLLA,L,,,,,,,,,S,,0
SMA-11-01,TOKA,TOKA-135,4/25/2018,40,235,,,,NOPLANT,NA,L,,,,,,,,,,S,,0
SMA-11-01,TOKA,TOKA-135,4/25/2018,41,235,,,,BRDI2,6,L,,,,,,,,,,S,,0
SMA-11-01,TOKA,TOKA-135,4/25/2018,42,235,,,,BRDI2,9,L,,,,,,,,,,S,,0
SMA-11-01,TOKA,TOKA-135,4/25/2018,43,235,,,,BRDI2,7,ESCA2,,,,,,,,,,S,,0
SMA-11-01,TOKA,TOKA-135,4/25/2018,44,235,,,,BRHO2,30,PLLA,L,,,,,,,,,S,,0
SMA-11-01,TOKA,TOKA-135,4/25/2018,45,235,,,,AVBA,25,BRDI2,L,,,,,,,,,S,,0
SMA-11-01,TOKA,TOKA-135,4/25/2018,46,235,,,,COAR4,4,,,,,,,,,,,S,,0
SMA-11-01,TOKA,TOKA-135,4/25/2018,47,235,,,,BRDI2,2,L,,,,,,,,,,S,,0
SMA-11-01,TOKA,TOKA-135,4/25/2018,48,235,,,,NOPLANT,NA,,,,,,,,,,,S,,0
SMA-11-01,TOKA,TOKA-135,4/25/2018,49,235,,,,AVBA,30,,,,,,,,,,,R,,0
SMA-11-01,TOKA,TOKA-135,4/25/2018,50,235,,,,AVBA,20,BRDI2,L,,,,,,,,,S,,0
SMA-11-01,TOKA,TOKA-135,4/25/2018,1,NA,,,,,NA,,,,,,,,,,,,,0
SMA-11-01,TOKA,TOKA-135,4/25/2018,2,NA,,,,,NA,,,,,,,,,,,,,0
SMA-11-01,TOKA,TOKA-135,4/25/2018,3,NA,,,,,NA,,,,,,,,,,,,,0
SMA-11-01,TOKA,TOKA-135,4/25/2018,4,NA,,,,,NA,,,,,,,,,,,,,0
SMA-11-01,TOKA,TOKA-135,4/25/2018,5,NA,,,,,NA,,,,,,,,,,,,,0
SMA-11-01,TOKA,TOKA-135,4/25/2018,6,NA,,,,,NA,,,,,,,,,,,,,0
SMA-11-01,TOKA,TOKA-135,4/25/2018,7,NA,,,,,NA,,,,,,,,,,,,,0
SMA-11-01,TOKA,TOKA-135,4/25/2018,8,NA,,,,,NA,,,,,,,,,,,,,0
SMA-11-01,TOKA,TOKA-135,4/25/2018,9,NA,,,,,NA,,,,,,,,,,,,,0
SMA-11-01,TOKA,TOKA-135,4/25/2018,10,NA,,,,,NA,,,,,,,,,,,,,0
SMA-11-01,TOKA,TOKA-135,4/25/2018,11,NA,,,,,NA,,,,,,,,,,,,,0
SMA-11-01,TOKA,TOKA-135,4/25/2018,12,NA,,,,,NA,,,,,,,,,,,,,0
SMA-11-01,TOKA,TOKA-135,4/25/2018,13,NA,,,,,NA,,,,,,,,,,,,,0
SMA-11-01,TOKA,TOKA-135,4/25/2018,14,NA,,,,,NA,,,,,,,,,,,,,0
SMA-11-01,TOKA,TOKA-135,4/25/2018,15,NA,,,,,NA,,,,,,,,,,,,,0
SMA-11-01,TOKA,TOKA-135,4/25/2018,16,NA,,,,,NA,,,,,,,,,,,,,0
SMA-11-01,TOKA,TOKA-135,4/25/2018,17,NA,,,,,NA,,,,,,,,,,,,,0
SMA-11-01,TOKA,TOKA-135,4/25/2018,18,NA,,,,,NA,,,,,,,,,,,,,0
SMA-11-01,TOKA,TOKA-135,4/25/2018,19,NA,,,,,NA,,,,,,,,,,,,,0
SMA-11-01,TOKA,TOKA-135,4/25/2018,20,NA,,,,,NA,,,,,,,,,,,,,0
SMA-11-01,TOKA,TOKA-135,4/25/2018,21,NA,,,,,NA,,,,,,,,,,,,,0
SMA-11-01,TOKA,TOKA-135,4/25/2018,22,NA,,,,,NA,,,,,,,,,,,,,0
SMA-11-01,TOKA,TOKA-135,4/25/2018,23,NA,,,,,NA,,,,,,,,,,,,,0
SMA-11-01,TOKA,TOKA-135,4/25/2018,24,NA,,,,,NA,,,,,,,,,,,,,0
SMA-11-01,TOKA,TOKA-135,4/25/2018,25,NA,,,,,NA,,,,,,,,,,,,,0
SMA-11-01,TOKA,TOKA-135,4/25/2018,26,NA,,,,,NA,,,,,,,,,,,,,0
SMA-11-01,TOKA,TOKA-135,4/25/2018,27,NA,,,,,NA,,,,,,,,,,,,,0
SMA-11-01,TOKA,TOKA-135,4/25/2018,28,NA,,,,,NA,,,,,,,,,,,,,0
SMA-11-01,TOKA,TOKA-135,4/25/2018,29,NA,,,,,NA,,,,,,,,,,,,,0
SMA-11-01,TOKA,TOKA-135,4/25/2018,30,NA,,,,,NA,,,,,,,,,,,,,0
SMA-11-01,TOKA,TOKA-135,4/25/2018,31,NA,,,,,NA,,,,,,,,,,,,,0
SMA-11-01,TOKA,TOKA-135,4/25/2018,32,NA,,,,,NA,,,,,,,,,,,,,0
SMA-11-01,TOKA,TOKA-135,4/25/2018,33,NA,,,,,NA,,,,,,,,,,,,,0
SMA-11-01,TOKA,TOKA-135,4/25/2018,34,NA,,,,,NA,,,,,,,,,,,,,0
SMA-11-01,TOKA,TOKA-135,4/25/2018,35,NA,,,,,NA,,,,,,,,,,,,,0
SMA-11-01,TOKA,TOKA-135,4/25/2018,36,NA,,,,,NA,,,,,,,,,,,,,0
SMA-11-01,TOKA,TOKA-135,4/25/2018,37,NA,,,,,NA,,,,,,,,,,,,,0
SMA-11-01,TOKA,TOKA-135,4/25/2018,38,NA,,,,,NA,,,,,,,,,,,,,0
SMA-11-01,TOKA,TOKA-135,4/25/2018,39,NA,,,,,NA,,,,,,,,,,,,,0
SMA-11-01,TOKA,TOKA-135,4/25/2018,40,NA,,,,,NA,,,,,,,,,,,,,0
SMA-11-01,TOKA,TOKA-135,4/25/2018,41,NA,,,,,NA,,,,,,,,,,,,,0
SMA-11-01,TOKA,TOKA-135,4/25/2018,42,NA,,,,,NA,,,,,,,,,,,,,0
SMA-11-01,TOKA,TOKA-135,4/25/2018,43,NA,,,,,NA,,,,,,,,,,,,,0
SMA-11-01,TOKA,TOKA-135,4/25/2018,44,NA,,,,,NA,,,,,,,,,,,,,0
SMA-11-01,TOKA,TOKA-135,4/25/2018,45,NA,,,,,NA,,,,,,,,,,,,,0
SMA-11-01,TOKA,TOKA-135,4/25/2018,46,NA,,,,,NA,,,,,,,,,,,,,0
SMA-11-01,TOKA,TOKA-135,4/25/2018,47,NA,,,,,NA,,,,,,,,,,,,,0
SMA-11-01,TOKA,TOKA-135,4/25/2018,48,NA,,,,,NA,,,,,,,,,,,,,0
SMA-11-01,TOKA,TOKA-135,4/25/2018,49,NA,,,,,NA,,,,,,,,,,,,,0
SMA-11-01,TOKA,TOKA-135,4/25/2018,50,NA,,,,,NA,,,,,,,,,,,,,0
SMA-11-01,TOKA,TOKA-137,5/27/2016,1,139,,,,NAPU4,9,PLLA,,,,,,,,,,S,,0
SMA-11-01,TOKA,TOKA-137,5/27/2016,2,139,,,,BRMI2,22,LIUS,PLLA,NAPU4,L,,,,,,,S,,0
SMA-11-01,TOKA,TOKA-137,5/27/2016,3,139,,,,DACA3,22,LIUS,PLLA,L,,,,,,,,S,,0
SMA-11-01,TOKA,TOKA-137,5/27/2016,4,139,,,,VUMY,13,PLLA,ASTERA,L,,,,,,,,S,,0
SMA-11-01,TOKA,TOKA-137,5/27/2016,5,139,,,,PLLA,8,,,,,,,,,,,S,,0
SMA-11-01,TOKA,TOKA-137,5/27/2016,6,139,,,,ACMI2,19,HYRA3,LOCO6,,,,,,,,,S,,0
SMA-11-01,TOKA,TOKA-137,5/27/2016,7,139,,,,LIUS,24,PLLA,LOCO6,,,,,,,,,S,,0
SMA-11-01,TOKA,TOKA-137,5/27/2016,8,139,,,,NAPU4,41,TRDU2,RUAC3,,,,,,,,,S,,0
SMA-11-01,TOKA,TOKA-137,5/27/2016,9,139,,,,PLLA,30,LIUS,,,,,,,,,,S,,0
SMA-11-01,TOKA,TOKA-137,5/27/2016,10,139,,,,BRCA5,10,,,,,,,,,,,S,,0
SMA-11-01,TOKA,TOKA-137,5/27/2016,11,139,,,,LIUS,28,,,,,,,,,,,S,,0
SMA-11-01,TOKA,TOKA-137,5/27/2016,12,139,,,,LIUS,27,L,,,,,,,,,,S,,0
SMA-11-01,TOKA,TOKA-137,5/27/2016,13,139,,,,LOPEM2,40,VUMY,PLLA,L,,,,,,,,S,,0
SMA-11-01,TOKA,TOKA-137,5/27/2016,14,139,,,,LIUS,12,,,,,,,,,,,AM,,0
SMA-11-01,TOKA,TOKA-137,5/27/2016,15,139,,,,LOPEM2,33,L,,,,,,,,,,S,,0
SMA-11-01,TOKA,TOKA-137,5/27/2016,16,139,,,,NOPLANT,0,L,,,,,,,,,,S,,0
SMA-11-01,TOKA,TOKA-137,5/27/2016,17,139,,,,BRDI2,13,,,,,,,,,,,S,,0
SMA-11-01,TOKA,TOKA-137,5/27/2016,18,139,,,,BRDI2,22,BRCA5,LIUS,L,,,,,,,,S,,0
SMA-11-01,TOKA,TOKA-137,5/27/2016,19,139,,,,NOPLANT,0,,,,,,,,,,,S,,0
SMA-11-01,TOKA,TOKA-137,5/27/2016,20,139,,,,LIUS,25,BRDI2,,,,,,,,,,S,,0
SMA-11-01,TOKA,TOKA-137,5/27/2016,21,139,,,,LOCO6,13,PLLA,,,,,,,,,,S,,0
SMA-11-01,TOKA,TOKA-137,5/27/2016,22,139,,,,LIUS,27,LOPEM2,LOCO6,L,,,,,,,,S,,0
SMA-11-01,TOKA,TOKA-137,5/27/2016,23,139,,,,LOPEM2,50,TRDU2,PLLA,GEDI,LOCO6,L,,,,,,S,,0
SMA-11-01,TOKA,TOKA-137,5/27/2016,24,139,,,,LOPEM2,68,VUMY,LIUS,LOCO6,,,,,,,,S,,0
SMA-11-01,TOKA,TOKA-137,5/27/2016,25,139,,,,LIUS,33,PLLA,LOPEM2,VITE,,,,,,,,S,,0
SMA-11-01,TOKA,TOKA-137,5/27/2016,26,139,,,,BRCA5,61,LOPEM2,L,,,,,,,,,S,,0
SMA-11-01,TOKA,TOKA-137,5/27/2016,27,139,,,,LOPEM2,43,BRDI2,GEDI,L,,,,,,,,S,,0
SMA-11-01,TOKA,TOKA-137,5/27/2016,28,139,,,,LOPEM2,16,L,,,,,,,,,,S,,0
SMA-11-01,TOKA,TOKA-137,5/27/2016,29,139,,,,LOPEM2,43,BRMI2,L,,,,,,,,,S,,0
SMA-11-01,TOKA,TOKA-137,5/27/2016,30,139,,,,LOPEM2,29,BRMI2,,,,,,,,,,S,,0
SMA-11-01,TOKA,TOKA-137,5/27/2016,31,139,,,,LOPEM2,19,,,,,,,,,,,S,,0
SMA-11-01,TOKA,TOKA-137,5/27/2016,32,139,,,,LOPEM2,15,BRDI2,SONCH,L,,,,,,,,S,,0
SMA-11-01,TOKA,TOKA-137,5/27/2016,33,139,,,,BRCA5,25,LOPEM2,PLLA,TRIFO,,,,,,,,S,,0
SMA-11-01,TOKA,TOKA-137,5/27/2016,34,139,,,,BRCA5,42,BRDI2,ASTERA,L,,,,,,,,S,,0
SMA-11-01,TOKA,TOKA-137,5/27/2016,35,139,,,,BRCA5,43,BRDI2,L,,,,,,,,,S,,0
SMA-11-01,TOKA,TOKA-137,5/27/2016,36,139,,,,LIUS,37,BRCA5,MASA,GEDI,L,,,,,,,S,,0
SMA-11-01,TOKA,TOKA-137,5/27/2016,37,139,,,,BRCA5,15,L,,,,,,,,,,S,,0
SMA-11-01,TOKA,TOKA-137,5/27/2016,38,139,,,,ASTERA,24,L,,,,,,,,,,S,,0
SMA-11-01,TOKA,TOKA-137,5/27/2016,39,139,,,,DAGL,66,BRCA5,LOPEM2,L,,,,,,,,S,,0
SMA-11-01,TOKA,TOKA-137,5/27/2016,40,139,,,,LOPEM2,20,BRCA5,HYRA3,,,,,,,,,S,,0
SMA-11-01,TOKA,TOKA-137,5/27/2016,41,139,,,,BRCA5,28,BRDI2,L,,,,,,,,,S,,0
SMA-11-01,TOKA,TOKA-137,5/27/2016,42,139,,,,BRCA5,15,L,,,,,,,,,,S,,0
SMA-11-01,TOKA,TOKA-137,5/27/2016,43,139,,,,LOPEM2,48,ASTERA,L,,,,,,,,,S,,0
SMA-11-01,TOKA,TOKA-137,5/27/2016,44,139,,,,BRCA5,35,LOPEM2,L,,,,,,,,,S,,0
SMA-11-01,TOKA,TOKA-137,5/27/2016,45,139,,,,NOPLANT,0,L,,,,,,,,,,S,,0
SMA-11-01,TOKA,TOKA-137,5/27/2016,46,139,,,,LOPEM2,45,LIUS,SONCH,GEDI,L,,,,,,,S,,0
SMA-11-01,TOKA,TOKA-137,5/27/2016,47,139,,,,NOPLANT,0,L,,,,,,,,,,S,,0
SMA-11-01,TOKA,TOKA-137,5/27/2016,48,139,,,,SONCH,2,LOPEM2,L,,,,,,,,,S,,0
SMA-11-01,TOKA,TOKA-137,5/27/2016,49,139,,,,LOPEM2,49,L,,,,,,,,,,S,,0
SMA-11-01,TOKA,TOKA-137,5/27/2016,50,139,,,,LOPEM2,40,,,,,,,,,,,S,,0
SMA-11-01,TOKA,TOKA-137,5/27/2016,1,319,,,,PLLA,4,,,,,,,,,,,S,,0
SMA-11-01,TOKA,TOKA-137,5/27/2016,2,319,,,,LOPEM2,24,VUMY,PLLA,,,,,,,,,S,,0
SMA-11-01,TOKA,TOKA-137,5/27/2016,3,319,,,,LOPEM2,12,,,,,,,,,,,S,,0
SMA-11-01,TOKA,TOKA-137,5/27/2016,4,319,,,,VUMY,21,PLLA,,,,,,,,,,S,,0
SMA-11-01,TOKA,TOKA-137,5/27/2016,5,319,,,,BRCA5,16,PLLA,LOPEM2,,,,,,,,,S,,0
SMA-11-01,TOKA,TOKA-137,5/27/2016,6,319,,,,NAPU4,35,BRHO2,L,,,,,,,,,S,,0
SMA-11-01,TOKA,TOKA-137,5/27/2016,7,319,,,,VICIA,15,PLLA,L,,,,,,,,,S,,0
SMA-11-01,TOKA,TOKA-137,5/27/2016,8,319,,,,BRDI2,6,PLLA,,,,,,,,,,S,,0
SMA-11-01,TOKA,TOKA-137,5/27/2016,9,319,,,,TRDU2,10,VICIA,PLLA,L,,,,,,,,S,,0
SMA-11-01,TOKA,TOKA-137,5/27/2016,10,319,,,,PLLA,26,L,,,,,,,,,,S,,0
SMA-11-01,TOKA,TOKA-137,5/27/2016,11,319,,,,BRDI2,30,L,,,,,,,,,,S,,0
SMA-11-01,TOKA,TOKA-137,5/27/2016,12,319,,,,PLLA,3,,,,,,,,,,,S,,0
SMA-11-01,TOKA,TOKA-137,5/27/2016,13,319,,,,BRDI2,9,PLLA,,,,,,,,,,S,,0
SMA-11-01,TOKA,TOKA-137,5/27/2016,14,319,,,,VUMY,18,PLLA,L,,,,,,,,,S,,0
SMA-11-01,TOKA,TOKA-137,5/27/2016,15,319,,,,PLLA,1,,,,,,,,,,,S,,0
SMA-11-01,TOKA,TOKA-137,5/27/2016,16,319,,,,BRDI2,15,PLLA,L,,,,,,,,,S,,0
SMA-11-01,TOKA,TOKA-137,5/27/2016,17,319,,,,PLLA,6,,,,,,,,,,,S,,0
SMA-11-01,TOKA,TOKA-137,5/27/2016,18,319,,,,PLLA,7,,,,,,,,,,,S,,0
SMA-11-01,TOKA,TOKA-137,5/27/2016,19,319,,,,LIUS,25,BRDI2,PLLA,,,,,,,,,S,,0
SMA-11-01,TOKA,TOKA-137,5/27/2016,20,319,,,,DACA3,8,BRDI2,,,,,,,,,,S,,0
SMA-11-01,TOKA,TOKA-137,5/27/2016,21,319,,,,AICA,10,LIUS,,,,,,,,,,S,,0
SMA-11-01,TOKA,TOKA-137,5/27/2016,22,319,,,,VUMY,10,LIUS,DACA3,,,,,,,,,S,,0
SMA-11-01,TOKA,TOKA-137,5/27/2016,23,319,,,,CYEC,14,TRDU2,,,,,,,,,,S,,0
SMA-11-01,TOKA,TOKA-137,5/27/2016,24,319,,,,BRMI2,13,PLLA,DACA3,,,,,,,,,S,,0
SMA-11-01,TOKA,TOKA-137,5/27/2016,25,319,,,,CYEC,31,PLLA,DACA3,,,,,,,,,S,,0
SMA-11-01,TOKA,TOKA-137,5/27/2016,26,319,,,,LIUS,9,VUMY,,,,,,,,,,S,,0
SMA-11-01,TOKA,TOKA-137,5/27/2016,27,319,,,,VUMY,21,TRDU2,DACA3,,,,,,,,,S,,0
SMA-11-01,TOKA,TOKA-137,5/27/2016,28,319,,,,DACA3,9,BRDI2,AICA,,,,,,,,,S,,0
SMA-11-01,TOKA,TOKA-137,5/27/2016,29,319,,,,AICA,11,PLLA,,,,,,,,,,S,,0
SMA-11-01,TOKA,TOKA-137,5/27/2016,30,319,,,,DACA3,11,PLLA,BRDI2,,,,,,,,,S,,0
SMA-11-01,TOKA,TOKA-137,5/27/2016,31,319,,,,PLLA,25,DACA3,,,,,,,,,,S,,0
SMA-11-01,TOKA,TOKA-137,5/27/2016,32,319,,,,LOPEM2,20,TRDU2,PLLA,,,,,,,,,S,,0
SMA-11-01,TOKA,TOKA-137,5/27/2016,33,319,,,,AICA,11,,,,,,,,,,,S,,0
SMA-11-01,TOKA,TOKA-137,5/27/2016,34,319,,,,LIUS,21,DACA3,GEDI,,,,,,,,,S,,0
SMA-11-01,TOKA,TOKA-137,5/27/2016,35,319,,,,AICA,13,BRMI2,PLLA,,,,,,,,,S,,0
SMA-11-01,TOKA,TOKA-137,5/27/2016,36,319,,,,AICA,10,ANAR,,,,,,,,,,S,,0
SMA-11-01,TOKA,TOKA-137,5/27/2016,37,319,,,,PLLA,0,,,,,,,,,,,S,,0
SMA-11-01,TOKA,TOKA-137,5/27/2016,38,319,,,,AICA,20,,,,,,,,,,,S,,0
SMA-11-01,TOKA,TOKA-137,5/27/2016,39,319,,,,AICA,19,,,,,,,,,,,S,,0
SMA-11-01,TOKA,TOKA-137,5/27/2016,40,319,,,,LIUS,42,PLLA,L,,,,,,,,,S,,0
SMA-11-01,TOKA,TOKA-137,5/27/2016,41,319,,,,ANAR,16,PLLA,,,,,,,,,,S,,0
SMA-11-01,TOKA,TOKA-137,5/27/2016,42,319,,,,CLDO2,0,,,,,,,,,,,S,,0
SMA-11-01,TOKA,TOKA-137,5/27/2016,43,319,,,,PLLA,23,LIUS,,,,,,,,,,S,,0
SMA-11-01,TOKA,TOKA-137,5/27/2016,44,319,,,,SIBE,24,PLLA,L,,,,,,,,,S,,0
SMA-11-01,TOKA,TOKA-137,5/27/2016,45,319,,,,BRCA5,0,BRDI2,L,,,,,,,,,S,,0
SMA-11-01,TOKA,TOKA-137,5/27/2016,46,319,,,,BRDI2,30,PSLU6,L,,,,,,,,,S,,0
SMA-11-01,TOKA,TOKA-137,5/27/2016,47,319,,,,SIBE,34,LOPEM2,GALIU,L,,,,,,,,S,,0
SMA-11-01,TOKA,TOKA-137,5/27/2016,48,319,,,,BRDI2,0,BRCA5,L,,,,,,,,,S,,0
SMA-11-01,TOKA,TOKA-137,5/27/2016,49,319,,,,LOPEM2,38,VICIA,L,,,,,,,,,S,,0
SMA-11-01,TOKA,TOKA-137,5/27/2016,50,319,,,,AICA,28,LOPEM2,L,,,,,,,,,S,,0
SMA-11-01,TOKA,TOKA-137,4/25/2018,1,139,BAPI,,,BRDI2,6,VITE,PLLA,L,,,,,,,,S,,0
SMA-11-01,TOKA,TOKA-137,4/25/2018,2,139,BAPI,,,2GA,12,PLLA,L,,,,,,,,,S,,0
SMA-11-01,TOKA,TOKA-137,4/25/2018,3,139,,,,PLLA,2,,,,,,,,,,,S,,0
SMA-11-01,TOKA,TOKA-137,4/25/2018,4,139,,,,PLLA,8,L,,,,,,,,,,S,,0
SMA-11-01,TOKA,TOKA-137,4/25/2018,5,139,,,,PLLA,2,L,,,,,,,,,,S,1,0
SMA-11-01,TOKA,TOKA-137,4/25/2018,6,139,,,,VITE,11,PLLA,ANAR,L,,,,,,,,S,,0
SMA-11-01,TOKA,TOKA-137,4/25/2018,7,139,,,,NOPLANT,NA,,,,,,,,,,,S,,0
SMA-11-01,TOKA,TOKA-137,4/25/2018,8,139,,,,LOCO6,8,LIBI5,LOPEM2,L,,,,,,,,S,,0
SMA-11-01,TOKA,TOKA-137,4/25/2018,9,139,RUUR,,,NOPLANT,NA,L,,,,,,,,,,S,,0
SMA-11-01,TOKA,TOKA-137,4/25/2018,10,139,RUUR,,,NOPLANT,NA,L,,,,,,,,,,S,,0
SMA-11-01,TOKA,TOKA-137,4/25/2018,11,139,,,,VUBR,23,RUUR,L,,,,,,,,,S,,0
SMA-11-01,TOKA,TOKA-137,4/25/2018,12,139,,,,LOCO6,11,BRCA5,L,,,,,,,,,S,,0
SMA-11-01,TOKA,TOKA-137,4/25/2018,13,139,BAPI,,,BRCA5,13,GEDI,L,,,,,,,,,S,,0
SMA-11-01,TOKA,TOKA-137,4/25/2018,14,139,,,,PLLA,4,LOCO6,L,,,,,,,,,S,,0
SMA-11-01,TOKA,TOKA-137,4/25/2018,15,139,,,,VUBR,10,2GA,PLLA,LIBI5,,,,,,,,S,,0
SMA-11-01,TOKA,TOKA-137,4/25/2018,16,139,,,,BRCA5,13,,,,,,,,,,,S,,0
SMA-11-01,TOKA,TOKA-137,4/25/2018,17,139,,,,LOPEM2,16,LIBI5,L,,,,,,,,,S,,0
SMA-11-01,TOKA,TOKA-137,4/25/2018,18,139,,,,LOPEM2,18,RUUR,OXALP,L,,,,,,,,S,,0
SMA-11-01,TOKA,TOKA-137,4/25/2018,19,139,,,,RUUR,9,LOPEM2,VUBR,L,,,,,,,,S,,0
SMA-11-01,TOKA,TOKA-137,4/25/2018,20,139,,,,LOPEM2,16,VUBR,L,,,,,,,,,S,,0
SMA-11-01,TOKA,TOKA-137,4/25/2018,21,139,,,,JUPA2,32,GEDI,LOPEM2,RUUR,L,,,,,,,S,,0
SMA-11-01,TOKA,TOKA-137,4/25/2018,22,139,,,,LOPEM2,12,RUUR,,,,,,,,,,S,,0
SMA-11-01,TOKA,TOKA-137,4/25/2018,23,139,,,,VUBR,15,LOPEM2,L,,,,,,,,,S,,0
SMA-11-01,TOKA,TOKA-137,4/25/2018,24,139,,,,LOPEM2,19,L,,,,,,,,,,S,,0
SMA-11-01,TOKA,TOKA-137,4/25/2018,25,139,TODI,,,LOPEM2,23,L,,,,,,,,,,S,,0
SMA-11-01,TOKA,TOKA-137,4/25/2018,26,139,,,,LOPEM2,14,L,,,,,,,,,,S,,0
SMA-11-01,TOKA,TOKA-137,4/25/2018,27,139,,,,CAPY2,10,ANAR,VUBR,GEDI,,,,,,,,M,,0
SMA-11-01,TOKA,TOKA-137,4/25/2018,28,139,,,,COCA5,31,BRCA5,L,,,,,,,,,S,,1
SMA-11-01,TOKA,TOKA-137,4/25/2018,29,139,RUUR,,,BRCA5,41,LOPEM2,L,,,,,,,,,S,,0
SMA-11-01,TOKA,TOKA-137,4/25/2018,30,139,,,,ANAR,11,VUBR,L,,,,,,,,,S,,0
SMA-11-01,TOKA,TOKA-137,4/25/2018,31,139,,,,CIVU,3,L,,,,,,,,,,S,,0
SMA-11-01,TOKA,TOKA-137,4/25/2018,32,139,,,,LOPEM2,14,RUUR,L,,,,,,,,,S,,0
SMA-11-01,TOKA,TOKA-137,4/25/2018,33,139,,,,LOPEM2,23,RUUR,VITE,L,,,,,,,,S,,0
SMA-11-01,TOKA,TOKA-137,4/25/2018,34,139,,,,LOPEM2,14,,,,,,,,,,,S,,0
SMA-11-01,TOKA,TOKA-137,4/25/2018,35,139,,,,LOPEM2,35,HYRA3,L,,,,,,,,,S,,0
SMA-11-01,TOKA,TOKA-137,4/25/2018,36,139,,,,BRCA5,30,LOPEM2,GEDI,L,,,,,,,,S,,0
SMA-11-01,TOKA,TOKA-137,4/25/2018,37,139,,,,RUUR,21,VUBR,LOCO6,LOPEM2,L,,,,,,,S,,0
SMA-11-01,TOKA,TOKA-137,4/25/2018,38,139,,,,LOPEM2,11,L,,,,,,,,,,S,,0
SMA-11-01,TOKA,TOKA-137,4/25/2018,39,139,BAPI,,,LOPEM2,24,GEDI,L,,,,,,,,,S,,0
SMA-11-01,TOKA,TOKA-137,4/25/2018,40,139,BAPI,,,NOPLANT,NA,L,,,,,,,,,,S,,0
SMA-11-01,TOKA,TOKA-137,4/25/2018,41,139,BAPI,,,RUUR,19,BRDI2,GEDI,L,,,,,,,,S,,0
SMA-11-01,TOKA,TOKA-137,4/25/2018,42,139,,,,2GA,14,LOPEM2,HYRA3,L,,,,,,,,S,,0
SMA-11-01,TOKA,TOKA-137,4/25/2018,43,139,,,,LOPEM2,20,L,,,,,,,,,,S,,0
SMA-11-01,TOKA,TOKA-137,4/25/2018,44,139,,,,PHAQ,7,ANAR,LOPEM2,,,,,,,,,S,,0
SMA-11-01,TOKA,TOKA-137,4/25/2018,45,139,,,,LOPEM2,2,L,,,,,,,,,,S,,0
SMA-11-01,TOKA,TOKA-137,4/25/2018,46,139,,,,LOPEM2,15,TRDU2,VUBR,L,,,,,,,,S,,0
SMA-11-01,TOKA,TOKA-137,4/25/2018,47,139,,,,MAFA3,17,BRCA5,,,,,,,,,,S,,0
SMA-11-01,TOKA,TOKA-137,4/25/2018,48,139,,,,NOPLANT,NA,L,,,,,,,,,,S,,0
SMA-11-01,TOKA,TOKA-137,4/25/2018,49,139,,,,LOPEM2,6,SIBE,ERCI6,L,,,,,,,,S,,0
SMA-11-01,TOKA,TOKA-137,4/25/2018,50,139,,,,PLLA,15,TRDU2,BRHO2,L,,,,,,,,S,,0
SMA-11-01,TOKA,TOKA-137,4/25/2018,1,319,,,,LOPEM2,14,BRCA5,PSLU6,PLLA,L,,,,,,,S,,0
SMA-11-01,TOKA,TOKA-137,4/25/2018,2,319,,,,PLLA,9,,,,,,,,,,,S,,0
SMA-11-01,TOKA,TOKA-137,4/25/2018,3,319,,,,NOPLANT,NA,,,,,,,,,,,S,,0
SMA-11-01,TOKA,TOKA-137,4/25/2018,4,319,BAPI,,,PLLA,10,L,,,,,,,,,,S,,0
SMA-11-01,TOKA,TOKA-137,4/25/2018,5,319,BAPI,,,BRCA5,13,SACR2,L,,,,,,,,,S,,0
SMA-11-01,TOKA,TOKA-137,4/25/2018,6,319,,,,NALE2,11,PLLA,L,,,,,,,,,S,,0
SMA-11-01,TOKA,TOKA-137,4/25/2018,7,319,,,,PLLA,6,LOCO6,L,,,,,,,,,S,,0
SMA-11-01,TOKA,TOKA-137,4/25/2018,8,319,,,,PLLA,6,L,,,,,,,,,,S,,0
SMA-11-01,TOKA,TOKA-137,4/25/2018,9,319,,,,NOPLANT,NA,,,,,,,,,,,S,,0
SMA-11-01,TOKA,TOKA-137,4/25/2018,10,319,,,,PLLA,17,L,,,,,,,,,,S,,0
SMA-11-01,TOKA,TOKA-137,4/25/2018,11,319,,,,PLLA,6,L,,,,,,,,,,S,,0
SMA-11-01,TOKA,TOKA-137,4/25/2018,12,319,,,,NOPLANT,NA,L,,,,,,,,,,S,,0
SMA-11-01,TOKA,TOKA-137,4/25/2018,13,319,BAPI,,,BRCA5,10,PLLA,L,,,,,,,,,S,,0
SMA-11-01,TOKA,TOKA-137,4/25/2018,14,319,,,,PLLA,9,L,,,,,,,,,,S,,0
SMA-11-01,TOKA,TOKA-137,4/25/2018,15,319,BAPI,,,BRDI2,1,L,,,,,,,,,,S,,0
SMA-11-01,TOKA,TOKA-137,4/25/2018,16,319,,,,LIBI5,5,PLLA,L,,,,,,,,,S,,0
SMA-11-01,TOKA,TOKA-137,4/25/2018,17,319,,,,PLLA,5,L,,,,,,,,,,S,,0
SMA-11-01,TOKA,TOKA-137,4/25/2018,18,319,,,,LIBI5,13,PLLA,,,,,,,,,,S,,0
SMA-11-01,TOKA,TOKA-137,4/25/2018,19,319,,,,LIBI5,4,PLLA,L,,,,,,,,,S,,0
SMA-11-01,TOKA,TOKA-137,4/25/2018,20,319,,,,PLLA,5,L,,,,,,,,,,S,,0
SMA-11-01,TOKA,TOKA-137,4/25/2018,21,319,,,,LIBI5,5,,,,,,,,,,,S,,0
SMA-11-01,TOKA,TOKA-137,4/25/2018,22,319,,,,BRDI2,4,L,,,,,,,,,,S,,0
SMA-11-01,TOKA,TOKA-137,4/25/2018,23,319,,,,GEDI,3,PLLA,L,,,,,,,,,S,,0
SMA-11-01,TOKA,TOKA-137,4/25/2018,24,319,,,,NAPU4,26,PLLA,BRDI2,L,,,,,,,,S,,0
SMA-11-01,TOKA,TOKA-137,4/25/2018,25,319,TODI,,,GEDI,5,BRDI2,2GA,L,,,,,,,,S,,0
SMA-11-01,TOKA,TOKA-137,4/25/2018,26,319,,,,PLLA,12,DACA3,L,,,,,,,,,S,,0
SMA-11-01,TOKA,TOKA-137,4/25/2018,27,319,,,,BRDI2,1,L,,,,,,,,,,S,,0
SMA-11-01,TOKA,TOKA-137,4/25/2018,28,319,,,,VUBR,3,DACA3,L,,,,,,,,,S,,0
SMA-11-01,TOKA,TOKA-137,4/25/2018,29,319,,,,PLLA,16,DACA3,L,,,,,,,,,S,,0
SMA-11-01,TOKA,TOKA-137,4/25/2018,30,319,,,,VITE,9,PLLA,L,,,,,,,,,S,,0
SMA-11-01,TOKA,TOKA-137,4/25/2018,31,319,,,,LIBI5,5,PLLA,L,,,,,,,,,S,,0
SMA-11-01,TOKA,TOKA-137,4/25/2018,32,319,,,,VUBR,4,L,,,,,,,,,,S,,0
SMA-11-01,TOKA,TOKA-137,4/25/2018,33,319,,,,DACA3,3,L,,,,,,,,,,S,,0
SMA-11-01,TOKA,TOKA-137,4/25/2018,34,319,,,,RUUR,6,BRDI2,L,,,,,,,,,S,,0
SMA-11-01,TOKA,TOKA-137,4/25/2018,35,319,,,,PLLA,7,L,,,,,,,,,,S,,0
SMA-11-01,TOKA,TOKA-137,4/25/2018,36,319,,,,PLLA,8,2GA,L,,,,,,,,,S,1,0
SMA-11-01,TOKA,TOKA-137,4/25/2018,37,319,,,,PLLA,37,2GP,RUUR,L,,,,,,,,S,,0
SMA-11-01,TOKA,TOKA-137,4/25/2018,38,319,,,,PLLA,2,L,,,,,,,,,,S,,0
SMA-11-01,TOKA,TOKA-137,4/25/2018,39,319,,,,PLLA,10,,,,,,,,,,,S,,0
SMA-11-01,TOKA,TOKA-137,4/25/2018,40,319,BAPI,,,RUUR,9,PLLA,L,,,,,,,,,S,,0
SMA-11-01,TOKA,TOKA-137,4/25/2018,41,319,BAPI,,,SYCH4,27,PLLA,L,,,,,,,,,S,,0
SMA-11-01,TOKA,TOKA-137,4/25/2018,42,319,BAPI,,,PLLA,8,L,,,,,,,,,,S,,0
SMA-11-01,TOKA,TOKA-137,4/25/2018,43,319,,,,PLLA,9,,,,,,,,,,,S,,0
SMA-11-01,TOKA,TOKA-137,4/25/2018,44,319,,,,RUUR,11,L,,,,,,,,,,S,,0
SMA-11-01,TOKA,TOKA-137,4/25/2018,45,319,BAPI,,,RUUR,5,PLLA,L,,,,,,,,,S,,0
SMA-11-01,TOKA,TOKA-137,4/25/2018,46,319,,,,RUUR,21,CIVU,L,,,,,,,,,S,,0
SMA-11-01,TOKA,TOKA-137,4/25/2018,47,319,,,,RUUR,25,L,,,,,,,,,,S,,0
SMA-11-01,TOKA,TOKA-137,4/25/2018,48,319,PSME,,,LOPEM2,25,VITE,L,,,,,,,,,S,,0
SMA-11-01,TOKA,TOKA-137,4/25/2018,49,319,PSME,,,RUUR,25,PLLA,L,,,,,,,,,S,,0
SMA-11-01,TOKA,TOKA-137,4/25/2018,50,319,PSME,RUUR,,NOPLANT,NA,L,,,,,,,,,,S,,0
SMA-11-01,TOKA,TOKA-137,6/4/2021,1,139,,,,PLLA,35,VITE,VUBR,LOCO6,2GRAM,L,,,,,,S,,0
SMA-11-01,TOKA,TOKA-137,6/4/2021,2,139,BAPI,RUUR,,ACMI2,75,VITE,GEDI,BRDI2,L,,,,,,,S,,0
SMA-11-01,TOKA,TOKA-137,6/4/2021,3,139,BAPI,,,SYCH4,45,LIBI5,ACMI2,BRDI2,L,,,,,,,S,,0
SMA-11-01,TOKA,TOKA-137,6/4/2021,4,139,,,,NAPU4,35,LIBI5,TRCA5,PLLA,,,,,,,,S,,0
SMA-11-01,TOKA,TOKA-137,6/4/2021,5,139,,,,NAPU4,50,PLLA,BRDI2,L,,,,,,,,S,,0
SMA-11-01,TOKA,TOKA-137,6/4/2021,6,139,RUUR,,,VISA,15,BRDI2,TRCA5,PLLA,L,,,,,,,S,,0
SMA-11-01,TOKA,TOKA-137,6/4/2021,7,139,,,,BRCA5,65,LIBI5,PLLA,TRCA5,BRDI2,,,,,,,S,,0
SMA-11-01,TOKA,TOKA-137,6/4/2021,8,139,,,,NAPU4,55,TRAN6,PLLA,BRCA5,2GRAM,,,,,,,S,4,0
SMA-11-01,TOKA,TOKA-137,6/4/2021,9,139,RUUR,,,NAPU4,70,SYCH4,TRCA5,ACMI2,2GRAM,,,,,,,S,4,0
SMA-11-01,TOKA,TOKA-137,6/4/2021,10,139,,,,BRCA5,50,BRDI2,SYCH4,PLLA,2GRAM,,,,,,,S,4,0
SMA-11-01,TOKA,TOKA-137,6/4/2021,11,139,BAPI,,,VITE,40,CYEC,BRDI2,PLLA,L,,,,,,,S,,0
SMA-11-01,TOKA,TOKA-137,6/4/2021,12,139,,,,BRCA5,50,PLLA,CYEC,TRCA5,L,,,,,,,S,,0
SMA-11-01,TOKA,TOKA-137,6/4/2021,13,139,,,,LIBI5,20,BRDI2,VISA,TRCA5,L,,,,,,,S,,0
SMA-11-01,TOKA,TOKA-137,6/4/2021,14,139,,,,LIBI5,20,PLLA,TRCA5,CYEC,L,,,,,,,S,,0
SMA-11-01,TOKA,TOKA-137,6/4/2021,15,139,BAPI,,,BRDI2,20,PLLA,LIBI5,TRCA5,L,,,,,,,S,,0
SMA-11-01,TOKA,TOKA-137,6/4/2021,16,139,,,,BRCA5,65,PLLA,VISA,CYEC,L,,,,,,,S,,0
SMA-11-01,TOKA,TOKA-137,6/4/2021,17,139,,,,2GA,30,PLLA,LIBI5,CYEC,L,,,,,,,S,,0
SMA-11-01,TOKA,TOKA-137,6/4/2021,18,139,BAPI,,,PLLA,35,BRDI2,TRCA5,L,,,,,,,,S,,0
SMA-11-01,TOKA,TOKA-137,6/4/2021,19,139,BAPI,,,BRCA5,55,PLLA,LIBI5,L,,,,,,,,S,,0
SMA-11-01,TOKA,TOKA-137,6/4/2021,20,139,,,,BRCA5,40,LIBI5,BRDI2,CYEC,L,,,,,,,S,,0
SMA-11-01,TOKA,TOKA-137,6/4/2021,21,139,BAPI,RUUR,,2GA,45,PLLA,CYEC,ACMI2,L,,,,,,,S,,0
SMA-11-01,TOKA,TOKA-137,6/4/2021,22,139,RUUR,,,PLLA,20,BRDI2,VITE,2GA,L,,,,,,,S,3,0
SMA-11-01,TOKA,TOKA-137,6/4/2021,23,139,BAPI,,,PLLA,20,LIBI5,L,2GRAM,,,,,,,,S,3,0
SMA-11-01,TOKA,TOKA-137,6/4/2021,24,139,,,,ACMI2,20,CYEC,L,2GRAM,,,,,,,,S,3,0
SMA-11-01,TOKA,TOKA-137,6/4/2021,25,139,BAPI,,,LIBI5,40,BRCA5,PLLA,CYEC,L,,,,,,,S,,0
SMA-11-01,TOKA,TOKA-137,6/4/2021,26,139,,,,LIBI5,25,PLLA,CYEC,LOPEM2,2GRAM,L,,,,,,S,4,0
SMA-11-01,TOKA,TOKA-137,6/4/2021,27,139,BAPI,,,LIBI5,45,TRCA5,PLLA,VUBR,2GRAM,L,,,,,,S,4,0
SMA-11-01,TOKA,TOKA-137,6/4/2021,28,139,,,,NAPU4,70,,TRCA5,LIBI5,L,,,,,,,S,,0
SMA-11-01,TOKA,TOKA-137,6/4/2021,29,139,,,,PLLA,20,TRCA5,LOCO6,CYEC,L,,,,,,,S,,0
SMA-11-01,TOKA,TOKA-137,6/4/2021,30,139,,,,CYEC,50,TRCA5,VUBR,PLLA,L,,,,,,,S,,0
SMA-11-01,TOKA,TOKA-137,6/4/2021,31,139,TODI,,,VISA,45,BRDI2,TRCA5,CYEC,L,,,,,,,S,,0
SMA-11-01,TOKA,TOKA-137,6/4/2021,32,139,BAPI,,,NAPU4,45,BRDI3,LIBI5,TRCA5,L,,,,,,,S,,0
SMA-11-01,TOKA,TOKA-137,6/4/2021,33,139,BAPI,,,BRDI2,25,PLLA,VISA,CYEC,L,,,,,,,S,,0
SMA-11-01,TOKA,TOKA-137,6/4/2021,34,139,,,,CYEC,25,TRCA5,NAPU4,L,,,,,,,,S,,0
SMA-11-01,TOKA,TOKA-137,6/4/2021,35,139,,,,CYEC,25,PLLA,TRCA5,L,,,,,,,,S,,0
SMA-11-01,TOKA,TOKA-137,6/4/2021,36,139,,,,CYEC,17,PLLA,BRMI2,BRDI2,L,,,,,,,S,,0
SMA-11-01,TOKA,TOKA-137,6/4/2021,37,139,,,,CYEC,18,TRCA5,PLLA,L,,,,,,,,S,,0
SMA-11-01,TOKA,TOKA-137,6/4/2021,38,139,,,,PLLA,27,CYEC,LIBI5,BRDI2,L,,,,,,,S,,0
SMA-11-01,TOKA,TOKA-137,6/4/2021,39,139,BAPI,,,VISA,40,CYEC,PIPER2,VITE,L,,,,,,,S,,0
SMA-11-01,TOKA,TOKA-137,6/4/2021,40,139,BAPI,,,CYEC,35,PLLA,TRCA5,BRCA5,L,,,,,,,S,,0
SMA-11-01,TOKA,TOKA-137,6/4/2021,41,139,BAPI,,,LIBI5,25,TRCA5,GAUS,AICA,L,,,,,,,S,,0
SMA-11-01,TOKA,TOKA-137,6/4/2021,42,139,HODI,BAPI,,PLLA,45,VITE,BRHO2,GEDI,L,,,,,,,,,0
SMA-11-01,TOKA,TOKA-137,6/4/2021,43,139,,,,TRCA5,10,VITE,PLLA,LIBI5,L,,,,,,,S,,0
SMA-11-01,TOKA,TOKA-137,6/4/2021,44,139,,,,SYCH4,20,TRCA5,CYEC,HYRA3,L,,,,,,,S,,0
SMA-11-01,TOKA,TOKA-137,6/4/2021,45,139,RUUR,,,LIBI5,25,2GA,BRDI2,TRCA5,L,,,,,,,S,,0
SMA-11-01,TOKA,TOKA-137,6/4/2021,46,139,TODI,,,LIBI5,20,PLLA,VITE,BRDI2,L,,,,,,,S,,0
SMA-11-01,TOKA,TOKA-137,6/4/2021,47,139,TODI,BAPI,,LAVE2,55,VITE,PLLA,L,,,,,,,,S,,0
SMA-11-01,TOKA,TOKA-137,6/4/2021,48,139,RUUR,,,BRCA5,20,VITE,ACMI2,L,,,,,,,,S,,0
SMA-11-01,TOKA,TOKA-137,6/4/2021,49,139,BAPI,RUUR,,VITE,15,GEDI,AICA,ACMI2,L,,,,,,,S,,0
SMA-11-01,TOKA,TOKA-137,6/4/2021,50,139,BAPI,,,ARDO3,85,LAVE2,POGLG4,VITE,L,,,,,,,S,,0
SMA-11-01,TOKA,TOKA-137,6/4/2021,1,319,,,,PLLA,45,CYEC,TRCA5,BRDI2,2GRAM,,,,,,,S,4,0
SMA-11-01,TOKA,TOKA-137,6/4/2021,2,319,,,,BRCA5,75,LOPEM2,PLLA,GEDI,L,2GRAM,,,,,,S,5,0
SMA-11-01,TOKA,TOKA-137,6/4/2021,3,319,BAPI,,,BRCA5,70,SYCH4,CYEC,VITE,L,,,,,,,S,,0
SMA-11-01,TOKA,TOKA-137,6/4/2021,4,319,,,,LEVU,60,TRCA5,CYEC,GEDI,L,,,,,,,S,,0
SMA-11-01,TOKA,TOKA-137,6/4/2021,5,319,,,,BRCA5,60,LEVU,LIBI5,TRCA5,2GRAM,,,,,,,S,4,0
SMA-11-01,TOKA,TOKA-137,6/4/2021,6,319,,,,LEVU,40,PLLA,TRCA5,LIBI5,2GRAM,L,,,,,,S,4,0
SMA-11-01,TOKA,TOKA-137,6/4/2021,7,319,,,,LEVU,65,PLLA,TRCA5,VITE,2GRAM,L,,,,,,S,4,0
SMA-11-01,TOKA,TOKA-137,6/4/2021,8,319,,,,LEVU,45,CYEC,LIBI5,PLLA,2GRAM,L,,,,,,S,4,0
SMA-11-01,TOKA,TOKA-137,6/4/2021,9,319,,,,SYCH4,70,CYEC,PLLA,TRCA5,2GRAM,L,,,,,,S,4,0
SMA-11-01,TOKA,TOKA-137,6/4/2021,10,319,BAPI,RUUR,,LOPEM2,80,LIBI5,GEDI,2GRAM,L,,,,,,,S,3,0
SMA-11-01,TOKA,TOKA-137,6/4/2021,11,319,BAPI,,,LOPEM2,65,VUBR,PLLA,GEDI,L,,,,,,,S,,0
SMA-11-01,TOKA,TOKA-137,6/4/2021,12,319,BAPI,,,LOPEM2,65,VITE,SYCH4,GEDI,L,2GRAM,,,,,,S,5,0
SMA-11-01,TOKA,TOKA-137,6/4/2021,13,319,,,,LIBI5,60,PLLA,GEDI,LOPEM2,2GA,L,,,,,,S,4,0
SMA-11-01,TOKA,TOKA-137,6/4/2021,14,319,,,,LOPEM2,70,PLLA,LIBI5,GEDI,2GRAM,L,,,,,,S,4,0
SMA-11-01,TOKA,TOKA-137,6/4/2021,15,319,,,,SYCH4,70,VITE,LIBI5,GEDI,L,,,,,,,S,,0
SMA-11-01,TOKA,TOKA-137,6/4/2021,16,319,,,,LOPEM2,75,VUBR,GEDI,LIBI5,2GRAM,L,,,,,,S,4,0
SMA-11-01,TOKA,TOKA-137,6/4/2021,17,319,,,,SYCH4,70,VUBR,VITE,LOPEM2,2GRAM,,,,,,,S,4,0
SMA-11-01,TOKA,TOKA-137,6/4/2021,18,319,,,,BRCA5,75,SYCH4,VITE,LIBI5,L,,,,,,,S,,0
SMA-11-01,TOKA,TOKA-137,6/4/2021,19,319,,,,BRCA5,70,VUBR,LIBI5,GEDI,2GRAM,,,,,,,S,4,0
SMA-11-01,TOKA,TOKA-137,6/4/2021,20,319,RUUR,,,SYCH4,20,VUBR,GEDI,VITE,L,,,,,,,S,,0
SMA-11-01,TOKA,TOKA-137,6/4/2021,21,319,,,,JUNCU,65,BRCA5,VUBR,LIBI5,L,2GRAM,,,,,,S,5,0
SMA-11-01,TOKA,TOKA-137,6/4/2021,22,319,RUUR,,,ACMI2,85,JUNCU,SYCH4,SONCH,2GRAM,L,,,,,,S,4,0
SMA-11-01,TOKA,TOKA-137,6/4/2021,23,319,TODI,,,LIBI5,70,MASA,BRCA5,GEDI,L,,,,,,,S,,0
SMA-11-01,TOKA,TOKA-137,6/4/2021,24,319,RUUR,,,BRCA5,70,VUBR,GEDI,BRDI2,2GRAM,L,,,,,,S,4,0
SMA-11-01,TOKA,TOKA-137,6/4/2021,25,319,RUUR,,,BRCA5,95,VITE,VUBR,SONCH,2GRAM,L,,,,,,S,4,0
SMA-11-01,TOKA,TOKA-137,6/4/2021,26,319,,,,SACR2,85,SYCH4,VUBR,BRCA5,2GRAM,,,,,,,S,4,0
SMA-11-01,TOKA,TOKA-137,6/4/2021,27,319,RUUR,,,SYCH4,50,VISA,GEDI,BRDI2,L,,,,,,,S,,0
SMA-11-01,TOKA,TOKA-137,6/4/2021,28,319,BAPI,,,BRCA5,70,VUBR,VITE,GEDI,L,2GRAM,,,,,,S,,0
SMA-11-01,TOKA,TOKA-137,6/4/2021,29,319,,,,PHAQ,90,LIBI5,LOPEM2,PLLA,2GRAM,,,,,,,S,4,0
SMA-11-01,TOKA,TOKA-137,6/4/2021,30,319,BAPI,,,BRCA5,50,SYCH4,LIBI5,VUBR,2GRAM,,,,,,,S,4,0
SMA-11-01,TOKA,TOKA-137,6/4/2021,31,319,BAPI,,,BRCA5,40,SYCH4,VUBR,OXALI,2GRAM,,,,,,,S,4,0
SMA-11-01,TOKA,TOKA-137,6/4/2021,32,319,BAPI,,,LOPEM2,65,VUBR,MASA,LIBI5,L,,,,,,,S,,0
SMA-11-01,TOKA,TOKA-137,6/4/2021,33,319,BAPI,,,BRHO2,40,BRCA5,GEDI,LIBI5,2GRAM,L,,,,,,S,4,0
SMA-11-01,TOKA,TOKA-137,6/4/2021,34,319,BAPI,,,VUBR,40,BRCA5,L,,,,,,,,,S,,0
SMA-11-01,TOKA,TOKA-137,6/4/2021,35,319,BAPI,,,ACMI2,35,2GRAM,,,,,,,,,,S,1,0
SMA-11-01,TOKA,TOKA-137,6/4/2021,36,319,BAPI,RUUR,,ACMI2,30,VUBR,L,,,,,,,,,S,,0
SMA-11-01,TOKA,TOKA-137,6/4/2021,37,319,BAPI,RUUR,,VUBR,10,L,,,,,,,,,,S,,0
SMA-11-01,TOKA,TOKA-137,6/4/2021,38,319,BAPI,,,SYCH4,50,SONCH,BRCA5,VUBR,L,2GRAM,,,,,,S,5,0
SMA-11-01,TOKA,TOKA-137,6/4/2021,39,319,,,,PHAQ,120,SONCH,VUBR,PIEC,2GRAM,L,,,,,,S,4,0
SMA-11-01,TOKA,TOKA-137,6/4/2021,40,319,,,,PHAQ,100,SONCH,LIBI5,TRCA5,2GRAM,,,,,,,S,4,0
SMA-11-01,TOKA,TOKA-137,6/4/2021,41,319,,,,NOPLANT,NA,L,,,,,,,,,,S,,0
SMA-11-01,TOKA,TOKA-137,6/4/2021,42,319,,,,NOPLANT,NA,L,,,,,,,,,,S,,0
SMA-11-01,TOKA,TOKA-137,6/4/2021,43,319,,,,LIBI5,5,CYEC,L,,,,,,,,,S,,0
SMA-11-01,TOKA,TOKA-137,6/4/2021,44,319,,,,PLLA,5,L,,,,,,,,,,S,,0
SMA-11-01,TOKA,TOKA-137,6/4/2021,45,319,,,,BRHO2,25,PLLA,LIBI5,VISA,L,,,,,,,S,,0
SMA-11-01,TOKA,TOKA-137,6/4/2021,46,319,,,,LIBI5,15,TRCA5,PLLA,CYEC,2GRAM,L,,,,,,S,4,0
SMA-11-01,TOKA,TOKA-137,6/4/2021,47,319,,,,PHAQ,50,PLLA,LOCO6,TONO,L,,,,,,,S,,0
SMA-11-01,TOKA,TOKA-137,6/4/2021,48,319,,,,CYEC,50,CAPY2,COAR4,SCPE,L,,,,,,,S,,0
SMA-11-01,TOKA,TOKA-137,6/4/2021,49,319,,,,PHAQ,55,BRDI2,TONO,HYRA3,,,,,,,,S,,0
SMA-11-01,TOKA,TOKA-137,6/4/2021,50,319,,,,LOPEM2,50,BRDI2,PLLA,MASA,L,,,,,,,S,,0
SMA-11-01,TOKA,TOKA-137,6/2/2022,1,130,,,,LIBI5,26,NALE2,2GP,,,,,,,,,S,,0
SMA-11-01,TOKA,TOKA-137,6/2/2022,2,130,,,,NALE2,21,,,,,,,,,,,S,,0
SMA-11-01,TOKA,TOKA-137,6/2/2022,3,130,,,,NALE2,15,RUUR,VITE,L,,,,,,,,S,,0
SMA-11-01,TOKA,TOKA-137,6/2/2022,4,130,,,,PLLA,12,BRDI2,L,,,,,,,,,S,,0
SMA-11-01,TOKA,TOKA-137,6/2/2022,5,130,,,,AVBA,108,LIBI5,PLLA,RUUR,L,,,,,,,S,,0
SMA-11-01,TOKA,TOKA-137,6/2/2022,6,130,,,,BRCA5,30,PLLA,L,,,,,,,,,S,,0
SMA-11-01,TOKA,TOKA-137,6/2/2022,7,130,,,,BRMI2,27,VUBR,L,,,,,,,,,S,,0
SMA-11-01,TOKA,TOKA-137,6/2/2022,8,130,,,,LIBI5,14,VUBR,L,,,,,,,,,S,,0
SMA-11-01,TOKA,TOKA-137,6/2/2022,9,130,RUUR,,,VUBR,8,,,,,,,,,,,S,,0
SMA-11-01,TOKA,TOKA-137,6/2/2022,10,130,,,,VITE,10,RUUR,,,,,,,,,,S,,0
SMA-11-01,TOKA,TOKA-137,6/2/2022,11,130,RUUR,,,VUBR,11,L,,,,,,,,,,S,,0
SMA-11-01,TOKA,TOKA-137,6/2/2022,12,130,,,,RUUR,21,PLLA,CLDO2,,,,,,,,,S,,0
SMA-11-01,TOKA,TOKA-137,6/2/2022,13,130,,,,VITE,14,VUBR,,,,,,,,,,AM,,0
SMA-11-01,TOKA,TOKA-137,6/2/2022,14,130,,,,LIBI5,17,PLLA,,,,,,,,,,S,,0
SMA-11-01,TOKA,TOKA-137,6/2/2022,15,130,RUUR,,,BRHO2,12,,,,,,,,,,,S,,0
SMA-11-01,TOKA,TOKA-137,6/2/2022,16,130,,,,LOPEM2,26,L,,,,,,,,,,S,,0
SMA-11-01,TOKA,TOKA-137,6/2/2022,17,130,,,,LOPEM2,25,ANAR,VUBR,,,,,,,,,S,,0
SMA-11-01,TOKA,TOKA-137,6/2/2022,18,130,,,,LOPEM2,39,VUBR,VITE,,,,,,,,,S,,0
SMA-11-01,TOKA,TOKA-137,6/2/2022,19,130,,,,LIBI5,23,BRMI2,VUBR,,,,,,,,,S,,0
SMA-11-01,TOKA,TOKA-137,6/2/2022,20,130,,,,LIBI5,37,SYCH4,BRMI2,,,,,,,,,S,,0
SMA-11-01,TOKA,TOKA-137,6/2/2022,21,130,,,,LIBI5,22,VUBR,VITE,,,,,,,,,S,,0
SMA-11-01,TOKA,TOKA-137,6/2/2022,22,130,,,,LOPEM2,42,VUBR,ANAR,L,,,,,,,,S,,0
SMA-11-01,TOKA,TOKA-137,6/2/2022,23,130,,,,LIBI5,32,LOPEM2,VUBR,,,,,,,,,S,,0
SMA-11-01,TOKA,TOKA-137,6/2/2022,24,130,,,,JUNCU,31,LIBI5,L,,,,,,,,,S,,0
SMA-11-01,TOKA,TOKA-137,6/2/2022,25,130,,,,LIBI5,16,VUBR,,,,,,,,,,S,,0
SMA-11-01,TOKA,TOKA-137,6/2/2022,26,130,RUUR,,,VUBR,4,,,,,,,,,,,S,,0
SMA-11-01,TOKA,TOKA-137,6/2/2022,27,130,,,,VUBR,23,,,,,,,,,,,S,,0
SMA-11-01,TOKA,TOKA-137,6/2/2022,28,130,,,,LIBI5,29,VUBR,ANAR,,,,,,,,,S,,0
SMA-11-01,TOKA,TOKA-137,6/2/2022,29,130,,,,VUBR,28,LIBI5,,,,,,,,,,S,,0
SMA-11-01,TOKA,TOKA-137,6/2/2022,30,130,,,,LIBI5,30,BRCA5,VUBR,,,,,,,,,S,,0
SMA-11-01,TOKA,TOKA-137,6/2/2022,31,130,,,,VUBR,34,BRMI2,LIBI5,RUUR,,,,,,,,S,,0
SMA-11-01,TOKA,TOKA-137,6/2/2022,32,130,,,,LIBI5,19,VUBR,,,,,,,,,,S,,0
SMA-11-01,TOKA,TOKA-137,6/2/2022,33,130,BAPI,,,VUBR,28,PHAQ,L,,,,,,,,,S,,0
SMA-11-01,TOKA,TOKA-137,6/2/2022,34,130,,,,VITE,33,RUUR,VUBR,HYRA3,,,,,,,,S,,0
SMA-11-01,TOKA,TOKA-137,6/2/2022,35,130,,,,LIBI5,17,ANAR,L,,,,,,,,,S,,0
SMA-11-01,TOKA,TOKA-137,6/2/2022,36,130,,,,VUBR,16,LIBI5,RUUR,L,,,,,,,,S,,0
SMA-11-01,TOKA,TOKA-137,6/2/2022,37,130,,,,VUBR,9,L,,,,,,,,,,S,,0
SMA-11-01,TOKA,TOKA-137,6/2/2022,38,130,,,,BRCA5,29,RUUR,L,,,,,,,,,S,,0
SMA-11-01,TOKA,TOKA-137,6/2/2022,39,130,RUUR,,,BRCA5,16,L,,,,,,,,,,S,,0
SMA-11-01,TOKA,TOKA-137,6/2/2022,40,130,,,,VUBR,6,BRCA5,,,,,,,,,,S,,0
SMA-11-01,TOKA,TOKA-137,6/2/2022,41,130,RUUR,,,ACMI2,40,L,,,,,,,,,,S,,0
SMA-11-01,TOKA,TOKA-137,6/2/2022,42,130,,,,CAPY2,47,PHAQ,RUUR,L,,,,,,,,S,,0
SMA-11-01,TOKA,TOKA-137,6/2/2022,43,130,,,,CAPY2,93,RUUR,L,,,,,,,,,S,,0
SMA-11-01,TOKA,TOKA-137,6/2/2022,44,130,,,,VUBR,7,PHAQ,,,,,,,,,,S,,0
SMA-11-01,TOKA,TOKA-137,6/2/2022,45,130,,,,NOPLANT,NA,,,,,,,,,,,S,,0
SMA-11-01,TOKA,TOKA-137,6/2/2022,46,130,,,,VUBR,16,LIBI5,,,,,,,,,,S,,0
SMA-11-01,TOKA,TOKA-137,6/2/2022,47,130,,,,DACA3,11,PLLA,,,,,,,,,,S,,0
SMA-11-01,TOKA,TOKA-137,6/2/2022,48,130,,,,LOPEM2,39,VUBR,PLLA,,,,,,,,,S,,0
SMA-11-01,TOKA,TOKA-137,6/2/2022,49,130,,,,PHAQ,29,LOPEM2,PLLA,VUBR,L,,,,,,,S,,0
SMA-11-01,TOKA,TOKA-137,6/2/2022,50,130,,,,LOPEM2,38,BRDI2,VUBR,PLLA,L,,,,,,,S,,0
SMA-11-01,TOKA,TOKA-137,6/2/2022,1,310,,,,CYEC,26,,,,,,,,,,,S,,0
SMA-11-01,TOKA,TOKA-137,6/2/2022,2,310,,,,PLLA,2,,,,,,,,,,,S,,0
SMA-11-01,TOKA,TOKA-137,6/2/2022,3,310,,,,BRDI2,24,,,,,,,,,,,S,,0
SMA-11-01,TOKA,TOKA-137,6/2/2022,4,310,,,,NALE2,14,ANAR,PLLA,,,,,,,,,S,,0
SMA-11-01,TOKA,TOKA-137,6/2/2022,5,310,,,,NALE2,40,BRDI2,L,,,,,,,,,S,,0
SMA-11-01,TOKA,TOKA-137,6/2/2022,6,310,,,,NALE2,37,RUUR,,,,,,,,,,S,,0
SMA-11-01,TOKA,TOKA-137,6/2/2022,7,310,,,,NALE2,38,SACR2,,,,,,,,,,S,,0
SMA-11-01,TOKA,TOKA-137,6/2/2022,8,310,,,,LIBI5,39,,,,,,,,,,,S,,0
SMA-11-01,TOKA,TOKA-137,6/2/2022,9,310,,,,BRCA5,30,LIBI5,,,,,,,,,,S,,0
SMA-11-01,TOKA,TOKA-137,6/2/2022,10,310,,,,PLLA,6,,,,,,,,,,,S,,0
SMA-11-01,TOKA,TOKA-137,6/2/2022,11,310,BAPI,,,HOLA,13,L,,,,,,,,,,S,,0
SMA-11-01,TOKA,TOKA-137,6/2/2022,12,310,,,,BRCA5,39,,,,,,,,,,,S,,0
SMA-11-01,TOKA,TOKA-137,6/2/2022,13,310,,,,PLLA,8,,,,,,,,,,,S,,0
SMA-11-01,TOKA,TOKA-137,6/2/2022,14,310,,,,CYEC,27,VITE,,,,,,,,,,S,,0
SMA-11-01,TOKA,TOKA-137,6/2/2022,15,310,,,,LOPEM2,38,,,,,,,,,,,S,,0
SMA-11-01,TOKA,TOKA-137,6/2/2022,16,310,,,,LIBI5,28,VUBR,,,,,,,,,,S,,0
SMA-11-01,TOKA,TOKA-137,6/2/2022,17,310,,,,LIBI5,18,BRDI2,,,,,,,,,,S,,0
SMA-11-01,TOKA,TOKA-137,6/2/2022,18,310,,,,LIBI5,38,CYEC,,,,,,,,,,S,,0
SMA-11-01,TOKA,TOKA-137,6/2/2022,19,310,,,,LIBI5,22,PLLA,L,,,,,,,,,S,,0
SMA-11-01,TOKA,TOKA-137,6/2/2022,20,310,,,,BRMI2,15,NALE2,L,,,,,,,,,S,,0
SMA-11-01,TOKA,TOKA-137,6/2/2022,21,310,,,,LIBI5,23,PLLA,,,,,,,,,,S,,0
SMA-11-01,TOKA,TOKA-137,6/2/2022,22,310,,,,CYEC,27,PLLA,,,,,,,,,,S,,0
SMA-11-01,TOKA,TOKA-137,6/2/2022,23,310,,,,LIBI5,17,BRDI2,,,,,,,,,,S,,0
SMA-11-01,TOKA,TOKA-137,6/2/2022,24,310,,,,BRDI2,24,NALE2,,,,,,,,,,S,,0
SMA-11-01,TOKA,TOKA-137,6/2/2022,25,310,,,,NALE2,47,LIBI5,,,,,,,,,,S,,0
SMA-11-01,TOKA,TOKA-137,6/2/2022,26,310,,,,PLLA,5,,,,,,,,,,,S,,0
SMA-11-01,TOKA,TOKA-137,6/2/2022,27,310,,,,NOPLANT,NA,,,,,,,,,,,S,,0
SMA-11-01,TOKA,TOKA-137,6/2/2022,28,310,,,,NALE2,31,PLLA,,,,,,,,,,S,,0
SMA-11-01,TOKA,TOKA-137,6/2/2022,29,310,,,,NALE2,10,PLLA,,,,,,,,,,S,,0
SMA-11-01,TOKA,TOKA-137,6/2/2022,30,310,,,,NOPLANT,NA,,,,,,,,,,,S,,0
SMA-11-01,TOKA,TOKA-137,6/2/2022,31,310,,,,NALE2,6,L,,,,,,,,,,S,,0
SMA-11-01,TOKA,TOKA-137,6/2/2022,32,310,,,,LIBI5,15,VUBR,PLLA,,,,,,,,,S,,0
SMA-11-01,TOKA,TOKA-137,6/2/2022,33,310,,,,CYEC,12,PLLA,NALE2,,,,,,,,,S,,0
SMA-11-01,TOKA,TOKA-137,6/2/2022,34,310,,,,LIBI5,27,CYEC,,,,,,,,,,S,,0
SMA-11-01,TOKA,TOKA-137,6/2/2022,35,310,,,,LOPEM2,7,PLLA,,,,,,,,,,S,,0
SMA-11-01,TOKA,TOKA-137,6/2/2022,36,310,,,,PLLA,6,,,,,,,,,,,S,,0
SMA-11-01,TOKA,TOKA-137,6/2/2022,37,310,,,,PLLA,3,,,,,,,,,,,S,,0
SMA-11-01,TOKA,TOKA-137,6/2/2022,38,310,,,,LOPEM2,26,NALE2,,,,,,,,,,S,,0
SMA-11-01,TOKA,TOKA-137,6/2/2022,39,310,,,,BRDI2,22,LIBI5,RUUR,VITE,,,,,,,,S,,0
SMA-11-01,TOKA,TOKA-137,6/2/2022,40,310,,,,LIBI5,18,PLLA,,,,,,,,,,S,,0
SMA-11-01,TOKA,TOKA-137,6/2/2022,41,310,,,,NOPLANT,NA,,,,,,,,,,,S,,0
SMA-11-01,TOKA,TOKA-137,6/2/2022,42,310,,,,VUBR,27,AICA,LOPEM2,LIBI5,,,,,,,,S,,0
SMA-11-01,TOKA,TOKA-137,6/2/2022,43,310,,,,LIBI5,40,VUBR,,,,,,,,,,S,,0
SMA-11-01,TOKA,TOKA-137,6/2/2022,44,310,RUUR,,,VITE,10,,,,,,,,,,,S,,0
SMA-11-01,TOKA,TOKA-137,6/2/2022,45,310,RUUR,,,HOLA,13,L,,,,,,,,,,S,,0
SMA-11-01,TOKA,TOKA-137,6/2/2022,46,310,,,,AICA,9,,,,,,,,,,,S,,0
SMA-11-01,TOKA,TOKA-137,6/2/2022,47,310,BAPI,,,VITE,22,VUBR,,,,,,,,,,S,,0
SMA-11-01,TOKA,TOKA-137,6/2/2022,48,310,RUUR,,,NOPLANT,NA,,,,,,,,,,,S,,0
SMA-11-01,TOKA,TOKA-137,6/2/2022,49,310,RUUR,,,CIVU,1,,,,,,,,,,,S,,0
SMA-11-01,TOKA,TOKA-137,6/2/2022,50,310,RUUR,,,CIVU,2,,,,,,,,,,,S,,0
SMA-11-01,TOKA,TOKA-137,7/6/2023,1,130,,,,BRCA5,21,PLLA,BRDI2,,,,,,,,,S,,0
SMA-11-01,TOKA,TOKA-137,7/6/2023,2,130,,,,BRCA5,60,VUBR,PLLA,,,,,,,,,S,,0
SMA-11-01,TOKA,TOKA-137,7/6/2023,3,130,,,,BRCA5,66,PLLA,,,,,,,,,,S,,0
SMA-11-01,TOKA,TOKA-137,7/6/2023,4,130,RUUR,,,PHAQ,30,BRDI2,TRCA5,LOCO6,ACMI2,L,,,,,,S,,0
SMA-11-01,TOKA,TOKA-137,7/6/2023,5,130,,,,BRCA5,42,BRDI2,LOPEM2,CENTA2,PLLA,BRHO2,,,,,,S,,0
SMA-11-01,TOKA,TOKA-137,7/6/2023,6,130,,,,BRCA5,32,PLLA,TRCA5,,,,,,,,,S,,0
SMA-11-01,TOKA,TOKA-137,7/6/2023,7,130,,,,PHAQ,56,PLLA,L,,,,,,,,,S,,0
SMA-11-01,TOKA,TOKA-137,7/6/2023,8,130,,,,BRCA5,28,PLLA,VUBR,BRDI2,,,,,,,,S,,0
SMA-11-01,TOKA,TOKA-137,7/6/2023,9,130,,,,LEUCA4,57,PLLA,VUBR,L,,,,,,,,S,,0
SMA-11-01,TOKA,TOKA-137,7/6/2023,10,130,,,,BRCA5,42,PLLA,TRCA5,ANAR,,,,,,,,S,,0
SMA-11-01,TOKA,TOKA-137,7/6/2023,11,130,,,,ELGL,64,BRCA5,RUUR,PLLA,L,,,,,,,S,,0
SMA-11-01,TOKA,TOKA-137,7/6/2023,12,130,,,,BRCA5,56,VUBR,RUUR,CENTA2,,,,,,,,S,,0
SMA-11-01,TOKA,TOKA-137,7/6/2023,13,130,,,,LEUCA4,82,BRCA5,RUUR,ANAR,L,,,,,,,S,,0
SMA-11-01,TOKA,TOKA-137,7/6/2023,14,130,,,,LEUCA4,45,RUUR,SYCH4,L,,,,,,,,S,,0
SMA-11-01,TOKA,TOKA-137,7/6/2023,15,130,,,,LEUCA4,87,RUUR,VUBR,L,,,,,,,,S,,0
SMA-11-01,TOKA,TOKA-137,7/6/2023,16,130,,,,LEUCA4,87,TRCA5,VUBR,PLLA,L,,,,,,,S,,0
SMA-11-01,TOKA,TOKA-137,7/6/2023,17,130,,,,LEUCA4,76,BRCA5,L,,,,,,,,,S,,0
SMA-11-01,TOKA,TOKA-137,7/6/2023,18,130,,,,BRCA5,89,LEUCA4,AICA,PLLA,L,,,,,,,S,,0
SMA-11-01,TOKA,TOKA-137,7/6/2023,19,130,BAPI,,,LOPEM2,57,VUBR,HOCA3,L,,,,,,,,S,,0
SMA-11-01,TOKA,TOKA-137,7/6/2023,20,130,,,,BRCA5,70,AICA,VUBR,RUUR,L,,,,,,,S,,0
SMA-11-01,TOKA,TOKA-137,7/6/2023,21,130,,,,LOPEM2,41,VUBR,AICA,TRCA5,RUUR,,,,,,,S,,0
SMA-11-01,TOKA,TOKA-137,7/6/2023,22,130,,,,MASA,35,TRCA5,VUBR,,,,,,,,,S,,0
SMA-11-01,TOKA,TOKA-137,7/6/2023,23,130,,,,LOPEM2,61,GAPH2,TRCA5,RUUR,L,,,,,,,S,,0
SMA-11-01,TOKA,TOKA-137,7/6/2023,24,130,,,,SYCH4,60,GAPH2,BRMI2,RUUR,L,,,,,,,S,,0
SMA-11-01,TOKA,TOKA-137,7/6/2023,25,130,BAPI,RUUR,,NOPLANT,NA,,,,,,,,,,,S,,0
SMA-11-01,TOKA,TOKA-137,7/6/2023,26,130,BAPI,RUUR,,NOPLANT,NA,,,,,,,,,,,S,,0
SMA-11-01,TOKA,TOKA-137,7/6/2023,27,130,,,,BRCA5,54,GAPH2,LOPEM2,RUUR,VUBR,,,,,,,S,,0
SMA-11-01,TOKA,TOKA-137,7/6/2023,28,130,,,,BRCA5,61,VUBR,RUUR,MASA,LOCO6,L,,,,,,S,,0
SMA-11-01,TOKA,TOKA-137,7/6/2023,29,130,,,,LOPEM2,70,MASA,RUUR,BRMI2,VUBR,L,,,,,,S,,0
SMA-11-01,TOKA,TOKA-137,7/6/2023,30,130,,,,BRCA5,74,GAPH2,AICA,L,,,,,,,,S,,0
SMA-11-01,TOKA,TOKA-137,7/6/2023,31,130,,,,BRCA5,52,MASA,CENTA2,,,,,,,,,S,,0
SMA-11-01,TOKA,TOKA-137,7/6/2023,32,130,RUUR,,,BRCA5,64,GEDI,VUBR,,,,,,,,,S,,0
SMA-11-01,TOKA,TOKA-137,7/6/2023,33,130,,,,BRCA5,87,VUBR,RUUR,,,,,,,,,S,,0
SMA-11-01,TOKA,TOKA-137,7/6/2023,34,130,,,,BRCA5,86,VUBR,RUUR,L,,,,,,,,S,,0
SMA-11-01,TOKA,TOKA-137,7/6/2023,35,130,,,,GAPH2,52,BRCA5,VISA,RUUR,,,,,,,,S,,0
SMA-11-01,TOKA,TOKA-137,7/6/2023,36,130,,,,MASA,46,VUBR,CENTA2,RUUR,,,,,,,,S,,0
SMA-11-01,TOKA,TOKA-137,7/6/2023,37,130,,,,BRCA5,66,VUBR,LOPEM2,BRDI2,LIBI5,2GA,,,,,,S,5,0
SMA-11-01,TOKA,TOKA-137,7/6/2023,38,130,,,,BRCA5,65,VUBR,MASA,RUUR,TRCA5,,,,,,,S,,0
SMA-11-01,TOKA,TOKA-137,7/6/2023,39,130,,,,BRCA5,68,VUBR,RUUR,L,,,,,,,,S,,0
SMA-11-01,TOKA,TOKA-137,7/6/2023,40,130,,,,BRCA5,49,ACMI2,VUBR,L,,,,,,,,S,,0
SMA-11-01,TOKA,TOKA-137,7/6/2023,41,130,RUUR,,,VUBR,35,,,,,,,,,,,S,,0
SMA-11-01,TOKA,TOKA-137,7/6/2023,42,130,RUUR,,,NOPLANT,NA,,,,,,,,,,,S,,0
SMA-11-01,TOKA,TOKA-137,7/6/2023,43,130,RUUR,,,NOPLANT,NA,,,,,,,,,,,S,,0
SMA-11-01,TOKA,TOKA-137,7/6/2023,44,130,RUUR,,,VUBR,50,PHAQ,,,,,,,,,,S,,0
SMA-11-01,TOKA,TOKA-137,7/6/2023,45,130,,,,PHAQ,67,BRCA5,VUBR,RUUR,L,,,,,,,S,,0
SMA-11-01,TOKA,TOKA-137,7/6/2023,46,130,,,,LOPEM2,80,BRCA5,VITE,MASA,L,,,,,,,S,,0
SMA-11-01,TOKA,TOKA-137,7/6/2023,47,130,,,,CAPY2,86,LOPEM2,PHAQ,VUBR,,,,,,,,S,,0
SMA-11-01,TOKA,TOKA-137,7/6/2023,48,130,,,,VISA,51,VUBR,LOPEM2,BRCA5,VUBR,,,,,,,S,,0
SMA-11-01,TOKA,TOKA-137,7/6/2023,49,130,,,,PHAQ,125,BRCA5,LOPEM2,CAPY2,VUBR,,,,,,,S,,0
SMA-11-01,TOKA,TOKA-137,7/6/2023,50,130,,,,PHAQ,66,BRCA5,LOPEM2,VUBR,MASA,L,,,,,,S,,0
SMA-11-01,TOKA,TOKA-137,7/6/2023,1,310,,,,BRCA5,54,LOPEM2,LIBI5,PLLA,,,,,,,,S,,0
SMA-11-01,TOKA,TOKA-137,7/6/2023,2,310,,,,BRDI2,32,BRMI2,L,,,,,,,,,S,,0
SMA-11-01,TOKA,TOKA-137,7/6/2023,3,310,,,,AVBA,88,LOPEM2,BRCA5,L,,,,,,,,S,,0
SMA-11-01,TOKA,TOKA-137,7/6/2023,4,310,,,,AVBA,120,BRDI2,LIBI5,L,,,,,,,,S,,0
SMA-11-01,TOKA,TOKA-137,7/6/2023,5,310,,,,BRDI2,33,VISA,L,,,,,,,,,S,,0
SMA-11-01,TOKA,TOKA-137,7/6/2023,6,310,,,,VITE,40,BRDI2,,,,,,,,,,S,,0
SMA-11-01,TOKA,TOKA-137,7/6/2023,7,310,,,,BRDI2,24,,,,,,,,,,,S,,0
SMA-11-01,TOKA,TOKA-137,7/6/2023,8,310,,,,BRDI2,52,ACMI2,,,,,,,,,,S,,0
SMA-11-01,TOKA,TOKA-137,7/6/2023,9,310,,,,BRDI2,41,BRCA5,PLLA,,,,,,,,,S,,0
SMA-11-01,TOKA,TOKA-137,7/6/2023,10,310,,,,LOPEM2,49,BRCA5,VITE,,,,,,,,,S,,0
SMA-11-01,TOKA,TOKA-137,7/6/2023,11,310,,,,BRCA5,49,VUBR,RUUR,ACMI2,,,,,,,,S,,0
SMA-11-01,TOKA,TOKA-137,7/6/2023,12,310,,,,LIBI5,51,BRCA5,MASA,HOLA,PLLA,,,,,,,S,,0
SMA-11-01,TOKA,TOKA-137,7/6/2023,13,310,,,,CYEC,54,MASA,VUBR,,,,,,,,,S,,0
SMA-11-01,TOKA,TOKA-137,7/6/2023,14,310,,,,LOPEM2,50,LIBI5,RUUR,PLLA,L,,,,,,,S,,0
SMA-11-01,TOKA,TOKA-137,7/6/2023,15,310,,,,BRCA5,79,BRDI2,VUBR,RUUR,GEDI,,,,,,,S,,0
SMA-11-01,TOKA,TOKA-137,7/6/2023,16,310,RUUR,,,BRCA5,51,TODI,L,,,,,,,,,S,,0
SMA-11-01,TOKA,TOKA-137,7/6/2023,17,310,,,,BRCA5,44,PLLA,L,,,,,,,,,S,,0
SMA-11-01,TOKA,TOKA-137,7/6/2023,18,310,,,,PLLA,19,AICA,,,,,,,,,,S,,0
SMA-11-01,TOKA,TOKA-137,7/6/2023,19,310,,,,LIBI5,39,BRCA5,PLLA,L,,,,,,,,S,,0
SMA-11-01,TOKA,TOKA-137,7/6/2023,20,310,,,,AICA,48,SACR2,PLLA,L,,,,,,,,S,,0
SMA-11-01,TOKA,TOKA-137,7/6/2023,21,310,,,,TRCA5,20,PLLA,DACA3,L,,,,,,,,S,,0
SMA-11-01,TOKA,TOKA-137,7/6/2023,22,310,,,,LIBI5,20,PLLA,,,,,,,,,,S,,0
SMA-11-01,TOKA,TOKA-137,7/6/2023,23,310,,,,NOPLANT,NA,,,,,,,,,,,S,,0
SMA-11-01,TOKA,TOKA-137,7/6/2023,24,310,,,,BRCA5,77,LOPEM2,VUBR,RUUR,,,,,,,,S,,0
SMA-11-01,TOKA,TOKA-137,7/6/2023,25,310,,,,HOLA,70,LOPEM2,CIVU,L,,,,,,,,S,,0
SMA-11-01,TOKA,TOKA-137,7/6/2023,26,310,,,,HOLA,36,PLLA,L,,,,,,,,,S,,0
SMA-11-01,TOKA,TOKA-137,7/6/2023,27,310,RUUR,,,NOPLANT,NA,WL,,,,,,,,,,S,,0
SMA-11-01,TOKA,TOKA-137,7/6/2023,28,310,,,,RYPI,70,LIBI5,,,,,,,,,,S,,0
SMA-11-01,TOKA,TOKA-137,7/6/2023,29,310,,,,LOPEM2,50,MASA,VUBR,L,,,,,,,,S,,0
SMA-11-01,TOKA,TOKA-137,7/6/2023,30,310,,,,BRCA5,34,MASA,PLLA,L,,,,,,,,S,,0
SMA-11-01,TOKA,TOKA-137,7/6/2023,31,310,,,,RUUR,36,PLLA,MASA,L,,,,,,,,S,,0
SMA-11-01,TOKA,TOKA-137,7/6/2023,32,310,,,,DACA3,34,LIBI5,MASA,AICA,PLLA,L,,,,,,S,,0
SMA-11-01,TOKA,TOKA-137,7/6/2023,33,310,,,,AICA,7,LOCO6,L,,,,,,,,,S,,0
SMA-11-01,TOKA,TOKA-137,7/6/2023,34,310,,,,PLLA,27,DACA3,L,,,,,,,,,S,,0
SMA-11-01,TOKA,TOKA-137,7/6/2023,35,310,,,,PLLA,23,ANAR,L,,,,,,,,,S,,0
SMA-11-01,TOKA,TOKA-137,7/6/2023,36,310,,,,PLLA,38,RUUR,AICA,,,,,,,,,S,,0
SMA-11-01,TOKA,TOKA-137,7/6/2023,37,310,,,,AICA,25,PLLA,LOHI2,MASA,L,,,,,,,S,,0
SMA-11-01,TOKA,TOKA-137,7/6/2023,38,310,,,,HYRA3,32,MASA,VUBR,PLLA,WL,,,,,,,S,,0
SMA-11-01,TOKA,TOKA-137,7/6/2023,39,310,,,,CYEC,36,MASA,PLLA,,,,,,,,,S,,0
SMA-11-01,TOKA,TOKA-137,7/6/2023,40,310,,,,PLLA,33,BRDI2,MASA,L,,,,,,,,S,,0
SMA-11-01,TOKA,TOKA-137,7/6/2023,41,310,,,,LOPEM2,27,MASA,L,,,,,,,,,S,,0
SMA-11-01,TOKA,TOKA-137,7/6/2023,42,310,,,,CYEC,29,MASA,PLLA,,,,,,,,,S,,0
SMA-11-01,TOKA,TOKA-137,7/6/2023,43,310,,,,PLLA,24,LOCO6,L,,,,,,,,,S,,0
SMA-11-01,TOKA,TOKA-137,7/6/2023,44,310,,,,PLLA,27,AICA,BRCA5,L,,,,,,,,S,,0
SMA-11-01,TOKA,TOKA-137,7/6/2023,45,310,,,,BRCA5,53,VUBR,AICA,PLLA,DACA3,L,,,,,,S,,0
SMA-11-01,TOKA,TOKA-137,7/6/2023,46,310,,,,PLLA,19,L,,,,,,,,,,S,,0
SMA-11-01,TOKA,TOKA-137,7/6/2023,47,310,,,,VUBR,26,AICA,,,,,,,,,,S,,0
SMA-11-01,TOKA,TOKA-137,7/6/2023,48,310,,,,BRCA5,38,PLLA,WL,,,,,,,,,S,,0
SMA-11-01,TOKA,TOKA-137,7/6/2023,49,310,RUUR,,,AICA,22,VUBR,L,,,,,,,,,S,,0
SMA-11-01,TOKA,TOKA-137,7/6/2023,50,310,,,,VITE,25,HOLA,PLLA,L,,,,,,,,S,,0
SMA-11-01,TOKA,TOKA-137,6/18/2024,1,319,,,,LIBI5,24,CYEC,VUBR,AICA,PLLA,L,,,,,,S,,0
SMA-11-01,TOKA,TOKA-137,6/18/2024,2,319,,,,LOCO6,7,BRDI2,L,,,,,,,,,S,,0
SMA-11-01,TOKA,TOKA-137,6/18/2024,3,319,,,,NAPU4,31,BRCA5,PLLA,L,,,,,,,,S,,0
SMA-11-01,TOKA,TOKA-137,6/18/2024,4,319,,,,PLLA,34,BRCA5,CYEC,BRDI2,TRDU2,L,,,,,,S,,0
SMA-11-01,TOKA,TOKA-137,6/18/2024,5,319,,,,NAPU4,23,PLLA,VUBR,CENTA,L,,,,,,,S,,0
SMA-11-01,TOKA,TOKA-137,6/18/2024,6,319,,,,LIBI5,40,BRDI2,2GA,L,,,,,,,,S,2,0
SMA-11-01,TOKA,TOKA-137,6/18/2024,7,319,,,,NAPU4,53,BRDI2,RUUR,L,,,,,,,,S,,0
SMA-11-01,TOKA,TOKA-137,6/18/2024,8,319,BAPI,,,BRCA5,39,L,,,,,,,,,,S,,0
SMA-11-01,TOKA,TOKA-137,6/18/2024,9,319,,,,BRCA5,48,NAPU4,BRDI2,ERMO7,L,,,,,,,S,,0
SMA-11-01,TOKA,TOKA-137,6/18/2024,10,319,,,,BRDI2,29,PLLA,TRDU2,L,,,,,,,,S,,0
SMA-11-01,TOKA,TOKA-137,6/18/2024,11,319,,,,BRCA5,20,TODI,CENTA,PLLA,L,,,,,,,S,,0
SMA-11-01,TOKA,TOKA-137,6/18/2024,12,319,RUUR,,,2GA,9,L,,,,,,,,,,S,,0
SMA-11-01,TOKA,TOKA-137,6/18/2024,13,319,BAPI,,,NOPLANT,NA,WL,,,,,,,,,,S,,0
SMA-11-01,TOKA,TOKA-137,6/18/2024,14,319,,,,BRCA5,49,PLLA,TRDU2,LIBI5,L,,,,,,,S,,0
SMA-11-01,TOKA,TOKA-137,6/18/2024,15,319,,,,BRCA5,54,BRDI2,TRDU2,PLLA,L,,,,,,,S,,0
SMA-11-01,TOKA,TOKA-137,6/18/2024,16,319,,,,BRCA5,53,PLLA,CYEC,BRDI2,PLLA,L,,,,,,S,,0
SMA-11-01,TOKA,TOKA-137,6/18/2024,17,319,,,,PLLA,21,BRCA5,TRDU2,L,,,,,,,,S,,0
SMA-11-01,TOKA,TOKA-137,6/18/2024,18,319,,,,BRCA5,34,CYEC,L,,,,,,,,,S,,0
SMA-11-01,TOKA,TOKA-137,6/18/2024,19,319,,,,BRCA5,32,BRDI2,LOPEM2,PLLA,ACMI2,L,,,,,,S,,0
SMA-11-01,TOKA,TOKA-137,6/18/2024,20,319,BAPI,,,VUBR,7,L,,,,,,,,,,S,,0
SMA-11-01,TOKA,TOKA-137,6/18/2024,21,319,,,,LIBI5,29,BRCA5,BRDI2,PLLA,AICA,L,,,,,,S,,0
SMA-11-01,TOKA,TOKA-137,6/18/2024,22,319,,,,AICA,16,TRDU2,BRDI2,L,,,,,,,,S,,0
SMA-11-01,TOKA,TOKA-137,6/18/2024,23,319,,,,BRDI2,14,PLLA,AICA,L,,,,,,,,S,,0
SMA-11-01,TOKA,TOKA-137,6/18/2024,24,319,,,,BRCA5,45,CYEC,BRDI2,TRDU2,L,,,,,,,S,,0
SMA-11-01,TOKA,TOKA-137,6/18/2024,25,319,,,,BRCA5,37,BRDI2,TRDU2,PLLA,L,,,,,,,S,,0
SMA-11-01,TOKA,TOKA-137,6/18/2024,26,319,,,,BRDI2,10,VUBR,TRDU2,L,,,,,,,,S,,0
SMA-11-01,TOKA,TOKA-137,6/18/2024,27,319,,,,BRDI3,19,TRDU2,CYEC,L,,,,,,,,S,,0
SMA-11-01,TOKA,TOKA-137,6/18/2024,28,319,,,,PLLA,7,VUBR,L,,,,,,,,,S,,0
SMA-11-01,TOKA,TOKA-137,6/18/2024,29,319,,,,CYEC,9,AICA,TRDU2,L,,,,,,,,S,,0
SMA-11-01,TOKA,TOKA-137,6/18/2024,30,319,,,,TRDU2,15,PLLA,L,,,,,,,,,S,,0
SMA-11-01,TOKA,TOKA-137,6/18/2024,31,319,,,,NAPU4,44,VUBR,LOCO6,TRDU2,L,,,,,,,S,,0
SMA-11-01,TOKA,TOKA-137,6/18/2024,32,319,,,,LOCO6,19,PLLA,VUBR,L,,,,,,,,S,,0
SMA-11-01,TOKA,TOKA-137,6/18/2024,33,319,,,,CYEC,14,PLLA,TRDU2,L,,,,,,,,S,,0
SMA-11-01,TOKA,TOKA-137,6/18/2024,34,319,,,,VUBR,7,PLLA,L,,,,,,,,,S,,0
SMA-11-01,TOKA,TOKA-137,6/18/2024,35,319,,,,AICA,15,PLLA,L,,,,,,,,,S,,0
SMA-11-01,TOKA,TOKA-137,6/18/2024,36,319,BAPI,,,PLLA,7,CYEC,L,,,,,,,,,S,,0
SMA-11-01,TOKA,TOKA-137,6/18/2024,37,319,,,,NAPU4,41,BRDI2,PLLA,L,,,,,,,,S,,0
SMA-11-01,TOKA,TOKA-137,6/18/2024,38,319,,,,PLLA,19,NAPU4,CYEC,BRDI2,L,,,,,,,S,,0
SMA-11-01,TOKA,TOKA-137,6/18/2024,39,319,,,,LOPEM2,14,AICA,RUUR,L,,,,,,,,S,,0
SMA-11-01,TOKA,TOKA-137,6/18/2024,40,319,,,,LIBI5,19,AICA,L,,,,,,,,,S,,0
SMA-11-01,TOKA,TOKA-137,6/18/2024,41,319,,,,ELGL,14,L,,,,,,,,,,S,,0
SMA-11-01,TOKA,TOKA-137,6/18/2024,42,319,,,,LIBI5,14,CYEC,PLLA,L,,,,,,,,S,,0
SMA-11-01,TOKA,TOKA-137,6/18/2024,43,319,,,,VUMI,14,AICA,L,,,,,,,,,S,,0
SMA-11-01,TOKA,TOKA-137,6/18/2024,44,319,,,,BRCA5,48,TRDU2,LOPEM2,L,,,,,,,,S,,0
SMA-11-01,TOKA,TOKA-137,6/18/2024,45,319,,,,HOLA,31,LOPEM2,LIBI5,L,,,,,,,,S,,0
SMA-11-01,TOKA,TOKA-137,6/18/2024,46,319,,,,AICA,20,PLLA,RUUR,L,,,,,,,,S,,0
SMA-11-01,TOKA,TOKA-137,6/18/2024,47,319,RUUR,,,NOPLANT,NA,L,,,,,,,,,,S,,0
SMA-11-01,TOKA,TOKA-137,6/18/2024,48,319,,,,HOLA,20,MIMUL,L,,,,,,,,,S,,0
SMA-11-01,TOKA,TOKA-137,6/18/2024,49,319,RUUR,,,AICA,20,HOLA,RUUR,L,,,,,,,,S,,0
SMA-11-01,TOKA,TOKA-137,6/18/2024,50,319,,,,NOPLANT,NA,L,,,,,,,,,,S,,0
SMA-11-01,TOKA,TOKA-137,6/18/2024,1,139,,,,NAPU4,36,ACMI2,LOPEM2,WL,,,,,,,,S,,0
SMA-11-01,TOKA,TOKA-137,6/18/2024,2,139,,,,PLLA,27,BRDI2,LOCO6,L,,,,,,,,S,,0
SMA-11-01,TOKA,TOKA-137,6/18/2024,3,139,,,,2GA,15,PLLA,L,,,,,,,,,S,,0
SMA-11-01,TOKA,TOKA-137,6/18/2024,4,139,,,,BRCA5,54,BRDI3,PLLA,RUUR,L,,,,,,,S,,0
SMA-11-01,TOKA,TOKA-137,6/18/2024,5,139,,,,LEVU,77,ACMI2,L,,,,,,,,,S,,0
SMA-11-01,TOKA,TOKA-137,6/18/2024,6,139,,,,LOPEM2,45,PLLA,AICA,RUUR,L,,,,,,,S,,0
SMA-11-01,TOKA,TOKA-137,6/18/2024,7,139,RUUR,,,2GA,9,L,,,,,,,,,,S,,0
SMA-11-01,TOKA,TOKA-137,6/18/2024,8,139,RUUR,,,NOPLANT,NA,L,,,,,,,,,,S,,0
SMA-11-01,TOKA,TOKA-137,6/18/2024,9,139,,,,SYCH4,53,RUUR,L,,,,,,,,,S,,0
SMA-11-01,TOKA,TOKA-137,6/18/2024,10,139,RUUR,BAPI,,2FA,15,L,,,,,,,,,,S,,0
SMA-11-01,TOKA,TOKA-137,6/18/2024,11,139,,,,ELGL,80,LEVU,RUUR,AICA,,,,,,,,S,,0
SMA-11-01,TOKA,TOKA-137,6/18/2024,12,139,,,,LOPEM2,36,AICA,PLLA,L,,,,,,,,S,,0
SMA-11-01,TOKA,TOKA-137,6/18/2024,13,139,,,,LOPEM2,33,PLLA,VUBR,L,,,,,,,,S,,0
SMA-11-01,TOKA,TOKA-137,6/18/2024,14,139,,,,LOPEM2,51,SIBE,PLLA,L,,,,,,,,S,,0
SMA-11-01,TOKA,TOKA-137,6/18/2024,15,139,,,,LOPEM2,57,VUBR,BRHO2,HEMIZ,L,,,,,,,S,,0
SMA-11-01,TOKA,TOKA-137,6/18/2024,16,139,,,,PLLA,36,ERMO7,L,,,,,,,,,S,,0
SMA-11-01,TOKA,TOKA-137,6/18/2024,17,139,,,,LIBI5,39,HEMIZ,L,,,,,,,,,S,,0
SMA-11-01,TOKA,TOKA-137,6/18/2024,18,139,,,,VULPI,43,RUUR,LIBI5,PAVI3,L,,,,,,,S,,0
SMA-11-01,TOKA,TOKA-137,6/18/2024,19,139,,,,LOPEM2,40,VUBR,RUUR,L,,,,,,,,S,,0
SMA-11-01,TOKA,TOKA-137,6/18/2024,20,139,,,,LOPEM2,21,HEMIZ,2GA,L,,,,,,,,S,2,0
SMA-11-01,TOKA,TOKA-137,6/18/2024,21,139,,,,SYCH4,41,LOPEM2,HEMIZ,TODI,2GA,L,,,,,,S,,0
SMA-11-01,TOKA,TOKA-137,6/18/2024,22,139,,,,LOPEM2,55,VUBR,TODI,L,,,,,,,,S,,0
SMA-11-01,TOKA,TOKA-137,6/18/2024,23,139,,,,BRCA5,100,VUBR,TODI,CIVU,L,,,,,,,S,,0
SMA-11-01,TOKA,TOKA-137,6/18/2024,24,139,TODI,RUUR,,2GA,20,,,,,,,,,,,S,,0
SMA-11-01,TOKA,TOKA-137,6/18/2024,25,139,TODI,,,NAPU4,46,LOPEM2,2GA,L,,,,,,,,S,,0
SMA-11-01,TOKA,TOKA-137,6/18/2024,26,139,,,,BRCA5,67,VUBR,MASA,RUUR,L,,,,,,,S,,0
SMA-11-01,TOKA,TOKA-137,6/18/2024,27,139,,,,BRCA5,51,VUBR,LOPEM2,MASA,RUUR,L,,,,,,S,,0
SMA-11-01,TOKA,TOKA-137,6/18/2024,28,139,,,,VUBR,41,MASA,TONO,RUUR,L,,,,,,,S,,0
SMA-11-01,TOKA,TOKA-137,6/18/2024,29,139,,,,SACR2,73,BRCA5,VUBR,MASA,TONO,L,,,,,,S,,0
SMA-11-01,TOKA,TOKA-137,6/18/2024,30,139,RUUR,,,MASA,25,BRCA5,L,,,,,,,,,S,,0
SMA-11-01,TOKA,TOKA-137,6/18/2024,31,139,RUUR,,,VUBR,19,L,,,,,,,,,,S,,0
SMA-11-01,TOKA,TOKA-137,6/18/2024,32,139,BAPI,RUUR,,NOPLANT,NA,L,,,,,,,,,,S,,0
SMA-11-01,TOKA,TOKA-137,6/18/2024,33,139,RUUR,BAPI,TODI,NOPLANT,NA,L,,,,,,,,,,S,,0
SMA-11-01,TOKA,TOKA-137,6/18/2024,34,139,RUUR,,,NOPLANT,NA,L,,,,,,,,,,S,,0
SMA-11-01,TOKA,TOKA-137,6/18/2024,35,139,BAPI,RUUR,,2GA,10,L,,,,,,,,,,S,,0
SMA-11-01,TOKA,TOKA-137,6/18/2024,36,139,BAPI,,,PHAQ,41,VUBR,RUUR,L,,,,,,,,S,,0
SMA-11-01,TOKA,TOKA-137,6/18/2024,37,139,BAPI,RUUR,,2GA,6,L,,,,,,,,,,S,,0
SMA-11-01,TOKA,TOKA-137,6/18/2024,38,139,RUUR,,,VUBR,34,PHAQ,L,,,,,,,,,S,,0
SMA-11-01,TOKA,TOKA-137,6/18/2024,39,139,,,,PHAQ,21,BRDI2,BRCA5,MASA,RUUR,L,,,,,,S,,0
SMA-11-01,TOKA,TOKA-137,6/18/2024,40,139,,,,PHAQ,81,VUBR,L,,,,,,,,,S,,0
SMA-11-01,TOKA,TOKA-137,6/18/2024,41,139,,,,PHAQ,102,VUBR,BRDI2,ACMI2,L,,,,,,,S,,0
SMA-11-01,TOKA,TOKA-137,6/18/2024,42,139,,,,PHAQ,45,BRDI2,BRHO2,LOCO6,L,,,,,,,S,,0
SMA-11-01,TOKA,TOKA-137,6/18/2024,43,139,,,,TRAN6,31,LOPEM2,PLLA,L,,,,,,,,S,,0
SMA-11-01,TOKA,TOKA-137,6/18/2024,44,139,,,,LOPEM2,26,JUBU,HOMA2,L,,,,,,,,S,,0
SMA-11-01,TOKA,TOKA-137,6/18/2024,45,139,,,,CYEC,51,PHAQ,JUNCU,LOCO6,L,,,,,,,S,,0
SMA-11-01,TOKA,TOKA-137,6/18/2024,46,139,,,,LOPEM2,51,LIBI5,PAVI3,VISA,LOCO6,L,,,,,,S,,0
SMA-11-01,TOKA,TOKA-137,6/18/2024,47,139,,,,PHAQ,48,LOPEM2,BRDI2,PLLA,VITE,L,,,,,,S,,0
SMA-11-01,TOKA,TOKA-137,6/18/2024,48,139,,,,2GA,10,L,,,,,,,,,,S,,0
SMA-11-01,TOKA,TOKA-137,6/18/2024,49,139,,,,2GA,4,L,,,,,,,,,,S,,0
SMA-11-01,TOKA,TOKA-137,6/18/2024,50,139,,,,NOPLANT,NA,L,,,,,,,,,,S,,0
SMA-11-01,TOKA,TOKA-147,5/26/2022,1,159,NOPLANT,,,EPCA3,6,,,,,,,,,,,S,,0
SMA-11-01,TOKA,TOKA-147,5/26/2022,2,159,NOPLANT,,,SOOL,17,NAPU4,L,,,,,,,,,S,,0
SMA-11-01,TOKA,TOKA-147,5/26/2022,3,159,NOPLANT,,,NOPLANT,NA,,,,,,,,,,,S,,0
SMA-11-01,TOKA,TOKA-147,5/26/2022,4,159,NOPLANT,,,CAPY2,33,BRDI2,,,,,,,,,,S,,0
SMA-11-01,TOKA,TOKA-147,5/26/2022,5,159,NOPLANT,,,PLLA,14,L,,,,,,,,,,S,,0
SMA-11-01,TOKA,TOKA-147,5/26/2022,6,159,NOPLANT,,,NOPLANT,NA,,,,,,,,,,,S,,0
SMA-11-01,TOKA,TOKA-147,5/26/2022,7,159,NOPLANT,,,NOPLANT,NA,,,,,,,,,,,S,,0
SMA-11-01,TOKA,TOKA-147,5/26/2022,8,159,NOPLANT,,,SOOL,53,L,,,,,,,,,,S,,0
SMA-11-01,TOKA,TOKA-147,5/26/2022,9,159,NOPLANT,,,NOPLANT,NA,,,,,,,,,,,S,,0
SMA-11-01,TOKA,TOKA-147,5/26/2022,10,159,NOPLANT,,,NOPLANT,NA,,,,,,,,,,,S,,0
SMA-11-01,TOKA,TOKA-147,5/26/2022,11,159,NOPLANT,,,NOPLANT,NA,,,,,,,,,,,S,,0
SMA-11-01,TOKA,TOKA-147,5/26/2022,12,159,NOPLANT,,,NOPLANT,NA,L,,,,,,,,,,S,,0
SMA-11-01,TOKA,TOKA-147,5/26/2022,13,159,NOPLANT,,,NOPLANT,NA,,,,,,,,,,,S,,0
SMA-11-01,TOKA,TOKA-147,5/26/2022,14,159,NOPLANT,,,NOPLANT,NA,,,,,,,,,,,S,,0
SMA-11-01,TOKA,TOKA-147,5/26/2022,15,159,NOPLANT,,,RUUR,11,,,,,,,,,,,S,,0
SMA-11-01,TOKA,TOKA-147,5/26/2022,16,159,NOPLANT,,,NOPLANT,NA,,,,,,,,,,,S,,0
SMA-11-01,TOKA,TOKA-147,5/26/2022,17,159,NOPLANT,,,NOPLANT,NA,,,,,,,,,,,S,,0
SMA-11-01,TOKA,TOKA-147,5/26/2022,18,159,NOPLANT,,,NOPLANT,NA,,,,,,,,,,,S,,0
SMA-11-01,TOKA,TOKA-147,5/26/2022,19,159,NOPLANT,,,NOPLANT,NA,,,,,,,,,,,S,,0
SMA-11-01,TOKA,TOKA-147,5/26/2022,20,159,NOPLANT,,,NOPLANT,NA,,,,,,,,,,,S,,0
SMA-11-01,TOKA,TOKA-147,5/26/2022,21,159,NOPLANT,,,NOPLANT,NA,,,,,,,,,,,S,,0
SMA-11-01,TOKA,TOKA-147,5/26/2022,22,159,NOPLANT,,,NOPLANT,NA,,,,,,,,,,,S,,0
SMA-11-01,TOKA,TOKA-147,5/26/2022,23,159,NOPLANT,,,NOPLANT,NA,,,,,,,,,,,S,,0
SMA-11-01,TOKA,TOKA-147,5/26/2022,24,159,NOPLANT,,,ANAR,4,L,,,,,,,,,,S,,0
SMA-11-01,TOKA,TOKA-147,5/26/2022,25,159,NOPLANT,,,BAPI,105,,,,,,,,,,,S,,1
SMA-11-01,TOKA,TOKA-147,5/26/2022,26,159,NOPLANT,,,BAPI,66,ANAR,L,,,,,,,,,S,,1
SMA-11-01,TOKA,TOKA-147,5/26/2022,27,159,NOPLANT,,,BRDI2,11,ANAR,L,,,,,,,,,S,,0
SMA-11-01,TOKA,TOKA-147,5/26/2022,28,159,NOPLANT,,,DIAU,6,,,,,,,,,,,S,,0
SMA-11-01,TOKA,TOKA-147,5/26/2022,29,159,NOPLANT,,,RUUR,16,L,,,,,,,,,,S,,0
SMA-11-01,TOKA,TOKA-147,5/26/2022,30,159,NOPLANT,,,BRDI2,19,L,,,,,,,,,,S,,0
SMA-11-01,TOKA,TOKA-147,5/26/2022,31,159,NOPLANT,,,NOPLANT,NA,L,,,,,,,,,,S,,0
SMA-11-01,TOKA,TOKA-147,5/26/2022,32,159,NOPLANT,,,BRDI2,20,CAPY2,L,,,,,,,,,S,,0
SMA-11-01,TOKA,TOKA-147,5/26/2022,33,159,NOPLANT,,,NOPLANT,NA,L,,,,,,,,,,S,,0
SMA-11-01,TOKA,TOKA-147,5/26/2022,34,159,NOPLANT,,,AVBA,50,BRDI2,,,,,,,,,,S,,0
SMA-11-01,TOKA,TOKA-147,5/26/2022,35,159,NOPLANT,,,AVBA,36,BRDI2,,,,,,,,,,S,,0
SMA-11-01,TOKA,TOKA-147,5/26/2022,36,159,NOPLANT,,,AVBA,21,BRDI2,,,,,,,,,,S,,0
SMA-11-01,TOKA,TOKA-147,5/26/2022,37,159,NOPLANT,,,BRDI2,9,L,,,,,,,,,,S,,0
SMA-11-01,TOKA,TOKA-147,5/26/2022,38,159,NOPLANT,,,BRDI2,5,ANAR,,,,,,,,,,S,,0
SMA-11-01,TOKA,TOKA-147,5/26/2022,39,159,NOPLANT,,,BRDI2,16,L,,,,,,,,,,S,,0
SMA-11-01,TOKA,TOKA-147,5/26/2022,40,159,NOPLANT,,,AVBA,35,ANAR,,,,,,,,,,S,,0
SMA-11-01,TOKA,TOKA-147,5/26/2022,41,159,NOPLANT,,,BRDI2,5,,,,,,,,,,,S,,0
SMA-11-01,TOKA,TOKA-147,5/26/2022,42,159,NOPLANT,,,NOPLANT,NA,,,,,,,,,,,S,,0
SMA-11-01,TOKA,TOKA-147,5/26/2022,43,159,NOPLANT,,,ANAR,10,,,,,,,,,,,S,,0
SMA-11-01,TOKA,TOKA-147,5/26/2022,44,159,NOPLANT,,,ANAR,9,,,,,,,,,,,S,,0
SMA-11-01,TOKA,TOKA-147,5/26/2022,45,159,NOPLANT,,,ANAR,11,,,,,,,,,,,S,,0
SMA-11-01,TOKA,TOKA-147,5/26/2022,46,159,NOPLANT,,,BRDI2,14,,,,,,,,,,,S,,0
SMA-11-01,TOKA,TOKA-147,5/26/2022,47,159,NOPLANT,,,NOPLANT,NA,,,,,,,,,,,S,,0
SMA-11-01,TOKA,TOKA-147,5/26/2022,48,159,NOPLANT,,,NOPLANT,NA,,,,,,,,,,,S,,0
SMA-11-01,TOKA,TOKA-147,5/26/2022,49,159,NOPLANT,,,NOPLANT,NA,,,,,,,,,,,S,,0
SMA-11-01,TOKA,TOKA-147,5/26/2022,50,159,NOPLANT,,,NOPLANT,NA,,,,,,,,,,,S,,0
SMA-11-01,TOKA,TOKA-147,5/26/2022,1,339,NOPLANT,,,NOPLANT,NA,L,,,,,,,,,,S,,0
SMA-11-01,TOKA,TOKA-147,5/26/2022,2,339,NOPLANT,,,CESO3,19,BRDI2,ANAR,L,,,,,,,,S,,0
SMA-11-01,TOKA,TOKA-147,5/26/2022,3,339,NOPLANT,,,AVBA,10,L,,,,,,,,,,S,,0
SMA-11-01,TOKA,TOKA-147,5/26/2022,4,339,NOPLANT,,,AVBA,46,LUFO2,BRDI2,,,,,,,,,S,,0
SMA-11-01,TOKA,TOKA-147,5/26/2022,5,339,NOPLANT,,,AVBA,49,LUFO2,L,,,,,,,,,S,,0
SMA-11-01,TOKA,TOKA-147,5/26/2022,6,339,NOPLANT,,,LUFO2,31,L,,,,,,,,,,S,,0
SMA-11-01,TOKA,TOKA-147,5/26/2022,7,339,NOPLANT,,,AVBA,21,BRDI2,L,,,,,,,,,S,,0
SMA-11-01,TOKA,TOKA-147,5/26/2022,8,339,NOPLANT,,,NOPLANT,NA,L,,,,,,,,,,S,,0
SMA-11-01,TOKA,TOKA-147,5/26/2022,9,339,NOPLANT,,,ERCI6,6,L,,,,,,,,,,S,,0
SMA-11-01,TOKA,TOKA-147,5/26/2022,10,339,NOPLANT,,,AVBA,30,BRDI2,,,,,,,,,,S,,0
SMA-11-01,TOKA,TOKA-147,5/26/2022,11,339,BAPI,,,PLLA,51,DIAU,NAPU4,L,,,,,,,,S,,0
SMA-11-01,TOKA,TOKA-147,5/26/2022,12,339,NOPLANT,,,BRDI2,21,L,,,,,,,,,,S,,0
SMA-11-01,TOKA,TOKA-147,5/26/2022,13,339,NOPLANT,,,DIAU,50,NAPU4,L,,,,,,,,,S,,0
SMA-11-01,TOKA,TOKA-147,5/26/2022,14,339,PSME,,,NAPU4,22,CAPY2,L,,,,,,,,,S,,0
SMA-11-01,TOKA,TOKA-147,5/26/2022,15,339,PSME,,,NAPU4,8,L,,,,,,,,,,S,,0
SMA-11-01,TOKA,TOKA-147,5/26/2022,16,339,PSME,,,NOPLANT,NA,L,,,,,,,,,,S,,0
SMA-11-01,TOKA,TOKA-147,5/26/2022,17,339,PSME,,,NOPLANT,NA,L,,,,,,,,,,S,,0
SMA-11-01,TOKA,TOKA-147,5/26/2022,18,339,PSME,,,NOPLANT,NA,L,,,,,,,,,,S,,0
SMA-11-01,TOKA,TOKA-147,5/26/2022,19,339,PSME,,,NOPLANT,NA,WL,L,,,,,,,,,S,,0
SMA-11-01,TOKA,TOKA-147,5/26/2022,20,339,PSME,,,NOPLANT,NA,L,,,,,,,,,,S,,0
SMA-11-01,TOKA,TOKA-147,5/26/2022,21,339,PSME,,,NAPU4,6,L,,,,,,,,,,S,,0
SMA-11-01,TOKA,TOKA-147,5/26/2022,22,339,PSME,,,NOPLANT,NA,L,,,,,,,,,,S,,0
SMA-11-01,TOKA,TOKA-147,5/26/2022,23,339,PSME,,,NOPLANT,NA,L,,,,,,,,,,S,,0
SMA-11-01,TOKA,TOKA-147,5/26/2022,24,339,PSME,,,NOPLANT,NA,L,,,,,,,,,,S,,0
SMA-11-01,TOKA,TOKA-147,5/26/2022,25,339,PSME,,,NOPLANT,NA,L,,,,,,,,,,S,,0
SMA-11-01,TOKA,TOKA-147,5/26/2022,26,339,PSME,,,NOPLANT,NA,L,,,,,,,,,,S,,0
SMA-11-01,TOKA,TOKA-147,5/26/2022,27,339,NOPLANT,,,NOPLANT,NA,L,,,,,,,,,,S,,0
SMA-11-01,TOKA,TOKA-147,5/26/2022,28,339,BAPI,,,2GA,11,L,,,,,,,,,,S,,1
SMA-11-01,TOKA,TOKA-147,5/26/2022,29,339,NOPLANT,,,NOPLANT,NA,,,,,,,,,,,S,,0
SMA-11-01,TOKA,TOKA-147,5/26/2022,30,339,NOPLANT,,,NOPLANT,NA,L,,,,,,,,,,S,,0
SMA-11-01,TOKA,TOKA-147,5/26/2022,31,339,NOPLANT,,,RUUR,10,L,,,,,,,,,,S,,0
SMA-11-01,TOKA,TOKA-147,5/26/2022,32,339,NOPLANT,,,NOPLANT,NA,,,,,,,,,,,S,,0
SMA-11-01,TOKA,TOKA-147,5/26/2022,33,339,NOPLANT,,,TODI,10,L,,,,,,,,,,S,,0
SMA-11-01,TOKA,TOKA-147,5/26/2022,34,339,NOPLANT,,,RUUR,7,L,,,,,,,,,,S,,0
SMA-11-01,TOKA,TOKA-147,5/26/2022,35,339,NOPLANT,,,NOPLANT,NA,L,,,,,,,,,,S,,0
SMA-11-01,TOKA,TOKA-147,5/26/2022,36,339,NOPLANT,,,RUUR,28,FRCA12,L,,,,,,,,,S,,0
SMA-11-01,TOKA,TOKA-147,5/26/2022,37,339,NOPLANT,,,NOPLANT,NA,L,,,,,,,,,,S,,0
SMA-11-01,TOKA,TOKA-147,5/26/2022,38,339,NOPLANT,,,RUUR,11,L,,,,,,,,,,S,,0
SMA-11-01,TOKA,TOKA-147,5/26/2022,39,339,NOPLANT,,,NOPLANT,NA,L,,,,,,,,,,S,,0
SMA-11-01,TOKA,TOKA-147,5/26/2022,40,339,NOPLANT,,,RUUR,14,L,,,,,,,,,,S,,0
SMA-11-01,TOKA,TOKA-147,5/26/2022,41,339,NOPLANT,,,RUUR,4,WL,,,,,,,,,,S,,0
SMA-11-01,TOKA,TOKA-147,5/26/2022,42,339,NOPLANT,,,NOPLANT,NA,L,,,,,,,,,,S,,0
SMA-11-01,TOKA,TOKA-147,5/26/2022,43,339,NOPLANT,,,RUUR,5,WL,,,,,,,,,,S,,0
SMA-11-01,TOKA,TOKA-147,5/26/2022,44,339,NOPLANT,,,NOPLANT,NA,L,,,,,,,,,,S,,0
SMA-11-01,TOKA,TOKA-147,5/26/2022,45,339,NOPLANT,,,NOPLANT,NA,L,,,,,,,,,,S,,0
SMA-11-01,TOKA,TOKA-147,5/26/2022,46,339,NOPLANT,,,NOPLANT,NA,L,,,,,,,,,,S,,0
SMA-11-01,TOKA,TOKA-147,5/26/2022,47,339,NOPLANT,,,NOPLANT,NA,L,,,,,,,,,,S,,0
SMA-11-01,TOKA,TOKA-147,5/26/2022,48,339,NOPLANT,,,RUUR,5,,,,,,,,,,,S,,0
SMA-11-01,TOKA,TOKA-147,5/26/2022,49,339,NOPLANT,,,NOPLANT,NA,L,,,,,,,,,,S,,0
SMA-11-01,TOKA,TOKA-147,5/26/2022,50,339,NOPLANT,,,RUUR,3,L,,,,,,,,,,S,,0
SMA-11-01,TOKA,TOKA-147,10/2/2023,1,159,,,,NAPU4,35,TODI,,,,,,,,,,S,,0
SMA-11-01,TOKA,TOKA-147,10/2/2023,2,159,,,,CAPY2,35,AVBA,,,,,,,,,,S,,0
SMA-11-01,TOKA,TOKA-147,10/2/2023,3,159,,,,NOPLANT,NA,,,,,,,,,,,S,,0
SMA-11-01,TOKA,TOKA-147,10/2/2023,4,159,,,,BRDI2,25,,,,,,,,,,,S,,0
SMA-11-01,TOKA,TOKA-147,10/2/2023,5,159,,,,LIBI5,5,,,,,,,,,,,S,,0
SMA-11-01,TOKA,TOKA-147,10/2/2023,6,159,,,,CEME2,60,LIBI5,,,,,,,,,,,,0
SMA-11-01,TOKA,TOKA-147,10/2/2023,7,159,,,,EPCA3,30,RUUR,LIBI5,,,,,,,,,S,,0
SMA-11-01,TOKA,TOKA-147,10/2/2023,8,159,,,,NOPLANT,NA,,,,,,,,,,,S,,0
SMA-11-01,TOKA,TOKA-147,10/2/2023,9,159,TODI,,,NOPLANT,NA,L,,,,,,,,,,S,,0
SMA-11-01,TOKA,TOKA-147,10/2/2023,10,159,RUUR,,,NOPLANT,NA,,,,,,,,,,,S,,0
SMA-11-01,TOKA,TOKA-147,10/2/2023,11,159,TODI,RUUR,,NOPLANT,NA,,,,,,,,,,,S,,0
SMA-11-01,TOKA,TOKA-147,10/2/2023,12,159,RUUR,,,NOPLANT,NA,,,,,,,,,,,S,,0
SMA-11-01,TOKA,TOKA-147,10/2/2023,13,159,RUUR,,,NOPLANT,NA,,,,,,,,,,,S,,0
SMA-11-01,TOKA,TOKA-147,10/2/2023,14,159,,,,SIMA3,40,,,,,,,,,,,S,,0
SMA-11-01,TOKA,TOKA-147,10/2/2023,15,159,,,,NOPLANT,NA,,,,,,,,,,,S,,0
SMA-11-01,TOKA,TOKA-147,10/2/2023,16,159,FRCA12,,,NOPLANT,NA,L,,,,,,,,,,S,,0
SMA-11-01,TOKA,TOKA-147,10/2/2023,17,159,FRCA12,,,NOPLANT,NA,L,,,,,,,,,,S,,0
SMA-11-01,TOKA,TOKA-147,10/2/2023,18,159,FRCA12,BAPI,,NOPLANT,NA,,,,,,,,,,,S,,0
SMA-11-01,TOKA,TOKA-147,10/2/2023,19,159,FRCA12,BAPI,,NOPLANT,NA,,,,,,,,,,,S,,0
SMA-11-01,TOKA,TOKA-147,10/2/2023,20,159,,,,LIBI5,5,,,,,,,,,,,S,,0
SMA-11-01,TOKA,TOKA-147,10/2/2023,21,159,,,,CAPY2,65,,,,,,,,,,,S,,0
SMA-11-01,TOKA,TOKA-147,10/2/2023,22,159,,,,NOPLANT,NA,,,,,,,,,,,S,,0
SMA-11-01,TOKA,TOKA-147,10/2/2023,23,159,,,,LIBI5,5,,,,,,,,,,,S,,0
SMA-11-01,TOKA,TOKA-147,10/2/2023,24,159,,,,NAPU4,50,SOOL,LIBI5,,,,,,,,,S,,0
SMA-11-01,TOKA,TOKA-147,10/2/2023,25,159,,,,NOPLANT,NA,,,,,,,,,,,S,,0
SMA-11-01,TOKA,TOKA-147,10/2/2023,26,159,TODI,,,SOOL,10,,,,,,,,,,,S,,0
SMA-11-01,TOKA,TOKA-147,10/2/2023,27,159,,,,NOPLANT,NA,,,,,,,,,,,S,,0
SMA-11-01,TOKA,TOKA-147,10/2/2023,28,159,,,,LIBI5,5,,,,,,,,,,,S,,0
SMA-11-01,TOKA,TOKA-147,10/2/2023,29,159,TODI,,,SOOL,10,,,,,,,,,,,S,,0
SMA-11-01,TOKA,TOKA-147,10/2/2023,30,159,,,,DIAU,5,LIBI5,,,,,,,,,,S,,0
SMA-11-01,TOKA,TOKA-147,10/2/2023,31,159,,,,NOPLANT,NA,,,,,,,,,,,S,,0
SMA-11-01,TOKA,TOKA-147,10/2/2023,32,159,,,,DIAU,30,LIBI5,,,,,,,,,,S,,0
SMA-11-01,TOKA,TOKA-147,10/2/2023,33,159,,,,DIAU,30,LIBI5,,,,,,,,,,S,,0
SMA-11-01,TOKA,TOKA-147,10/2/2023,34,159,,,,NOPLANT,NA,,,,,,,,,,,S,,0
SMA-11-01,TOKA,TOKA-147,10/2/2023,35,159,,,,AVBA,15,SOOL,,,,,,,,,,LIBI5,,0
SMA-11-01,TOKA,TOKA-147,10/2/2023,36,159,,,,CEME2,60,,,,,,,,,,,S,,0
SMA-11-01,TOKA,TOKA-147,10/2/2023,37,159,FRCA12,,,NOPLANT,NA,,,,,,,,,,,S,,0
SMA-11-01,TOKA,TOKA-147,10/2/2023,38,159,,,,NOPLANT,NA,,,,,,,,,,,S,,0
SMA-11-01,TOKA,TOKA-147,10/2/2023,39,159,BAPI,,,NOPLANT,NA,,,,,,,,,,,S,,0
SMA-11-01,TOKA,TOKA-147,10/2/2023,40,159,,,,NOPLANT,NA,,,,,,,,,,,S,,0
SMA-11-01,TOKA,TOKA-147,10/2/2023,41,159,,,,LIBI5,3,,,,,,,,,,,S,,0
SMA-11-01,TOKA,TOKA-147,10/2/2023,42,159,,,,BRDI2,10,LIBI5,,,,,,,,,,S,,0
SMA-11-01,TOKA,TOKA-147,10/2/2023,43,159,,,,LIBI5,5,,,,,,,,,,,S,,0
SMA-11-01,TOKA,TOKA-147,10/2/2023,44,159,RUUR,,,LIBI5,7,,,,,,,,,,,S,,0
SMA-11-01,TOKA,TOKA-147,10/2/2023,45,159,RUUR,,,NOPLANT,NA,,,,,,,,,,,S,,0
SMA-11-01,TOKA,TOKA-147,10/2/2023,46,159,,,,EPCA3,15,LIBI5,,,,,,,,,,S,,0
SMA-11-01,TOKA,TOKA-147,10/2/2023,47,159,RUUR,,,NOPLANT,NA,,,,,,,,,,,S,,0
SMA-11-01,TOKA,TOKA-147,10/2/2023,48,159,,,,NOPLANT,NA,,,,,,,,,,,S,,0
SMA-11-01,TOKA,TOKA-147,10/2/2023,49,159,,,,CAPY2,35,LIBI5,EPCA3,,,,,,,,,S,,0
SMA-11-01,TOKA,TOKA-147,10/2/2023,50,159,,,,DIAU,20,NAPU4,,,,,,,,,,S,,0
SMA-11-01,TOKA,TOKA-147,10/2/2023,1,339,,,,HYRA3,55,BRDI2,,,,,,,,,,S,,0
SMA-11-01,TOKA,TOKA-147,10/2/2023,2,339,,,,BRDI2,25,,,,,,,,,,,S,,0
SMA-11-01,TOKA,TOKA-147,10/2/2023,3,339,,,,NOPLANT,NA,,,,,,,,,,,S,,0
SMA-11-01,TOKA,TOKA-147,10/2/2023,4,339,,,,HYRA3,35,BRDI2,,,,,,,,,,S,,0
SMA-11-01,TOKA,TOKA-147,10/2/2023,5,339,,,,NOPLANT,NA,L,,,,,,,,,,S,,0
SMA-11-01,TOKA,TOKA-147,10/2/2023,6,339,,,,DAPU3,40,BRDI2,,,,,,,,,,S,,0
SMA-11-01,TOKA,TOKA-147,10/2/2023,7,339,,,,NAPU4,45,L,,,,,,,,,,S,,0
SMA-11-01,TOKA,TOKA-147,10/2/2023,8,339,BAPI,,,BRDI2,35,L,,,,,,,,,,S,,0
SMA-11-01,TOKA,TOKA-147,10/2/2023,9,339,,,,BRDI2,45,L,,,,,,,,,,S,,0
SMA-11-01,TOKA,TOKA-147,10/2/2023,10,339,,,,CAPY2,45,BRDI2,LIBI5,,,,,,,,,S,,0
SMA-11-01,TOKA,TOKA-147,10/2/2023,11,339,FRCA12,BAPI,,NOPLANT,NA,,,,,,,,,,,S,,0
SMA-11-01,TOKA,TOKA-147,10/2/2023,12,339,BAPI,,,NOPLANT,NA,,,,,,,,,,,S,,0
SMA-11-01,TOKA,TOKA-147,10/2/2023,13,339,BAPI,,,NOPLANT,NA,,,,,,,,,,,S,,0
SMA-11-01,TOKA,TOKA-147,10/2/2023,14,339,RUUR,,,NAPU4,15,,,,,,,,,,,S,,0
SMA-11-01,TOKA,TOKA-147,10/2/2023,15,339,,,,DIAU,45,,,,,,,,,,,S,,0
SMA-11-01,TOKA,TOKA-147,10/2/2023,16,339,,,,PTAQ,40,RUUR,,,,,,,,,,S,,0
SMA-11-01,TOKA,TOKA-147,10/2/2023,17,339,,,,DIAU,70,RUUR,L,,,,,,,,,S,,0
SMA-11-01,TOKA,TOKA-147,10/2/2023,18,339,RUUR,FRCA12,,NOPLANT,NA,L,,,,,,,,,,S,,0
SMA-11-01,TOKA,TOKA-147,10/2/2023,19,339,,,,NOPLANT,NA,L,,,,,,,,,,S,,0
SMA-11-01,TOKA,TOKA-147,10/2/2023,20,339,,,,NOPLANT,NA,L,,,,,,,,,,S,,0
SMA-11-01,TOKA,TOKA-147,10/2/2023,21,339,,,,NOPLANT,NA,L,,,,,,,,,,S,,0
SMA-11-01,TOKA,TOKA-147,10/2/2023,22,339,RUUR,,,NOPLANT,NA,,,,,,,,,,,S,,0
SMA-11-01,TOKA,TOKA-147,10/2/2023,23,339,,,,HYRA3,65,RUUR,,,,,,,,,,S,,0
SMA-11-01,TOKA,TOKA-147,10/2/2023,24,339,,,,SYCH4,70,L,,,,,,,,,,S,,0
SMA-11-01,TOKA,TOKA-147,10/2/2023,25,339,RUUR,,,NOPLANT,NA,L,,,,,,,,,,S,,0
SMA-11-01,TOKA,TOKA-147,10/2/2023,26,339,RUUR,,,NOPLANT,NA,,,,,,,,,,,S,,0
SMA-11-01,TOKA,TOKA-147,10/2/2023,27,339,,,,ARDO3,100,RUUR,L,,,,,,,,,S,,0
SMA-11-01,TOKA,TOKA-147,10/2/2023,28,339,,,,ARDO3,60,RUUR,L,,,,,,,,,S,,0
SMA-11-01,TOKA,TOKA-147,10/2/2023,29,339,RUUR,,,NOPLANT,NA,L,,,,,,,,,,S,,0
SMA-11-01,TOKA,TOKA-147,10/2/2023,30,339,,,,NOPLANT,NA,L,,,,,,,,,,S,,0
SMA-11-01,TOKA,TOKA-147,10/2/2023,31,339,,,,SYCH4,55,RUUR,,,,,,,,,,S,,0
SMA-11-01,TOKA,TOKA-147,10/2/2023,32,339,RUUR,,,NOPLANT,NA,L,,,,,,,,,,S,,0
SMA-11-01,TOKA,TOKA-147,10/2/2023,33,339,FRCA12,,,NOPLANT,NA,L,,,,,,,,,,S,,0
SMA-11-01,TOKA,TOKA-147,10/2/2023,34,339,FRCA12,,,NOPLANT,NA,L,,,,,,,,,,S,,0
SMA-11-01,TOKA,TOKA-147,10/2/2023,35,339,BAPI,RUUR,,NOPLANT,NA,,,,,,,,,,,S,,0
SMA-11-01,TOKA,TOKA-147,10/2/2023,36,339,BAPI,RUUR,,NOPLANT,NA,,,,,,,,,,,S,,0
SMA-11-01,TOKA,TOKA-147,10/2/2023,37,339,BAPI,RUUR,,NOPLANT,NA,L,,,,,,,,,,S,,0
SMA-11-01,TOKA,TOKA-147,10/2/2023,38,339,RUUR,,,NOPLANT,NA,L,,,,,,,,,,S,,0
SMA-11-01,TOKA,TOKA-147,10/2/2023,39,339,RUUR,,,NOPLANT,NA,L,,,,,,,,,,S,,0
SMA-11-01,TOKA,TOKA-147,10/2/2023,40,339,RUUR,,,NOPLANT,NA,,,,,,,,,,,S,,0
SMA-11-01,TOKA,TOKA-147,10/2/2023,41,339,RUUR,,,NOPLANT,NA,,,,,,,,,,,S,,0
SMA-11-01,TOKA,TOKA-147,10/2/2023,42,339,RUUR,,,NOPLANT,NA,,,,,,,,,,,S,,0
SMA-11-01,TOKA,TOKA-147,10/2/2023,43,339,,,,,NA,,,,,,,,,,,,,0
SMA-11-01,TOKA,TOKA-147,10/2/2023,44,339,,,,,NA,,,,,,,,,,,,,0
SMA-11-01,TOKA,TOKA-147,10/2/2023,45,339,,,,,NA,,,,,,,,,,,,,0
SMA-11-01,TOKA,TOKA-147,10/2/2023,46,339,,,,,NA,,,,,,,,,,,,,0
SMA-11-01,TOKA,TOKA-147,10/2/2023,47,339,,,,,NA,,,,,,,,,,,,,0
SMA-11-01,TOKA,TOKA-147,10/2/2023,48,339,,,,,NA,,,,,,,,,,,,,0
SMA-11-01,TOKA,TOKA-147,10/2/2023,49,339,,,,,NA,,,,,,,,,,,,,0
SMA-11-01,TOKA,TOKA-147,10/2/2023,50,339,,,,,NA,,,,,,,,,,,,,0
SMA-11-01,TOKA,TOKA-147,8/5/2024,1,159,BAPI,,,NOPLANT,NA,,,,,,,,,,,S,,0
SMA-11-01,TOKA,TOKA-147,8/5/2024,2,159,BAPI,DIAU,,CEME2,50,L,,,,,,,,,,S,,0
SMA-11-01,TOKA,TOKA-147,8/5/2024,3,159,,,,CEME2,75,EPCA3,,,,,,,,,,S,,0
SMA-11-01,TOKA,TOKA-147,8/5/2024,4,159,,FRCA12,,NOPLANT,NA,L,,,,,,,,,,S,,0
SMA-11-01,TOKA,TOKA-147,8/5/2024,5,159,,FRCA12,,EPCA3,9,L,,,,,,,,,,S,,0
SMA-11-01,TOKA,TOKA-147,8/5/2024,6,159,,DIAU,,BRDI2,23,EPCA3,,,,,,,,,,S,,0
SMA-11-01,TOKA,TOKA-147,8/5/2024,7,159,,,,CAPY2,21,L,,,,,,,,,,S,,0
SMA-11-01,TOKA,TOKA-147,8/5/2024,8,159,BAPI,FRCA12,,NOPLANT,NA,L,,,,,,,,,,S,,0
SMA-11-01,TOKA,TOKA-147,8/5/2024,9,159,,RUUR,,NOPLANT,NA,L,,,,,,,,,,S,,0
SMA-11-01,TOKA,TOKA-147,8/5/2024,10,159,TODI,RUUR,,NOPLANT,NA,L,,,,,,,,,,,,0
SMA-11-01,TOKA,TOKA-147,8/5/2024,11,159,,,,CAPY2,55,L,,,,,,,,,,S,,0
SMA-11-01,TOKA,TOKA-147,8/5/2024,12,159,,,,CAPY2,35,RUUR,L,,,,,,,,,S,,0
SMA-11-01,TOKA,TOKA-147,8/5/2024,13,159,,,,CAPY2,72,EPBR3,EPCA3,L,,,,,,,,S,,0
SMA-11-01,TOKA,TOKA-147,8/5/2024,14,159,,RUUR,,CAPY2,74,BRDI2,L,,,,,,,,,S,,0
SMA-11-01,TOKA,TOKA-147,8/5/2024,15,159,DIAU,RUUR,,BRDI2,63,GALIU,L,,,,,,,,,S,,0
SMA-11-01,TOKA,TOKA-147,8/5/2024,16,159,,,,CAPY2,40,L,,,,,,,,,,S,,0
SMA-11-01,TOKA,TOKA-147,8/5/2024,17,159,,,,EPBR3,101,RUUR,TODI,L,,,,,,,,S,,0
SMA-11-01,TOKA,TOKA-147,8/5/2024,18,159,,RUUR,,NOPLANT,NA,L,,,,,,,,,,S,,0
SMA-11-01,TOKA,TOKA-147,8/5/2024,19,159,FRCA12,RUUR,,NOPLANT,NA,L,,,,,,,,,,S,,0
SMA-11-01,TOKA,TOKA-147,8/5/2024,20,159,,FRCA12,,NOPLANT,NA,L,,,,,,,,,,S,,0
SMA-11-01,TOKA,TOKA-147,8/5/2024,21,159,,FRCA12,,EPBR3,70,L,,,,,,,,,,S,,0
SMA-11-01,TOKA,TOKA-147,8/5/2024,22,159,,,,CEME2,64,RUUR,L,,,,,,,,,S,,0
SMA-11-01,TOKA,TOKA-147,8/5/2024,23,159,,BAPI,,CLDO2,10,L,,,,,,,,,,S,,0
SMA-11-01,TOKA,TOKA-147,8/5/2024,24,159,,BAPI,,GALIU,15,L,,,,,,,,,,S,,0
SMA-11-01,TOKA,TOKA-147,8/5/2024,25,159,,BAPI,,EPBR3,32,,,,,,,,,,,S,,0
SMA-11-01,TOKA,TOKA-147,8/5/2024,26,159,,,,EPBR3,60,L,,,,,,,,,,S,,0
SMA-11-01,TOKA,TOKA-147,8/5/2024,27,159,,,,EPBR3,63,MASA,L,,,,,,,,,S,,0
SMA-11-01,TOKA,TOKA-147,8/5/2024,28,159,,,,EPBR3,81,CEME2,,,,,,,,,,S,,0
SMA-11-01,TOKA,TOKA-147,8/5/2024,29,159,,,,EPBR3,50,BRDI2,GALIU,L,,,,,,,,S,,0
SMA-11-01,TOKA,TOKA-147,8/5/2024,30,159,,FRCA12,,NOPLANT,NA,L,,,,,,,,,,S,,0
SMA-11-01,TOKA,TOKA-147,8/5/2024,31,159,,DIAU,,EPBR3,34,L,,,,,,,,,,S,,0
SMA-11-01,TOKA,TOKA-147,8/5/2024,32,159,,FRCA12,,NOPLANT,NA,,,,,,,,,,,S,,0
SMA-11-01,TOKA,TOKA-147,8/5/2024,33,159,FRCA12,TODI,,NOPLANT,NA,L,,,,,,,,,,S,,0
SMA-11-01,TOKA,TOKA-147,8/5/2024,34,159,FRCA12,DIAU,,NOPLANT,NA,,,,,,,,,,,S,,0
SMA-11-01,TOKA,TOKA-147,8/5/2024,35,159,,ARCA11,,NOPLANT,NA,,,,,,,,,,,S,,0
SMA-11-01,TOKA,TOKA-147,8/5/2024,36,159,,BAPI,,NOPLANT,NA,L,,,,,,,,,,S,,0
SMA-11-01,TOKA,TOKA-147,8/5/2024,37,159,,,,NOPLANT,NA,,,,,,,,,,,S,,0
SMA-11-01,TOKA,TOKA-147,8/5/2024,38,159,DIAU,,,EPCA3,13,L,,,,,,,,,,S,,0
SMA-11-01,TOKA,TOKA-147,8/5/2024,39,159,,,,AVENA,76,EPCA3,L,,,,,,,,,S,,0
SMA-11-01,TOKA,TOKA-147,8/5/2024,40,159,DIAU,,,NOPLANT,NA,L,,,,,,,,,,S,,0
SMA-11-01,TOKA,TOKA-147,8/5/2024,41,159,,,,CEME2,60,BRDI2,L,,,,,,,,,S,,0
SMA-11-01,TOKA,TOKA-147,8/5/2024,42,159,DIAU,BAPI,,2FA,5,L,,,,,,,,,,S,,0
SMA-11-01,TOKA,TOKA-147,8/5/2024,43,159,,,,CEME2,81,L,,,,,,,,,,S,,0
SMA-11-01,TOKA,TOKA-147,8/5/2024,44,159,,,,CEME2,72,L,,,,,,,,,,S,,0
SMA-11-01,TOKA,TOKA-147,8/5/2024,45,159,DIAU,,,CEME2,57,L,,,,,,,,,,S,,0
SMA-11-01,TOKA,TOKA-147,8/5/2024,46,159,RUUR,,,BRDI2,5,L,,,,,,,,,,S,,0
SMA-11-01,TOKA,TOKA-147,8/5/2024,47,159,BAPI,FRCA12,,NOPLANT,NA,,,,,,,,,,,S,,0
SMA-11-01,TOKA,TOKA-147,8/5/2024,48,159,RUUR,FRCA12,,NOPLANT,NA,L,,,,,,,,,,S,,0
SMA-11-01,TOKA,TOKA-147,8/5/2024,49,159,,,,CEME2,48,L,,,,,,,,,,S,,0
SMA-11-01,TOKA,TOKA-147,8/5/2024,50,159,DIAU,,,NOPLANT,NA,L,,,,,,,,,,S,,0
SMA-11-01,TOKA,TOKA-147,8/5/2024,1,339,,,,BRDI2,19,CEME2,L,,,,,,,,,S,,0
SMA-11-01,TOKA,TOKA-147,8/5/2024,2,339,,,,BRDI2,10,DAPU3,L,,,,,,,,,S,,0
SMA-11-01,TOKA,TOKA-147,8/5/2024,3,339,,,,AVENA,60,BRDI2,ANAR,L,,,,,,,,S,,0
SMA-11-01,TOKA,TOKA-147,8/5/2024,4,339,,,,CEME2,44,BRDI2,2FA,L,,,,,,,,S,,0
SMA-11-01,TOKA,TOKA-147,8/5/2024,5,339,,,,BRDI2,14,2FA,L,,,,,,,,,S,,0
SMA-11-01,TOKA,TOKA-147,8/5/2024,6,339,,,,BRDI2,12,,,,,,,,,,,S,,0
SMA-11-01,TOKA,TOKA-147,8/5/2024,7,339,,,,AVENA,29,DAPU3,BRDI2,L,,,,,,,,S,,0
SMA-11-01,TOKA,TOKA-147,8/5/2024,8,339,,,,NOPLANT,NA,,,,,,,,,,,S,,0
SMA-11-01,TOKA,TOKA-147,8/5/2024,9,339,,,,CAPY2,19,BRDI2,L,,,,,,,,,S,,0
SMA-11-01,TOKA,TOKA-147,8/5/2024,10,339,,,,BRCA5,51,BRDI2,PIEC,L,,,,,,,,S,,0
SMA-11-01,TOKA,TOKA-147,8/5/2024,11,339,BAPI,,,BRDI2,5,L,,,,,,,,,,S,,0
SMA-11-01,TOKA,TOKA-147,8/5/2024,12,339,BAPI,DIAU,,BRDI2,15,L,,,,,,,,,,S,,0
SMA-11-01,TOKA,TOKA-147,8/5/2024,13,339,BAPI,,,BRDI2,7,L,,,,,,,,,,S,,0
SMA-11-01,TOKA,TOKA-147,8/5/2024,14,339,PSME,BAPI,,NOPLANT,NA,L,,,,,,,,,,S,,0
SMA-11-01,TOKA,TOKA-147,8/5/2024,15,339,PSME,FRCA12,,NOPLANT,NA,L,,,,,,,,,,S,,0
SMA-11-01,TOKA,TOKA-147,8/5/2024,16,339,PSME,,,NOPLANT,NA,L,,,,,,,,,,S,,0
SMA-11-01,TOKA,TOKA-147,8/5/2024,17,339,PSME,,,NOPLANT,NA,L,,,,,,,,,,S,,0
SMA-11-01,TOKA,TOKA-147,8/5/2024,18,339,PSME,,,NOPLANT,NA,L,,,,,,,,,,S,,0
SMA-11-01,TOKA,TOKA-147,8/5/2024,19,339,BAPI,RUUR,,NOPLANT,NA,L,,,,,,,,,,S,,0
SMA-11-01,TOKA,TOKA-147,8/5/2024,20,339,DIAU,RUUR,,NOPLANT,NA,L,,,,,,,,,,S,,0
SMA-11-01,TOKA,TOKA-147,8/5/2024,21,339,DIAU,RUUR,,NOPLANT,NA,L,,,,,,,,,,S,,0
SMA-11-01,TOKA,TOKA-147,8/5/2024,22,339,BAPI,DIAU,,NOPLANT,NA,L,,,,,,,,,,S,,0
SMA-11-01,TOKA,TOKA-147,8/5/2024,23,339,DIAU,,,NOPLANT,NA,L,,,,,,,,,,S,,0
SMA-11-01,TOKA,TOKA-147,8/5/2024,24,339,BAPI,,,NOPLANT,NA,L,,,,,,,,,,S,,0
SMA-11-01,TOKA,TOKA-147,8/5/2024,25,339,BAPI,RUUR,DIAU,NOPLANT,NA,L,,,,,,,,,,S,,0
SMA-11-01,TOKA,TOKA-147,8/5/2024,26,339,BAPI,,,SYCH4,77,RUUR,L,,,,,,,,,S,,0
SMA-11-01,TOKA,TOKA-147,8/5/2024,27,339,DIAU,RUUR,,NOPLANT,NA,L,,,,,,,,,,S,,0
SMA-11-01,TOKA,TOKA-147,8/5/2024,28,339,DIAU,,,ARDO3,21,RUUR,L,,,,,,,,,S,,0
SMA-11-01,TOKA,TOKA-147,8/5/2024,29,339,RUUR,TODI,,NOPLANT,NA,L,,,,,,,,,,S,,0
SMA-11-01,TOKA,TOKA-147,8/5/2024,30,339,BAPI,RUUR,,2GP,12,L,,,,,,,,,,S,,0
SMA-11-01,TOKA,TOKA-147,8/5/2024,31,339,RUUR,FRCA12,,ARDO3,10,L,,,,,,,,,,S,,0
SMA-11-01,TOKA,TOKA-147,8/5/2024,32,339,FRCA12,RUUR,,NOPLANT,NA,L,,,,,,,,,,S,,0
SMA-11-01,TOKA,TOKA-147,8/5/2024,33,339,RUUR,,,NOPLANT,NA,L,,,,,,,,,,S,,0
SMA-11-01,TOKA,TOKA-147,8/5/2024,34,339,RUUR,,,NOPLANT,NA,L,,,,,,,,,,S,,0
SMA-11-01,TOKA,TOKA-147,8/5/2024,35,339,RUUR,,,NOPLANT,NA,L,,,,,,,,,,S,,0
SMA-11-01,TOKA,TOKA-147,8/5/2024,36,339,RUUR,,,NOPLANT,NA,L,,,,,,,,,,S,,0
SMA-11-01,TOKA,TOKA-147,8/5/2024,37,339,RUUR,BAPI,,NOPLANT,NA,L,,,,,,,,,,S,,0
SMA-11-01,TOKA,TOKA-147,8/5/2024,38,339,RUUR,,,NOPLANT,NA,,,,,,,,,,,S,,0
SMA-11-01,TOKA,TOKA-147,8/5/2024,39,339,RUUR,,,NOPLANT,NA,,,,,,,,,,,S,,0
SMA-11-01,TOKA,TOKA-147,8/5/2024,40,339,RUUR,TODI,,NOPLANT,NA,,,,,,,,,,,S,,0
SMA-11-01,TOKA,TOKA-147,8/5/2024,41,339,,,,,NA,,,,,,,,,,,,,0
SMA-11-01,TOKA,TOKA-147,8/5/2024,42,339,,,,,NA,,,,,,,,,,,,,0
SMA-11-01,TOKA,TOKA-147,8/5/2024,43,339,,,,,NA,,,,,,,,,,,,,0
SMA-11-01,TOKA,TOKA-147,8/5/2024,44,339,,,,,NA,,,,,,,,,,,,,0
SMA-11-01,TOKA,TOKA-147,8/5/2024,45,339,,,,,NA,,,,,,,,,,,,,0
SMA-11-01,TOKA,TOKA-147,8/5/2024,46,339,,,,,NA,,,,,,,,,,,,,0
SMA-11-01,TOKA,TOKA-147,8/5/2024,47,339,,,,,NA,,,,,,,,,,,,,0
SMA-11-01,TOKA,TOKA-147,8/5/2024,48,339,,,,,NA,,,,,,,,,,,,,0
SMA-11-01,TOKA,TOKA-147,8/5/2024,49,339,,,,,NA,,,,,,,,,,,,,0
SMA-11-01,TOKA,TOKA-147,8/5/2024,50,339,,,,,NA,,,,,,,,,,,,,0
SMA-11-01,TOKA,TOKA-154,6/13/2016,1,342,,,,BRDI2,17,GEDI,,,,,,,,,,S,,0
SMA-11-01,TOKA,TOKA-154,6/13/2016,2,342,,,,PHAQ,102,BRDI2,,,,,,,,,,S,,0
SMA-11-01,TOKA,TOKA-154,6/13/2016,3,342,,,,NOPLANT,0,,,,,,,,,,,S,,0
SMA-11-01,TOKA,TOKA-154,6/13/2016,4,342,,,,NOPLANT,0,L,,,,,,,,,,S,,0
SMA-11-01,TOKA,TOKA-154,6/13/2016,5,342,,,,PHAQ,48,BRDI2,L,,,,,,,,,S,,0
SMA-11-01,TOKA,TOKA-154,6/13/2016,6,342,,,,BRDI2,27,L,,,,,,,,,,S,,0
SMA-11-01,TOKA,TOKA-154,6/13/2016,7,342,,,,AVFA,69,ASTERA,BRDI2,,,,,,,,,S,,0
SMA-11-01,TOKA,TOKA-154,6/13/2016,8,342,,,,AVFA,63,BRDI2,L,,,,,,,,,S,,0
SMA-11-01,TOKA,TOKA-154,6/13/2016,9,342,,,,AVFA,49,BRDI2,L,,,,,,,,,S,,0
SMA-11-01,TOKA,TOKA-154,6/13/2016,10,342,,,,BRDI2,12,,,,,,,,,,,S,,0
SMA-11-01,TOKA,TOKA-154,6/13/2016,11,342,,,,BRDI2,3,L,,,,,,,,,,S,,0
SMA-11-01,TOKA,TOKA-154,6/13/2016,12,342,,,,PHAQ,55,BRDI2,AVFA,L,,,,,,,,S,,0
SMA-11-01,TOKA,TOKA-154,6/13/2016,13,342,,,,BRDI2,16,L,,,,,,,,,,S,,0
SMA-11-01,TOKA,TOKA-154,6/13/2016,14,342,,,,PHAQ,53,AVFA,BRDI2,COAR4,L,,,,,,,S,,0
SMA-11-01,TOKA,TOKA-154,6/13/2016,15,342,,,,BRDI2,18,PLLA,L,,,,,,,,,S,,0
SMA-11-01,TOKA,TOKA-154,6/13/2016,16,342,,,,BRDI2,8,L,,,,,,,,,,S,,0
SMA-11-01,TOKA,TOKA-154,6/13/2016,17,342,,,,BRDI2,21,PLLA,L,,,,,,,,,S,,0
SMA-11-01,TOKA,TOKA-154,6/13/2016,18,342,,,,BRDI2,15,L,,,,,,,,,,S,,0
SMA-11-01,TOKA,TOKA-154,6/13/2016,19,342,,,,PHAQ,41,AVFA,BRDI2,L,,,,,,,,S,,0
SMA-11-01,TOKA,TOKA-154,6/13/2016,20,342,,,,BRDI2,22,LOPEM2,BRMI2,,,,,,,,,S,,0
SMA-11-01,TOKA,TOKA-154,6/13/2016,21,342,,,,AVFA,20,BRDI2,PLLA,L,,,,,,,,S,,0
SMA-11-01,TOKA,TOKA-154,6/13/2016,22,342,,,,LOCO6,24,LIUS,BRDI2,L,,,,,,,,S,,0
SMA-11-01,TOKA,TOKA-154,6/13/2016,23,342,,,,ERODI,15,LOCO6,BRDI2,L,,,,,,,,S,,0
SMA-11-01,TOKA,TOKA-154,6/13/2016,24,342,,,,BRDI2,19,LOCO6,L,,,,,,,,,S,,0
SMA-11-01,TOKA,TOKA-154,6/13/2016,25,342,,,,AVFA,62,LOCO6,BRDI2,L,,,,,,,,S,,0
SMA-11-01,TOKA,TOKA-154,6/13/2016,26,342,,,,BRDI2,15,L,,,,,,,,,,S,,0
SMA-11-01,TOKA,TOKA-154,6/13/2016,27,342,,,,AVFA,52,BRDI2,L,,,,,,,,,S,,0
SMA-11-01,TOKA,TOKA-154,6/13/2016,28,342,,,,AVFA,46,LOPEM2,BRDI2,L,,,,,,,,S,,0
SMA-11-01,TOKA,TOKA-154,6/13/2016,29,342,,,,BRDI2,5,L,,,,,,,,,,S,,0
SMA-11-01,TOKA,TOKA-154,6/13/2016,30,342,,,,LOPEM2,19,BRDI2,L,,,,,,,,,S,,0
SMA-11-01,TOKA,TOKA-154,6/13/2016,31,342,,,,BRDI2,21,TRAN6,VICIA,L,,,,,,,,S,,0
SMA-11-01,TOKA,TOKA-154,6/13/2016,32,342,,,,BRDI2,16,L,,,,,,,,,,S,,0
SMA-11-01,TOKA,TOKA-154,6/13/2016,33,342,,,,BRDI3,24,BRDI2,,,,,,,,,,S,,0
SMA-11-01,TOKA,TOKA-154,6/13/2016,34,342,,,,NOPLANT,0,,,,,,,,,,,S,,0
SMA-11-01,TOKA,TOKA-154,6/13/2016,35,342,,,,AVFA,59,,,,,,,,,,,S,,0
SMA-11-01,TOKA,TOKA-154,6/13/2016,36,342,,,,AVFA,65,BRDI2,TRAN6,L,,,,,,,,S,,0
SMA-11-01,TOKA,TOKA-154,6/13/2016,37,342,,,,BRDI2,22,L,,,,,,,,,,S,,0
SMA-11-01,TOKA,TOKA-154,6/13/2016,38,342,,,,BRDI2,18,MASA,,,,,,,,,,S,,0
SMA-11-01,TOKA,TOKA-154,6/13/2016,39,342,,,,BRDI2,5,,,,,,,,,,,S,,0
SMA-11-01,TOKA,TOKA-154,6/13/2016,40,342,,,,BRDI2,9,L,,,,,,,,,,S,,0
SMA-11-01,TOKA,TOKA-154,6/13/2016,41,342,,,,AVFA,49,BRDI2,L,,,,,,,,,S,,0
SMA-11-01,TOKA,TOKA-154,6/13/2016,42,342,,,,BRDI2,28,L,,,,,,,,,,S,,0
SMA-11-01,TOKA,TOKA-154,6/13/2016,43,342,,,,BRDI2,14,,,,,,,,,,,S,,0
SMA-11-01,TOKA,TOKA-154,6/13/2016,44,342,,,,NOPLANT,0,,,,,,,,,,,S,,0
SMA-11-01,TOKA,TOKA-154,6/13/2016,45,342,,,,VUMY,24,BRDI2,ERODI,,,,,,,,,S,,0
SMA-11-01,TOKA,TOKA-154,6/13/2016,46,342,,,,BRDI2,19,MASA,,,,,,,,,,S,,0
SMA-11-01,TOKA,TOKA-154,6/13/2016,47,342,,,,BRDI2,19,TRAN6,,,,,,,,,,S,,0
SMA-11-01,TOKA,TOKA-154,6/13/2016,48,342,,,,BRDI2,12,,,,,,,,,,,S,,0
SMA-11-01,TOKA,TOKA-154,6/13/2016,49,342,,,,BRDI2,11,VUMY,,,,,,,,,,S,,0
SMA-11-01,TOKA,TOKA-154,6/13/2016,50,342,,,,BRDI2,14,MASA,,,,,,,,,,S,,0
SMA-11-01,TOKA,TOKA-154,6/13/2016,1,NA,,,,,NA,,,,,,,,,,,,,0
SMA-11-01,TOKA,TOKA-154,6/13/2016,2,NA,,,,,NA,,,,,,,,,,,,,0
SMA-11-01,TOKA,TOKA-154,6/13/2016,3,NA,,,,,NA,,,,,,,,,,,,,0
SMA-11-01,TOKA,TOKA-154,6/13/2016,4,NA,,,,,NA,,,,,,,,,,,,,0
SMA-11-01,TOKA,TOKA-154,6/13/2016,5,NA,,,,,NA,,,,,,,,,,,,,0
SMA-11-01,TOKA,TOKA-154,6/13/2016,6,NA,,,,,NA,,,,,,,,,,,,,0
SMA-11-01,TOKA,TOKA-154,6/13/2016,7,NA,,,,,NA,,,,,,,,,,,,,0
SMA-11-01,TOKA,TOKA-154,6/13/2016,8,NA,,,,,NA,,,,,,,,,,,,,0
SMA-11-01,TOKA,TOKA-154,6/13/2016,9,NA,,,,,NA,,,,,,,,,,,,,0
SMA-11-01,TOKA,TOKA-154,6/13/2016,10,NA,,,,,NA,,,,,,,,,,,,,0
SMA-11-01,TOKA,TOKA-154,6/13/2016,11,NA,,,,,NA,,,,,,,,,,,,,0
SMA-11-01,TOKA,TOKA-154,6/13/2016,12,NA,,,,,NA,,,,,,,,,,,,,0
SMA-11-01,TOKA,TOKA-154,6/13/2016,13,NA,,,,,NA,,,,,,,,,,,,,0
SMA-11-01,TOKA,TOKA-154,6/13/2016,14,NA,,,,,NA,,,,,,,,,,,,,0
SMA-11-01,TOKA,TOKA-154,6/13/2016,15,NA,,,,,NA,,,,,,,,,,,,,0
SMA-11-01,TOKA,TOKA-154,6/13/2016,16,NA,,,,,NA,,,,,,,,,,,,,0
SMA-11-01,TOKA,TOKA-154,6/13/2016,17,NA,,,,,NA,,,,,,,,,,,,,0
SMA-11-01,TOKA,TOKA-154,6/13/2016,18,NA,,,,,NA,,,,,,,,,,,,,0
SMA-11-01,TOKA,TOKA-154,6/13/2016,19,NA,,,,,NA,,,,,,,,,,,,,0
SMA-11-01,TOKA,TOKA-154,6/13/2016,20,NA,,,,,NA,,,,,,,,,,,,,0
SMA-11-01,TOKA,TOKA-154,6/13/2016,21,NA,,,,,NA,,,,,,,,,,,,,0
SMA-11-01,TOKA,TOKA-154,6/13/2016,22,NA,,,,,NA,,,,,,,,,,,,,0
SMA-11-01,TOKA,TOKA-154,6/13/2016,23,NA,,,,,NA,,,,,,,,,,,,,0
SMA-11-01,TOKA,TOKA-154,6/13/2016,24,NA,,,,,NA,,,,,,,,,,,,,0
SMA-11-01,TOKA,TOKA-154,6/13/2016,25,NA,,,,,NA,,,,,,,,,,,,,0
SMA-11-01,TOKA,TOKA-154,6/13/2016,26,NA,,,,,NA,,,,,,,,,,,,,0
SMA-11-01,TOKA,TOKA-154,6/13/2016,27,NA,,,,,NA,,,,,,,,,,,,,0
SMA-11-01,TOKA,TOKA-154,6/13/2016,28,NA,,,,,NA,,,,,,,,,,,,,0
SMA-11-01,TOKA,TOKA-154,6/13/2016,29,NA,,,,,NA,,,,,,,,,,,,,0
SMA-11-01,TOKA,TOKA-154,6/13/2016,30,NA,,,,,NA,,,,,,,,,,,,,0
SMA-11-01,TOKA,TOKA-154,6/13/2016,31,NA,,,,,NA,,,,,,,,,,,,,0
SMA-11-01,TOKA,TOKA-154,6/13/2016,32,NA,,,,,NA,,,,,,,,,,,,,0
SMA-11-01,TOKA,TOKA-154,6/13/2016,33,NA,,,,,NA,,,,,,,,,,,,,0
SMA-11-01,TOKA,TOKA-154,6/13/2016,34,NA,,,,,NA,,,,,,,,,,,,,0
SMA-11-01,TOKA,TOKA-154,6/13/2016,35,NA,,,,,NA,,,,,,,,,,,,,0
SMA-11-01,TOKA,TOKA-154,6/13/2016,36,NA,,,,,NA,,,,,,,,,,,,,0
SMA-11-01,TOKA,TOKA-154,6/13/2016,37,NA,,,,,NA,,,,,,,,,,,,,0
SMA-11-01,TOKA,TOKA-154,6/13/2016,38,NA,,,,,NA,,,,,,,,,,,,,0
SMA-11-01,TOKA,TOKA-154,6/13/2016,39,NA,,,,,NA,,,,,,,,,,,,,0
SMA-11-01,TOKA,TOKA-154,6/13/2016,40,NA,,,,,NA,,,,,,,,,,,,,0
SMA-11-01,TOKA,TOKA-154,6/13/2016,41,NA,,,,,NA,,,,,,,,,,,,,0
SMA-11-01,TOKA,TOKA-154,6/13/2016,42,NA,,,,,NA,,,,,,,,,,,,,0
SMA-11-01,TOKA,TOKA-154,6/13/2016,43,NA,,,,,NA,,,,,,,,,,,,,0
SMA-11-01,TOKA,TOKA-154,6/13/2016,44,NA,,,,,NA,,,,,,,,,,,,,0
SMA-11-01,TOKA,TOKA-154,6/13/2016,45,NA,,,,,NA,,,,,,,,,,,,,0
SMA-11-01,TOKA,TOKA-154,6/13/2016,46,NA,,,,,NA,,,,,,,,,,,,,0
SMA-11-01,TOKA,TOKA-154,6/13/2016,47,NA,,,,,NA,,,,,,,,,,,,,0
SMA-11-01,TOKA,TOKA-154,6/13/2016,48,NA,,,,,NA,,,,,,,,,,,,,0
SMA-11-01,TOKA,TOKA-154,6/13/2016,49,NA,,,,,NA,,,,,,,,,,,,,0
SMA-11-01,TOKA,TOKA-154,6/13/2016,50,NA,,,,,NA,,,,,,,,,,,,,0
SMA-11-01,TOKA,TOKA-154,5/21/2018,1,342,,,,BRHO2,18,L,,,,,,,,,,S,,0
SMA-11-01,TOKA,TOKA-154,5/21/2018,2,342,,,,BRHO2,37,BRDI2,PHAQ,L,,,,,,,,S,,0
SMA-11-01,TOKA,TOKA-154,5/21/2018,3,342,,,,BRDI2,46,RUUR,PHAQ,L,,,,,,,,S,,0
SMA-11-01,TOKA,TOKA-154,5/21/2018,4,342,,,,PHAQ,39,BRDI3,L,,,,,,,,,S,,0
SMA-11-01,TOKA,TOKA-154,5/21/2018,5,342,,,,BRDI2,45,PHAQ,L,,,,,,,,,S,,0
SMA-11-01,TOKA,TOKA-154,5/21/2018,6,342,,,,AVBA,125,PHAQ,BRDI2,L,,,,,,,,S,,0
SMA-11-01,TOKA,TOKA-154,5/21/2018,7,342,,,,BRDI3,35,BRDI2,BRHO2,L,,,,,,,,S,,0
SMA-11-01,TOKA,TOKA-154,5/21/2018,8,342,,,,BRDI2,34,RUUR,L,,,,,,,,,S,,0
SMA-11-01,TOKA,TOKA-154,5/21/2018,9,342,,,,PHAQ,88,PHAQ,,,,,,,,,,S,1,0
SMA-11-01,TOKA,TOKA-154,5/21/2018,10,342,,,,AVBA,100,PHAQ,BRDI2,L,,,,,,,,S,,0
SMA-11-01,TOKA,TOKA-154,5/21/2018,11,342,,,,AVBA,80,LOPEM2,PHAQ,SIBE,BRDI2,L,,,,,,S,,0
SMA-11-01,TOKA,TOKA-154,5/21/2018,12,342,,,,BRDI2,34,PIEC,L,,,,,,,,,S,,0
SMA-11-01,TOKA,TOKA-154,5/21/2018,13,342,,,,BRDI2,11,L,,,,,,,,,,S,,0
SMA-11-01,TOKA,TOKA-154,5/21/2018,14,342,,,,VITE,35,BRDI2,L,,,,,,,,,S,,0
SMA-11-01,TOKA,TOKA-154,5/21/2018,15,342,,,,BRDI2,34,LOPEM2,GEDI,L,,,,,,,,S,,0
SMA-11-01,TOKA,TOKA-154,5/21/2018,16,342,,,,AVBA,105,LOPEM2,BRDI3,GEDI,,,,,,,,S,,0
SMA-11-01,TOKA,TOKA-154,5/21/2018,17,342,,,,PHAQ,50,GEDI,BRDI2,L,,,,,,,,S,,0
SMA-11-01,TOKA,TOKA-154,5/21/2018,18,342,,,,AVBA,115,LOPEM2,2GA,,,,,,,,,S,2,0
SMA-11-01,TOKA,TOKA-154,5/21/2018,19,342,,,,PHAQ,89,BRDI2,L,,,,,,,,,S,,0
SMA-11-01,TOKA,TOKA-154,5/21/2018,20,342,,,,BRDI2,43,L,,,,,,,,,,S,,0
SMA-11-01,TOKA,TOKA-154,5/21/2018,21,342,,,,BRDI2,39,PLLA,L,,,,,,,,,S,,0
SMA-11-01,TOKA,TOKA-154,5/21/2018,22,342,,,,NOPLANT,NA,L,,,,,,,,,,S,,0
SMA-11-01,TOKA,TOKA-154,5/21/2018,23,342,,,,VUBR,40,BRDI2,L,,,,,,,,,S,,0
SMA-11-01,TOKA,TOKA-154,5/21/2018,24,342,,,,PHAQ,45,2GA,,,,,,,,,,S,,0
SMA-11-01,TOKA,TOKA-154,5/21/2018,25,342,,,,VITE,43,LOPEM2,L,,,,,,,,,S,,0
SMA-11-01,TOKA,TOKA-154,5/21/2018,26,342,,,,LOPEM2,52,VITE,BRHO2,2GA,,,,,,,,S,3,0
SMA-11-01,TOKA,TOKA-154,5/21/2018,27,342,,,,LOPEM2,15,L,,,,,,,,,,S,,0
SMA-11-01,TOKA,TOKA-154,5/21/2018,28,342,,,,AVBA,64,LIBI5,GEDI,L,,,,,,,,S,,0
SMA-11-01,TOKA,TOKA-154,5/21/2018,29,342,,,,BRHO2,59,BRDI2,2GA,,,,,,,,,S,2,0
SMA-11-01,TOKA,TOKA-154,5/21/2018,30,342,,,,LOPEM2,40,BRDI2,BRDI3,VITE,L,,,,,,,S,,0
SMA-11-01,TOKA,TOKA-154,5/21/2018,31,342,,,,LIBI5,50,AVBA,BRDI2,L,,,,,,,,S,,0
SMA-11-01,TOKA,TOKA-154,5/21/2018,32,342,,,,BRDI3,35,GEDI,L,,,,,,,,,S,,0
SMA-11-01,TOKA,TOKA-154,5/21/2018,33,342,,,,BRDI3,36,BRDI2,2GA,,,,,,,,,S,2,0
SMA-11-01,TOKA,TOKA-154,5/21/2018,34,342,,,,GEDI,35,BRDI2,L,,,,,,,,,S,,0
SMA-11-01,TOKA,TOKA-154,5/21/2018,35,342,,,,BRDI2,38,BRDI2,,,,,,,,,,S,1,0
SMA-11-01,TOKA,TOKA-154,5/21/2018,36,342,,,,BRDI2,4,L,,,,,,,,,,S,,0
SMA-11-01,TOKA,TOKA-154,5/21/2018,37,342,,,,BRDI2,26,LIBI5,L,,,,,,,,,S,,0
SMA-11-01,TOKA,TOKA-154,5/21/2018,38,342,,,,LOPEM2,38,L,,,,,,,,,,S,,0
SMA-11-01,TOKA,TOKA-154,5/21/2018,39,342,,,,AVBA,86,BRDI2,2GA,,,,,,,,,S,2,0
SMA-11-01,TOKA,TOKA-154,5/21/2018,40,342,,,,BRHO2,50,BRDI2,L,,,,,,,,,S,,0
SMA-11-01,TOKA,TOKA-154,5/21/2018,41,342,,,,AVBA,111,BRDI2,L,,,,,,,,,S,,0
SMA-11-01,TOKA,TOKA-154,5/21/2018,42,342,,,,AVBA,83,BRDI2,2GA,,,,,,,,,S,2,0
SMA-11-01,TOKA,TOKA-154,5/21/2018,43,342,,,,AVBA,102,BRDI2,L,,,,,,,,,S,,0
SMA-11-01,TOKA,TOKA-154,5/21/2018,44,342,,,,AVBA,104,BRDI2,L,,,,,,,,,S,,0
SMA-11-01,TOKA,TOKA-154,5/21/2018,45,342,,,,AVBA,96,BRHO2,LOPEM2,BRDI2,,,,,,,,S,,0
SMA-11-01,TOKA,TOKA-154,5/21/2018,46,342,,,,LOPEM2,40,BRDI2,L,,,,,,,,,S,,0
SMA-11-01,TOKA,TOKA-154,5/21/2018,47,342,,,,AVBA,56,LOPEM2,VUBR,L,,,,,,,,S,,0
SMA-11-01,TOKA,TOKA-154,5/21/2018,48,342,,,,AVBA,120,BRHO2,VUBR,BRDI2,2GA,,,,,,,S,4,0
SMA-11-01,TOKA,TOKA-154,5/21/2018,49,342,,,,LIBI5,44,BRDI2,GEDI,L,,,,,,,,S,,0
SMA-11-01,TOKA,TOKA-154,5/21/2018,50,342,,,,BRHO2,70,BRDI2,LOPEM2,LIBI5,,,,,,,,S,,0
SMA-11-01,TOKA,TOKA-154,5/21/2018,1,NA,,,,,NA,,,,,,,,,,,,,0
SMA-11-01,TOKA,TOKA-154,5/21/2018,2,NA,,,,,NA,,,,,,,,,,,,,0
SMA-11-01,TOKA,TOKA-154,5/21/2018,3,NA,,,,,NA,,,,,,,,,,,,,0
SMA-11-01,TOKA,TOKA-154,5/21/2018,4,NA,,,,,NA,,,,,,,,,,,,,0
SMA-11-01,TOKA,TOKA-154,5/21/2018,5,NA,,,,,NA,,,,,,,,,,,,,0
SMA-11-01,TOKA,TOKA-154,5/21/2018,6,NA,,,,,NA,,,,,,,,,,,,,0
SMA-11-01,TOKA,TOKA-154,5/21/2018,7,NA,,,,,NA,,,,,,,,,,,,,0
SMA-11-01,TOKA,TOKA-154,5/21/2018,8,NA,,,,,NA,,,,,,,,,,,,,0
SMA-11-01,TOKA,TOKA-154,5/21/2018,9,NA,,,,,NA,,,,,,,,,,,,,0
SMA-11-01,TOKA,TOKA-154,5/21/2018,10,NA,,,,,NA,,,,,,,,,,,,,0
SMA-11-01,TOKA,TOKA-154,5/21/2018,11,NA,,,,,NA,,,,,,,,,,,,,0
SMA-11-01,TOKA,TOKA-154,5/21/2018,12,NA,,,,,NA,,,,,,,,,,,,,0
SMA-11-01,TOKA,TOKA-154,5/21/2018,13,NA,,,,,NA,,,,,,,,,,,,,0
SMA-11-01,TOKA,TOKA-154,5/21/2018,14,NA,,,,,NA,,,,,,,,,,,,,0
SMA-11-01,TOKA,TOKA-154,5/21/2018,15,NA,,,,,NA,,,,,,,,,,,,,0
SMA-11-01,TOKA,TOKA-154,5/21/2018,16,NA,,,,,NA,,,,,,,,,,,,,0
SMA-11-01,TOKA,TOKA-154,5/21/2018,17,NA,,,,,NA,,,,,,,,,,,,,0
SMA-11-01,TOKA,TOKA-154,5/21/2018,18,NA,,,,,NA,,,,,,,,,,,,,0
SMA-11-01,TOKA,TOKA-154,5/21/2018,19,NA,,,,,NA,,,,,,,,,,,,,0
SMA-11-01,TOKA,TOKA-154,5/21/2018,20,NA,,,,,NA,,,,,,,,,,,,,0
SMA-11-01,TOKA,TOKA-154,5/21/2018,21,NA,,,,,NA,,,,,,,,,,,,,0
SMA-11-01,TOKA,TOKA-154,5/21/2018,22,NA,,,,,NA,,,,,,,,,,,,,0
SMA-11-01,TOKA,TOKA-154,5/21/2018,23,NA,,,,,NA,,,,,,,,,,,,,0
SMA-11-01,TOKA,TOKA-154,5/21/2018,24,NA,,,,,NA,,,,,,,,,,,,,0
SMA-11-01,TOKA,TOKA-154,5/21/2018,25,NA,,,,,NA,,,,,,,,,,,,,0
SMA-11-01,TOKA,TOKA-154,5/21/2018,26,NA,,,,,NA,,,,,,,,,,,,,0
SMA-11-01,TOKA,TOKA-154,5/21/2018,27,NA,,,,,NA,,,,,,,,,,,,,0
SMA-11-01,TOKA,TOKA-154,5/21/2018,28,NA,,,,,NA,,,,,,,,,,,,,0
SMA-11-01,TOKA,TOKA-154,5/21/2018,29,NA,,,,,NA,,,,,,,,,,,,,0
SMA-11-01,TOKA,TOKA-154,5/21/2018,30,NA,,,,,NA,,,,,,,,,,,,,0
SMA-11-01,TOKA,TOKA-154,5/21/2018,31,NA,,,,,NA,,,,,,,,,,,,,0
SMA-11-01,TOKA,TOKA-154,5/21/2018,32,NA,,,,,NA,,,,,,,,,,,,,0
SMA-11-01,TOKA,TOKA-154,5/21/2018,33,NA,,,,,NA,,,,,,,,,,,,,0
SMA-11-01,TOKA,TOKA-154,5/21/2018,34,NA,,,,,NA,,,,,,,,,,,,,0
SMA-11-01,TOKA,TOKA-154,5/21/2018,35,NA,,,,,NA,,,,,,,,,,,,,0
SMA-11-01,TOKA,TOKA-154,5/21/2018,36,NA,,,,,NA,,,,,,,,,,,,,0
SMA-11-01,TOKA,TOKA-154,5/21/2018,37,NA,,,,,NA,,,,,,,,,,,,,0
SMA-11-01,TOKA,TOKA-154,5/21/2018,38,NA,,,,,NA,,,,,,,,,,,,,0
SMA-11-01,TOKA,TOKA-154,5/21/2018,39,NA,,,,,NA,,,,,,,,,,,,,0
SMA-11-01,TOKA,TOKA-154,5/21/2018,40,NA,,,,,NA,,,,,,,,,,,,,0
SMA-11-01,TOKA,TOKA-154,5/21/2018,41,NA,,,,,NA,,,,,,,,,,,,,0
SMA-11-01,TOKA,TOKA-154,5/21/2018,42,NA,,,,,NA,,,,,,,,,,,,,0
SMA-11-01,TOKA,TOKA-154,5/21/2018,43,NA,,,,,NA,,,,,,,,,,,,,0
SMA-11-01,TOKA,TOKA-154,5/21/2018,44,NA,,,,,NA,,,,,,,,,,,,,0
SMA-11-01,TOKA,TOKA-154,5/21/2018,45,NA,,,,,NA,,,,,,,,,,,,,0
SMA-11-01,TOKA,TOKA-154,5/21/2018,46,NA,,,,,NA,,,,,,,,,,,,,0
SMA-11-01,TOKA,TOKA-154,5/21/2018,47,NA,,,,,NA,,,,,,,,,,,,,0
SMA-11-01,TOKA,TOKA-154,5/21/2018,48,NA,,,,,NA,,,,,,,,,,,,,0
SMA-11-01,TOKA,TOKA-154,5/21/2018,49,NA,,,,,NA,,,,,,,,,,,,,0
SMA-11-01,TOKA,TOKA-154,5/21/2018,50,NA,,,,,NA,,,,,,,,,,,,,0
SMA-11-01,TOKA,TOKA-169,6/16/2016,1,55,,,,ASTERA,24,VUMY,BRDI2,,,,,,,,,S,,0
SMA-11-01,TOKA,TOKA-169,6/16/2016,2,55,,,,VUMY,9,,,,,,,,,,,S,,0
SMA-11-01,TOKA,TOKA-169,6/16/2016,3,55,,,,VUMY,11,PLLA,BRDI2,L,,,,,,,,S,,0
SMA-11-01,TOKA,TOKA-169,6/16/2016,4,55,,,,BRDI2,15,,,,,,,,,,,S,,0
SMA-11-01,TOKA,TOKA-169,6/16/2016,5,55,,,,BRDI3,34,BRDI2,,,,,,,,,,S,,0
SMA-11-01,TOKA,TOKA-169,6/16/2016,6,55,,,,PLLA,25,AVFA,,,,,,,,,,S,,0
SMA-11-01,TOKA,TOKA-169,6/16/2016,7,55,,,,BRDI2,14,,,,,,,,,,,S,,0
SMA-11-01,TOKA,TOKA-169,6/16/2016,8,55,,,,BRDI3,46,BRDI2,,,,,,,,,,S,,0
SMA-11-01,TOKA,TOKA-169,6/16/2016,9,55,,,,BETR,20,BRDI2,,,,,,,,,,S,,0
SMA-11-01,TOKA,TOKA-169,6/16/2016,10,55,,,,BRDI2,16,BETR,,,,,,,,,,S,,0
SMA-11-01,TOKA,TOKA-169,6/16/2016,11,55,,,,LIUS,18,BETR,,,,,,,,,,S,,0
SMA-11-01,TOKA,TOKA-169,6/16/2016,12,55,,,,BRHO2,16,,,,,,,,,,,S,,0
SMA-11-01,TOKA,TOKA-169,6/16/2016,13,55,,,,BRHO2,29,BRDI3,VUMY,,,,,,,,,S,,0
SMA-11-01,TOKA,TOKA-169,6/16/2016,14,55,,,,AVFA,22,BRHO2,,,,,,,,,,S,,0
SMA-11-01,TOKA,TOKA-169,6/16/2016,15,55,,,,BRDI2,25,L,,,,,,,,,,S,,0
SMA-11-01,TOKA,TOKA-169,6/16/2016,16,55,,,,AVFA,68,BRDI2,PLLA,,,,,,,,,S,,0
SMA-11-01,TOKA,TOKA-169,6/16/2016,17,55,,,,BRDI2,42,,,,,,,,,,,S,,0
SMA-11-01,TOKA,TOKA-169,6/16/2016,18,55,,,,BRDI2,16,,,,,,,,,,,S,,0
SMA-11-01,TOKA,TOKA-169,6/16/2016,19,55,,,,BRDI2,19,,,,,,,,,,,S,,0
SMA-11-01,TOKA,TOKA-169,6/16/2016,20,55,,,,AVFA,36,BRDI2,,,,,,,,,,S,,0
SMA-11-01,TOKA,TOKA-169,6/16/2016,21,55,,,,AVFA,50,PLLA,L,,,,,,,,,S,,0
SMA-11-01,TOKA,TOKA-169,6/16/2016,22,55,,,,BRDI2,16,,,,,,,,,,,S,,0
SMA-11-01,TOKA,TOKA-169,6/16/2016,23,55,,,,BRDI2,31,DAGL,L,,,,,,,,,S,,0
SMA-11-01,TOKA,TOKA-169,6/16/2016,24,55,,,,DAGL,20,BRDI2,L,,,,,,,,,S,,0
SMA-11-01,TOKA,TOKA-169,6/16/2016,25,55,,,,BRDI2,19,L,,,,,,,,,,S,,0
SMA-11-01,TOKA,TOKA-169,6/16/2016,26,55,,,,BRDI2,23,L,,,,,,,,,,S,,0
SMA-11-01,TOKA,TOKA-169,6/16/2016,27,55,,,,BRDI2,21,,,,,,,,,,,S,,0
SMA-11-01,TOKA,TOKA-169,6/16/2016,28,55,,,,BRDI2,24,DAGL,,,,,,,,,,S,,0
SMA-11-01,TOKA,TOKA-169,6/16/2016,29,55,,,,BRDI2,30,L,,,,,,,,,,S,,0
SMA-11-01,TOKA,TOKA-169,6/16/2016,30,55,,,,BETR,10,BRDI2,,,,,,,,,,S,,0
SMA-11-01,TOKA,TOKA-169,6/16/2016,31,55,,,,BRDI2,25,LIUS,PLLA,,,,,,,,,S,,0
SMA-11-01,TOKA,TOKA-169,6/16/2016,32,55,,,,BRDI3,29,BRDI2,,,,,,,,,,S,,0
SMA-11-01,TOKA,TOKA-169,6/16/2016,33,55,,,,BRHO2,36,BRDI2,ASTERA,,,,,,,,,S,,0
SMA-11-01,TOKA,TOKA-169,6/16/2016,34,55,,,,VUMY,19,BRDI2,,,,,,,,,,S,,0
SMA-11-01,TOKA,TOKA-169,6/16/2016,35,55,,,,BRDI2,26,PLLA,L,,,,,,,,,S,,0
SMA-11-01,TOKA,TOKA-169,6/16/2016,36,55,,,,BRDI2,26,TRHI4,L,,,,,,,,,S,,0
SMA-11-01,TOKA,TOKA-169,6/16/2016,37,55,,,,TRHI4,29,BRDI2,L,,,,,,,,,S,,0
SMA-11-01,TOKA,TOKA-169,6/16/2016,38,55,,,,BRDI2,21,L,,,,,,,,,,S,,0
SMA-11-01,TOKA,TOKA-169,6/16/2016,39,55,,,,BRDI2,14,PLLA,L,,,,,,,,,S,,0
SMA-11-01,TOKA,TOKA-169,6/16/2016,40,55,,,,BRDI2,5,,,,,,,,,,,S,,0
SMA-11-01,TOKA,TOKA-169,6/16/2016,41,55,,,,NOPLANT,0,,,,,,,,,,,S,,0
SMA-11-01,TOKA,TOKA-169,6/16/2016,42,55,,,,BRDI2,8,,,,,,,,,,,S,,0
SMA-11-01,TOKA,TOKA-169,6/16/2016,43,55,,,,BRDI2,26,TRHI4,L,,,,,,,,,S,,0
SMA-11-01,TOKA,TOKA-169,6/16/2016,44,55,,,,BRDI2,17,VICIA,L,,,,,,,,,S,,0
SMA-11-01,TOKA,TOKA-169,6/16/2016,45,55,,,,BRDI2,27,PLLA,TRHI4,L,,,,,,,,S,,0
SMA-11-01,TOKA,TOKA-169,6/16/2016,46,55,,,,BRDI2,32,TRHI4,L,,,,,,,,,S,,0
SMA-11-01,TOKA,TOKA-169,6/16/2016,47,55,,,,BRDI2,29,L,,,,,,,,,,S,,0
SMA-11-01,TOKA,TOKA-169,6/16/2016,48,55,,,,BRDI2,24,LIUS,L,,,,,,,,,S,,0
SMA-11-01,TOKA,TOKA-169,6/16/2016,49,55,,,,TRHI4,35,BRHO2,BRDI2,ASTERA,,,,,,,,S,,0
SMA-11-01,TOKA,TOKA-169,6/16/2016,50,55,,,,VICIA,24,BRDI2,PLLA,L,,,,,,,,S,,0
SMA-11-01,TOKA,TOKA-169,6/16/2016,1,235,,,,NOPLANT,0,,,,,,,,,,,S,,0
SMA-11-01,TOKA,TOKA-169,6/16/2016,2,235,,,,NOPLANT,0,,,,,,,,,,,S,,0
SMA-11-01,TOKA,TOKA-169,6/16/2016,3,235,,,,NOPLANT,0,,,,,,,,,,,S,,0
SMA-11-01,TOKA,TOKA-169,6/16/2016,4,235,,,,NOPLANT,0,,,,,,,,,,,S,,0
SMA-11-01,TOKA,TOKA-169,6/16/2016,5,235,,,,NOPLANT,0,,,,,,,,,,,S,,0
SMA-11-01,TOKA,TOKA-169,6/16/2016,6,235,,,,BRDI3,10,,,,,,,,,,,S,,0
SMA-11-01,TOKA,TOKA-169,6/16/2016,7,235,,,,BRDI3,16,,,,,,,,,,,S,,0
SMA-11-01,TOKA,TOKA-169,6/16/2016,8,235,,,,PLLA,11,,,,,,,,,,,S,,0
SMA-11-01,TOKA,TOKA-169,6/16/2016,9,235,,,,BRDI3,18,,,,,,,,,,,S,,0
SMA-11-01,TOKA,TOKA-169,6/16/2016,10,235,,,,VUMY,5,,,,,,,,,,,S,,0
SMA-11-01,TOKA,TOKA-169,6/16/2016,11,235,,,,NOPLANT,0,,,,,,,,,,,S,,0
SMA-11-01,TOKA,TOKA-169,6/16/2016,12,235,,,,BRDI3,15,,,,,,,,,,,S,,0
SMA-11-01,TOKA,TOKA-169,6/16/2016,13,235,,,,NOPLANT,0,,,,,,,,,,,S,,0
SMA-11-01,TOKA,TOKA-169,6/16/2016,14,235,,,,PLLA,0,,,,,,,,,,,PLLA,,0
SMA-11-01,TOKA,TOKA-169,6/16/2016,15,235,,,,NOPLANT,0,,,,,,,,,,,S,,0
SMA-11-01,TOKA,TOKA-169,6/16/2016,16,235,,,,BRDI3,5,,,,,,,,,,,S,,0
SMA-11-01,TOKA,TOKA-169,6/16/2016,17,235,,,,BRDI3,16,,,,,,,,,,,S,,0
SMA-11-01,TOKA,TOKA-169,6/16/2016,18,235,,,,BRDI3,11,,,,,,,,,,,S,,0
SMA-11-01,TOKA,TOKA-169,6/16/2016,19,235,,,,BRDI3,22,,,,,,,,,,,AM,,0
SMA-11-01,TOKA,TOKA-169,6/16/2016,20,235,,,,BRDI3,18,,,,,,,,,,,S,,0
SMA-11-01,TOKA,TOKA-169,6/16/2016,21,235,,,,2PLANT,3,BRDI3,,,,,,,,,,S,,0
SMA-11-01,TOKA,TOKA-169,6/16/2016,22,235,,,,BRDI3,29,LOGA2,L,,,,,,,,,S,,0
SMA-11-01,TOKA,TOKA-169,6/16/2016,23,235,,,,BRDI3,18,BRHO2,,,,,,,,,,S,,0
SMA-11-01,TOKA,TOKA-169,6/16/2016,24,235,,,,PLLA,22,,,,,,,,,,,BAPI,,0
SMA-11-01,TOKA,TOKA-169,6/16/2016,25,235,,,,BRDI3,5,,,,,,,,,,,S,,0
SMA-11-01,TOKA,TOKA-169,6/16/2016,26,235,,,,BRDI2,15,BRDI3,PLLA,,,,,,,,,S,,0
SMA-11-01,TOKA,TOKA-169,6/16/2016,27,235,,,,PLLA,1,,,,,,,,,,,S,,0
SMA-11-01,TOKA,TOKA-169,6/16/2016,28,235,,,,NOPLANT,0,,,,,,,,,,,BAPI,,0
SMA-11-01,TOKA,TOKA-169,6/16/2016,29,235,,,,NOPLANT,0,L,,,,,,,,,,S,,0
SMA-11-01,TOKA,TOKA-169,6/16/2016,30,235,,,,NOPLANT,0,,,,,,,,,,,S,,0
SMA-11-01,TOKA,TOKA-169,6/16/2016,31,235,,,,NOPLANT,0,,,,,,,,,,,S,,0
SMA-11-01,TOKA,TOKA-169,6/16/2016,32,235,,,,NOPLANT,0,,,,,,,,,,,S,,0
SMA-11-01,TOKA,TOKA-169,6/16/2016,33,235,,,,2PLANT,0,,,,,,,,,,,S,,0
SMA-11-01,TOKA,TOKA-169,6/16/2016,34,235,,,,ANAR,17,L,,,,,,,,,,S,,0
SMA-11-01,TOKA,TOKA-169,6/16/2016,35,235,,,,NOPLANT,0,L,,,,,,,,,,S,,0
SMA-11-01,TOKA,TOKA-169,6/16/2016,36,235,,,,NOPLANT,0,L,,,,,,,,,,S,,0
SMA-11-01,TOKA,TOKA-169,6/16/2016,37,235,,,,NOPLANT,0,L,,,,,,,,,,S,,0
SMA-11-01,TOKA,TOKA-169,6/16/2016,38,235,,,,NOPLANT,0,,,,,,,,,,,S,,0
SMA-11-01,TOKA,TOKA-169,6/16/2016,39,235,,,,NOPLANT,0,,,,,,,,,,,S,,0
SMA-11-01,TOKA,TOKA-169,6/16/2016,40,235,,,,NOPLANT,0,L,,,,,,,,,,S,,0
SMA-11-01,TOKA,TOKA-169,6/16/2016,41,235,,,,NOPLANT,0,,,,,,,,,,,BAPI,,0
SMA-11-01,TOKA,TOKA-169,6/16/2016,42,235,,,,NOPLANT,0,L,,,,,,,,,,S,,0
SMA-11-01,TOKA,TOKA-169,6/16/2016,43,235,,,,SCCA2,33,ANAR,L,,,,,,,,,S,,0
SMA-11-01,TOKA,TOKA-169,6/16/2016,44,235,,,,BRDI2,5,,,,,,,,,,,S,,0
SMA-11-01,TOKA,TOKA-169,6/16/2016,45,235,,,,BRHO2,25,L,,,,,,,,,,S,,0
SMA-11-01,TOKA,TOKA-169,6/16/2016,46,235,,,,BRDI2,4,L,,,,,,,,,,S,,0
SMA-11-01,TOKA,TOKA-169,6/16/2016,47,235,,,,BRDI2,10,L,,,,,,,,,,S,,0
SMA-11-01,TOKA,TOKA-169,6/16/2016,48,235,,,,BRDI2,15,L,,,,,,,,,,S,,0
SMA-11-01,TOKA,TOKA-169,6/16/2016,49,235,,,,NOPLANT,0,L,,,,,,,,,,S,,0
SMA-11-01,TOKA,TOKA-169,6/16/2016,50,235,,,,NOPLANT,0,L,,,,,,,,,,S,,0
SMA-11-01,TOKA,TOKA-169,4/24/2018,1,55,,,,VUBR,7,,,,,,,,,,,S,,0
SMA-11-01,TOKA,TOKA-169,4/24/2018,2,55,,,,VUBR,20,BRDI2,L,,,,,,,,,S,,0
SMA-11-01,TOKA,TOKA-169,4/24/2018,3,55,,,,ACMO2,12,RUAC3,TRMA2,L,,,,,,,,S,,0
SMA-11-01,TOKA,TOKA-169,4/24/2018,4,55,,,,BRDI3,15,WL,L,,,,,,,,,S,,0
SMA-11-01,TOKA,TOKA-169,4/24/2018,5,55,,,,ACMO2,14,LIBI5,TRAN6,L,,,,,,,,S,,0
SMA-11-01,TOKA,TOKA-169,4/24/2018,6,55,,,,BRDI3,15,DAPU3,BRDI2,,,,,,,,,S,,0
SMA-11-01,TOKA,TOKA-169,4/24/2018,7,55,,,,PLLA,7,L,,,,,,,,,,S,,0
SMA-11-01,TOKA,TOKA-169,4/24/2018,8,55,,,,NOPLANT,NA,L,,,,,,,,,,S,,0
SMA-11-01,TOKA,TOKA-169,4/24/2018,9,55,,,,ANAR,5,,,,,,,,,,,S,,0
SMA-11-01,TOKA,TOKA-169,4/24/2018,10,55,,,,ANAR,3,,,,,,,,,,,S,,0
SMA-11-01,TOKA,TOKA-169,4/24/2018,11,55,BAPI,,,VITE,14,BRDI2,L,,,,,,,,,S,,0
SMA-11-01,TOKA,TOKA-169,4/24/2018,12,55,,,,NOPLANT,NA,L,,,,,,,,,,S,,0
SMA-11-01,TOKA,TOKA-169,4/24/2018,13,55,BAPI,,,BRDI2,2,L,,,,,,,,,,S,,0
SMA-11-01,TOKA,TOKA-169,4/24/2018,14,55,,,,NOPLANT,NA,L,,,,,,,,,,S,,0
SMA-11-01,TOKA,TOKA-169,4/24/2018,15,55,,,,BRDI3,9,L,,,,,,,,,,S,,0
SMA-11-01,TOKA,TOKA-169,4/24/2018,16,55,BAPI,,,RUUR,5,,,,,,,,,,,EM,,0
SMA-11-01,TOKA,TOKA-169,4/24/2018,17,55,,,,ANAR,5,L,,,,,,,,,,S,,0
SMA-11-01,TOKA,TOKA-169,4/24/2018,18,55,BAPI,,,NOPLANT,NA,L,,,,,,,,,,S,,0
SMA-11-01,TOKA,TOKA-169,4/24/2018,19,55,,,,NOPLANT,NA,,,,,,,,,,,S,,0
SMA-11-01,TOKA,TOKA-169,4/24/2018,20,55,,,,SHAR2,11,L,,,,,,,,,,S,,0
SMA-11-01,TOKA,TOKA-169,4/24/2018,21,55,,,,BRHO2,11,L,,,,,,,,,,S,,0
SMA-11-01,TOKA,TOKA-169,4/24/2018,22,55,,,,VITE,23,BRDI2,L,,,,,,,,,S,,0
SMA-11-01,TOKA,TOKA-169,4/24/2018,23,55,,,,NOPLANT,NA,L,,,,,,,,,,S,,0
SMA-11-01,TOKA,TOKA-169,4/24/2018,24,55,BAPI,,,2GA,5,L,,,,,,,,,,S,,1
SMA-11-01,TOKA,TOKA-169,4/24/2018,25,55,BAPI,,,DAGL,15,L,,,,,,,,,,S,,0
SMA-11-01,TOKA,TOKA-169,4/24/2018,26,55,,,,BRDI2,5,TRIFO,L,,,,,,,,,S,,0
SMA-11-01,TOKA,TOKA-169,4/24/2018,27,55,,,,LIBI5,7,BETR,HYRA3,L,,,,,,,,S,,0
SMA-11-01,TOKA,TOKA-169,4/24/2018,28,55,,,,VITE,15,HYGL2,L,,,,,,,,,S,,0
SMA-11-01,TOKA,TOKA-169,4/24/2018,29,55,,,,BRDI2,5,,,,,,,,,,,S,,0
SMA-11-01,TOKA,TOKA-169,4/24/2018,30,55,,,,BRDI2,6,L,,,,,,,,,,S,,0
SMA-11-01,TOKA,TOKA-169,4/24/2018,31,55,,,,LIBI5,4,,,,,,,,,,,S,,0
SMA-11-01,TOKA,TOKA-169,4/24/2018,32,55,,,,PLLA,20,LIBI5,BRDI2,MEPO3,L,,,,,,,S,,0
SMA-11-01,TOKA,TOKA-169,4/24/2018,33,55,,,,BRDI2,8,L,,,,,,,,,,S,,0
SMA-11-01,TOKA,TOKA-169,4/24/2018,34,55,,,,ACMO2,8,BETR,L,,,,,,,,,S,,0
SMA-11-01,TOKA,TOKA-169,4/24/2018,35,55,,,,PLLA,10,HYRA3,VISA,L,,,,,,,,S,,0
SMA-11-01,TOKA,TOKA-169,4/24/2018,36,55,,,,BRDI2,7,LIBI5,PLLA,L,,,,,,,,S,,0
SMA-11-01,TOKA,TOKA-169,4/24/2018,37,55,BAPI,,,BRDI2,20,L,,,,,,,,,,S,,0
SMA-11-01,TOKA,TOKA-169,4/24/2018,38,55,,,,VUBR,24,GEDI,ACMO2,BRHO2,HYRA3,L,,,,,,S,,0
SMA-11-01,TOKA,TOKA-169,4/24/2018,39,55,,,,BRHO2,10,L,,,,,,,,,,S,,0
SMA-11-01,TOKA,TOKA-169,4/24/2018,40,55,,,,AVFA,19,BRDI2,ACMO2,L,,,,,,,,S,,0
SMA-11-01,TOKA,TOKA-169,4/24/2018,41,55,,,,ACMO2,15,ANAR,,,,,,,,,,S,,0
SMA-11-01,TOKA,TOKA-169,4/24/2018,42,55,,,,LIBI5,30,TRSU3,VUBR,L,,,,,,,,S,,0
SMA-11-01,TOKA,TOKA-169,4/24/2018,43,55,,,,BRDI2,15,AVFA,L,,,,,,,,,S,,0
SMA-11-01,TOKA,TOKA-169,4/24/2018,44,55,,,,VUBR,33,AVFA,HECR2,LIBI5,,,,,,,,S,,0
SMA-11-01,TOKA,TOKA-169,4/24/2018,45,55,,,,LOPEM2,17,L,,,,,,,,,,S,,0
SMA-11-01,TOKA,TOKA-169,4/24/2018,46,55,,,,AVFA,26,,,,,,,,,,,S,,0
SMA-11-01,TOKA,TOKA-169,4/24/2018,47,55,,,,BRDI3,18,ACMO2,ERCI6,L,,,,,,,,S,,0
SMA-11-01,TOKA,TOKA-169,4/24/2018,48,55,,,,TRHI4,10,HYGL2,BRDI2,L,,,,,,,,S,,0
SMA-11-01,TOKA,TOKA-169,4/24/2018,49,55,BAPI,,,BRHO2,51,ACMO2,L,,,,,,,,,S,,0
SMA-11-01,TOKA,TOKA-169,4/24/2018,50,55,BAPI,,,BRDI2,22,GEDI,L,,,,,,,,,S,,0
SMA-11-01,TOKA,TOKA-169,4/24/2018,1,235,,,,ESCA2,4,,,,,,,,,,,S,,0
SMA-11-01,TOKA,TOKA-169,4/24/2018,2,235,,,,NOPLANT,NA,,,,,,,,,,,S,,0
SMA-11-01,TOKA,TOKA-169,4/24/2018,3,235,,,,NOPLANT,NA,,,,,,,,,,,S,,0
SMA-11-01,TOKA,TOKA-169,4/24/2018,4,235,,,,NOPLANT,NA,,,,,,,,,,,S,,0
SMA-11-01,TOKA,TOKA-169,4/24/2018,5,235,,,,BRDI3,15,HYRA3,L,,,,,,,,,S,,0
SMA-11-01,TOKA,TOKA-169,4/24/2018,6,235,,,,BRDI3,5,HYRA3,L,,,,,,,,,S,,0
SMA-11-01,TOKA,TOKA-169,4/24/2018,7,235,,,,NOPLANT,NA,L,,,,,,,,,,S,,0
SMA-11-01,TOKA,TOKA-169,4/24/2018,8,235,,,,VUBR,8,ACMO2,L,,,,,,,,,S,,0
SMA-11-01,TOKA,TOKA-169,4/24/2018,9,235,,,,VUBR,15,HYRA3,,,,,,,,,,S,,0
SMA-11-01,TOKA,TOKA-169,4/24/2018,10,235,,,,BRDI3,26,VUBR,L,,,,,,,,,SAAP2,,0
SMA-11-01,TOKA,TOKA-169,4/24/2018,11,235,,,,BRDI3,4,DAPU3,HYRA3,,,,,,,,,S,,0
SMA-11-01,TOKA,TOKA-169,4/24/2018,12,235,,,,NOPLANT,NA,,,,,,,,,,,S,,0
SMA-11-01,TOKA,TOKA-169,4/24/2018,13,235,,,,NOPLANT,NA,,,,,,,,,,,S,,0
SMA-11-01,TOKA,TOKA-169,4/24/2018,14,235,,,,BRDI3,1,,,,,,,,,,,S,,0
SMA-11-01,TOKA,TOKA-169,4/24/2018,15,235,,,,BRDI3,10,ERCI6,,,,,,,,,,S,,0
SMA-11-01,TOKA,TOKA-169,4/24/2018,16,235,,,,VUBR,6,PLLA,,,,,,,,,,S,,0
SMA-11-01,TOKA,TOKA-169,4/24/2018,17,235,,,,NOPLANT,NA,,,,,,,,,,,S,,0
SMA-11-01,TOKA,TOKA-169,4/24/2018,18,235,,,,BRDI3,13,L,,,,,,,,,,S,,0
SMA-11-01,TOKA,TOKA-169,4/24/2018,19,235,,,,PLLA,12,AVFA,,,,,,,,,,S,,0
SMA-11-01,TOKA,TOKA-169,4/24/2018,20,235,BAPI,,,AVFA,20,VUBR,,,,,,,,,,S,,0
SMA-11-01,TOKA,TOKA-169,4/24/2018,21,235,,,,NOPLANT,NA,,,,,,,,,,,S,,0
SMA-11-01,TOKA,TOKA-169,4/24/2018,22,235,,,,NOPLANT,NA,L,,,,,,,,,,S,,0
SMA-11-01,TOKA,TOKA-169,4/24/2018,23,235,BAPI,,,RUUR,25,VUBR,L,,,,,,,,,S,,0
SMA-11-01,TOKA,TOKA-169,4/24/2018,24,235,,,,VITE,38,RUUR,L,,,,,,,,,S,,0
SMA-11-01,TOKA,TOKA-169,4/24/2018,25,235,BAPI,,,VUBR,4,L,,,,,,,,,,S,,0
SMA-11-01,TOKA,TOKA-169,4/24/2018,26,235,BAPI,,,VITE,9,VUBR,VUBR,L,,,,,,,,S,,0
SMA-11-01,TOKA,TOKA-169,4/24/2018,27,235,BAPI,,,VUBR,3,L,,,,,,,,,,S,,0
SMA-11-01,TOKA,TOKA-169,4/24/2018,28,235,BAPI,,,2GA,15,BRHO2,VUBR,L,,,,,,,,S,,1
SMA-11-01,TOKA,TOKA-169,4/24/2018,29,235,BAPI,,,RUUR,11,L,,,,,,,,,,S,,0
SMA-11-01,TOKA,TOKA-169,4/24/2018,30,235,,,,NOPLANT,NA,L,,,,,,,,,,S,,0
SMA-11-01,TOKA,TOKA-169,4/24/2018,31,235,BAPI,,,RUUR,34,2GA,L,,,,,,,,,S,,0
SMA-11-01,TOKA,TOKA-169,4/24/2018,32,235,BAPI,,,2GA,11,L,,,,,,,,,,S,,1
SMA-11-01,TOKA,TOKA-169,4/24/2018,33,235,BAPI,RUUR,,NOPLANT,NA,L,,,,,,,,,,S,,0
SMA-11-01,TOKA,TOKA-169,4/24/2018,34,235,,,,RUUR,10,VUBR,,,,,,,,,,S,,0
SMA-11-01,TOKA,TOKA-169,4/24/2018,35,235,BAPI,RUUR,,NOPLANT,NA,L,,,,,,,,,,S,,0
SMA-11-01,TOKA,TOKA-169,4/24/2018,36,235,BAPI,,,RUUR,12,,,,,,,,,,,S,,1
SMA-11-01,TOKA,TOKA-169,4/24/2018,37,235,BAPI,RUUR,,NOPLANT,NA,L,,,,,,,,,,S,,0
SMA-11-01,TOKA,TOKA-169,4/24/2018,38,235,BAPI,RUUR,,SACR2,15,L,,,,,,,,,,S,,0
SMA-11-01,TOKA,TOKA-169,4/24/2018,39,235,BAPI,RUUR,,NOPLANT,NA,L,,,,,,,,,,S,,0
SMA-11-01,TOKA,TOKA-169,4/24/2018,40,235,BAPI,RUUR,,2GA,9,L,,,,,,,,,,S,,0
SMA-11-01,TOKA,TOKA-169,4/24/2018,41,235,BAPI,RUUR,,NOPLANT,NA,L,,,,,,,,,,S,,0
SMA-11-01,TOKA,TOKA-169,4/24/2018,42,235,BAPI,RUUR,,NOPLANT,NA,L,,,,,,,,,,S,,0
SMA-11-01,TOKA,TOKA-169,4/24/2018,43,235,BAPI,RUUR,,NOPLANT,NA,L,,,,,,,,,,S,,0
SMA-11-01,TOKA,TOKA-169,4/24/2018,44,235,BAPI,RUUR,,SACR2,14,L,,,,,,,,,,S,,0
SMA-11-01,TOKA,TOKA-169,4/24/2018,45,235,,,,RUUR,15,WL,,,,,,,,,,S,,0
SMA-11-01,TOKA,TOKA-169,4/24/2018,46,235,BAPI,RUUR,,NOPLANT,NA,L,,,,,,,,,,S,,0
SMA-11-01,TOKA,TOKA-169,4/24/2018,47,235,BAPI,RUUR,,NOPLANT,NA,L,,,,,,,,,,S,,0
SMA-11-01,TOKA,TOKA-169,4/24/2018,48,235,,,,PHAQ,44,HYRA3,L,,,,,,,,,S,,0
SMA-11-01,TOKA,TOKA-169,4/24/2018,49,235,BAPI,,,SYCH4,9,BRHO2,VUBR,L,,,,,,,,S,,0
SMA-11-01,TOKA,TOKA-169,4/24/2018,50,235,,,,BETR,3,VUBR,ANAR,,,,,,,,,S,,0
SMA-11-01,TOKA,TOKA-169,6/30/2021,1,55,,,,2GA,5,,,,,,,,,,,S,,0
SMA-11-01,TOKA,TOKA-169,6/30/2021,2,55,,,,HYPOC,1,L,,,,,,,,,,S,,0
SMA-11-01,TOKA,TOKA-169,6/30/2021,3,55,,,,VUBR,4,LIBI5,,,,,,,,,,S,,0
SMA-11-01,TOKA,TOKA-169,6/30/2021,4,55,,,,BRDI3,11,CYEC,BRDI2,,,,,,,,,S,,0
SMA-11-01,TOKA,TOKA-169,6/30/2021,5,55,,,,VUBR,14,BRDI2,L,,,,,,,,,S,,0
SMA-11-01,TOKA,TOKA-169,6/30/2021,6,55,BAPI,,,AVENA,31,ESCA2,BRDI2,CYEC,L,,,,,,,S,,0
SMA-11-01,TOKA,TOKA-169,6/30/2021,7,55,,,,BRDI3,25,BRDI2,2GA,L,,,,,,,,S,,0
SMA-11-01,TOKA,TOKA-169,6/30/2021,8,55,,,,BRDI2,11,TRDU2,TRIFO,L,,,,,,,,S,,0
SMA-11-01,TOKA,TOKA-169,6/30/2021,9,55,,,,AVENA,17,BRDI2,CLARK,L,,,,,,,,S,,0
SMA-11-01,TOKA,TOKA-169,6/30/2021,10,55,,,,CYEC,5,VUBR,L,,,,,,,,,S,,0
SMA-11-01,TOKA,TOKA-169,6/30/2021,11,55,,,,PLLA,4,VUBR,L,,,,,,,,,S,,0
SMA-11-01,TOKA,TOKA-169,6/30/2021,12,55,,,,PLLA,19,BRDI2,2GA,,,,,,,,,S,,0
SMA-11-01,TOKA,TOKA-169,6/30/2021,13,55,,,,PLLA,10,2GA,2FA,,,,,,,,,S,,0
SMA-11-01,TOKA,TOKA-169,6/30/2021,14,55,,,,BRDI2,11,PLLA,2GA,,,,,,,,,S,2,0
SMA-11-01,TOKA,TOKA-169,6/30/2021,15,55,,,,CYEC,10,L,,,,,,,,,,S,,0
SMA-11-01,TOKA,TOKA-169,6/30/2021,16,55,BAPI,,,BRDI2,35,PLLA,CYEC,,,,,,,,,S,,0
SMA-11-01,TOKA,TOKA-169,6/30/2021,17,55,BAPI,,,PLLA,8,BRDI2,,,,,,,,,,S,,0
SMA-11-01,TOKA,TOKA-169,6/30/2021,18,55,,,,NOPLANT,NA,L,,,,,,,,,,S,,0
SMA-11-01,TOKA,TOKA-169,6/30/2021,19,55,BAPI,,,BRDI2,17,SIBE,L,,,,,,,,,S,,0
SMA-11-01,TOKA,TOKA-169,6/30/2021,20,55,,,,CYEC,9,HYPOC,TRDU2,L,,,,,,,,S,,0
SMA-11-01,TOKA,TOKA-169,6/30/2021,21,55,,,,PLLA,16,VUBR,TRHI4,L,,,,,,,,S,,0
SMA-11-01,TOKA,TOKA-169,6/30/2021,22,55,,,,HYPOC,3,,,,,,,,,,,S,,0
SMA-11-01,TOKA,TOKA-169,6/30/2021,23,55,BAPI,,,GALIU,6,PLLA,CYEC,,,,,,,,,S,,0
SMA-11-01,TOKA,TOKA-169,6/30/2021,24,55,,,,BRDI2,26,VIVI,PLLA,,,,,,,,,S,,0
SMA-11-01,TOKA,TOKA-169,6/30/2021,25,55,,,,TRDU2,8,VUBR,APIACE,L,,,,,,,,S,,0
SMA-11-01,TOKA,TOKA-169,6/30/2021,26,55,BAPI,,,CYEC,21,BRDI2,VUBR,,,,,,,,,S,,0
SMA-11-01,TOKA,TOKA-169,6/30/2021,27,55,BAPI,,,BRDI2,24,CYEC,HYPOC,,,,,,,,,S,,0
SMA-11-01,TOKA,TOKA-169,6/30/2021,28,55,BAPI,,,CLARK,17,HYPOC,,,,,,,,,,S,,0
SMA-11-01,TOKA,TOKA-169,6/30/2021,29,55,BAPI,,,BRDI2,29,,,,,,,,,,,S,,0
SMA-11-01,TOKA,TOKA-169,6/30/2021,30,55,BAPI,,,CYEC,9,L,,,,,,,,,,S,,0
SMA-11-01,TOKA,TOKA-169,6/30/2021,31,55,,,,BRDI2,1,,,,,,,,,,,S,,0
SMA-11-01,TOKA,TOKA-169,6/30/2021,32,55,BAPI,,,BRDI2,5,CYEC,,,,,,,,,,S,,0
SMA-11-01,TOKA,TOKA-169,6/30/2021,33,55,,,,BRDI2,21,CLARK,,,,,,,,,,S,,0
SMA-11-01,TOKA,TOKA-169,6/30/2021,34,55,,,,HYPOC,25,CLARK,PLLA,2GA,,,,,,,,S,3,0
SMA-11-01,TOKA,TOKA-169,6/30/2021,35,55,BAPI,,,TORIL,30,L,,,,,,,,,,S,,0
SMA-11-01,TOKA,TOKA-169,6/30/2021,36,55,BAPI,,,VISA,9,AVENA,2GA,,,,,,,,,S,2,0
SMA-11-01,TOKA,TOKA-169,6/30/2021,37,55,BAPI,,,2GA,13,HYPOC,,,,,,,,,,S,,1
SMA-11-01,TOKA,TOKA-169,6/30/2021,38,55,,,,LOPEM2,25,HYPOC,TRDU2,TRHI4,L,,,,,,,S,,0
SMA-11-01,TOKA,TOKA-169,6/30/2021,39,55,BAPI,,,BRDI2,14,CLARK,PLLA,L,,,,,,,,S,,0
SMA-11-01,TOKA,TOKA-169,6/30/2021,40,55,BAPI,,,AVENA,13,PLLA,GEDI,,,,,,,,,S,,0
SMA-11-01,TOKA,TOKA-169,6/30/2021,41,55,,,,AVENA,7,PLLA,2GA,,,,,,,,,S,2,0
SMA-11-01,TOKA,TOKA-169,6/30/2021,42,55,,,,PLLA,14,BRDI2,TRIFO,2GA,,,,,,,,S,3,0
SMA-11-01,TOKA,TOKA-169,6/30/2021,43,55,,,,BRDI2,12,2GA,,,,,,,,,,S,1,0
SMA-11-01,TOKA,TOKA-169,6/30/2021,44,55,,,,HYPOC,26,AVENA,HYPOC,L,,,,,,,,S,,0
SMA-11-01,TOKA,TOKA-169,6/30/2021,45,55,,,,CYEC,5,BRDI2,2GA,,,,,,,,,S,2,0
SMA-11-01,TOKA,TOKA-169,6/30/2021,46,55,,,,AVENA,24,BRDI2,2GA,,,,,,,,,S,2,0
SMA-11-01,TOKA,TOKA-169,6/30/2021,47,55,BAPI,,,AVENA,34,LOPEM2,PLLA,L,,,,,,,,S,,0
SMA-11-01,TOKA,TOKA-169,6/30/2021,48,55,BAPI,,,LOPEM2,30,BRDI2,2GA,,,,,,,,,S,2,0
SMA-11-01,TOKA,TOKA-169,6/30/2021,49,55,,,,LOPEM2,10,2GA,,,,,,,,,,S,1,0
SMA-11-01,TOKA,TOKA-169,6/30/2021,50,55,,,,LOPEM2,11,2GA,,,,,,,,,,S,1,0
SMA-11-01,TOKA,TOKA-169,6/30/2021,1,235,,,,NOPLANT,NA,,,,,,,,,,,S,,0
SMA-11-01,TOKA,TOKA-169,6/30/2021,2,235,,,,NOPLANT,NA,,,,,,,,,,,S,,0
SMA-11-01,TOKA,TOKA-169,6/30/2021,3,235,,,,NOPLANT,NA,,,,,,,,,,,R,,0
SMA-11-01,TOKA,TOKA-169,6/30/2021,4,235,,,,NOPLANT,NA,,,,,,,,,,,S,,0
SMA-11-01,TOKA,TOKA-169,6/30/2021,5,235,,,,HYPOC,16,VUBR,,,,,,,,,,S,,0
SMA-11-01,TOKA,TOKA-169,6/30/2021,6,235,,,,NOPLANT,NA,,,,,,,,,,,S,,0
SMA-11-01,TOKA,TOKA-169,6/30/2021,7,235,,,,NOPLANT,NA,,,,,,,,,,,S,,0
SMA-11-01,TOKA,TOKA-169,6/30/2021,8,235,,,,NOPLANT,NA,,,,,,,,,,,S,,0
SMA-11-01,TOKA,TOKA-169,6/30/2021,9,235,,,,BRDI3,40,AVENA,PLLA,,,,,,,,,S,,0
SMA-11-01,TOKA,TOKA-169,6/30/2021,10,235,,,,BRDI3,11,VUBR,ESCA2,,,,,,,,,S,,0
SMA-11-01,TOKA,TOKA-169,6/30/2021,11,235,,,,NOPLANT,NA,,,,,,,,,,,S,,0
SMA-11-01,TOKA,TOKA-169,6/30/2021,12,235,,,,BRDI3,24,2GA,,,,,,,,,,S,1,0
SMA-11-01,TOKA,TOKA-169,6/30/2021,13,235,,,,NOPLANT,NA,L,,,,,,,,,,S,,0
SMA-11-01,TOKA,TOKA-169,6/30/2021,14,235,,,,NOPLANT,NA,,,,,,,,,,,S,,0
SMA-11-01,TOKA,TOKA-169,6/30/2021,15,235,,,,BRDI3,11,,,,,,,,,,,AM,,0
SMA-11-01,TOKA,TOKA-169,6/30/2021,16,235,,,,BRDI3,16,2GA,VUBR,,,,,,,,,S,1,0
SMA-11-01,TOKA,TOKA-169,6/30/2021,17,235,,,,BRDI3,29,,,,,,,,,,,S,,0
SMA-11-01,TOKA,TOKA-169,6/30/2021,18,235,,,,2GA,20,BRDI3,,,,,,,,,,S,,1
SMA-11-01,TOKA,TOKA-169,6/30/2021,19,235,,,,BRDI3,11,VUBR,2GA,,,,,,,,,S,2,0
SMA-11-01,TOKA,TOKA-169,6/30/2021,20,235,,,,NOPLANT,NA,,,,,,,,,,,S,,0
SMA-11-01,TOKA,TOKA-169,6/30/2021,21,235,,,,AVENA,34,BRDI3,L,,,,,,,,,S,,0
SMA-11-01,TOKA,TOKA-169,6/30/2021,22,235,,,,AVENA,60,2GA,,,,,,,,,,S,1,0
SMA-11-01,TOKA,TOKA-169,6/30/2021,23,235,,,,BRDI3,29,BRDI2,,,,,,,,,,S,,0
SMA-11-01,TOKA,TOKA-169,6/30/2021,24,235,,,,AVENA,4,L,,,,,,,,,,S,,0
SMA-11-01,TOKA,TOKA-169,6/30/2021,25,235,RUUR,,,BRDI3,32,2GA,,,,,,,,,,S,1,0
SMA-11-01,TOKA,TOKA-169,6/30/2021,26,235,BAPI,RUUR,,BRDI3,30,L,,,,,,,,,,S,,0
SMA-11-01,TOKA,TOKA-169,6/30/2021,27,235,,,,,NA,,,,,,,,,,,,,0
SMA-11-01,TOKA,TOKA-169,6/30/2021,28,235,,,,,NA,,,,,,,,,,,,,0
SMA-11-01,TOKA,TOKA-169,6/30/2021,29,235,,,,,NA,,,,,,,,,,,,,0
SMA-11-01,TOKA,TOKA-169,6/30/2021,30,235,,,,,NA,,,,,,,,,,,,,0
SMA-11-01,TOKA,TOKA-169,6/30/2021,31,235,,,,,NA,,,,,,,,,,,,,0
SMA-11-01,TOKA,TOKA-169,6/30/2021,32,235,,,,,NA,,,,,,,,,,,,,0
SMA-11-01,TOKA,TOKA-169,6/30/2021,33,235,,,,,NA,,,,,,,,,,,,,0
SMA-11-01,TOKA,TOKA-169,6/30/2021,34,235,,,,,NA,,,,,,,,,,,,,0
SMA-11-01,TOKA,TOKA-169,6/30/2021,35,235,,,,,NA,,,,,,,,,,,,,0
SMA-11-01,TOKA,TOKA-169,6/30/2021,36,235,,,,,NA,,,,,,,,,,,,,0
SMA-11-01,TOKA,TOKA-169,6/30/2021,37,235,,,,,NA,,,,,,,,,,,,,0
SMA-11-01,TOKA,TOKA-169,6/30/2021,38,235,,,,,NA,,,,,,,,,,,,,0
SMA-11-01,TOKA,TOKA-169,6/30/2021,39,235,,,,,NA,,,,,,,,,,,,,0
SMA-11-01,TOKA,TOKA-169,6/30/2021,40,235,,,,,NA,,,,,,,,,,,,,0
SMA-11-01,TOKA,TOKA-169,6/30/2021,41,235,,,,,NA,,,,,,,,,,,,,0
SMA-11-01,TOKA,TOKA-169,6/30/2021,42,235,,,,,NA,,,,,,,,,,,,,0
SMA-11-01,TOKA,TOKA-169,6/30/2021,43,235,,,,,NA,,,,,,,,,,,,,0
SMA-11-01,TOKA,TOKA-169,6/30/2021,44,235,,,,,NA,,,,,,,,,,,,,0
SMA-11-01,TOKA,TOKA-169,6/30/2021,45,235,,,,,NA,,,,,,,,,,,,,0
SMA-11-01,TOKA,TOKA-169,6/30/2021,46,235,,,,,NA,,,,,,,,,,,,,0
SMA-11-01,TOKA,TOKA-169,6/30/2021,47,235,,,,,NA,,,,,,,,,,,,,0
SMA-11-01,TOKA,TOKA-169,6/30/2021,48,235,,,,,NA,,,,,,,,,,,,,0
SMA-11-01,TOKA,TOKA-169,6/30/2021,49,235,,,,,NA,,,,,,,,,,,,,0
SMA-11-01,TOKA,TOKA-169,6/30/2021,50,235,,,,,NA,,,,,,,,,,,,,0
SMA-11-01,TOKA,TOKA-169,5/24/2024,1,55,,,,NOPLANT,NA,L,,,,,,,,,,S,,0
SMA-11-01,TOKA,TOKA-169,5/24/2024,2,55,,,,NOPLANT,NA,L,,,,,,,,,,S,,0
SMA-11-01,TOKA,TOKA-169,5/24/2024,3,55,,,,NOPLANT,NA,L,,,,,,,,,,S,,0
SMA-11-01,TOKA,TOKA-169,5/24/2024,4,55,,,,LIBI5,2,L,,,,,,,,,,S,,0
SMA-11-01,TOKA,TOKA-169,5/24/2024,5,55,,,,NOPLANT,NA,L,,,,,,,,,,S,,0
SMA-11-01,TOKA,TOKA-169,5/24/2024,6,55,,,,LIBI5,3,L,,,,,,,,,,S,,0
SMA-11-01,TOKA,TOKA-169,5/24/2024,7,55,,,,CYEC,4,L,,,,,,,,,,S,,0
SMA-11-01,TOKA,TOKA-169,5/24/2024,8,55,,,,AVENA,10,CYEC,L,,,,,,,,,S,,0
SMA-11-01,TOKA,TOKA-169,5/24/2024,9,55,,,,NOPLANT,NA,L,,,,,,,,,,S,,0
SMA-11-01,TOKA,TOKA-169,5/24/2024,10,55,BAPI,,,NOPLANT,NA,L,,,,,,,,,,S,,0
SMA-11-01,TOKA,TOKA-169,5/24/2024,11,55,BAPI,,,AVENA,15,L,,,,,,,,,,S,,0
SMA-11-01,TOKA,TOKA-169,5/24/2024,12,55,,,,CYEC,12,L,,,,,,,,,,S,,0
SMA-11-01,TOKA,TOKA-169,5/24/2024,13,55,BAPI,,,VUBR,16,L,,,,,,,,,,S,,0
SMA-11-01,TOKA,TOKA-169,5/24/2024,14,55,,,,NOPLANT,NA,,,,,,,,,,,S,,0
SMA-11-01,TOKA,TOKA-169,5/24/2024,15,55,BAPI,,,NOPLANT,NA,,,,,,,,,,,S,,0
SMA-11-01,TOKA,TOKA-169,5/24/2024,16,55,BAPI,,,HYGL2,1,L,,,,,,,,,,S,,0
SMA-11-01,TOKA,TOKA-169,5/24/2024,17,55,,,,TONO,15,PSCA13,L,,,,,,,,,S,,0
SMA-11-01,TOKA,TOKA-169,5/24/2024,18,55,,,,CYEC,4,,,,,,,,,,,S,,0
SMA-11-01,TOKA,TOKA-169,5/24/2024,19,55,,,,BETR,7,PLLA,,,,,,,,,,AM,,0
SMA-11-01,TOKA,TOKA-169,5/24/2024,20,55,BAPI,,,NOPLANT,NA,L,,,,,,,,,,S,,0
SMA-11-01,TOKA,TOKA-169,5/24/2024,21,55,,,,SOOL,24,HYRA3,L,,,,,,,,,S,,0
SMA-11-01,TOKA,TOKA-169,5/24/2024,22,55,,,,NOPLANT,NA,,,,,,,,,,,S,,0
SMA-11-01,TOKA,TOKA-169,5/24/2024,23,55,,,,ANAR,1,,,,,,,,,,,S,,0
SMA-11-01,TOKA,TOKA-169,5/24/2024,24,55,,,,CYEC,3,L,,,,,,,,,,S,,0
SMA-11-01,TOKA,TOKA-169,5/24/2024,25,55,,,,LIBI5,11,L,,,,,,,,,,S,,0
SMA-11-01,TOKA,TOKA-169,5/24/2024,26,55,,,,CYEC,11,L,,,,,,,,,,S,,0
SMA-11-01,TOKA,TOKA-169,5/24/2024,27,55,,,,PLLA,3,,,,,,,,,,,S,,0
SMA-11-01,TOKA,TOKA-169,5/24/2024,28,55,BAPI,,,VUBR,18,BRHO2,L,,,,,,,,,S,,0
SMA-11-01,TOKA,TOKA-169,5/24/2024,29,55,BAPI,,,VITE,13,L,,,,,,,,,,S,,0
SMA-11-01,TOKA,TOKA-169,5/24/2024,30,55,,,,2GA,4,L,,,,,,,,,,S,,0
SMA-11-01,TOKA,TOKA-169,5/24/2024,31,55,,,,VUBR,10,HYRA3,L,,,,,,,,,S,,0
SMA-11-01,TOKA,TOKA-169,5/24/2024,32,55,BAPI,,,CYEC,18,L,,,,,,,,,,S,,0
SMA-11-01,TOKA,TOKA-169,5/24/2024,33,55,BAPI,,,CYEC,4,,,,,,,,,,,S,,0
SMA-11-01,TOKA,TOKA-169,5/24/2024,34,55,BAPI,,,CYEC,19,BRDI2,L,,,,,,,,,S,,0
SMA-11-01,TOKA,TOKA-169,5/24/2024,35,55,,,,DAGL,15,,,,,,,,,,,S,,0
SMA-11-01,TOKA,TOKA-169,5/24/2024,36,55,,,,NOPLANT,NA,L,,,,,,,,,,S,,0
SMA-11-01,TOKA,TOKA-169,5/24/2024,37,55,,,,NOPLANT,NA,L,,,,,,,,,,S,,0
SMA-11-01,TOKA,TOKA-169,5/24/2024,38,55,,,,PLLA,6,L,,,,,,,,,,S,,0
SMA-11-01,TOKA,TOKA-169,5/24/2024,39,55,,,,CYEC,6,L,,,,,,,,,,S,,0
SMA-11-01,TOKA,TOKA-169,5/24/2024,40,55,,,,NOPLANT,NA,,,,,,,,,,,S,,0
SMA-11-01,TOKA,TOKA-169,5/24/2024,41,55,,,,NOPLANT,NA,,,,,,,,,,,S,,0
SMA-11-01,TOKA,TOKA-169,5/24/2024,42,55,,,,2GA,10,PLLA,L,,,,,,,,,S,,0
SMA-11-01,TOKA,TOKA-169,5/24/2024,43,55,,,,DAGL,23,L,,,,,,,,,,S,,0
SMA-11-01,TOKA,TOKA-169,5/24/2024,44,55,,,,SOOL,10,L,,,,,,,,,,S,,0
SMA-11-01,TOKA,TOKA-169,5/24/2024,45,55,,,,TONO,10,CYEC,PLLA,,,,,,,,,S,,0
SMA-11-01,TOKA,TOKA-169,5/24/2024,46,55,,,,LOPEM2,17,CYEC,AVENA,HYGL2,,,,,,,,S,,0
SMA-11-01,TOKA,TOKA-169,5/24/2024,47,55,,,,CYEC,5,GEDI,L,,,,,,,,,S,,0
SMA-11-01,TOKA,TOKA-169,5/24/2024,48,55,,,,LOPEM2,7,L,,,,,,,,,,S,,0
SMA-11-01,TOKA,TOKA-169,5/24/2024,49,55,BAPI,,,SOOL,5,VUBR,,,,,,,,,,S,,0
SMA-11-01,TOKA,TOKA-169,5/24/2024,50,55,,,,DAGL,35,L,,,,,,,,,,S,,0
SMA-11-01,TOKA,TOKA-169,5/24/2024,1,135,,,,2GA,5,,,,,,,,,,,S,,0
SMA-11-01,TOKA,TOKA-169,5/24/2024,2,135,,,,NOPLANT,NA,,,,,,,,,,,S,,0
SMA-11-01,TOKA,TOKA-169,5/24/2024,3,135,,,,NOPLANT,NA,,,,,,,,,,,S,,0
SMA-11-01,TOKA,TOKA-169,5/24/2024,4,135,,,,NOPLANT,NA,,,,,,,,,,,S,,0
SMA-11-01,TOKA,TOKA-169,5/24/2024,5,135,,,,NOPLANT,NA,,,,,,,,,,,S,,0
SMA-11-01,TOKA,TOKA-169,5/24/2024,6,135,,,,NOPLANT,NA,,,,,,,,,,,S,,0
SMA-11-01,TOKA,TOKA-169,5/24/2024,7,135,,,,NOPLANT,NA,,,,,,,,,,,S,,0
SMA-11-01,TOKA,TOKA-169,5/24/2024,8,135,,,,VUBR,10,,,,,,,,,,,S,,0
SMA-11-01,TOKA,TOKA-169,5/24/2024,9,135,,,,VUBR,21,L,,,,,,,,,,S,,0
SMA-11-01,TOKA,TOKA-169,5/24/2024,10,135,,,,BRDI3,4,L,,,,,,,,,,S,,0
SMA-11-01,TOKA,TOKA-169,5/24/2024,11,135,,,,NOPLANT,NA,,,,,,,,,,,S,,0
SMA-11-01,TOKA,TOKA-169,5/24/2024,12,135,,,,NOPLANT,NA,,,,,,,,,,,S,,0
SMA-11-01,TOKA,TOKA-169,5/24/2024,13,135,,,,NOPLANT,NA,,,,,,,,,,,S,,0
SMA-11-01,TOKA,TOKA-169,5/24/2024,14,135,,,,VUBR,24,L,,,,,,,,,,S,,0
SMA-11-01,TOKA,TOKA-169,5/24/2024,15,135,,,,VUBR,8,ESCA2,L,,,,,,,,,S,,0
SMA-11-01,TOKA,TOKA-169,5/24/2024,16,135,,,,NOPLANT,NA,L,,,,,,,,,,S,,0
SMA-11-01,TOKA,TOKA-169,5/24/2024,17,135,,,,BRDI3,14,ERCI6,VUBR,L,,,,,,,,S,,0
SMA-11-01,TOKA,TOKA-169,5/24/2024,18,135,,,,VUBR,14,L,,,,,,,,,,S,,0
SMA-11-01,TOKA,TOKA-169,5/24/2024,19,135,,,,BRDI3,10,PLLA,L,,,,,,,,,S,,0
SMA-11-01,TOKA,TOKA-169,5/24/2024,20,135,,,,AVBA,14,VUBR,L,,,,,,,,,S,,0
SMA-11-01,TOKA,TOKA-169,5/24/2024,21,135,,,,AVBA,7,VUBR,LOCO6,L,,,,,,,,S,,0
SMA-11-01,TOKA,TOKA-169,5/24/2024,22,135,,,,AVBA,4,VUBR,HYGL2,L,,,,,,,,S,,0
SMA-11-01,TOKA,TOKA-169,5/24/2024,23,135,,,,VUBR,4,BRDI2,L,,,,,,,,,S,,0
SMA-11-01,TOKA,TOKA-169,5/24/2024,24,135,,,,VUBR,8,L,,,,,,,,,,S,,0
SMA-11-01,TOKA,TOKA-169,5/24/2024,25,135,,,,AVBA,14,BRDI2,L,,,,,,,,,S,,0
SMA-11-01,TOKA,TOKA-169,5/24/2024,26,135,BAPI,RUUR,,BRDI2,10,L,,,,,,,,,,S,,0
SMA-11-01,TOKA,TOKA-169,5/24/2024,27,135,PSME,BAPI,RUUR,BRDI2,20,L,,,,,,,,,,S,,0
SMA-11-01,TOKA,TOKA-169,5/24/2024,28,135,PSME,,,NOPLANT,NA,L,,,,,,,,,,S,,0
SMA-11-01,TOKA,TOKA-169,5/24/2024,29,135,BAPI,,,NOPLANT,NA,L,,,,,,,,,,S,,0
SMA-11-01,TOKA,TOKA-169,5/24/2024,30,135,BAPI,RUUR,,NOPLANT,NA,,,,,,,,,,,S,,0
SMA-11-01,TOKA,TOKA-169,5/24/2024,31,135,,,,,NA,,,,,,,,,,,,,0
SMA-11-01,TOKA,TOKA-169,5/24/2024,32,135,,,,,NA,,,,,,,,,,,,,0
SMA-11-01,TOKA,TOKA-169,5/24/2024,33,135,,,,,NA,,,,,,,,,,,,,0
SMA-11-01,TOKA,TOKA-169,5/24/2024,34,135,,,,,NA,,,,,,,,,,,,,0
SMA-11-01,TOKA,TOKA-169,5/24/2024,35,135,,,,,NA,,,,,,,,,,,,,0
SMA-11-01,TOKA,TOKA-169,5/24/2024,36,135,,,,,NA,,,,,,,,,,,,,0
SMA-11-01,TOKA,TOKA-169,5/24/2024,37,135,,,,,NA,,,,,,,,,,,,,0
SMA-11-01,TOKA,TOKA-169,5/24/2024,38,135,,,,,NA,,,,,,,,,,,,,0
SMA-11-01,TOKA,TOKA-169,5/24/2024,39,135,,,,,NA,,,,,,,,,,,,,0
SMA-11-01,TOKA,TOKA-169,5/24/2024,40,135,,,,,NA,,,,,,,,,,,,,0
SMA-11-01,TOKA,TOKA-169,5/24/2024,41,135,,,,,NA,,,,,,,,,,,,,0
SMA-11-01,TOKA,TOKA-169,5/24/2024,42,135,,,,,NA,,,,,,,,,,,,,0
SMA-11-01,TOKA,TOKA-169,5/24/2024,43,135,,,,,NA,,,,,,,,,,,,,0
SMA-11-01,TOKA,TOKA-169,5/24/2024,44,135,,,,,NA,,,,,,,,,,,,,0
SMA-11-01,TOKA,TOKA-169,5/24/2024,45,135,,,,,NA,,,,,,,,,,,,,0
SMA-11-01,TOKA,TOKA-169,5/24/2024,46,135,,,,,NA,,,,,,,,,,,,,0
SMA-11-01,TOKA,TOKA-169,5/24/2024,47,135,,,,,NA,,,,,,,,,,,,,0
SMA-11-01,TOKA,TOKA-169,5/24/2024,48,135,,,,,NA,,,,,,,,,,,,,0
SMA-11-01,TOKA,TOKA-169,5/24/2024,49,135,,,,,NA,,,,,,,,,,,,,0
SMA-11-01,TOKA,TOKA-169,5/24/2024,50,135,,,,,NA,,,,,,,,,,,,,0
SMA-11-01,TOKA,TOKA-170,5/23/2016,1,105,,,,ASTERA,30,BRDI2,TRHI4,,,,,,,,,S,,0
SMA-11-01,TOKA,TOKA-170,5/23/2016,2,105,,,,AVBA,50,L,,,,,,,,,,S,,0
SMA-11-01,TOKA,TOKA-170,5/23/2016,3,105,,,,AVBA,61,BRDI2,PLLA,,,,,,,,,S,,0
SMA-11-01,TOKA,TOKA-170,5/23/2016,4,105,,,,AVBA,82,TRHI4,,,,,,,,,,S,,0
SMA-11-01,TOKA,TOKA-170,5/23/2016,5,105,,,,PLLA,29,BRDI2,L,,,,,,,,,S,,0
SMA-11-01,TOKA,TOKA-170,5/23/2016,6,105,,,,LIUS,45,BRDI2,L,,,,,,,,,S,,0
SMA-11-01,TOKA,TOKA-170,5/23/2016,7,105,,,,BRDI2,11,TRHI4,,,,,,,,,,S,,0
SMA-11-01,TOKA,TOKA-170,5/23/2016,8,105,,,,NOPLANT,0,,,,,,,,,,,S,,0
SMA-11-01,TOKA,TOKA-170,5/23/2016,9,105,,,,VICIA,28,BRDI2,,,,,,,,,,S,,0
SMA-11-01,TOKA,TOKA-170,5/23/2016,10,105,,,,AVBA,110,BRDI2,L,,,,,,,,,S,,0
SMA-11-01,TOKA,TOKA-170,5/23/2016,11,105,,,,VUMY,12,PLLA,L,,,,,,,,,S,,0
SMA-11-01,TOKA,TOKA-170,5/23/2016,12,105,,,,NOPLANT,0,,,,,,,,,,,S,,0
SMA-11-01,TOKA,TOKA-170,5/23/2016,13,105,,,,PLLA,10,BRDI2,,,,,,,,,,S,,0
SMA-11-01,TOKA,TOKA-170,5/23/2016,14,105,,,,AVBA,56,BRDI2,,,,,,,,,,S,,0
SMA-11-01,TOKA,TOKA-170,5/23/2016,15,105,,,,AVBA,42,VICIA,,,,,,,,,,S,,0
SMA-11-01,TOKA,TOKA-170,5/23/2016,16,105,,,,AVBA,79,GEDI,,,,,,,,,,S,,0
SMA-11-01,TOKA,TOKA-170,5/23/2016,17,105,,,,AVBA,77,,,,,,,,,,,S,,0
SMA-11-01,TOKA,TOKA-170,5/23/2016,18,105,,,,AVBA,63,VICIA,,,,,,,,,,S,,0
SMA-11-01,TOKA,TOKA-170,5/23/2016,19,105,,,,VICIA,49,AVBA,PLLA,,,,,,,,,S,,0
SMA-11-01,TOKA,TOKA-170,5/23/2016,20,105,,,,AVBA,71,VICIA,LUPIN,L,,,,,,,,S,,0
SMA-11-01,TOKA,TOKA-170,5/23/2016,21,105,,,,AVBA,120,VICIA,L,,,,,,,,,S,,0
SMA-11-01,TOKA,TOKA-170,5/23/2016,22,105,,,,AVBA,89,BRDI2,,,,,,,,,,S,,0
SMA-11-01,TOKA,TOKA-170,5/23/2016,23,105,,,,AVBA,49,LIUS,,,,,,,,,,S,,0
SMA-11-01,TOKA,TOKA-170,5/23/2016,24,105,,,,LIUS,40,AVBA,BRDI2,L,,,,,,,,S,,0
SMA-11-01,TOKA,TOKA-170,5/23/2016,25,105,,,,AVBA,103,LUPIN,BRDI2,L,,,,,,,,S,,0
SMA-11-01,TOKA,TOKA-170,5/23/2016,26,105,,,,BRDI3,29,PLLA,BRDI2,L,,,,,,,,S,,0
SMA-11-01,TOKA,TOKA-170,5/23/2016,27,105,,,,BRDI2,19,L,,,,,,,,,,S,,0
SMA-11-01,TOKA,TOKA-170,5/23/2016,28,105,,,,AVBA,78,BRDI2,L,,,,,,,,,S,,0
SMA-11-01,TOKA,TOKA-170,5/23/2016,29,105,,,,AVBA,81,L,,,,,,,,,,S,,0
SMA-11-01,TOKA,TOKA-170,5/23/2016,30,105,,,,AVBA,120,L,,,,,,,,,,S,,0
SMA-11-01,TOKA,TOKA-170,5/23/2016,31,105,,,,AVBA,92,LOPEM2,L,,,,,,,,,S,,0
SMA-11-01,TOKA,TOKA-170,5/23/2016,32,105,,,,AVBA,84,,,,,,,,,,,S,,0
SMA-11-01,TOKA,TOKA-170,5/23/2016,33,105,,,,AVBA,22,,,,,,,,,,,S,,0
SMA-11-01,TOKA,TOKA-170,5/23/2016,34,105,,,,AVBA,21,BRDI2,L,,,,,,,,,S,,0
SMA-11-01,TOKA,TOKA-170,5/23/2016,35,105,,,,NOPLANT,0,L,,,,,,,,,,S,,0
SMA-11-01,TOKA,TOKA-170,5/23/2016,36,105,,,,ANAR,4,,,,,,,,,,,S,,0
SMA-11-01,TOKA,TOKA-170,5/23/2016,37,105,,,,BRMI2,0,L,,,,,,,,,,S,,0
SMA-11-01,TOKA,TOKA-170,5/23/2016,38,105,,,,,NA,,,,,,,,,,,,,0
SMA-11-01,TOKA,TOKA-170,5/23/2016,39,105,,,,,NA,,,,,,,,,,,,,0
SMA-11-01,TOKA,TOKA-170,5/23/2016,40,105,,,,,NA,,,,,,,,,,,,,0
SMA-11-01,TOKA,TOKA-170,5/23/2016,41,105,,,,,NA,,,,,,,,,,,,,0
SMA-11-01,TOKA,TOKA-170,5/23/2016,42,105,,,,,NA,,,,,,,,,,,,,0
SMA-11-01,TOKA,TOKA-170,5/23/2016,43,105,,,,,NA,,,,,,,,,,,,,0
SMA-11-01,TOKA,TOKA-170,5/23/2016,44,105,,,,,NA,,,,,,,,,,,,,0
SMA-11-01,TOKA,TOKA-170,5/23/2016,45,105,,,,,NA,,,,,,,,,,,,,0
SMA-11-01,TOKA,TOKA-170,5/23/2016,46,105,,,,,NA,,,,,,,,,,,,,0
SMA-11-01,TOKA,TOKA-170,5/23/2016,47,105,,,,,NA,,,,,,,,,,,,,0
SMA-11-01,TOKA,TOKA-170,5/23/2016,48,105,,,,,NA,,,,,,,,,,,,,0
SMA-11-01,TOKA,TOKA-170,5/23/2016,49,105,,,,,NA,,,,,,,,,,,,,0
SMA-11-01,TOKA,TOKA-170,5/23/2016,50,105,,,,,NA,,,,,,,,,,,,,0
SMA-11-01,TOKA,TOKA-170,5/23/2016,1,285,,,,PLLA,21,LIUS,,,,,,,,,,S,,0
SMA-11-01,TOKA,TOKA-170,5/23/2016,2,285,,,,LIUS,21,,,,,,,,,,,S,,0
SMA-11-01,TOKA,TOKA-170,5/23/2016,3,285,,,,LIUS,40,,,,,,,,,,,S,,0
SMA-11-01,TOKA,TOKA-170,5/23/2016,4,285,,,,BRDI2,15,VICIA,L,,,,,,,,,S,,0
SMA-11-01,TOKA,TOKA-170,5/23/2016,5,285,,,,BRDI2,22,LIUS,,,,,,,,,,AM,,0
SMA-11-01,TOKA,TOKA-170,5/23/2016,6,285,,,,BRDI2,12,L,,,,,,,,,,S,,0
SMA-11-01,TOKA,TOKA-170,5/23/2016,7,285,,,,BRDI2,39,LIUS,L,,,,,,,,,S,,0
SMA-11-01,TOKA,TOKA-170,5/23/2016,8,285,,,,AVBA,28,BRDI2,L,,,,,,,,,S,,0
SMA-11-01,TOKA,TOKA-170,5/23/2016,9,285,,,,BRDI2,11,L,,,,,,,,,,S,,0
SMA-11-01,TOKA,TOKA-170,5/23/2016,10,285,,,,BRHO2,35,LIUS,BRDI2,TRHI4,,,,,,,,S,,0
SMA-11-01,TOKA,TOKA-170,5/23/2016,11,285,,,,BRDI2,15,L,,,,,,,,,,S,,0
SMA-11-01,TOKA,TOKA-170,5/23/2016,12,285,,,,BRDI2,18,TRHI4,L,,,,,,,,,S,,0
SMA-11-01,TOKA,TOKA-170,5/23/2016,13,285,,,,TRHI4,11,,,,,,,,,,,S,,0
SMA-11-01,TOKA,TOKA-170,5/23/2016,14,285,,,,LIUS,30,LOPEM2,BRDI2,,,,,,,,,S,,0
SMA-11-01,TOKA,TOKA-170,5/23/2016,15,285,,,,LIUS,29,BRDI2,,,,,,,,,,S,,0
SMA-11-01,TOKA,TOKA-170,5/23/2016,16,285,,,,BRDI2,18,TRHI4,L,,,,,,,,,S,,0
SMA-11-01,TOKA,TOKA-170,5/23/2016,17,285,,,,LOPEM2,22,BRDI2,TRHI4,,,,,,,,,S,,0
SMA-11-01,TOKA,TOKA-170,5/23/2016,18,285,,,,BRDI2,5,,,,,,,,,,,S,,0
SMA-11-01,TOKA,TOKA-170,5/23/2016,19,285,,,,NOPLANT,0,,,,,,,,,,,S,,0
SMA-11-01,TOKA,TOKA-170,5/23/2016,20,285,,,,LOPEM2,22,CEME2,,,,,,,,,,S,,0
SMA-11-01,TOKA,TOKA-170,5/23/2016,21,285,,,,LOPEM2,23,,,,,,,,,,,S,,0
SMA-11-01,TOKA,TOKA-170,5/23/2016,22,285,,,,LOPEM2,28,BRHO2,ERODI,L,,,,,,,,S,,0
SMA-11-01,TOKA,TOKA-170,5/23/2016,23,285,,,,LOPEM2,40,,,,,,,,,,,S,,0
SMA-11-01,TOKA,TOKA-170,5/23/2016,24,285,,,,VICIA,35,LOPEM2,BRDI2,,,,,,,,,S,,0
SMA-11-01,TOKA,TOKA-170,5/23/2016,25,285,,,,BRDI3,32,BRDI2,L,,,,,,,,,S,,0
SMA-11-01,TOKA,TOKA-170,5/23/2016,26,285,,,,LOPEM2,36,PLLA,,,,,,,,,,S,,0
SMA-11-01,TOKA,TOKA-170,5/23/2016,27,285,,,,LOPEM2,16,BRDI2,,,,,,,,,,S,,0
SMA-11-01,TOKA,TOKA-170,5/23/2016,28,285,,,,LOPEM2,34,ERODI,,,,,,,,,,S,,0
SMA-11-01,TOKA,TOKA-170,5/23/2016,29,285,,,,LOPEM2,33,BRDI2,ERODI,,,,,,,,,S,,0
SMA-11-01,TOKA,TOKA-170,5/23/2016,30,285,,,,AVBA,105,BRDI3,BRDI2,,,,,,,,,S,,0
SMA-11-01,TOKA,TOKA-170,5/23/2016,31,285,,,,AVBA,32,LOPEM2,MASA,L,,,,,,,,S,,0
SMA-11-01,TOKA,TOKA-170,5/23/2016,32,285,,,,BRHO2,34,BRDI2,L,,,,,,,,,S,,0
SMA-11-01,TOKA,TOKA-170,5/23/2016,33,285,,,,BRHO2,23,AVBA,,,,,,,,,,S,,0
SMA-11-01,TOKA,TOKA-170,5/23/2016,34,285,,,,AVBA,95,GEDI,L,,,,,,,,,S,,0
SMA-11-01,TOKA,TOKA-170,5/23/2016,35,285,,,,AVBA,53,BRHO2,L,,,,,,,,,S,,0
SMA-11-01,TOKA,TOKA-170,5/23/2016,36,285,,,,AVBA,110,LOPEM2,L,,,,,,,,,S,,0
SMA-11-01,TOKA,TOKA-170,5/23/2016,37,285,,,,AVBA,105,BRDI2,L,,,,,,,,,S,,0
SMA-11-01,TOKA,TOKA-170,5/23/2016,38,285,,,,AVBA,51,BRDI2,L,,,,,,,,,S,,0
SMA-11-01,TOKA,TOKA-170,5/23/2016,39,285,,,,AVBA,53,BRDI2,ASTERA,,,,,,,,,S,,0
SMA-11-01,TOKA,TOKA-170,5/23/2016,40,285,,,,BRDI2,20,L,,,,,,,,,,S,,0
SMA-11-01,TOKA,TOKA-170,5/23/2016,41,285,,,,LASE,32,AVBA,BRDI3,L,,,,,,,,S,,0
SMA-11-01,TOKA,TOKA-170,5/23/2016,42,285,,,,CAPY2,32,AVBA,,,,,,,,,,S,,0
SMA-11-01,TOKA,TOKA-170,5/23/2016,43,285,,,,NOPLANT,0,L,,,,,,,,,,S,,0
SMA-11-01,TOKA,TOKA-170,5/23/2016,44,285,,,,AVBA,28,BRDI2,L,,,,,,,,,S,,0
SMA-11-01,TOKA,TOKA-170,5/23/2016,45,285,,,,AVBA,45,BRDI2,PLLA,L,,,,,,,,S,,0
SMA-11-01,TOKA,TOKA-170,5/23/2016,46,285,,,,AVBA,38,BRDI2,PLLA,HOMA2,,,,,,,,S,,0
SMA-11-01,TOKA,TOKA-170,5/23/2016,47,285,,,,BRDI2,18,PLLA,L,,,,,,,,,S,,0
SMA-11-01,TOKA,TOKA-170,5/23/2016,48,285,,,,ASTERA,12,BRDI2,L,,,,,,,,,S,,0
SMA-11-01,TOKA,TOKA-170,5/23/2016,49,285,,,,AVBA,90,BRDI2,PLLA,L,,,,,,,,S,,0
SMA-11-01,TOKA,TOKA-170,5/23/2016,50,285,,,,BRDI2,30,L,,,,,,,,,,S,,0
SMA-11-01,TOKA,TOKA-170,4/24/2018,1,105,,,,AVENA,19,,,,,,,,,,,S,,0
SMA-11-01,TOKA,TOKA-170,4/24/2018,2,105,,,,NOPLANT,NA,,,,,,,,,,,S,,0
SMA-11-01,TOKA,TOKA-170,4/24/2018,3,105,,,,AVENA,51,BRDI3,,,,,,,,,,S,,0
SMA-11-01,TOKA,TOKA-170,4/24/2018,4,105,,,,AVENA,39,,,,,,,,,,,S,,0
SMA-11-01,TOKA,TOKA-170,4/24/2018,5,105,,,,LOPEM2,17,PLLA,,,,,,,,,,S,,0
SMA-11-01,TOKA,TOKA-170,4/24/2018,6,105,,,,LOPEM2,23,CRVET,L,,,,,,,,,S,,0
SMA-11-01,TOKA,TOKA-170,4/24/2018,7,105,,,,LOPEM2,23,PLLA,CRVET,L,,,,,,,,S,,0
SMA-11-01,TOKA,TOKA-170,4/24/2018,8,105,,,,2GA,10,BRDI3,HYGL2,L,,,,,,,,S,,0
SMA-11-01,TOKA,TOKA-170,4/24/2018,9,105,,,,LOPEM2,34,BRHO2,ACMO2,L,,,,,,,,S,,0
SMA-11-01,TOKA,TOKA-170,4/24/2018,10,105,,,,CRVET,9,,,,,,,,,,,S,,0
SMA-11-01,TOKA,TOKA-170,4/24/2018,11,105,,,,CRVET,19,TRSU3,,,,,,,,,,S,,0
SMA-11-01,TOKA,TOKA-170,4/24/2018,12,105,BAPI,,,BRHO2,34,L,,,,,,,,,,S,,0
SMA-11-01,TOKA,TOKA-170,4/24/2018,13,105,,,,VIVI,22,PLLA,L,,,,,,,,,S,,0
SMA-11-01,TOKA,TOKA-170,4/24/2018,14,105,,,,LOPEM2,24,VIVI,HYGL2,L,,,,,,,,S,,0
SMA-11-01,TOKA,TOKA-170,4/24/2018,15,105,,,,VIVI,40,BRDI3,CRVET,L,,,,,,,,S,,0
SMA-11-01,TOKA,TOKA-170,4/24/2018,16,105,,,,BRHO2,39,2GA,GEDI,HYGL2,L,,,,,,,S,,0
SMA-11-01,TOKA,TOKA-170,4/24/2018,17,105,,,,BRHO2,26,ACMO2,CRVET,L,,,,,,,,S,,0
SMA-11-01,TOKA,TOKA-170,4/24/2018,18,105,,,,VIVI,30,LOPEM2,ASTERA,L,,,,,,,,S,,0
SMA-11-01,TOKA,TOKA-170,4/24/2018,19,105,,,,VIVI,14,L,,,,,,,,,,S,,0
SMA-11-01,TOKA,TOKA-170,4/24/2018,20,105,,,,GEDI,13,BRHO2,ACMO2,L,,,,,,,,S,,0
SMA-11-01,TOKA,TOKA-170,4/24/2018,21,105,,,,GEDI,14,ACMO2,LOPEM2,L,,,,,,,,S,,0
SMA-11-01,TOKA,TOKA-170,4/24/2018,22,105,,,,LOPEM2,27,ACMO2,L,,,,,,,,,S,,0
SMA-11-01,TOKA,TOKA-170,4/24/2018,23,105,,,,BRDI3,33,AVENA,L,,,,,,,,,S,,0
SMA-11-01,TOKA,TOKA-170,4/24/2018,24,105,,,,PLLA,13,BRDI2,L,,,,,,,,,S,,0
SMA-11-01,TOKA,TOKA-170,4/24/2018,25,105,,,,BRDI3,24,ACMO2,L,,,,,,,,,S,,0
SMA-11-01,TOKA,TOKA-170,4/24/2018,26,105,BAPI,,,BRDI2,7,L,,,,,,,,,,S,,0
SMA-11-01,TOKA,TOKA-170,4/24/2018,27,105,BAPI,,,BRDI2,13,L,,,,,,,,,,S,,0
SMA-11-01,TOKA,TOKA-170,4/24/2018,28,105,,,,2GA,15,BRDI2,L,,,,,,,,,S,,1
SMA-11-01,TOKA,TOKA-170,4/24/2018,29,105,,,,BRDI2,16,ACMO2,L,,,,,,,,,S,,0
SMA-11-01,TOKA,TOKA-170,4/24/2018,30,105,,,,MASA,29,ACMO2,BRDI2,L,,,,,,,,S,,1
SMA-11-01,TOKA,TOKA-170,4/24/2018,31,105,,,,MASA,23,BRDI2,ACMO2,L,,,,,,,,S,,1
SMA-11-01,TOKA,TOKA-170,4/24/2018,32,105,,,,BRDI2,18,BRDI2,L,,,,,,,,,S,,1
SMA-11-01,TOKA,TOKA-170,4/24/2018,33,105,,,,BRDI2,10,L,PLLA,,,,,,,,,S,,0
SMA-11-01,TOKA,TOKA-170,4/24/2018,34,105,,,,BRDI2,12,BRHO2,L,,,,,,,,,S,,1
SMA-11-01,TOKA,TOKA-170,4/24/2018,35,105,,,,BRDI2,4,LOCO6,PLLA,L,,,,,,,,S,,0
SMA-11-01,TOKA,TOKA-170,4/24/2018,36,105,,,,NOPLANT,NA,L,,,,,,,,,,S,,0
SMA-11-01,TOKA,TOKA-170,4/24/2018,37,105,BAPI,,,RUUR,13,L,,,,,,,,,,S,,0
SMA-11-01,TOKA,TOKA-170,4/24/2018,38,105,,,,,NA,,,,,,,,,,,,,0
SMA-11-01,TOKA,TOKA-170,4/24/2018,39,105,,,,,NA,,,,,,,,,,,,,0
SMA-11-01,TOKA,TOKA-170,4/24/2018,40,105,,,,,NA,,,,,,,,,,,,,0
SMA-11-01,TOKA,TOKA-170,4/24/2018,41,105,,,,,NA,,,,,,,,,,,,,0
SMA-11-01,TOKA,TOKA-170,4/24/2018,42,105,,,,,NA,,,,,,,,,,,,,0
SMA-11-01,TOKA,TOKA-170,4/24/2018,43,105,,,,,NA,,,,,,,,,,,,,0
SMA-11-01,TOKA,TOKA-170,4/24/2018,44,105,,,,,NA,,,,,,,,,,,,,0
SMA-11-01,TOKA,TOKA-170,4/24/2018,45,105,,,,,NA,,,,,,,,,,,,,0
SMA-11-01,TOKA,TOKA-170,4/24/2018,46,105,,,,,NA,,,,,,,,,,,,,0
SMA-11-01,TOKA,TOKA-170,4/24/2018,47,105,,,,,NA,,,,,,,,,,,,,0
SMA-11-01,TOKA,TOKA-170,4/24/2018,48,105,,,,,NA,,,,,,,,,,,,,0
SMA-11-01,TOKA,TOKA-170,4/24/2018,49,105,,,,,NA,,,,,,,,,,,,,0
SMA-11-01,TOKA,TOKA-170,4/24/2018,50,105,,,,,NA,,,,,,,,,,,,,0
SMA-11-01,TOKA,TOKA-170,4/24/2018,1,285,,,,RUUR,9,LOPEM2,,,,,,,,,,S,,0
SMA-11-01,TOKA,TOKA-170,4/24/2018,2,285,,,,LOPEM2,26,CRVET,,,,,,,,,,S,,0
SMA-11-01,TOKA,TOKA-170,4/24/2018,3,285,,,,AVENA,23,TRHI4,LOPEM2,L,,,,,,,,S,,0
SMA-11-01,TOKA,TOKA-170,4/24/2018,4,285,,,,LOPEM2,19,VUBR,BRHO2,L,,,,,,,,S,,0
SMA-11-01,TOKA,TOKA-170,4/24/2018,5,285,,,,LOPEM2,23,VUBR,ACMO2,L,,,,,,,,S,,0
SMA-11-01,TOKA,TOKA-170,4/24/2018,6,285,,,,BRHO2,29,BRDI2,LOPEM2,ACMO2,L,,,,,,,S,,0
SMA-11-01,TOKA,TOKA-170,4/24/2018,7,285,,,,LOPEM2,11,TRDU2,PLLA,,,,,,,,,S,,0
SMA-11-01,TOKA,TOKA-170,4/24/2018,8,285,,,,BRHO2,20,L,,,,,,,,,,S,,0
SMA-11-01,TOKA,TOKA-170,4/24/2018,9,285,,,,ACMO2,10,AVENA,L,,,,,,,,,S,,0
SMA-11-01,TOKA,TOKA-170,4/24/2018,10,285,,,,MASA,31,ACMO2,GALIU,L,,,,,,,,S,,1
SMA-11-01,TOKA,TOKA-170,4/24/2018,11,285,,,,MEPO3,20,BRDI3,BRDI2,,,,,,,,,S,,0
SMA-11-01,TOKA,TOKA-170,4/24/2018,12,285,,,,VUBR,19,ACMO2,ASTERA,L,,,,,,,,S,,0
SMA-11-01,TOKA,TOKA-170,4/24/2018,13,285,,,,AVENA,14,ACMO2,L,,,,,,,,,S,,0
SMA-11-01,TOKA,TOKA-170,4/24/2018,14,285,,,,BRHO2,29,ACMO2,L,,,,,,,,,S,,0
SMA-11-01,TOKA,TOKA-170,4/24/2018,15,285,,,,CRVET,4,L,,,,,,,,,,S,,0
SMA-11-01,TOKA,TOKA-170,4/24/2018,16,285,,,,LIBI5,15,L,,,,,,,,,,S,,0
SMA-11-01,TOKA,TOKA-170,4/24/2018,17,285,BAPI,,,BRDI2,15,ACMO2,L,,,,,,,,,S,,0
SMA-11-01,TOKA,TOKA-170,4/24/2018,18,285,,,,LOPEM2,18,AVENA,ACMO2,HYGL2,L,,,,,,,S,,0
SMA-11-01,TOKA,TOKA-170,4/24/2018,19,285,,,,BRMI2,24,LOPEM2,CRVET,,,,,,,,,S,,0
SMA-11-01,TOKA,TOKA-170,4/24/2018,20,285,,,,MASA,42,GEDI,BRDI2,L,,,,,,,,S,,1
SMA-11-01,TOKA,TOKA-170,4/24/2018,21,285,,,,ACMO2,8,L,,,,,,,,,,S,,0
SMA-11-01,TOKA,TOKA-170,4/24/2018,22,285,,,,RUUR,14,ACMO2,L,,,,,,,,,S,,0
SMA-11-01,TOKA,TOKA-170,4/24/2018,23,285,,,,VITE,46,MASA,GEDI,L,,,,,,,,S,1,0
SMA-11-01,TOKA,TOKA-170,4/24/2018,24,285,,,,GEDI,17,BRDI2,L,,,,,,,,,S,,0
SMA-11-01,TOKA,TOKA-170,4/24/2018,25,285,,,,MASA,18,GEDI,BRDI2,L,,,,,,,,S,,1
SMA-11-01,TOKA,TOKA-170,4/24/2018,26,285,,,,LOPEM2,25,L,,,,,,,,,,S,,0
SMA-11-01,TOKA,TOKA-170,4/24/2018,27,285,,,,ACMO2,17,GEDI,CRVET,L,,,,,,,,S,,0
SMA-11-01,TOKA,TOKA-170,4/24/2018,28,285,,,,BRHO2,17,GEDI,LOPEM2,L,,,,,,,,S,,0
SMA-11-01,TOKA,TOKA-170,4/24/2018,29,285,,,,MASA,30,GEDI,BRDI2,ACMO2,,,,,,,,S,,1
SMA-11-01,TOKA,TOKA-170,4/24/2018,30,285,BAPI,,,MASA,20,BRDI2,L,,,,,,,,,S,,1
SMA-11-01,TOKA,TOKA-170,4/24/2018,31,285,BAPI,,,BRDI3,15,L,,,,,,,,,,S,,0
SMA-11-01,TOKA,TOKA-170,4/24/2018,32,285,,,,ACMO2,14,,,,,,,,,,,S,,0
SMA-11-01,TOKA,TOKA-170,4/24/2018,33,285,,,,BRDI2,21,CAPY2,ACMO2,L,,,,,,,,S,,0
SMA-11-01,TOKA,TOKA-170,4/24/2018,34,285,,,,AVBA,26,ACMO2,MASA,L,,,,,,,,S,2,0
SMA-11-01,TOKA,TOKA-170,4/24/2018,35,285,,,,AVBA,26,CAPY2,GEDI,L,,,,,,,,S,,0
SMA-11-01,TOKA,TOKA-170,4/24/2018,36,285,,,,CAPY2,20,L,,,,,,,,,,S,,0
SMA-11-01,TOKA,TOKA-170,4/24/2018,37,285,,,,CAPY2,26,L,,,,,,,,,,S,,0
SMA-11-01,TOKA,TOKA-170,4/24/2018,38,285,,,,CAPY2,17,L,,,,,,,,,,S,,0
SMA-11-01,TOKA,TOKA-170,4/24/2018,39,285,,,,AVBA,43,CAPY2,L,,,,,,,,,S,,0
SMA-11-01,TOKA,TOKA-170,4/24/2018,40,285,,,,AVBA,19,CAPY2,L,,,,,,,,,S,,0
SMA-11-01,TOKA,TOKA-170,4/24/2018,41,285,,,,BRCA5,40,GEDI,CAPY2,ACMO2,L,,,,,,,S,,0
SMA-11-01,TOKA,TOKA-170,4/24/2018,42,285,,,,CAPY2,50,CAPY2,L,,,,,,,,,S,,1
SMA-11-01,TOKA,TOKA-170,4/24/2018,43,285,,,,2FA,52,,CAPY2,L,,,,,,,,S,,1
SMA-11-01,TOKA,TOKA-170,4/24/2018,44,285,,,,AVBA,29,CAPY2,ACMO2,L,,,,,,,,S,,0
SMA-11-01,TOKA,TOKA-170,4/24/2018,45,285,,,,AVBA,30,ACMO2,L,,,,,,,,,S,,0
SMA-11-01,TOKA,TOKA-170,4/24/2018,46,285,,,,AVBA,21,LOPEM2,ACMO2,L,,,,,,,,S,,0
SMA-11-01,TOKA,TOKA-170,4/24/2018,47,285,,,,CAPY2,14,L,,,,,,,,,,S,,0
SMA-11-01,TOKA,TOKA-170,4/24/2018,48,285,,,,LIBI5,30,AVBA,CRVET,L,,,,,,,,S,,0
SMA-11-01,TOKA,TOKA-170,4/24/2018,49,285,,,,PHAQ,40,BRDI2,L,,,,,,,,,S,,0
SMA-11-01,TOKA,TOKA-170,4/24/2018,50,285,,,,BRHO2,30,L,,,,,,,,,,S,,0
SMA-11-01,TOKA,TOKA-170,5/24/2022,1,105,NOPLANT,,,AVBA,20,BRDI2,L,,,,,,,,,S,,0
SMA-11-01,TOKA,TOKA-170,5/24/2022,2,105,NOPLANT,,,AVBA,17,BRDI2,2GA,,,,,,,,,S,2,0
SMA-11-01,TOKA,TOKA-170,5/24/2022,3,105,NOPLANT,,,AVBA,31,LOPEM2,2GA,,,,,,,,,S,2,0
SMA-11-01,TOKA,TOKA-170,5/24/2022,4,105,NOPLANT,,,GERAN,7,VIVI,2GA,,,,,,,,,S,2,0
SMA-11-01,TOKA,TOKA-170,5/24/2022,5,105,NOPLANT,,,CRVET,29,L,,,,,,,,,,S,,0
SMA-11-01,TOKA,TOKA-170,5/24/2022,6,105,NOPLANT,,,NOPLANT,NA,L,,,,,,,,,,S,,0
SMA-11-01,TOKA,TOKA-170,5/24/2022,7,105,BAPI,,,VIVI,35,VISA,TRIFO,L,,,,,,,,S,,0
SMA-11-01,TOKA,TOKA-170,5/24/2022,8,105,NOPLANT,,,PLLA,5,LIBI5,L,,,,,,,,,S,,0
SMA-11-01,TOKA,TOKA-170,5/24/2022,9,105,NOPLANT,,,BRDI2,13,2GA,,,,,,,,,,S,1,0
SMA-11-01,TOKA,TOKA-170,5/24/2022,10,105,NOPLANT,,,AVBA,10,PLLA,BRDI2,TRMA2,,,,,,,,S,,0
SMA-11-01,TOKA,TOKA-170,5/24/2022,11,105,NOPLANT,,,AVBA,36,TRHI4,L,,,,,,,,,S,,0
SMA-11-01,TOKA,TOKA-170,5/24/2022,12,105,NOPLANT,,,BRDI2,8,,,,,,,,,,,S,,0
SMA-11-01,TOKA,TOKA-170,5/24/2022,13,105,NOPLANT,,,LOPEM2,7,,,,,,,,,,,AM,,0
SMA-11-01,TOKA,TOKA-170,5/24/2022,14,105,NOPLANT,,,2GA,7,LOPEM2,L,,,,,,,,,S,,0
SMA-11-01,TOKA,TOKA-170,5/24/2022,15,105,NOPLANT,,,AVBA,16,2GA,,,,,,,,,,S,1,0
SMA-11-01,TOKA,TOKA-170,5/24/2022,16,105,NOPLANT,,,LOPEM2,23,TRMA2,,,,,,,,,,S,,0
SMA-11-01,TOKA,TOKA-170,5/24/2022,17,105,NOPLANT,,,LOPEM2,26,LUFOF,,,,,,,,,,S,,0
SMA-11-01,TOKA,TOKA-170,5/24/2022,18,105,NOPLANT,,,LUFOF,30,,,,,,,,,,,S,,0
SMA-11-01,TOKA,TOKA-170,5/24/2022,19,105,NOPLANT,,,VIVI,10,,,,,,,,,,,,,0
SMA-11-01,TOKA,TOKA-170,5/24/2022,20,105,NOPLANT,,,LOPEM2,12,BRDI2,,,,,,,,,,S,,0
SMA-11-01,TOKA,TOKA-170,5/24/2022,21,105,NOPLANT,,,LUFOF,16,L,,,,,,,,,,S,,0
SMA-11-01,TOKA,TOKA-170,5/24/2022,22,105,NOPLANT,,,BRDI2,5,L,,,,,,,,,,S,,0
SMA-11-01,TOKA,TOKA-170,5/24/2022,23,105,NOPLANT,,,BRDI2,11,,,,,,,,,,,S,,0
SMA-11-01,TOKA,TOKA-170,5/24/2022,24,105,NOPLANT,,,LIBI5,21,CRVET,L,,,,,,,,,S,,0
SMA-11-01,TOKA,TOKA-170,5/24/2022,25,105,NOPLANT,,,BRDI2,12,ASTERA,2GA,,,,,,,,,S,2,0
SMA-11-01,TOKA,TOKA-170,5/24/2022,26,105,NOPLANT,,,BRDI2,14,L,,,,,,,,,,S,,0
SMA-11-01,TOKA,TOKA-170,5/24/2022,27,105,NOPLANT,,,AVBA,16,2GA,,,,,,,,,,S,1,0
SMA-11-01,TOKA,TOKA-170,5/24/2022,28,105,NOPLANT,,,PLLA,22,LUFOF,BRDI2,,,,,,,,,S,,0
SMA-11-01,TOKA,TOKA-170,5/24/2022,29,105,NOPLANT,,,BRDI2,21,,,,,,,,,,,S,,0
SMA-11-01,TOKA,TOKA-170,5/24/2022,30,105,NOPLANT,,,BRDI2,5,2GA,,,,,,,,,,S,1,0
SMA-11-01,TOKA,TOKA-170,5/24/2022,31,105,NOPLANT,,,BRDI2,8,CRVET,2GA,,,,,,,,,S,2,0
SMA-11-01,TOKA,TOKA-170,5/24/2022,32,105,NOPLANT,,,BRDI2,20,HYRA3,TRDU2,2GA,,,,,,,,S,3,0
SMA-11-01,TOKA,TOKA-170,5/24/2022,33,105,NOPLANT,,,NOPLANT,NA,,,,,,,,,,,S,,0
SMA-11-01,TOKA,TOKA-170,5/24/2022,34,105,BAPI,,,AVBA,91,BRDI2,GALIU,CRVET,2GA,,,,,,,S,4,0
SMA-11-01,TOKA,TOKA-170,5/24/2022,35,105,NOPLANT,,,BRDI2,8,PLLA,L,,,,,,,,,S,,0
SMA-11-01,TOKA,TOKA-170,5/24/2022,36,105,,,,,NA,,,,,,,,,,,,,0
SMA-11-01,TOKA,TOKA-170,5/24/2022,37,105,,,,,NA,,,,,,,,,,,,,0
SMA-11-01,TOKA,TOKA-170,5/24/2022,38,105,,,,,NA,,,,,,,,,,,,,0
SMA-11-01,TOKA,TOKA-170,5/24/2022,39,105,,,,,NA,,,,,,,,,,,,,0
SMA-11-01,TOKA,TOKA-170,5/24/2022,40,105,,,,,NA,,,,,,,,,,,,,0
SMA-11-01,TOKA,TOKA-170,5/24/2022,41,105,,,,,NA,,,,,,,,,,,,,0
SMA-11-01,TOKA,TOKA-170,5/24/2022,42,105,,,,,NA,,,,,,,,,,,,,0
SMA-11-01,TOKA,TOKA-170,5/24/2022,43,105,,,,,NA,,,,,,,,,,,,,0
SMA-11-01,TOKA,TOKA-170,5/24/2022,44,105,,,,,NA,,,,,,,,,,,,,0
SMA-11-01,TOKA,TOKA-170,5/24/2022,45,105,,,,,NA,,,,,,,,,,,,,0
SMA-11-01,TOKA,TOKA-170,5/24/2022,46,105,,,,,NA,,,,,,,,,,,,,0
SMA-11-01,TOKA,TOKA-170,5/24/2022,47,105,,,,,NA,,,,,,,,,,,,,0
SMA-11-01,TOKA,TOKA-170,5/24/2022,48,105,,,,,NA,,,,,,,,,,,,,0
SMA-11-01,TOKA,TOKA-170,5/24/2022,49,105,,,,,NA,,,,,,,,,,,,,0
SMA-11-01,TOKA,TOKA-170,5/24/2022,50,105,,,,,NA,,,,,,,,,,,,,0
SMA-11-01,TOKA,TOKA-170,5/24/2022,1,285,NOPLANT,,,AVBA,60,MEDIC,,,,,,,,,,S,,0
SMA-11-01,TOKA,TOKA-170,5/24/2022,2,285,NOPLANT,,,VISA,20,CYEC,,,,,,,,,,S,,0
SMA-11-01,TOKA,TOKA-170,5/24/2022,3,285,NOPLANT,,,LUFOF,30,BRDI2,2GA,L,,,,,,,,S,2,0
SMA-11-01,TOKA,TOKA-170,5/24/2022,4,285,NOPLANT,,,BRDI2,5,L,,,,,,,,,,S,,0
SMA-11-01,TOKA,TOKA-170,5/24/2022,5,285,NOPLANT,,,PLLA,17,TRMA2,,,,,,,,,,S,,0
SMA-11-01,TOKA,TOKA-170,5/24/2022,6,285,NOPLANT,,,NOPLANT,NA,L,,,,,,,,,,S,,0
SMA-11-01,TOKA,TOKA-170,5/24/2022,7,285,BAPI,,,BRDI2,19,HYRA3,L,,,,,,,,,S,,0
SMA-11-01,TOKA,TOKA-170,5/24/2022,8,285,NOPLANT,,,HYRA3,6,L,,,,,,,,,,S,,0
SMA-11-01,TOKA,TOKA-170,5/24/2022,9,285,BAPI,,,BRDI2,9,L,,,,,,,,,,S,,0
SMA-11-01,TOKA,TOKA-170,5/24/2022,10,285,BAPI,,,BRDI2,13,CRVET,,,,,,,,,,S,,0
SMA-11-01,TOKA,TOKA-170,5/24/2022,11,285,NOPLANT,,,BRDI2,35,TRMA2,TRDU2,L,,,,,,,,S,,0
SMA-11-01,TOKA,TOKA-170,5/24/2022,12,285,NOPLANT,,,CYEC,4,CRVET,L,,,,,,,,,S,,0
SMA-11-01,TOKA,TOKA-170,5/24/2022,13,285,NOPLANT,,,HYRA3,12,BRHO2,L,,,,,,,,,S,,0
SMA-11-01,TOKA,TOKA-170,5/24/2022,14,285,BAPI,,,BRDI2,13,L,,,,,,,,,,S,,0
SMA-11-01,TOKA,TOKA-170,5/24/2022,15,285,BAPI,,,VIVI,6,BRDI2,CRVET,L,,,,,,,,S,,0
SMA-11-01,TOKA,TOKA-170,5/24/2022,16,285,NOPLANT,,,BRDI2,15,,,,,,,,,,,S,,0
SMA-11-01,TOKA,TOKA-170,5/24/2022,17,285,NOPLANT,,,LOPEM2,10,GERAN,BRDI2,L,,,,,,,,S,,0
SMA-11-01,TOKA,TOKA-170,5/24/2022,18,285,NOPLANT,,,BRDI2,9,L,,,,,,,,,,S,,0
SMA-11-01,TOKA,TOKA-170,5/24/2022,19,285,NOPLANT,,,CRVET,15,CYEC,,,,,,,,,,S,,0
SMA-11-01,TOKA,TOKA-170,5/24/2022,20,285,NOPLANT,,,AVBA,15,TRDU2,L,,,,,,,,,S,,0
SMA-11-01,TOKA,TOKA-170,5/24/2022,21,285,NOPLANT,,,AVBA,41,,,,,,,,,,,S,,0
SMA-11-01,TOKA,TOKA-170,5/24/2022,22,285,NOPLANT,,,VISA,10,BRDI2,L,,,,,,,,,S,,0
SMA-11-01,TOKA,TOKA-170,5/24/2022,23,285,NOPLANT,,,PLLA,6,TRMA2,L,,,,,,,,,S,,0
SMA-11-01,TOKA,TOKA-170,5/24/2022,24,285,NOPLANT,,,VISA,11,CRVET,,,,,,,,,,S,,0
SMA-11-01,TOKA,TOKA-170,5/24/2022,25,285,NOPLANT,,,BRDI2,10,CRVET,AVBA,L,,,,,,,,S,,0
SMA-11-01,TOKA,TOKA-170,5/24/2022,26,285,NOPLANT,,,LOPEM2,8,BRDI2,L,,,,,,,,,S,,0
SMA-11-01,TOKA,TOKA-170,5/24/2022,27,285,NOPLANT,,,AVBA,24,VIVI,L,,,,,,,,,S,,0
SMA-11-01,TOKA,TOKA-170,5/24/2022,28,285,BAPI,,,AVBA,56,2GA,L,,,,,,,,,S,1,0
SMA-11-01,TOKA,TOKA-170,5/24/2022,29,285,BAPI,,,DAGL,19,BRDI2,L,,,,,,,,,S,,0
SMA-11-01,TOKA,TOKA-170,5/24/2022,30,285,BAPI,,,DAGL,20,ASTERA,L,,,,,,,,,S,,0
SMA-11-01,TOKA,TOKA-170,5/24/2022,31,285,BAPI,,,DAGL,16,PLLA,CRVET,L,,,,,,,,S,,0
SMA-11-01,TOKA,TOKA-170,5/24/2022,32,285,NOPLANT,,,NOPLANT,NA,L,,,,,,,,,,S,,0
SMA-11-01,TOKA,TOKA-170,5/24/2022,33,285,NOPLANT,,,AVBA,31,CYEC,L,,,,,,,,,S,,0
SMA-11-01,TOKA,TOKA-170,5/24/2022,34,285,NOPLANT,,,AVBA,50,VIVI,2GA,,,,,,,,,S,2,0
SMA-11-01,TOKA,TOKA-170,5/24/2022,35,285,NOPLANT,,,AVBA,56,2GA,,,,,,,,,,S,1,0
SMA-11-01,TOKA,TOKA-170,5/24/2022,36,285,NOPLANT,,,AVBA,50,BRDI2,L,,,,,,,,,S,,0
SMA-11-01,TOKA,TOKA-170,5/24/2022,37,285,NOPLANT,,,RUAC3,55,AVBA,L,,,,,,,,,S,,0
SMA-11-01,TOKA,TOKA-170,5/24/2022,38,285,NOPLANT,,,AVBA,55,RUAC3,BRHO2,L,,,,,,,,S,,0
SMA-11-01,TOKA,TOKA-170,5/24/2022,39,285,NOPLANT,,,AVBA,64,RUAC3,CYEC,L,,,,,,,,S,,0
SMA-11-01,TOKA,TOKA-170,5/24/2022,40,285,NOPLANT,,,AVBA,51,LOPEM2,L,,,,,,,,,S,,0
SMA-11-01,TOKA,TOKA-170,5/24/2022,41,285,BAPI,,,BRDI2,31,VIVI,L,,,,,,,,,S,,0
SMA-11-01,TOKA,TOKA-170,5/24/2022,42,285,BAPI,,,AVBA,15,ANAR,BRDI2,VITE,L,,,,,,,S,,0
SMA-11-01,TOKA,TOKA-170,5/24/2022,43,285,BAPI,,,DAGL,19,L,,,,,,,,,,S,,0
SMA-11-01,TOKA,TOKA-170,5/24/2022,44,285,NOPLANT,,,HYRA3,18,BRDI2,L,,,,,,,,,S,,0
SMA-11-01,TOKA,TOKA-170,5/24/2022,45,285,NOPLANT,,,BRDI2,21,VITE,,,,,,,,,,S,,0
SMA-11-01,TOKA,TOKA-170,5/24/2022,46,285,NOPLANT,,,PHAQ,90,BRDI2,L,,,,,,,,,S,,0
SMA-11-01,TOKA,TOKA-170,5/24/2022,47,285,NOPLANT,,,AVBA,15,LIBI5,BRDI2,2FA,,,,,,,,S,,0
SMA-11-01,TOKA,TOKA-170,5/24/2022,48,285,BAPI,,,PHAQ,36,VITE,L,,,,,,,,,S,,0
SMA-11-01,TOKA,TOKA-170,5/24/2022,49,285,BAPI,,,PHAQ,22,PHAQ,L,,,,,,,,,S,1,0
SMA-11-01,TOKA,TOKA-170,5/24/2022,50,285,BAPI,,,NOPLANT,NA,L,,,,,,,,,,S,,0
SMA-11-01,TOKA,TOKA-FNR,5/25/2022,1,50,NOPLANT,,,PHAQ,25,PHAQ,,,,,,,,,,S,1,0
SMA-11-01,TOKA,TOKA-FNR,5/25/2022,2,50,NOPLANT,,,PHAQ,26,L,,,,,,,,,,S,,0
SMA-11-01,TOKA,TOKA-FNR,5/25/2022,3,50,NOPLANT,,,PHAQ,25,L,,,,,,,,,,S,,0
SMA-11-01,TOKA,TOKA-FNR,5/25/2022,4,50,NOPLANT,,,PHAQ,30,MEDIC,VISA,L,,,,,,,,S,,0
SMA-11-01,TOKA,TOKA-FNR,5/25/2022,5,50,NOPLANT,,,PHAQ,7,MEDIC,VISA,L,,,,,,,,S,,0
SMA-11-01,TOKA,TOKA-FNR,5/25/2022,6,50,NOPLANT,,,PHAQ,53,L,,,,,,,,,,S,,0
SMA-11-01,TOKA,TOKA-FNR,5/25/2022,7,50,NOPLANT,,,PHAQ,31,L,,,,,,,,,,S,,0
SMA-11-01,TOKA,TOKA-FNR,5/25/2022,8,50,NOPLANT,,,SCAR7,56,PHAQ,,,,,,,,,,S,,0
SMA-11-01,TOKA,TOKA-FNR,5/25/2022,9,50,NOPLANT,,,PHAQ,56,MEDIC,,,,,,,,,,S,,0
SMA-11-01,TOKA,TOKA-FNR,5/25/2022,10,50,NOPLANT,,,PHAQ,58,L,,,,,,,,,,S,,0
SMA-11-01,TOKA,TOKA-FNR,5/25/2022,11,50,NOPLANT,,,SCAR7,89,PHAQ,L,,,,,,,,,S,,0
SMA-11-01,TOKA,TOKA-FNR,5/25/2022,12,50,NOPLANT,,,SCAR7,35,LOPEM2,PHAQ,,,,,,,,,S,,0
SMA-11-01,TOKA,TOKA-FNR,5/25/2022,13,50,NOPLANT,,,SCAR7,81,PHAQ,VITE,L,,,,,,,,S,,0
SMA-11-01,TOKA,TOKA-FNR,5/25/2022,14,50,NOPLANT,,,PHAQ,4,L,,,,,,,,,,S,,0
SMA-11-01,TOKA,TOKA-FNR,5/25/2022,15,50,NOPLANT,,,PHAQ,103,,,,,,,,,,,S,,0
SMA-11-01,TOKA,TOKA-FNR,5/25/2022,16,50,NOPLANT,,,PHAQ,37,HOBR2,,,,,,,,,,S,,0
SMA-11-01,TOKA,TOKA-FNR,5/25/2022,17,50,NOPLANT,,,PHAQ,43,,,,,,,,,,,S,,0
SMA-11-01,TOKA,TOKA-FNR,5/25/2022,18,50,NOPLANT,,,SCAR7,103,LOPEM2,PHAQ,L,,,,,,,,S,,0
SMA-11-01,TOKA,TOKA-FNR,5/25/2022,19,50,NOPLANT,,,LOPEM2,42,BRHO2,L,,,,,,,,,S,,0
SMA-11-01,TOKA,TOKA-FNR,5/25/2022,20,50,NOPLANT,,,PHAQ,25,GEDI,L,,,,,,,,,S,,0
SMA-11-01,TOKA,TOKA-FNR,5/25/2022,21,50,NOPLANT,,,LOPEM2,48,PHAQ,VUMY,L,,,,,,,,S,,0
SMA-11-01,TOKA,TOKA-FNR,5/25/2022,22,50,NOPLANT,,,PHAQ,17,HOBR2,TACA8,L,,,,,,,,S,,0
SMA-11-01,TOKA,TOKA-FNR,5/25/2022,23,50,NOPLANT,,,HOBR2,7,LOPEM2,L,,,,,,,,,S,,0
SMA-11-01,TOKA,TOKA-FNR,5/25/2022,24,50,NOPLANT,,,LOPEM2,45,TRAN6,L,,,,,,,,,S,,0
SMA-11-01,TOKA,TOKA-FNR,5/25/2022,25,50,NOPLANT,,,PHAQ,8,2GA,,,,,,,,,,S,1,0
SMA-11-01,TOKA,TOKA-FNR,5/25/2022,26,50,NOPLANT,,,PHAQ,24,L,,,,,,,,,,S,,0
SMA-11-01,TOKA,TOKA-FNR,5/25/2022,27,50,NOPLANT,,,PHAQ,36,VITE,GEDI,L,,,,,,,,S,,0
SMA-11-01,TOKA,TOKA-FNR,5/25/2022,28,50,NOPLANT,,,PHAQ,65,LOPEM2,VITE,L,,,,,,,,S,,0
SMA-11-01,TOKA,TOKA-FNR,5/25/2022,29,50,NOPLANT,,,LOPEM2,52,PHAQ,HOBR2,BRHO2,L,,,,,,,S,,0
SMA-11-01,TOKA,TOKA-FNR,5/25/2022,30,50,NOPLANT,,,PHAQ,56,MEDIC,GEDI,VITE,L,,,,,,,S,,0
SMA-11-01,TOKA,TOKA-FNR,5/25/2022,31,50,NOPLANT,,,PHAQ,76,L,,,,,,,,,,S,,0
SMA-11-01,TOKA,TOKA-FNR,5/25/2022,32,50,NOPLANT,,,PHAQ,27,GEDI,L,,,,,,,,,S,,0
SMA-11-01,TOKA,TOKA-FNR,5/25/2022,33,50,NOPLANT,,,PHAQ,27,VISA,L,,,,,,,,,S,,0
SMA-11-01,TOKA,TOKA-FNR,5/25/2022,34,50,NOPLANT,,,PHAQ,17,VISA,,,,,,,,,,S,,0
SMA-11-01,TOKA,TOKA-FNR,5/25/2022,35,50,NOPLANT,,,PHAQ,14,PHAQ,,,,,,,,,,S,1,0
SMA-11-01,TOKA,TOKA-FNR,5/25/2022,36,50,NOPLANT,,,PHAQ,17,GEDI,L,,,,,,,,,S,,0
SMA-11-01,TOKA,TOKA-FNR,5/25/2022,37,50,NOPLANT,,,AVBA,103,PHAQ,2GA,PHAQ,L,,,,,,,S,,0
SMA-11-01,TOKA,TOKA-FNR,5/25/2022,38,50,NOPLANT,,,2GA,7,AVBA,LOPEM2,BRHO2,L,,,,,,,S,,0
SMA-11-01,TOKA,TOKA-FNR,5/25/2022,39,50,NOPLANT,,,AVBA,12,TACA8,L,,,,,,,,,S,,0
SMA-11-01,TOKA,TOKA-FNR,5/25/2022,40,50,NOPLANT,,,AVBA,25,LOPEM2,LOCO6,GEDI,L,,,,,,,S,,0
SMA-11-01,TOKA,TOKA-FNR,5/25/2022,41,50,NOPLANT,,,PHAQ,19,PHAQ,,,,,,,,,,S,1,0
SMA-11-01,TOKA,TOKA-FNR,5/25/2022,42,50,NOPLANT,,,PHAQ,82,AVBA,BRHO2,TRAN6,L,,,,,,,S,3,0
SMA-11-01,TOKA,TOKA-FNR,5/25/2022,43,50,NOPLANT,,,PHAQ,45,LOPEM2,AVBA,L,,,,,,,,S,,0
SMA-11-01,TOKA,TOKA-FNR,5/25/2022,44,50,NOPLANT,,,PHAQ,60,L,,,,,,,,,,S,,0
SMA-11-01,TOKA,TOKA-FNR,5/25/2022,45,50,NOPLANT,,,PHAQ,45,PHAQ,,,,,,,,,,S,1,0
SMA-11-01,TOKA,TOKA-FNR,5/25/2022,46,50,NOPLANT,,,PHAQ,62,PHAQ,,,,,,,,,,S,1,0
SMA-11-01,TOKA,TOKA-FNR,5/25/2022,47,50,NOPLANT,,,PHAQ,71,PHAQ,,,,,,,,,,S,1,0
SMA-11-01,TOKA,TOKA-FNR,5/25/2022,48,50,NOPLANT,,,PHAQ,91,,,,,,,,,,,S,,0
SMA-11-01,TOKA,TOKA-FNR,5/25/2022,49,50,NOPLANT,,,AVBA,105,PHAQ,L,,,,,,,,,S,,0
SMA-11-01,TOKA,TOKA-FNR,5/25/2022,50,50,NOPLANT,,,AVBA,81,PHAQ,BRHO2,LOPEM2,TACA8,L,,,,,,S,,0
SMA-11-01,TOKA,TOKA-FNR,5/25/2022,1,230,NOPLANT,,,PHAQ,55,PHAQ,,,,,,,,,,S,1,0
SMA-11-01,TOKA,TOKA-FNR,5/25/2022,2,230,NOPLANT,,,PHAQ,14,MEDIC,PHAQ,,,,,,,,,S,2,0
SMA-11-01,TOKA,TOKA-FNR,5/25/2022,3,230,NOPLANT,,,HOBR2,26,PHAQ,MEDIC,L,,,,,,,,S,,0
SMA-11-01,TOKA,TOKA-FNR,5/25/2022,4,230,NOPLANT,,,PHAQ,10,MEDIC,L,,,,,,,,,S,,0
SMA-11-01,TOKA,TOKA-FNR,5/25/2022,5,230,NOPLANT,,,PHAQ,35,PHAQ,,,,,,,,,,S,1,0
SMA-11-01,TOKA,TOKA-FNR,5/25/2022,6,230,NOPLANT,,,PHAQ,42,PHAQ,,,,,,,,,,S,1,0
SMA-11-01,TOKA,TOKA-FNR,5/25/2022,7,230,NOPLANT,,,PHAQ,60,PHAQ,,,,,,,,,,S,1,0
SMA-11-01,TOKA,TOKA-FNR,5/25/2022,8,230,NOPLANT,,,SCAR7,16,PHAQ,,,,,,,,,,S,1,0
SMA-11-01,TOKA,TOKA-FNR,5/25/2022,9,230,NOPLANT,,,PHAQ,8,PHAQ,,,,,,,,,,S,,1
SMA-11-01,TOKA,TOKA-FNR,5/25/2022,10,230,NOPLANT,,,PHAQ,36,PHAQ,,,,,,,,,,S,1,0
SMA-11-01,TOKA,TOKA-FNR,5/25/2022,11,230,NOPLANT,,,PHAQ,26,PHAQ,,,,,,,,,,S,1,0
SMA-11-01,TOKA,TOKA-FNR,5/25/2022,12,230,NOPLANT,,,LOPEM2,16,VISA,BRHO2,L,,,,,,,,S,,0
SMA-11-01,TOKA,TOKA-FNR,5/25/2022,13,230,NOPLANT,,,PHAQ,25,,,,,,,,,,,S,,0
SMA-11-01,TOKA,TOKA-FNR,5/25/2022,14,230,NOPLANT,,,PHAQ,30,LOPEM2,L,,,,,,,,,S,,0
SMA-11-01,TOKA,TOKA-FNR,5/25/2022,15,230,NOPLANT,,,PHAQ,84,PHAQ,,,,,,,,,,S,1,0
SMA-11-01,TOKA,TOKA-FNR,5/25/2022,16,230,NOPLANT,,,PHAQ,47,LOPEM2,PHAQ,,,,,,,,,S,2,0
SMA-11-01,TOKA,TOKA-FNR,5/25/2022,17,230,NOPLANT,,,LOPEM2,6,PHAQ,L,,,,,,,,,S,,0
SMA-11-01,TOKA,TOKA-FNR,5/25/2022,18,230,NOPLANT,,,PHAQ,52,LOPEM2,VITE,,,,,,,,,S,,0
SMA-11-01,TOKA,TOKA-FNR,5/25/2022,19,230,NOPLANT,,,PHAQ,46,LOPEM2,L,,,,,,,,,S,,0
SMA-11-01,TOKA,TOKA-FNR,5/25/2022,20,230,NOPLANT,,,PHAQ,30,PHAQ,,,,,,,,,,S,1,0
SMA-11-01,TOKA,TOKA-FNR,5/25/2022,21,230,NOPLANT,,,PHAQ,25,BRHO2,VUBR,L,,,,,,,,S,,0
SMA-11-01,TOKA,TOKA-FNR,5/25/2022,22,230,NOPLANT,,,PHAQ,32,L,,,,,,,,,,S,,0
SMA-11-01,TOKA,TOKA-FNR,5/25/2022,23,230,NOPLANT,,,HOBR2,59,PHAQ,PHAQ,,,,,,,,,S,2,0
SMA-11-01,TOKA,TOKA-FNR,5/25/2022,24,230,NOPLANT,,,PHAQ,61,VITE,L,,,,,,,,,S,,0
SMA-11-01,TOKA,TOKA-FNR,5/25/2022,25,230,NOPLANT,,,PHAQ,9,VISA,L,,,,,,,,,S,,0
SMA-11-01,TOKA,TOKA-FNR,5/25/2022,26,230,NOPLANT,,,PHAQ,15,L,,,,,,,,,,S,,0
SMA-11-01,TOKA,TOKA-FNR,5/25/2022,27,230,NOPLANT,,,VISA,16,PHAQ,PHAQ,,,,,,,,,S,2,0
SMA-11-01,TOKA,TOKA-FNR,5/25/2022,28,230,NOPLANT,,,PHAQ,44,VISA,PHAQ,,,,,,,,,S,2,0
SMA-11-01,TOKA,TOKA-FNR,5/25/2022,29,230,NOPLANT,,,VUBR,24,PHAQ,PHAQ,,,,,,,,,S,2,0
SMA-11-01,TOKA,TOKA-FNR,5/25/2022,30,230,NOPLANT,,,PHAQ,45,PHAQ,,,,,,,,,,S,1,0
SMA-11-01,TOKA,TOKA-FNR,5/25/2022,31,230,NOPLANT,,,PHAQ,56,BRHO2,VUBR,L,,,,,,,,S,,0
SMA-11-01,TOKA,TOKA-FNR,5/25/2022,32,230,NOPLANT,,,PHAQ,37,VUBR,L,,,,,,,,,S,,0
SMA-11-01,TOKA,TOKA-FNR,5/25/2022,33,230,NOPLANT,,,PHAQ,30,VUBR,L,,,,,,,,,S,,0
SMA-11-01,TOKA,TOKA-FNR,5/25/2022,34,230,NOPLANT,,,PHAQ,49,VISA,L,,,,,,,,,S,,0
SMA-11-01,TOKA,TOKA-FNR,5/25/2022,35,230,NOPLANT,,,PHAQ,21,VITE,L,,,,,,,,,S,,0
SMA-11-01,TOKA,TOKA-FNR,5/25/2022,36,230,NOPLANT,,,PHAQ,63,PHAQ,,,,,,,,,,S,1,0
SMA-11-01,TOKA,TOKA-FNR,5/25/2022,37,230,NOPLANT,,,VISA,14,PHAQ,PHAQ,,,,,,,,,S,2,0
SMA-11-01,TOKA,TOKA-FNR,5/25/2022,38,230,NOPLANT,,,PHAQ,52,VISA,VUBR,L,,,,,,,,S,,0
SMA-11-01,TOKA,TOKA-FNR,5/25/2022,39,230,NOPLANT,,,PHAQ,36,COAR4,VUBR,L,,,,,,,,S,,0
SMA-11-01,TOKA,TOKA-FNR,5/25/2022,40,230,NOPLANT,,,VUBR,26,PHAQ,COAR4,L,,,,,,,,S,,0
SMA-11-01,TOKA,TOKA-FNR,5/25/2022,41,230,NOPLANT,,,PHAQ,17,VUBR,PHAQ,,,,,,,,,S,2,0
SMA-11-01,TOKA,TOKA-FNR,5/25/2022,42,230,NOPLANT,,,PHAQ,41,VUBR,,,,,,,,,,AM,,0
SMA-11-01,TOKA,TOKA-FNR,5/25/2022,43,230,NOPLANT,,,PHAQ,66,BRHO2,VUBR,L,,,,,,,,S,,0
SMA-11-01,TOKA,TOKA-FNR,5/25/2022,44,230,NOPLANT,,,PHAQ,25,L,,,,,,,,,,S,,0
SMA-11-01,TOKA,TOKA-FNR,5/25/2022,45,230,NOPLANT,,,PHAQ,25,PHAQ,,,,,,,,,,S,1,0
SMA-11-01,TOKA,TOKA-FNR,5/25/2022,46,230,NOPLANT,,,PHAQ,56,PHAQ,,,,,,,,,,S,1,0
SMA-11-01,TOKA,TOKA-FNR,5/25/2022,47,230,NOPLANT,,,NOPLANT,NA,L,,,,,,,,,,S,,0
SMA-11-01,TOKA,TOKA-FNR,5/25/2022,48,230,NOPLANT,,,PHAQ,4,L,,,,,,,,,,S,,0
SMA-11-01,TOKA,TOKA-FNR,5/25/2022,49,230,NOPLANT,,,PIEC,3,L,,,,,,,,,,S,,0
SMA-11-01,TOKA,TOKA-FNR,5/25/2022,50,230,NOPLANT,,,LOPEM2,6,COAR4,,,,,,,,,,S,,0
SMA-11-01,TOKA,TOKA-013,5/16/2025,1,NA,,,,,NA,,,,,,,,NA,,,,,0
SMA-11-01,TOKA,TOKA-013,5/16/2025,2,NA,,,,,NA,,,,,,,,NA,,,,,0
SMA-11-01,TOKA,TOKA-013,5/16/2025,3,NA,,,,,NA,,,,,,,,NA,,,,,0
SMA-11-01,TOKA,TOKA-013,5/16/2025,4,NA,,,,,NA,,,,,,,,NA,,,,,0
SMA-11-01,TOKA,TOKA-013,5/16/2025,5,NA,,,,,NA,,,,,,,,NA,,,,,0
SMA-11-01,TOKA,TOKA-013,5/16/2025,6,NA,,,,,NA,,,,,,,,NA,,,,,0
SMA-11-01,TOKA,TOKA-013,5/16/2025,7,NA,,,,,NA,,,,,,,,NA,,,,,0
SMA-11-01,TOKA,TOKA-013,5/16/2025,8,NA,,,,,NA,,,,,,,,NA,,,,,0
SMA-11-01,TOKA,TOKA-013,5/16/2025,9,NA,,,,,NA,,,,,,,,NA,,,,,0
SMA-11-01,TOKA,TOKA-013,5/16/2025,10,NA,,,,,NA,,,,,,,,NA,,,,,0
SMA-11-01,TOKA,TOKA-013,5/16/2025,11,NA,,,,,NA,,,,,,,,NA,,,,,0
SMA-11-01,TOKA,TOKA-013,5/16/2025,12,NA,,,,,NA,,,,,,,,NA,,,,,0
SMA-11-01,TOKA,TOKA-013,5/16/2025,13,NA,,,,,NA,,,,,,,,NA,,,,,0
SMA-11-01,TOKA,TOKA-013,5/16/2025,14,NA,,,,,NA,,,,,,,,NA,,,,,0
SMA-11-01,TOKA,TOKA-013,5/16/2025,15,NA,,,,,NA,,,,,,,,NA,,,,,0
SMA-11-01,TOKA,TOKA-013,5/16/2025,16,NA,,,,,NA,,,,,,,,NA,,,,,0
SMA-11-01,TOKA,TOKA-013,5/16/2025,17,NA,,,,,NA,,,,,,,,NA,,,,,0
SMA-11-01,TOKA,TOKA-013,5/16/2025,18,NA,,,,,NA,,,,,,,,NA,,,,,0
SMA-11-01,TOKA,TOKA-013,5/16/2025,19,NA,,,,,NA,,,,,,,,NA,,,,,0
SMA-11-01,TOKA,TOKA-013,5/16/2025,20,NA,,,,,NA,,,,,,,,NA,,,,,0
SMA-11-01,TOKA,TOKA-013,5/16/2025,21,NA,,,,,NA,,,,,,,,NA,,,,,0
SMA-11-01,TOKA,TOKA-013,5/16/2025,22,NA,,,,,NA,,,,,,,,NA,,,,,0
SMA-11-01,TOKA,TOKA-013,5/16/2025,23,NA,,,,,NA,,,,,,,,NA,,,,,0
SMA-11-01,TOKA,TOKA-013,5/16/2025,24,NA,,,,,NA,,,,,,,,NA,,,,,0
SMA-11-01,TOKA,TOKA-013,5/16/2025,25,NA,,,,,NA,,,,,,,,NA,,,,,0
SMA-11-01,TOKA,TOKA-013,5/16/2025,26,NA,,,,,NA,,,,,,,,NA,,,,,0
SMA-11-01,TOKA,TOKA-013,5/16/2025,27,NA,,,,,NA,,,,,,,,NA,,,,,0
SMA-11-01,TOKA,TOKA-013,5/16/2025,28,NA,,,,,NA,,,,,,,,NA,,,,,0
SMA-11-01,TOKA,TOKA-013,5/16/2025,29,NA,,,,,NA,,,,,,,,NA,,,,,0
SMA-11-01,TOKA,TOKA-013,5/16/2025,30,NA,,,,,NA,,,,,,,,NA,,,,,0
SMA-11-01,TOKA,TOKA-013,5/16/2025,31,NA,,,,,NA,,,,,,,,NA,,,,,0
SMA-11-01,TOKA,TOKA-013,5/16/2025,32,NA,,,,,NA,,,,,,,,NA,,,,,0
SMA-11-01,TOKA,TOKA-013,5/16/2025,33,NA,,,,,NA,,,,,,,,NA,,,,,0
SMA-11-01,TOKA,TOKA-013,5/16/2025,34,NA,,,,,NA,,,,,,,,NA,,,,,0
SMA-11-01,TOKA,TOKA-013,5/16/2025,35,NA,,,,,NA,,,,,,,,NA,,,,,0
SMA-11-01,TOKA,TOKA-013,5/16/2025,36,NA,,,,,NA,,,,,,,,NA,,,,,0
SMA-11-01,TOKA,TOKA-013,5/16/2025,37,NA,,,,,NA,,,,,,,,NA,,,,,0
SMA-11-01,TOKA,TOKA-013,5/16/2025,38,NA,,,,,NA,,,,,,,,NA,,,,,0
SMA-11-01,TOKA,TOKA-013,5/16/2025,39,NA,,,,,NA,,,,,,,,NA,,,,,0
SMA-11-01,TOKA,TOKA-013,5/16/2025,40,NA,,,,,NA,,,,,,,,NA,,,,,0
SMA-11-01,TOKA,TOKA-013,5/16/2025,41,NA,,,,,NA,,,,,,,,NA,,,,,0
SMA-11-01,TOKA,TOKA-013,5/16/2025,42,NA,,,,,NA,,,,,,,,NA,,,,,0
SMA-11-01,TOKA,TOKA-013,5/16/2025,43,NA,,,,,NA,,,,,,,,NA,,,,,0
SMA-11-01,TOKA,TOKA-013,5/16/2025,44,NA,,,,,NA,,,,,,,,NA,,,,,0
SMA-11-01,TOKA,TOKA-013,5/16/2025,45,NA,,,,,NA,,,,,,,,NA,,,,,0
SMA-11-01,TOKA,TOKA-013,5/16/2025,46,NA,,,,,NA,,,,,,,,NA,,,,,0
SMA-11-01,TOKA,TOKA-013,5/16/2025,47,NA,,,,,NA,,,,,,,,NA,,,,,0
SMA-11-01,TOKA,TOKA-013,5/16/2025,48,NA,,,,,NA,,,,,,,,NA,,,,,0
SMA-11-01,TOKA,TOKA-013,5/16/2025,49,NA,,,,,NA,,,,,,,,NA,,,,,0
SMA-11-01,TOKA,TOKA-013,5/16/2025,50,NA,,,,,NA,,,,,,,,NA,,,,,0
SMA-11-01,TOKA,TOKA-013,5/16/2025,1,NA,,,,,NA,,,,,,,,NA,,,,,0
SMA-11-01,TOKA,TOKA-013,5/16/2025,2,NA,,,,,NA,,,,,,,,NA,,,,,0
SMA-11-01,TOKA,TOKA-013,5/16/2025,3,NA,,,,,NA,,,,,,,,NA,,,,,0
SMA-11-01,TOKA,TOKA-013,5/16/2025,4,NA,,,,,NA,,,,,,,,NA,,,,,0
SMA-11-01,TOKA,TOKA-013,5/16/2025,5,NA,,,,,NA,,,,,,,,NA,,,,,0
SMA-11-01,TOKA,TOKA-013,5/16/2025,6,NA,,,,,NA,,,,,,,,NA,,,,,0
SMA-11-01,TOKA,TOKA-013,5/16/2025,7,NA,,,,,NA,,,,,,,,NA,,,,,0
SMA-11-01,TOKA,TOKA-013,5/16/2025,8,NA,,,,,NA,,,,,,,,NA,,,,,0
SMA-11-01,TOKA,TOKA-013,5/16/2025,9,NA,,,,,NA,,,,,,,,NA,,,,,0
SMA-11-01,TOKA,TOKA-013,5/16/2025,10,NA,,,,,NA,,,,,,,,NA,,,,,0
SMA-11-01,TOKA,TOKA-013,5/16/2025,11,NA,,,,,NA,,,,,,,,NA,,,,,0
SMA-11-01,TOKA,TOKA-013,5/16/2025,12,NA,,,,,NA,,,,,,,,NA,,,,,0
SMA-11-01,TOKA,TOKA-013,5/16/2025,13,NA,,,,,NA,,,,,,,,NA,,,,,0
SMA-11-01,TOKA,TOKA-013,5/16/2025,14,NA,,,,,NA,,,,,,,,NA,,,,,0
SMA-11-01,TOKA,TOKA-013,5/16/2025,15,NA,,,,,NA,,,,,,,,NA,,,,,0
SMA-11-01,TOKA,TOKA-013,5/16/2025,16,NA,,,,,NA,,,,,,,,NA,,,,,0
SMA-11-01,TOKA,TOKA-013,5/16/2025,17,NA,,,,,NA,,,,,,,,NA,,,,,0
SMA-11-01,TOKA,TOKA-013,5/16/2025,18,NA,,,,,NA,,,,,,,,NA,,,,,0
SMA-11-01,TOKA,TOKA-013,5/16/2025,19,NA,,,,,NA,,,,,,,,NA,,,,,0
SMA-11-01,TOKA,TOKA-013,5/16/2025,20,NA,,,,,NA,,,,,,,,NA,,,,,0
SMA-11-01,TOKA,TOKA-013,5/16/2025,21,NA,,,,,NA,,,,,,,,NA,,,,,0
SMA-11-01,TOKA,TOKA-013,5/16/2025,22,NA,,,,,NA,,,,,,,,NA,,,,,0
SMA-11-01,TOKA,TOKA-013,5/16/2025,23,NA,,,,,NA,,,,,,,,NA,,,,,0
SMA-11-01,TOKA,TOKA-013,5/16/2025,24,NA,,,,,NA,,,,,,,,NA,,,,,0
SMA-11-01,TOKA,TOKA-013,5/16/2025,25,NA,,,,,NA,,,,,,,,NA,,,,,0
SMA-11-01,TOKA,TOKA-013,5/16/2025,26,NA,,,,,NA,,,,,,,,NA,,,,,0
SMA-11-01,TOKA,TOKA-013,5/16/2025,27,NA,,,,,NA,,,,,,,,NA,,,,,0
SMA-11-01,TOKA,TOKA-013,5/16/2025,28,NA,,,,,NA,,,,,,,,NA,,,,,0
SMA-11-01,TOKA,TOKA-013,5/16/2025,29,NA,,,,,NA,,,,,,,,NA,,,,,0
SMA-11-01,TOKA,TOKA-013,5/16/2025,30,NA,,,,,NA,,,,,,,,NA,,,,,0
SMA-11-01,TOKA,TOKA-013,5/16/2025,31,NA,,,,,NA,,,,,,,,NA,,,,,0
SMA-11-01,TOKA,TOKA-013,5/16/2025,32,NA,,,,,NA,,,,,,,,NA,,,,,0
SMA-11-01,TOKA,TOKA-013,5/16/2025,33,NA,,,,,NA,,,,,,,,NA,,,,,0
SMA-11-01,TOKA,TOKA-013,5/16/2025,34,NA,,,,,NA,,,,,,,,NA,,,,,0
SMA-11-01,TOKA,TOKA-013,5/16/2025,35,NA,,,,,NA,,,,,,,,NA,,,,,0
SMA-11-01,TOKA,TOKA-013,5/16/2025,36,NA,,,,,NA,,,,,,,,NA,,,,,0
SMA-11-01,TOKA,TOKA-013,5/16/2025,37,NA,,,,,NA,,,,,,,,NA,,,,,0
SMA-11-01,TOKA,TOKA-013,5/16/2025,38,NA,,,,,NA,,,,,,,,NA,,,,,0
SMA-11-01,TOKA,TOKA-013,5/16/2025,39,NA,,,,,NA,,,,,,,,NA,,,,,0
SMA-11-01,TOKA,TOKA-013,5/16/2025,40,NA,,,,,NA,,,,,,,,NA,,,,,0
SMA-11-01,TOKA,TOKA-013,5/16/2025,41,NA,,,,,NA,,,,,,,,NA,,,,,0
SMA-11-01,TOKA,TOKA-013,5/16/2025,42,NA,,,,,NA,,,,,,,,NA,,,,,0
SMA-11-01,TOKA,TOKA-013,5/16/2025,43,NA,,,,,NA,,,,,,,,NA,,,,,0
SMA-11-01,TOKA,TOKA-013,5/16/2025,44,NA,,,,,NA,,,,,,,,NA,,,,,0
SMA-11-01,TOKA,TOKA-013,5/16/2025,45,NA,,,,,NA,,,,,,,,NA,,,,,0
SMA-11-01,TOKA,TOKA-013,5/16/2025,46,NA,,,,,NA,,,,,,,,NA,,,,,0
SMA-11-01,TOKA,TOKA-013,5/16/2025,47,NA,,,,,NA,,,,,,,,NA,,,,,0
SMA-11-01,TOKA,TOKA-013,5/16/2025,48,NA,,,,,NA,,,,,,,,NA,,,,,0
SMA-11-01,TOKA,TOKA-013,5/16/2025,49,NA,,,,,NA,,,,,,,,NA,,,,,0
SMA-11-01,TOKA,TOKA-013,5/16/2025,50,NA,,,,,NA,,,,,,,,NA,,,,,0
SMA-11-01,TOKA,TOKA-041,5/16/2025,1,NA,,,,,NA,,,,,,,,NA,,,,,0
SMA-11-01,TOKA,TOKA-041,5/16/2025,2,NA,,,,,NA,,,,,,,,NA,,,,,0
SMA-11-01,TOKA,TOKA-041,5/16/2025,3,NA,,,,,NA,,,,,,,,NA,,,,,0
SMA-11-01,TOKA,TOKA-041,5/16/2025,4,NA,,,,,NA,,,,,,,,NA,,,,,0
SMA-11-01,TOKA,TOKA-041,5/16/2025,5,NA,,,,,NA,,,,,,,,NA,,,,,0
SMA-11-01,TOKA,TOKA-041,5/16/2025,6,NA,,,,,NA,,,,,,,,NA,,,,,0
SMA-11-01,TOKA,TOKA-041,5/16/2025,7,NA,,,,,NA,,,,,,,,NA,,,,,0
SMA-11-01,TOKA,TOKA-041,5/16/2025,8,NA,,,,,NA,,,,,,,,NA,,,,,0
SMA-11-01,TOKA,TOKA-041,5/16/2025,9,NA,,,,,NA,,,,,,,,NA,,,,,0
SMA-11-01,TOKA,TOKA-041,5/16/2025,10,NA,,,,,NA,,,,,,,,NA,,,,,0
SMA-11-01,TOKA,TOKA-041,5/16/2025,11,NA,,,,,NA,,,,,,,,NA,,,,,0
SMA-11-01,TOKA,TOKA-041,5/16/2025,12,NA,,,,,NA,,,,,,,,NA,,,,,0
SMA-11-01,TOKA,TOKA-041,5/16/2025,13,NA,,,,,NA,,,,,,,,NA,,,,,0
SMA-11-01,TOKA,TOKA-041,5/16/2025,14,NA,,,,,NA,,,,,,,,NA,,,,,0
SMA-11-01,TOKA,TOKA-041,5/16/2025,15,NA,,,,,NA,,,,,,,,NA,,,,,0
SMA-11-01,TOKA,TOKA-041,5/16/2025,16,NA,,,,,NA,,,,,,,,NA,,,,,0
SMA-11-01,TOKA,TOKA-041,5/16/2025,17,NA,,,,,NA,,,,,,,,NA,,,,,0
SMA-11-01,TOKA,TOKA-041,5/16/2025,18,NA,,,,,NA,,,,,,,,NA,,,,,0
SMA-11-01,TOKA,TOKA-041,5/16/2025,19,NA,,,,,NA,,,,,,,,NA,,,,,0
SMA-11-01,TOKA,TOKA-041,5/16/2025,20,NA,,,,,NA,,,,,,,,NA,,,,,0
SMA-11-01,TOKA,TOKA-041,5/16/2025,21,NA,,,,,NA,,,,,,,,NA,,,,,0
SMA-11-01,TOKA,TOKA-041,5/16/2025,22,NA,,,,,NA,,,,,,,,NA,,,,,0
SMA-11-01,TOKA,TOKA-041,5/16/2025,23,NA,,,,,NA,,,,,,,,NA,,,,,0
SMA-11-01,TOKA,TOKA-041,5/16/2025,24,NA,,,,,NA,,,,,,,,NA,,,,,0
SMA-11-01,TOKA,TOKA-041,5/16/2025,25,NA,,,,,NA,,,,,,,,NA,,,,,0
SMA-11-01,TOKA,TOKA-041,5/16/2025,26,NA,,,,,NA,,,,,,,,NA,,,,,0
SMA-11-01,TOKA,TOKA-041,5/16/2025,27,NA,,,,,NA,,,,,,,,NA,,,,,0
SMA-11-01,TOKA,TOKA-041,5/16/2025,28,NA,,,,,NA,,,,,,,,NA,,,,,0
SMA-11-01,TOKA,TOKA-041,5/16/2025,29,NA,,,,,NA,,,,,,,,NA,,,,,0
SMA-11-01,TOKA,TOKA-041,5/16/2025,30,NA,,,,,NA,,,,,,,,NA,,,,,0
SMA-11-01,TOKA,TOKA-041,5/16/2025,31,NA,,,,,NA,,,,,,,,NA,,,,,0
SMA-11-01,TOKA,TOKA-041,5/16/2025,32,NA,,,,,NA,,,,,,,,NA,,,,,0
SMA-11-01,TOKA,TOKA-041,5/16/2025,33,NA,,,,,NA,,,,,,,,NA,,,,,0
SMA-11-01,TOKA,TOKA-041,5/16/2025,34,NA,,,,,NA,,,,,,,,NA,,,,,0
SMA-11-01,TOKA,TOKA-041,5/16/2025,35,NA,,,,,NA,,,,,,,,NA,,,,,0
SMA-11-01,TOKA,TOKA-041,5/16/2025,36,NA,,,,,NA,,,,,,,,NA,,,,,0
SMA-11-01,TOKA,TOKA-041,5/16/2025,37,NA,,,,,NA,,,,,,,,NA,,,,,0
SMA-11-01,TOKA,TOKA-041,5/16/2025,38,NA,,,,,NA,,,,,,,,NA,,,,,0
SMA-11-01,TOKA,TOKA-041,5/16/2025,39,NA,,,,,NA,,,,,,,,NA,,,,,0
SMA-11-01,TOKA,TOKA-041,5/16/2025,40,NA,,,,,NA,,,,,,,,NA,,,,,0
SMA-11-01,TOKA,TOKA-041,5/16/2025,41,NA,,,,,NA,,,,,,,,NA,,,,,0
SMA-11-01,TOKA,TOKA-041,5/16/2025,42,NA,,,,,NA,,,,,,,,NA,,,,,0
SMA-11-01,TOKA,TOKA-041,5/16/2025,43,NA,,,,,NA,,,,,,,,NA,,,,,0
SMA-11-01,TOKA,TOKA-041,5/16/2025,44,NA,,,,,NA,,,,,,,,NA,,,,,0
SMA-11-01,TOKA,TOKA-041,5/16/2025,45,NA,,,,,NA,,,,,,,,NA,,,,,0
SMA-11-01,TOKA,TOKA-041,5/16/2025,46,NA,,,,,NA,,,,,,,,NA,,,,,0
SMA-11-01,TOKA,TOKA-041,5/16/2025,47,NA,,,,,NA,,,,,,,,NA,,,,,0
SMA-11-01,TOKA,TOKA-041,5/16/2025,48,NA,,,,,NA,,,,,,,,NA,,,,,0
SMA-11-01,TOKA,TOKA-041,5/16/2025,49,NA,,,,,NA,,,,,,,,NA,,,,,0
SMA-11-01,TOKA,TOKA-041,5/16/2025,50,NA,,,,,NA,,,,,,,,NA,,,,,0
SMA-11-01,TOKA,TOKA-041,5/16/2025,1,NA,,,,,NA,,,,,,,,NA,,,,,0
SMA-11-01,TOKA,TOKA-041,5/16/2025,2,NA,,,,,NA,,,,,,,,NA,,,,,0
SMA-11-01,TOKA,TOKA-041,5/16/2025,3,NA,,,,,NA,,,,,,,,NA,,,,,0
SMA-11-01,TOKA,TOKA-041,5/16/2025,4,NA,,,,,NA,,,,,,,,NA,,,,,0
SMA-11-01,TOKA,TOKA-041,5/16/2025,5,NA,,,,,NA,,,,,,,,NA,,,,,0
SMA-11-01,TOKA,TOKA-041,5/16/2025,6,NA,,,,,NA,,,,,,,,NA,,,,,0
SMA-11-01,TOKA,TOKA-041,5/16/2025,7,NA,,,,,NA,,,,,,,,NA,,,,,0
SMA-11-01,TOKA,TOKA-041,5/16/2025,8,NA,,,,,NA,,,,,,,,NA,,,,,0
SMA-11-01,TOKA,TOKA-041,5/16/2025,9,NA,,,,,NA,,,,,,,,NA,,,,,0
SMA-11-01,TOKA,TOKA-041,5/16/2025,10,NA,,,,,NA,,,,,,,,NA,,,,,0
SMA-11-01,TOKA,TOKA-041,5/16/2025,11,NA,,,,,NA,,,,,,,,NA,,,,,0
SMA-11-01,TOKA,TOKA-041,5/16/2025,12,NA,,,,,NA,,,,,,,,NA,,,,,0
SMA-11-01,TOKA,TOKA-041,5/16/2025,13,NA,,,,,NA,,,,,,,,NA,,,,,0
SMA-11-01,TOKA,TOKA-041,5/16/2025,14,NA,,,,,NA,,,,,,,,NA,,,,,0
SMA-11-01,TOKA,TOKA-041,5/16/2025,15,NA,,,,,NA,,,,,,,,NA,,,,,0
SMA-11-01,TOKA,TOKA-041,5/16/2025,16,NA,,,,,NA,,,,,,,,NA,,,,,0
SMA-11-01,TOKA,TOKA-041,5/16/2025,17,NA,,,,,NA,,,,,,,,NA,,,,,0
SMA-11-01,TOKA,TOKA-041,5/16/2025,18,NA,,,,,NA,,,,,,,,NA,,,,,0
SMA-11-01,TOKA,TOKA-041,5/16/2025,19,NA,,,,,NA,,,,,,,,NA,,,,,0
SMA-11-01,TOKA,TOKA-041,5/16/2025,20,NA,,,,,NA,,,,,,,,NA,,,,,0
SMA-11-01,TOKA,TOKA-041,5/16/2025,21,NA,,,,,NA,,,,,,,,NA,,,,,0
SMA-11-01,TOKA,TOKA-041,5/16/2025,22,NA,,,,,NA,,,,,,,,NA,,,,,0
SMA-11-01,TOKA,TOKA-041,5/16/2025,23,NA,,,,,NA,,,,,,,,NA,,,,,0
SMA-11-01,TOKA,TOKA-041,5/16/2025,24,NA,,,,,NA,,,,,,,,NA,,,,,0
SMA-11-01,TOKA,TOKA-041,5/16/2025,25,NA,,,,,NA,,,,,,,,NA,,,,,0
SMA-11-01,TOKA,TOKA-041,5/16/2025,26,NA,,,,,NA,,,,,,,,NA,,,,,0
SMA-11-01,TOKA,TOKA-041,5/16/2025,27,NA,,,,,NA,,,,,,,,NA,,,,,0
SMA-11-01,TOKA,TOKA-041,5/16/2025,28,NA,,,,,NA,,,,,,,,NA,,,,,0
SMA-11-01,TOKA,TOKA-041,5/16/2025,29,NA,,,,,NA,,,,,,,,NA,,,,,0
SMA-11-01,TOKA,TOKA-041,5/16/2025,30,NA,,,,,NA,,,,,,,,NA,,,,,0
SMA-11-01,TOKA,TOKA-041,5/16/2025,31,NA,,,,,NA,,,,,,,,NA,,,,,0
SMA-11-01,TOKA,TOKA-041,5/16/2025,32,NA,,,,,NA,,,,,,,,NA,,,,,0
SMA-11-01,TOKA,TOKA-041,5/16/2025,33,NA,,,,,NA,,,,,,,,NA,,,,,0
SMA-11-01,TOKA,TOKA-041,5/16/2025,34,NA,,,,,NA,,,,,,,,NA,,,,,0
SMA-11-01,TOKA,TOKA-041,5/16/2025,35,NA,,,,,NA,,,,,,,,NA,,,,,0
SMA-11-01,TOKA,TOKA-041,5/16/2025,36,NA,,,,,NA,,,,,,,,NA,,,,,0
SMA-11-01,TOKA,TOKA-041,5/16/2025,37,NA,,,,,NA,,,,,,,,NA,,,,,0
SMA-11-01,TOKA,TOKA-041,5/16/2025,38,NA,,,,,NA,,,,,,,,NA,,,,,0
SMA-11-01,TOKA,TOKA-041,5/16/2025,39,NA,,,,,NA,,,,,,,,NA,,,,,0
SMA-11-01,TOKA,TOKA-041,5/16/2025,40,NA,,,,,NA,,,,,,,,NA,,,,,0
SMA-11-01,TOKA,TOKA-041,5/16/2025,41,NA,,,,,NA,,,,,,,,NA,,,,,0
SMA-11-01,TOKA,TOKA-041,5/16/2025,42,NA,,,,,NA,,,,,,,,NA,,,,,0
SMA-11-01,TOKA,TOKA-041,5/16/2025,43,NA,,,,,NA,,,,,,,,NA,,,,,0
SMA-11-01,TOKA,TOKA-041,5/16/2025,44,NA,,,,,NA,,,,,,,,NA,,,,,0
SMA-11-01,TOKA,TOKA-041,5/16/2025,45,NA,,,,,NA,,,,,,,,NA,,,,,0
SMA-11-01,TOKA,TOKA-041,5/16/2025,46,NA,,,,,NA,,,,,,,,NA,,,,,0
SMA-11-01,TOKA,TOKA-041,5/16/2025,47,NA,,,,,NA,,,,,,,,NA,,,,,0
SMA-11-01,TOKA,TOKA-041,5/16/2025,48,NA,,,,,NA,,,,,,,,NA,,,,,0
SMA-11-01,TOKA,TOKA-041,5/16/2025,49,NA,,,,,NA,,,,,,,,NA,,,,,0
SMA-11-01,TOKA,TOKA-041,5/16/2025,50,NA,,,,,NA,,,,,,,,NA,,,,,0
SMA-11-01,TOKA,TOKA-061,7/7/2025,1,44,,,,NAPU4,3,L,,,,,,,NA,,,S,,0
SMA-11-01,TOKA,TOKA-061,7/7/2025,2,44,,,,BRDI2,3,L,,,,,,,NA,,,S,,0
SMA-11-01,TOKA,TOKA-061,7/7/2025,3,44,,,,AVBA,40,L,,,,,,,NA,,,S,,0
SMA-11-01,TOKA,TOKA-061,7/7/2025,4,44,,,,TRAN6,3,L,,,,,,,NA,,,S,,0
SMA-11-01,TOKA,TOKA-061,7/7/2025,5,44,,,,AVBA,20,PLLA,BRDI2,L,,,,,NA,,,S,,0
SMA-11-01,TOKA,TOKA-061,7/7/2025,6,44,,,,2GA,4,L,,,,,,,NA,,,S,,1
SMA-11-01,TOKA,TOKA-061,7/7/2025,7,44,,,,LIBI5,8,2GA,,,,,,,NA,,,S,,0
SMA-11-01,TOKA,TOKA-061,7/7/2025,8,44,,,,2FA,3,,,,,,,,NA,,,S,,0
SMA-11-01,TOKA,TOKA-061,7/7/2025,9,44,,,,BRDI2,9,VUBR,L,,,,,,NA,,,S,,0
SMA-11-01,TOKA,TOKA-061,7/7/2025,10,44,,,,PLLA,10,BRDI2,L,,,,,,NA,,,S,,0
SMA-11-01,TOKA,TOKA-061,7/7/2025,11,44,,,,NOPLANT,NA,L,,,,,,,NA,,,S,,0
SMA-11-01,TOKA,TOKA-061,7/7/2025,12,44,,,,NOPLANT,NA,,,,,,,,NA,,,S,,0
SMA-11-01,TOKA,TOKA-061,7/7/2025,13,44,,,,NOPLANT,NA,,,,,,,,NA,,,S,,0
SMA-11-01,TOKA,TOKA-061,7/7/2025,14,44,,,,NOPLANT,NA,,,,,,,,NA,,,S,,0
SMA-11-01,TOKA,TOKA-061,7/7/2025,15,44,,,,NOPLANT,NA,L,,,,,,,NA,,,S,,0
SMA-11-01,TOKA,TOKA-061,7/7/2025,16,44,,,,COAR4,2,,,,,,,,NA,,,S,,0
SMA-11-01,TOKA,TOKA-061,7/7/2025,17,44,,,,AVBA,13,,,,,,,,NA,,,S,,0
SMA-11-01,TOKA,TOKA-061,7/7/2025,18,44,,,,NOPLANT,NA,L,,,,,,,NA,,,S,,0
SMA-11-01,TOKA,TOKA-061,7/7/2025,19,44,,,,CRVET,3,L,,,,,,,NA,,,S,,0
SMA-11-01,TOKA,TOKA-061,7/7/2025,20,44,,,,HYRA3,5,PLLA,L,,,,,,NA,,,S,,0
SMA-11-01,TOKA,TOKA-061,7/7/2025,21,44,,,,NAPU4,6,PLLA,L,,,,,,NA,,,S,,0
SMA-11-01,TOKA,TOKA-061,7/7/2025,22,44,,,,PLLA,9,BRDI2,L,,,,,,NA,,,S,,0
SMA-11-01,TOKA,TOKA-061,7/7/2025,23,44,,,,NOPLANT,NA,L,,,,,,,NA,,,S,,0
SMA-11-01,TOKA,TOKA-061,7/7/2025,24,44,,,,SONCH,15,NAPU4,PHAQ,L,,,,,NA,,,S,,0
SMA-11-01,TOKA,TOKA-061,7/7/2025,25,44,,,,PHAQ,40,L,,,,,,,NA,,,S,,0
SMA-11-01,TOKA,TOKA-061,7/7/2025,26,44,,,,PLLA,3,L,,,,,,,NA,,,S,,0
SMA-11-01,TOKA,TOKA-061,7/7/2025,27,44,,,,NOPLANT,NA,L,,,,,,,NA,,,S,,0
SMA-11-01,TOKA,TOKA-061,7/7/2025,28,44,,,,NAPU4,12,BRDI2,L,,,,,,NA,,,S,,0
SMA-11-01,TOKA,TOKA-061,7/7/2025,29,44,,,,NOPLANT,NA,L,,,,,,,NA,,,S,,0
SMA-11-01,TOKA,TOKA-061,7/7/2025,30,44,,,,PLLA,21,L,,,,,,,NA,,,S,,0
SMA-11-01,TOKA,TOKA-061,7/7/2025,31,44,,,,NOPLANT,NA,,,,,,,,NA,,,AM,,0
SMA-11-01,TOKA,TOKA-061,7/7/2025,32,44,,,,AVBA,10,PHAQ,,,,,,,NA,,,S,,0
SMA-11-01,TOKA,TOKA-061,7/7/2025,33,44,,,,NAPU4,10,PLLA,L,,,,,,NA,,,S,,0
SMA-11-01,TOKA,TOKA-061,7/7/2025,34,44,,,,NAPU4,11,L,,,,,,,NA,,,AM,,0
SMA-11-01,TOKA,TOKA-061,7/7/2025,35,44,,,,PEKE,13,LIBI5,L,,,,,,NA,,,S,,0
SMA-11-01,TOKA,TOKA-061,7/7/2025,36,44,,,,BRDI2,10,NAPU4,LOCO6,L,,,,,NA,,,S,,0
SMA-11-01,TOKA,TOKA-061,7/7/2025,37,44,,,,PEKE,20,NAPU4,BRDI2,PIEC,L,,,,NA,,,S,,0
SMA-11-01,TOKA,TOKA-061,7/7/2025,38,44,,,,NAPU4,18,,,,,,,,NA,,,PIEC,,0
SMA-11-01,TOKA,TOKA-061,7/7/2025,39,44,,,,NAPU4,2,L,,,,,,,NA,,,S,,0
SMA-11-01,TOKA,TOKA-061,7/7/2025,40,44,BAPI,,,NAPU4,2,L,,,,,,,NA,,,S,,0
SMA-11-01,TOKA,TOKA-061,7/7/2025,41,44,BAPI,,,LOPEM2,20,BRHO2,L,,,,,,NA,,,S,,0
SMA-11-01,TOKA,TOKA-061,7/7/2025,42,44,,,,NAPU4,20,BRDI2,MASA,L,,,,,NA,,,S,,0
SMA-11-01,TOKA,TOKA-061,7/7/2025,43,44,,,,HYRA3,20,LIBI5,VUBR,L,,,,,NA,,,S,,0
SMA-11-01,TOKA,TOKA-061,7/7/2025,44,44,,,,LOPEM2,11,L,,,,,,,NA,,,S,,0
SMA-11-01,TOKA,TOKA-061,7/7/2025,45,44,,,,PIEC,1,L,,,,,,,NA,,,S,,0
SMA-11-01,TOKA,TOKA-061,7/7/2025,46,44,,,,LIBI5,3,L,,,,,,,NA,,,S,,0
SMA-11-01,TOKA,TOKA-061,7/7/2025,47,44,,,,AVBA,62,BRDI2,MASA,L,,,,,NA,,,S,,0
SMA-11-01,TOKA,TOKA-061,7/7/2025,48,44,,,,MASA,35,PIEC,L,,,,,,NA,,,S,,0
SMA-11-01,TOKA,TOKA-061,7/7/2025,49,44,DAPU3,,,DAPU3,30,BRDI2,LOPEM2,LOPEM2,,,,,NA,,,S,3,0
SMA-11-01,TOKA,TOKA-061,7/7/2025,50,44,,,,LOPEM2,50,BRDI2,,,,,,,NA,,,S,,0
SMA-11-01,TOKA,TOKA-061,7/7/2025,1,224,,,,BRDI2,10,L,,,,,,,NA,,,S,,0
SMA-11-01,TOKA,TOKA-061,7/7/2025,2,224,RUUR,,,2GA,5,L,,,,,,,NA,,,S,,0
SMA-11-01,TOKA,TOKA-061,7/7/2025,3,224,DIAU,,,LOPEM2,40,L,,,,,,,NA,,,S,,0
SMA-11-01,TOKA,TOKA-061,7/7/2025,4,224,RUUR,,,NOPLANT,NA,L,,,,,,,NA,,,S,,0
SMA-11-01,TOKA,TOKA-061,7/7/2025,5,224,,,,LOPEM2,41,BRDI2,RUUR,L,,,,,NA,,,S,,0
SMA-11-01,TOKA,TOKA-061,7/7/2025,6,224,BAPI,,,BRDI2,20,RUUR,L,,,,,,NA,,,S,,0
SMA-11-01,TOKA,TOKA-061,7/7/2025,7,224,,,,VISA,20,BRDI2,BAPI,L,,,,,NA,,,S,2,0
SMA-11-01,TOKA,TOKA-061,7/7/2025,8,224,BAPI,TODI,,VISA,10,L,,,,,,,NA,,,S,,0
SMA-11-01,TOKA,TOKA-061,7/7/2025,9,224,DIAU,,,BRDI2,30,BAPI,L,,,,,,NA,,,S,1,0
SMA-11-01,TOKA,TOKA-061,7/7/2025,10,224,,,,BRDI2,20,VUBR,L,,,,,,NA,,,S,,0
SMA-11-01,TOKA,TOKA-061,7/7/2025,11,224,BAPI,,,AVBA,20,PHAQ,BRDI2,L,,,,,NA,,,S,,0
SMA-11-01,TOKA,TOKA-061,7/7/2025,12,224,,,,PLLA,20,BRDI2,L,,,,,,NA,,,S,,0
SMA-11-01,TOKA,TOKA-061,7/7/2025,13,224,,,,PLLA,19,RUUR,BRDI2,BAPI,L,,,,NA,,,S,3,0
SMA-11-01,TOKA,TOKA-061,7/7/2025,14,224,,,,PHAQ,40,BRDI2,PLLA,L,,,,,NA,,,S,,0
SMA-11-01,TOKA,TOKA-061,7/7/2025,15,224,,,,PLLA,20,NAPU4,BRDI2,L,,,,,NA,,,S,,0
SMA-11-01,TOKA,TOKA-061,7/7/2025,16,224,,,,SYCH4,50,NAPU4,BAPI,RUUR,L,,,,NA,,,S,,1
SMA-11-01,TOKA,TOKA-061,7/7/2025,17,224,BAPI,,,BRDI2,10,PLLA,L,,,,,,NA,,,S,,0
SMA-11-01,TOKA,TOKA-061,7/7/2025,18,224,BAPI,,,BRDI2,20,LOCO6,RUUR,L,,,,,NA,,,,,0
SMA-11-01,TOKA,TOKA-061,7/7/2025,19,224,,,,LOCO6,19,VUBR,NAPU4,BRDI2,PLLA,L,,,NA,,,S,,0
SMA-11-01,TOKA,TOKA-061,7/7/2025,20,224,,,,PLLA,20,BRDI2,LOCO6,L,,,,,NA,,,S,,0
SMA-11-01,TOKA,TOKA-061,7/7/2025,21,224,,,,NAPU4,5,,,,,,,,NA,,,S,,0
SMA-11-01,TOKA,TOKA-061,7/7/2025,22,224,BAPI,,,NAPU4,24,BRDI2,PLLA,L,,,,,NA,,,S,,0
SMA-11-01,TOKA,TOKA-061,7/7/2025,23,224,,,,BRDI2,15,LIBI5,LOCO6,PLLA,L,,,,NA,,,S,,0
SMA-11-01,TOKA,TOKA-061,7/7/2025,24,224,,,,NAPU4,20,BRDI2,PLLA,LIBI5,LOCO6,,,,NA,,,S,,0
SMA-11-01,TOKA,TOKA-061,7/7/2025,25,224,,,,NAPU4,34,PLLA,BRDI2,LOCO6,L,,,,NA,,,S,,0
SMA-11-01,TOKA,TOKA-061,7/7/2025,26,224,RUUR,,,VISA,10,BRDI2,L,,,,,,NA,,,S,,0
SMA-11-01,TOKA,TOKA-061,7/7/2025,27,224,,,,BRHO2,25,2FA,BRDI2,LIBI5,RUUR,L,,,NA,,,S,,0
SMA-11-01,TOKA,TOKA-061,7/7/2025,28,224,,,,PLLA,12,LOCO6,L,,,,,,NA,,,S,,0
SMA-11-01,TOKA,TOKA-061,7/7/2025,29,224,,,,PLLA,18,L,,,,,,,NA,,,S,,0
SMA-11-01,TOKA,TOKA-061,7/7/2025,30,224,,,,VUBR,10,L,,,,,,,NA,,,S,,0
SMA-11-01,TOKA,TOKA-061,7/7/2025,31,224,,,,BRDI2,15,LIBI5,L,,,,,,NA,,,S,,0
SMA-11-01,TOKA,TOKA-061,7/7/2025,32,224,BAPI,,,AVBA,12,PLLA,L,,,,,,NA,,,S,,0
SMA-11-01,TOKA,TOKA-061,7/7/2025,33,224,,,,VITE,5,LIBI5,PLLA,L,,,,,NA,,,S,,0
SMA-11-01,TOKA,TOKA-061,7/7/2025,34,224,,,,BRHO2,21,NAPU4,LOCO6,L,,,,,NA,,,S,,0
SMA-11-01,TOKA,TOKA-061,7/7/2025,35,224,,,,LIBI5,20,BRHO2,L,,,,,,NA,,,S,,0
SMA-11-01,TOKA,TOKA-061,7/7/2025,36,224,,,,VUBR,15,BRDI2,PLLA,L,,,,,NA,,,S,,0
SMA-11-01,TOKA,TOKA-061,7/7/2025,37,224,,,,PLLA,15,,,,,,,,NA,,,S,,0
SMA-11-01,TOKA,TOKA-061,7/7/2025,38,224,,,,PLLA,5,LOCO6,,,,,,,NA,,,S,,0
SMA-11-01,TOKA,TOKA-061,7/7/2025,39,224,,,,NAPU4,35,PLLA,VITE,L,,,,,NA,,,S,,0
SMA-11-01,TOKA,TOKA-061,7/7/2025,40,224,,,,NAPU4,20,PLLA,L,,,,,,NA,,,S,,0
SMA-11-01,TOKA,TOKA-061,7/7/2025,41,224,,,,CRVET,25,VUBR,L,,,,,,NA,,,S,,0
SMA-11-01,TOKA,TOKA-061,7/7/2025,42,224,,,,PLLA,18,CRVET,LIBI5,L,,,,,NA,,,S,,0
SMA-11-01,TOKA,TOKA-061,7/7/2025,43,224,,,,BRDI2,5,,,,,,,,NA,,,S,,0
SMA-11-01,TOKA,TOKA-061,7/7/2025,44,224,,,,LIBI5,4,WL,BRDI2,,,,,,NA,,,S,,0
SMA-11-01,TOKA,TOKA-061,7/7/2025,45,224,,,,BRDI2,15,PLLA,L,,,,,,NA,,,S,,0
SMA-11-01,TOKA,TOKA-061,7/7/2025,46,224,,,,AVBA,15,LOPEM2,WL,LOCO6,,,,,NA,,,S,,0
SMA-11-01,TOKA,TOKA-061,7/7/2025,47,224,,,,BRHO2,11,BRDI2,VUBR,LIBI5,,,,,NA,,,,,0
SMA-11-01,TOKA,TOKA-061,7/7/2025,48,224,,,,CRVET,5,PLLA,,,,,,,NA,,,S,,0
SMA-11-01,TOKA,TOKA-061,7/7/2025,49,224,,,,NOPLANT,NA,,,,,,,,NA,,,S,,0
SMA-11-01,TOKA,TOKA-061,7/7/2025,50,224,,,,CRVET,5,LOCO6,PLLA,,,,,,NA,,,S,,0
SMA-11-01,TOKA,TOKA-080,5/14/2025,1,200,,,,LIBI5,15,BRHO2,GEDI,ANAR,,,,,NA,,,S,,0
SMA-11-01,TOKA,TOKA-080,5/14/2025,2,200,,,,VUBR,9,BRDI2,,,,,,,NA,,,S,,0
SMA-11-01,TOKA,TOKA-080,5/14/2025,3,200,,,,TRDU2,5,TRSU3,HYPOC,,,,,,NA,,,S,,0
SMA-11-01,TOKA,TOKA-080,5/14/2025,4,200,,,,BRDI2,11,VUBR,PLLA,TRIFO,,,,,NA,,,S,,0
SMA-11-01,TOKA,TOKA-080,5/14/2025,5,200,,,,LIBI5,10,PLLA,TRCA5,,,,,,NA,,,S,,0
SMA-11-01,TOKA,TOKA-080,5/14/2025,6,200,,,,LIBI5,10,BRDI2,TRAN6,AVBA,,,,,NA,,,S,,0
SMA-11-01,TOKA,TOKA-080,5/14/2025,7,200,,,,CYEC,9,LOPEM2,,,,,,,NA,,,S,,0
SMA-11-01,TOKA,TOKA-080,5/14/2025,8,200,,,,LIBI5,9,BRDI2,TRSU3,,,,,,NA,,,S,,0
SMA-11-01,TOKA,TOKA-080,5/14/2025,9,200,,,,BRDI2,10,LIBI5,HYPOC,2FA,2GA,,,,NA,,,S,"3,4",0
SMA-11-01,TOKA,TOKA-080,5/14/2025,10,200,,,,HYPOC,4,BRDI2,,,,,,,NA,,,S,,0
SMA-11-01,TOKA,TOKA-080,5/14/2025,11,200,,,,LIBI5,45,PLLA,BRDI2,VUBR,TRSU3,RUUR,L,,NA,,,S,,0
SMA-11-01,TOKA,TOKA-080,5/14/2025,12,200,,,,VUBR,15,PLLA,RUUR,BRDI2,2GA,L,,,NA,,,S,4,0
SMA-11-01,TOKA,TOKA-080,5/14/2025,13,200,,,,VITE,15,BRDI2,L,,,,,,NA,,,S,,0
SMA-11-01,TOKA,TOKA-080,5/14/2025,14,200,,,,LIBI5,5,BRDI2,VISA,2GA,L,,,,NA,,,S,3,0
SMA-11-01,TOKA,TOKA-080,5/14/2025,15,200,,,,BRDI2,10,PLLA,GEDI,2GA,L,,,,NA,,,S,3,0
SMA-11-01,TOKA,TOKA-080,5/14/2025,16,200,,,,BRDI2,15,TRAN6,PLLA,2GA,L,,,,NA,,,S,,0
SMA-11-01,TOKA,TOKA-080,5/14/2025,17,200,,,,BRDI2,5,VITE,2GA,L,,,,,NA,,,S,2,0
SMA-11-01,TOKA,TOKA-080,5/14/2025,18,200,,,,PLLA,12,BRDI2,TRCA5,L,,,,,NA,,,S,,0
SMA-11-01,TOKA,TOKA-080,5/14/2025,19,200,,,,BRDI2,15,LIBI5,PLLA,2GA,L,,,,NA,,,S,3,0
SMA-11-01,TOKA,TOKA-080,5/14/2025,20,200,,,,BRDI2,20,PLLA,2GA,L,,,,,NA,,,S,2,0
SMA-11-01,TOKA,TOKA-080,5/14/2025,21,200,,,,BRDI2,10,PLLA,LIBI5,L,,,,,NA,,,S,,0
SMA-11-01,TOKA,TOKA-080,5/14/2025,22,200,,,,LIBI5,50,BRDI2,LOCO6,TRDU2,,,,,NA,,,S,,0
SMA-11-01,TOKA,TOKA-080,5/14/2025,23,200,,,,BRDI2,10,LIBI5,PLLA,L,,,,,NA,,,S,,0
SMA-11-01,TOKA,TOKA-080,5/14/2025,24,200,,,,PLLA,20,BRDI2,VITE,VISA,,,,,NA,,,S,,0
SMA-11-01,TOKA,TOKA-080,5/14/2025,25,200,,,,MASA,15,HYPOC,2GA,L,,,,,NA,,,S,2,0
SMA-11-01,TOKA,TOKA-080,5/14/2025,26,200,,,,LIBI5,7,BRDI2,L,,,,,,NA,,,S,,0
SMA-11-01,TOKA,TOKA-080,5/14/2025,27,200,,,,ANAR,9,BRDI2,MASA,L,,,,,NA,,,S,,0
SMA-11-01,TOKA,TOKA-080,5/14/2025,28,200,,,,BRDI2,18,HYPOC,L,,,,,,NA,,,S,,0
SMA-11-01,TOKA,TOKA-080,5/14/2025,29,200,,,,LIBI5,30,,,,,,,,NA,,,S,,0
SMA-11-01,TOKA,TOKA-080,5/14/2025,30,200,,,,LIBI5,40,BRHO2,MASA,,,,,,NA,,,S,,0
SMA-11-01,TOKA,TOKA-080,5/14/2025,31,200,,,,BRHO2,13,L,,,,,,,NA,,,S,,0
SMA-11-01,TOKA,TOKA-080,5/14/2025,32,200,,,,BRDI2,25,LOCO6,L,,,,,,NA,,,S,,0
SMA-11-01,TOKA,TOKA-080,5/14/2025,33,200,,,,BRDI2,9,WL,,,,,,,NA,,,S,,0
SMA-11-01,TOKA,TOKA-080,5/14/2025,34,200,,,,CYEC,20,PLLA,VITE,LOCO6,L,,,,NA,,,S,,0
SMA-11-01,TOKA,TOKA-080,5/14/2025,35,200,,,,BRDI2,21,,,,,,,,NA,,,S,,0
SMA-11-01,TOKA,TOKA-080,5/14/2025,36,200,,,,VITE,19,PAVI3,L,,,,,,NA,,,S,,0
SMA-11-01,TOKA,TOKA-080,5/14/2025,37,200,,,,BRDI2,18,RUUR,L,,,,,,NA,,,S,,0
SMA-11-01,TOKA,TOKA-080,5/14/2025,38,200,,,,AICA,10,ANAR,L,,,,,,NA,,,S,,0
SMA-11-01,TOKA,TOKA-080,5/14/2025,39,200,RUUR,,,VITE,12,WL,,,,,,,NA,,,S,,0
SMA-11-01,TOKA,TOKA-080,5/14/2025,40,200,BAPI,,,VITE,17,HYRA3,L,,,,,,NA,,,S,,0
SMA-11-01,TOKA,TOKA-080,5/14/2025,41,200,,,,VITE,37,RUUR,ANAR,L,,,,,NA,,,S,,0
SMA-11-01,TOKA,TOKA-080,5/14/2025,42,200,,,,VUBR,35,VITE,L,,,,,,NA,,,S,,0
SMA-11-01,TOKA,TOKA-080,5/14/2025,43,200,,,,NOPLANT,NA,L,,,,,,,NA,,,S,,0
SMA-11-01,TOKA,TOKA-080,5/14/2025,44,200,,,,NOPLANT,NA,L,,,,,,,NA,,,S,,0
SMA-11-01,TOKA,TOKA-080,5/14/2025,45,200,,,,COMA2,45,CIVU,RUUR,L,,,,,NA,,,S,,0
SMA-11-01,TOKA,TOKA-080,5/14/2025,46,200,,,,SOAS,57,VITE,RUUR,L,,,,,NA,,,S,,0
SMA-11-01,TOKA,TOKA-080,5/14/2025,47,200,,,,VITE,48,BRDI3,RUUR,L,,,,,NA,,,S,,0
SMA-11-01,TOKA,TOKA-080,5/14/2025,48,200,,,,VITE,51,CIVU,L,,,,,,NA,,,S,1,0
SMA-11-01,TOKA,TOKA-080,5/14/2025,49,200,,,,CIVU,38,L,,,,,,,NA,,,S,,0
SMA-11-01,TOKA,TOKA-080,5/14/2025,50,200,,,,VITE,42,RUUR,L,,,,,,NA,,,S,,0
SMA-11-01,TOKA,TOKA-080,5/14/2025,1,20,,,,BRHO2,15,BRDI2,PLLA,2GA,L,,,,NA,,,S,3,0
SMA-11-01,TOKA,TOKA-080,5/14/2025,2,20,,,,VUBR,25,TRDU2,BRDI2,LIBI5,L,,,,NA,,,S,,0
SMA-11-01,TOKA,TOKA-080,5/14/2025,3,20,,,,PLLA,10,BRDI2,VUBR,2GA,L,,,,NA,,,S,3,0
SMA-11-01,TOKA,TOKA-080,5/14/2025,4,20,,,,NOPLANT,NA,,,,,,,,NA,,,S,,0
SMA-11-01,TOKA,TOKA-080,5/14/2025,5,20,,,,VUBR,25,VISA,GEDI,LOPEM2,ANAR,L,,,NA,,,S,,0
SMA-11-01,TOKA,TOKA-080,5/14/2025,6,20,,,,CLARK,10,LIBI5,LOPEM2,L,,,,,NA,,,S,,0
SMA-11-01,TOKA,TOKA-080,5/14/2025,7,20,,,,BRHO2,35,VISA,GEDI,LOPEM2,2GA,L,,,NA,,,S,4,0
SMA-11-01,TOKA,TOKA-080,5/14/2025,8,20,,,,BRHO2,40,VISA,GEDI,LOPEM2,TRCA5,2GA,L,,NA,,,S,5,0
SMA-11-01,TOKA,TOKA-080,5/14/2025,9,20,,,,AVBA,55,VUBR,BRHO2,LOPEM2,BRDI2,GEDI,L,,NA,,,S,,0
SMA-11-01,TOKA,TOKA-080,5/14/2025,10,20,,,,LIBI5,50,AVBA,2GA,L,,,,,NA,,,S,2,0
SMA-11-01,TOKA,TOKA-080,5/14/2025,11,20,,,,VUBR,40,GEDI,ANAR,2GA,L,,,,NA,,,S,3,0
SMA-11-01,TOKA,TOKA-080,5/14/2025,12,20,,,,HYRA3,32,LOPEM2,VISA,BRHO2,TRDU2,L,,,NA,,,S,,0
SMA-11-01,TOKA,TOKA-080,5/14/2025,13,20,,,,2FA,60,VUBR,BRDI2,GEDI,AVBA,L,,,NA,,,S,,1
SMA-11-01,TOKA,TOKA-080,5/14/2025,14,20,,,,AVBA,40,GEDI,BRHO2,VISA,L,,,,NA,,,S,,0
SMA-11-01,TOKA,TOKA-080,5/14/2025,15,20,,,,AVBA,60,BRDI2,GEDI,VUBR,LIBI5,L,,,NA,,,S,,0
SMA-11-01,TOKA,TOKA-080,5/14/2025,16,20,,,,AVBA,35,LOPEM2,HYRA3,LIBI5,L,,,,NA,,,S,,0
SMA-11-01,TOKA,TOKA-080,5/14/2025,17,20,,,,VUBR,40,GEDI,VISA,BRDI2,2GA,L,,,NA,,,S,4,0
SMA-11-01,TOKA,TOKA-080,5/14/2025,18,20,,,,VUBR,30,BRDI2,GEDI,LOPEM2,L,,,,NA,,,S,,0
SMA-11-01,TOKA,TOKA-080,5/14/2025,19,20,,,,VUBR,25,GEDI,AVBA,TRDU2,2GA,L,,,NA,,,S,4,0
SMA-11-01,TOKA,TOKA-080,5/14/2025,20,20,,,,LIBI5,45,VUBR,LOPEM2,VISA,2GA,L,,,NA,,,S,4,0
SMA-11-01,TOKA,TOKA-080,5/14/2025,21,20,,,,LOPEM2,10,VUBR,MASA,L,,,,,NA,,,S,,0
SMA-11-01,TOKA,TOKA-080,5/14/2025,22,20,,,,BRHO2,30,VUBR,BRDI2,L,,,,,NA,,,S,,0
SMA-11-01,TOKA,TOKA-080,5/14/2025,23,20,,,,LOPEM2,25,GEDI,BRHO2,MEPO3,2GA,L,,,NA,,,S,4,0
SMA-11-01,TOKA,TOKA-080,5/14/2025,24,20,,,,LOPEM2,40,BRHO2,GEDI,2FA,L,,,,NA,,,S,3,0
SMA-11-01,TOKA,TOKA-080,5/14/2025,25,20,,,,GEDI,15,TRCA5,2FA,L,,,,,NA,,,S,2,0
SMA-11-01,TOKA,TOKA-080,5/14/2025,26,20,,,,AVBA,35,GEDI,BRDI2,L,,,,,NA,,,S,,0
SMA-11-01,TOKA,TOKA-080,5/14/2025,27,20,,,,BRDI2,23,TRCA5,GEDI,MASA,L,,,,NA,,,S,,0
SMA-11-01,TOKA,TOKA-080,5/14/2025,28,20,,,,CAPY2,50,VISA,LIBI5,GEDI,MASA,L,,,NA,,,S,,0
SMA-11-01,TOKA,TOKA-080,5/14/2025,29,20,,,,LIBI5,43,GEDI,L,,,,,,NA,,,S,,0
SMA-11-01,TOKA,TOKA-080,5/14/2025,30,20,,,,VISA,13,HYRA3,L,,,,,,NA,,,S,,0
SMA-11-01,TOKA,TOKA-080,5/14/2025,31,20,,,,LIBI5,28,TRDU2,BRDI3,L,,,,,NA,,,S,,0
SMA-11-01,TOKA,TOKA-080,5/14/2025,32,20,,,,LIBI5,32,TRAN6,CAPY2,GEDI,L,,,,NA,,,S,,0
SMA-11-01,TOKA,TOKA-080,5/14/2025,33,20,,,,VUBR,18,GEDI,L,,,,,,NA,,,S,,0
SMA-11-01,TOKA,TOKA-080,5/14/2025,34,20,,,,LIBI5,23,BRDI2,TRSU3,L,,,,,NA,,,S,,0
SMA-11-01,TOKA,TOKA-080,5/14/2025,35,20,,,,LOPEM2,32,TRSU3,L,,,,,,NA,,,S,,0
SMA-11-01,TOKA,TOKA-080,5/14/2025,36,20,,,,TRAN6,15,LIBI5,TRSU3,,,,,,NA,,,S,,0
SMA-11-01,TOKA,TOKA-080,5/14/2025,37,20,,,,VUBR,35,BRDI2,LIBI5,TRIFO,MASA,L,,,NA,,,S,,0
SMA-11-01,TOKA,TOKA-080,5/14/2025,38,20,,,,HYRA3,40,LIBI5,LOPEM2,MASA,TRDU2,,,,NA,,,S,,0
SMA-11-01,TOKA,TOKA-080,5/14/2025,39,20,,,,TRAN6,30,BRDI2,VISA,L,,,,,NA,,,S,,0
SMA-11-01,TOKA,TOKA-080,5/14/2025,40,20,,,,BRDI2,30,BRHO2,LIBI5,LOPEM2,,,,,NA,,,S,,0
SMA-11-01,TOKA,TOKA-080,5/14/2025,41,20,,,,HYPOC,45,BRHO2,LIBI5,L,,,,,NA,,,S,,0
SMA-11-01,TOKA,TOKA-080,5/14/2025,42,20,,,,TRAN6,45,BRDI2,BRHO2,TRDU2,ANAR,L,,,NA,,,S,,0
SMA-11-01,TOKA,TOKA-080,5/14/2025,43,20,,,,BRDI2,14,VUBR,GEDI,HYRA3,L,,,,NA,,,S,,0
SMA-11-01,TOKA,TOKA-080,5/14/2025,44,20,,,,LIBI5,30,BRDI2,TRCA5,,,,,,NA,,,S,,0
SMA-11-01,TOKA,TOKA-080,5/14/2025,45,20,,,,BRDI2,10,MEPO3,LIBI5,,,,,,NA,,,S,,0
SMA-11-01,TOKA,TOKA-080,5/14/2025,46,20,,,,BRDI2,7,TRCA5,,,,,,,NA,,,S,,0
SMA-11-01,TOKA,TOKA-080,5/14/2025,47,20,,,,LOPEM2,20,BRDI2,GEDI,TRSU3,L,,,,NA,,,S,,0
SMA-11-01,TOKA,TOKA-080,5/14/2025,48,20,,,,LIBI5,40,TRAN6,,,,,,,NA,,,S,,0
SMA-11-01,TOKA,TOKA-080,5/14/2025,49,20,,,,LOPEM2,34,HYRA3,MEPO3,,,,,,NA,,,S,,0
SMA-11-01,TOKA,TOKA-080,5/14/2025,50,20,,,,VUBR,45,BRDI2,TRAN6,TRCA5,L,,,,NA,,,S,,0
SMA-11-01,TOKA,TOKA-104,5/14/2025,1,97,,,,JUPA2,45,VUBR,L,,,,,,NA,,,S,,0
SMA-11-01,TOKA,TOKA-104,5/14/2025,2,97,,,,VUBR,24,BRHO2,GEDI,L,,,,,NA,,,S,,0
SMA-11-01,TOKA,TOKA-104,5/14/2025,3,97,,,,JUPA2,50,JUPA2,VUBR,MYDI,L,,,,NA,,,S,,1
SMA-11-01,TOKA,TOKA-104,5/14/2025,4,97,,,,JUPA2,60,RUUR,,,,,,,NA,,,S,,0
SMA-11-01,TOKA,TOKA-104,5/14/2025,5,97,,,,JUPA2,45,PHAQ,,,,,,,NA,,,S,,0
SMA-11-01,TOKA,TOKA-104,5/14/2025,6,97,,,,PHAQ,20,,,,,,,,NA,,,AM,,0
SMA-11-01,TOKA,TOKA-104,5/14/2025,7,97,,,,DACA3,24,PHAQ,,,,,,,NA,,,S,,0
SMA-11-01,TOKA,TOKA-104,5/14/2025,8,97,,,,JUPA2,44,PHAQ,MYDI,RUUR,L,,,,NA,,,S,,0
SMA-11-01,TOKA,TOKA-104,5/14/2025,9,97,,,,PHAQ,8,MYDI,VUBR,PHAQ,L,,,,NA,,,S,3,0
SMA-11-01,TOKA,TOKA-104,5/14/2025,10,97,,,,JUPA2,30,PHAQ,VUBR,,,,,,NA,,,S,,0
SMA-11-01,TOKA,TOKA-104,5/14/2025,11,97,,,,PHAQ,20,PHAQ,,,,,,,NA,,,S,1,0
SMA-11-01,TOKA,TOKA-104,5/14/2025,12,97,,,,PHAQ,30,PHAQ,,,,,,,NA,,,S,1,0
SMA-11-01,TOKA,TOKA-104,5/14/2025,13,97,,,,VUBR,44,GEDI,PHAQ,LOCO6,L,,,,NA,,,S,,0
SMA-11-01,TOKA,TOKA-104,5/14/2025,14,97,,,,PHAQ,44,JUPA2,RUUR,PHAQ,,,,,NA,,,S,,1
SMA-11-01,TOKA,TOKA-104,5/14/2025,15,97,,,,RUCR,9,LOPEM2,RUUR,L,,,,,NA,,,S,,0
SMA-11-01,TOKA,TOKA-104,5/14/2025,16,97,,,,PHAQ,20,PHAQ,L,,,,,,NA,,,S,,1
SMA-11-01,TOKA,TOKA-104,5/14/2025,17,97,,,,PHAQ,10,PHAQ,L,,,,,,NA,,,S,1,0
SMA-11-01,TOKA,TOKA-104,5/14/2025,18,97,,,,JUPA2,25,PHAQ,L,,,,,,NA,,,S,,0
SMA-11-01,TOKA,TOKA-104,5/14/2025,19,97,,,,VUBR,5,PHAQ,RUUR,L,,,,,NA,,,S,,0
SMA-11-01,TOKA,TOKA-104,5/14/2025,20,97,RUUR,,,VUBR,10,L,,,,,,,NA,,,S,,0
SMA-11-01,TOKA,TOKA-104,5/14/2025,21,97,,,,MYDI,24,RUUR,L,,,,,,NA,,,S,,0
SMA-11-01,TOKA,TOKA-104,5/14/2025,22,97,RUUR,,,NOPLANT,NA,L,,,,,,,NA,,,S,,0
SMA-11-01,TOKA,TOKA-104,5/14/2025,23,97,,,,PHAQ,10,RUUR,L,,,,,,NA,,,S,,0
SMA-11-01,TOKA,TOKA-104,5/14/2025,24,97,,,,JUPA2,25,PHAQ,VUBR,L,,,,,NA,,,S,,0
SMA-11-01,TOKA,TOKA-104,5/14/2025,25,97,BAPI,,,2GA,20,L,,,,,,,NA,,,S,,0
SMA-11-01,TOKA,TOKA-104,5/14/2025,26,97,BAPI,,,PHAQ,20,RUUR,L,,,,,,NA,,,S,,0
SMA-11-01,TOKA,TOKA-104,5/14/2025,27,97,BAPI,RUUR,,NOPLANT,NA,WL,,,,,,,NA,,,S,,0
SMA-11-01,TOKA,TOKA-104,5/14/2025,28,97,BAPI,RUUR,,NOPLANT,NA,L,,,,,,,NA,,,S,,0
SMA-11-01,TOKA,TOKA-104,5/14/2025,29,97,BAPI,RUUR,,NOPLANT,NA,L,,,,,,,NA,,,S,,0
SMA-11-01,TOKA,TOKA-104,5/14/2025,30,97,BAPI,RUUR,,NOPLANT,NA,L,,,,,,,NA,,,S,,0
SMA-11-01,TOKA,TOKA-104,5/14/2025,31,97,BAPI,RUUR,,NOPLANT,NA,L,,,,,,,NA,,,S,,0
SMA-11-01,TOKA,TOKA-104,5/14/2025,32,97,BAPI,RUUR,,NOPLANT,NA,L,,,,,,,NA,,,S,,0
SMA-11-01,TOKA,TOKA-104,5/14/2025,33,97,BAPI,RUUR,,NOPLANT,NA,L,,,,,,,NA,,,S,,0
SMA-11-01,TOKA,TOKA-104,5/14/2025,34,97,BAPI,,,ELGL,40,RUUR,L,,,,,,NA,,,S,,0
SMA-11-01,TOKA,TOKA-104,5/14/2025,35,97,,,,VUBR,34,BRHO2,GEDI,HYPOC,,,,,NA,,,S,,0
SMA-11-01,TOKA,TOKA-104,5/14/2025,36,97,,,,BRHO2,6,L,,,,,,,NA,,,S,,0
SMA-11-01,TOKA,TOKA-104,5/14/2025,37,97,,,,PHAQ,10,VUBR,GEDI,L,,,,,NA,,,S,,0
SMA-11-01,TOKA,TOKA-104,5/14/2025,38,97,,,,BRHO2,20,TODI,PHAQ,L,,,,,NA,,,S,,0
SMA-11-01,TOKA,TOKA-104,5/14/2025,39,97,,,,PHAQ,4,L,,,,,,,NA,,,S,,0
SMA-11-01,TOKA,TOKA-104,5/14/2025,40,97,,,,BRHO2,13,VUBR,LIBI5,LOCO6,RUAC3,L,,,NA,,,S,,0
SMA-11-01,TOKA,TOKA-104,5/14/2025,41,97,,,,DACA3,15,VUBR,RUUR,PHAQ,L,,,,NA,,,S,,0
SMA-11-01,TOKA,TOKA-104,5/14/2025,42,97,,,,BRHO2,3,L,,,,,,,NA,,,S,,0
SMA-11-01,TOKA,TOKA-104,5/14/2025,43,97,,,,AICA,4,LOCO6,,,,,,,NA,,,S,,0
SMA-11-01,TOKA,TOKA-104,5/14/2025,44,97,,,,AICA,9,VUBR,,,,,,,NA,,,S,,0
SMA-11-01,TOKA,TOKA-104,5/14/2025,45,97,,,,PHAQ,15,VUBR,BAPI,HOLA,L,,,,NA,,,S,,0
SMA-11-01,TOKA,TOKA-104,5/14/2025,46,97,RUUR,BAPI,,2GA,15,L,,,,,,,NA,,,S,,0
SMA-11-01,TOKA,TOKA-104,5/14/2025,47,97,,,,CAOV4,3,VUBR,L,,,,,,NA,,,S,,0
SMA-11-01,TOKA,TOKA-104,5/14/2025,48,97,PIRA2,,,VUBR,10,L,,,,,,,NA,,,S,,0
SMA-11-01,TOKA,TOKA-104,5/14/2025,49,97,PIRA2,,,LOPEM2,10,PHAQ,L,,,,,,NA,,,S,,0
SMA-11-01,TOKA,TOKA-104,5/14/2025,50,97,PIRA2,,,PHAQ,20,L,,,,,,,NA,,,S,,0
SMA-11-01,TOKA,TOKA-104,5/14/2025,1,227,,,,PHAQ,10,VUBR,L,,,,,,NA,,,S,,0
SMA-11-01,TOKA,TOKA-104,5/14/2025,2,227,RUUR,,,VUBR,10,PHAQ,L,,,,,,NA,,,S,,0
SMA-11-01,TOKA,TOKA-104,5/14/2025,3,227,,,,PHAQ,30,VUBR,BRHO2,GEDI,L,,,,NA,,,S,,0
SMA-11-01,TOKA,TOKA-104,5/14/2025,4,227,,,,PHAQ,10,L,,,,,,,NA,,,S,,0
SMA-11-01,TOKA,TOKA-104,5/14/2025,5,227,,,,VUBR,10,PHAQ,L,,,,,,NA,,,S,,0
SMA-11-01,TOKA,TOKA-104,5/14/2025,6,227,,,,PHAQ,40,VUBR,L,,,,,,NA,,,S,,0
SMA-11-01,TOKA,TOKA-104,5/14/2025,7,227,,,,PHAQ,15,VUBR,L,,,,,,NA,,,S,,0
SMA-11-01,TOKA,TOKA-104,5/14/2025,8,227,,,,VUBR,40,LOCO6,GEDI,JUPA2,L,,,,NA,,,S,3,0
SMA-11-01,TOKA,TOKA-104,5/14/2025,9,227,,,,JUPA2,35,PHAQ,,,,,,,NA,,,S,,0
SMA-11-01,TOKA,TOKA-104,5/14/2025,10,227,,,,PHAQ,45,VUBR,L,,,,,,NA,,,S,,0
SMA-11-01,TOKA,TOKA-104,5/14/2025,11,227,,,,VUBR,30,PHAQ,BRHO2,L,,,,,NA,,,S,,0
SMA-11-01,TOKA,TOKA-104,5/14/2025,12,227,,,,PHAQ,30,LOCO6,VUBR,BRHO2,L,,,,NA,,,S,,0
SMA-11-01,TOKA,TOKA-104,5/14/2025,13,227,,,,VUBR,30,LOCO6,PHAQ,L,,,,,NA,,,S,,0
SMA-11-01,TOKA,TOKA-104,5/14/2025,14,227,,,,VUBR,30,BRHO2,JUPA2,L,,,,,NA,,,S,,0
SMA-11-01,TOKA,TOKA-104,5/14/2025,15,227,,,,JUPA2,30,PHAQ,VUBR,L,,,,,NA,,,S,,0
SMA-11-01,TOKA,TOKA-104,5/14/2025,16,227,,,,VUBR,10,PHAQ,PHAQ,L,,,,,NA,,,S,2,0
SMA-11-01,TOKA,TOKA-104,5/14/2025,17,227,,,,VUBR,20,PHAQ,L,,,,,,NA,,,S,,0
SMA-11-01,TOKA,TOKA-104,5/14/2025,18,227,,,,PHAQ,35,JUPA2,L,,,,,,NA,,,S,,0
SMA-11-01,TOKA,TOKA-104,5/14/2025,19,227,,,,VUBR,15,JUPA2,PHAQ,,,,,,NA,,,S,,0
SMA-11-01,TOKA,TOKA-104,5/14/2025,20,227,,,,JUPA2,25,PHAQ,2GA,L,,,,,NA,,,S,2,0
SMA-11-01,TOKA,TOKA-104,5/14/2025,21,227,,,,VUBR,30,PHAQ,BRHO2,,,,,,NA,,,AM,,0
SMA-11-01,TOKA,TOKA-104,5/14/2025,22,227,,,,PHAQ,15,VUBR,L,,,,,,NA,,,S,,0
SMA-11-01,TOKA,TOKA-104,5/14/2025,23,227,,,,CYER,10,BRHO2,L,,,,,,NA,,,S,,0
SMA-11-01,TOKA,TOKA-104,5/14/2025,24,227,,,,VUBR,20,PHAQ,SIBE,,,,,,NA,,,S,,0
SMA-11-01,TOKA,TOKA-104,5/14/2025,25,227,,,,PHAQ,30,VUBR,DACA3,L,,,,,NA,,,S,,0
SMA-11-01,TOKA,TOKA-104,5/14/2025,26,227,,,,VUBR,25,BRHO2,GEDI,DACA3,L,,,,NA,,,S,,0
SMA-11-01,TOKA,TOKA-104,5/14/2025,27,227,,,,BRHO2,30,VUBR,PHAQ,GEDI,L,,,,NA,,,S,,0
SMA-11-01,TOKA,TOKA-104,5/14/2025,28,227,,,,VUBR,24,PLLA,AICA,L,,,,,NA,,,S,,0
SMA-11-01,TOKA,TOKA-104,5/14/2025,29,227,,,,VUBR,30,BRDI2,BRMI2,DACA3,PLLA,,,,NA,,,S,,0
SMA-11-01,TOKA,TOKA-104,5/14/2025,30,227,,,,DACA3,25,PLLA,VUBR,,,,,,NA,,,S,,0
SMA-11-01,TOKA,TOKA-104,5/14/2025,31,227,,,,VUBR,25,BRDI2,PLLA,2GA,,,,,NA,,,S,3,0
SMA-11-01,TOKA,TOKA-104,5/14/2025,32,227,,,,VUBR,20,BRDI2,DACA3,BRHO2,TODI,L,,,NA,,,S,,0
SMA-11-01,TOKA,TOKA-104,5/14/2025,33,227,TODI,,,PLLA,5,,,,,,,,NA,,,AM,,0
SMA-11-01,TOKA,TOKA-104,5/14/2025,34,227,,,,BRDI2,14,PLLA,LIBI5,,,,,,NA,,,S,,0
SMA-11-01,TOKA,TOKA-104,5/14/2025,35,227,,,,PLLA,6,BRDI2,L,,,,,,NA,,,S,,0
SMA-11-01,TOKA,TOKA-104,5/14/2025,36,227,,,,BRDI2,10,VUBR,AICA,L,,,,,NA,,,S,,0
SMA-11-01,TOKA,TOKA-104,5/14/2025,37,227,,,,BRCA5,35,DACA3,BRHO2,VUBR,PLLA,L,,,NA,,,S,,0
SMA-11-01,TOKA,TOKA-104,5/14/2025,38,227,,,,DACA3,15,BRDI2,VUBR,,,,,,NA,,,S,,0
SMA-11-01,TOKA,TOKA-104,5/14/2025,39,227,,,,LIBI5,15,DACA3,PLLA,,,,,,NA,,,S,,0
SMA-11-01,TOKA,TOKA-104,5/14/2025,40,227,,,,DACA3,26,BRDI2,VUBR,L,,,,,NA,,,S,,0
SMA-11-01,TOKA,TOKA-104,5/14/2025,41,227,,,,BRDI2,10,L,,,,,,,NA,,,S,,0
SMA-11-01,TOKA,TOKA-104,5/14/2025,42,227,,,,PLLA,20,,,,,,,,NA,,,S,,0
SMA-11-01,TOKA,TOKA-104,5/14/2025,43,227,,,,VUBR,20,DACA3,,,,,,,NA,,,S,,0
SMA-11-01,TOKA,TOKA-104,5/14/2025,44,227,,,,BRCA5,18,VUBR,BRHO2,,,,,,NA,,,S,,0
SMA-11-01,TOKA,TOKA-104,5/14/2025,45,227,,,,PLLA,13,BRHO2,VUBR,,,,,,NA,,,S,,0
SMA-11-01,TOKA,TOKA-104,5/14/2025,46,227,,,,BRDI2,9,BRHO2,L,,,,,,NA,,,S,,0
SMA-11-01,TOKA,TOKA-104,5/14/2025,47,227,,,,LOCO6,10,BRHO2,VUBR,L,,,,,NA,,,S,,0
SMA-11-01,TOKA,TOKA-104,5/14/2025,48,227,,,,BRCA5,5,VUBR,ERBO,L,,,,,NA,,,S,,0
SMA-11-01,TOKA,TOKA-104,5/14/2025,49,227,,,,VUBR,25,BRDI2,VITE,L,,,,,NA,,,S,,0
SMA-11-01,TOKA,TOKA-104,5/14/2025,50,227,,,,VUBR,10,RUUR,ERBO,L,,,,,NA,,,S,,0
SMA-11-01,TOKA,TOKA-111,5/14/2025,1,326,TODI,,,PHAQ,70,L,,,,,,,NA,,,S,,0
SMA-11-01,TOKA,TOKA-111,5/14/2025,2,326,BAPI,RUUR,,NOPLANT,NA,,,,,,,,NA,,,M,,0
SMA-11-01,TOKA,TOKA-111,5/14/2025,3,326,,,,NOPLANT,NA,,,,,,,,NA,,,M,,0
SMA-11-01,TOKA,TOKA-111,5/14/2025,4,326,TODI,RUUR,,NOPLANT,NA,,,,,,,,NA,,,M,,0
SMA-11-01,TOKA,TOKA-111,5/14/2025,5,326,,,,PHAQ,20,VUBR,BRDI2,TODI,L,,,,NA,,,S,,0
SMA-11-01,TOKA,TOKA-111,5/14/2025,6,326,RUUR,,,AICA,5,RUAC3,,,,,,,NA,,,S,,0
SMA-11-01,TOKA,TOKA-111,5/14/2025,7,326,,,,PLLA,3,VUBR,,,,,,,NA,,,S,,0
SMA-11-01,TOKA,TOKA-111,5/14/2025,8,326,,,,VUBR,4,,,,,,,,NA,,,S,,0
SMA-11-01,TOKA,TOKA-111,5/14/2025,9,326,,,,VUBR,5,,,,,,,,NA,,,S,,0
SMA-11-01,TOKA,TOKA-111,5/14/2025,10,326,,,,PHAQ,25,VUBR,BRDI2,GEDI,L,,,,NA,,,S,,0
SMA-11-01,TOKA,TOKA-111,5/14/2025,11,326,,,,PHAQ,30,PHAQ,BRHO2,GEDI,VUBR,,,,NA,,,S,1,0
SMA-11-01,TOKA,TOKA-111,5/14/2025,12,326,,,,VUBR,20,BRHO2,RUAC3,L,,,,,NA,,,S,,0
SMA-11-01,TOKA,TOKA-111,5/14/2025,13,326,,,,VUBR,20,LOCO6,BRHO2,L,,,,,NA,,,S,,0
SMA-11-01,TOKA,TOKA-111,5/14/2025,14,326,,,,AVBA,70,VUBR,BRHO2,GEDI,RUUR,L,,,NA,,,S,,0
SMA-11-01,TOKA,TOKA-111,5/14/2025,15,326,,,,AVBA,70,BRHO2,GEDI,RUUR,L,,,,NA,,,S,,0
SMA-11-01,TOKA,TOKA-111,5/14/2025,16,326,,,,AVBA,90,PHAQ,RUUR,VUBR,L,,,,NA,,,S,,0
SMA-11-01,TOKA,TOKA-111,5/14/2025,17,326,,,,VUBR,70,AVBA,PLLA,CIVU,GEDI,RUUR,L,,NA,,,S,,0
SMA-11-01,TOKA,TOKA-111,5/14/2025,18,326,RUUR,,,PHAQ,30,2GA,L,,,,,,NA,,,S,,0
SMA-11-01,TOKA,TOKA-111,5/14/2025,19,326,,,,BRCA5,50,VUBR,GEDI,RUUR,RUAC3,L,,,NA,,,S,,0
SMA-11-01,TOKA,TOKA-111,5/14/2025,20,326,,,,PHAQ,30,BRHO2,RUAC3,L,,,,,NA,,,S,,0
SMA-11-01,TOKA,TOKA-111,5/14/2025,21,326,,,,PHAQ,20,BRHO2,BRDI2,GEDI,L,,,,NA,,,S,,0
SMA-11-01,TOKA,TOKA-111,5/14/2025,22,326,,,,PHAQ,30,AVBA,L,,,,,,NA,,,S,,0
SMA-11-01,TOKA,TOKA-111,5/14/2025,23,326,,,,DAGL,30,L,,,,,,,NA,,,S,,0
SMA-11-01,TOKA,TOKA-111,5/14/2025,24,326,,,,DAGL,10,DAGL,L,,,,,,NA,,,S,1,0
SMA-11-01,TOKA,TOKA-111,5/14/2025,25,326,,,,DAGL,30,DACA3,L,,,,,,NA,,,S,,0
SMA-11-01,TOKA,TOKA-111,5/14/2025,26,326,,,,DAGL,45,PHAQ,DACA3,L,,,,,NA,,,S,,0
SMA-11-01,TOKA,TOKA-111,5/14/2025,27,326,,,,VUBR,10,AICA,L,,,,,,NA,,,S,,0
SMA-11-01,TOKA,TOKA-111,5/14/2025,28,326,,,,DAGL,50,VUBR,L,,,,,,NA,,,S,,0
SMA-11-01,TOKA,TOKA-111,5/14/2025,29,326,,,,PLLA,25,VUBR,L,,,,,,NA,,,S,,0
SMA-11-01,TOKA,TOKA-111,5/14/2025,30,326,,,,VUBR,40,DACA3,GEDI,L,,,,,NA,,,S,,0
SMA-11-01,TOKA,TOKA-111,5/14/2025,31,326,,,,DAGL,10,L,,,,,,,NA,,,S,,0
SMA-11-01,TOKA,TOKA-111,5/14/2025,32,326,,,,DAGL,20,RUUR,L,,,,,,NA,,,S,,0
SMA-11-01,TOKA,TOKA-111,5/14/2025,33,326,,,,PHAQ,45,PLLA,AICA,VITE,L,,,,NA,,,S,,0
SMA-11-01,TOKA,TOKA-111,5/14/2025,34,326,,,,BRHO2,40,VUBR,RUUR,L,,,,,NA,,,S,,0
SMA-11-01,TOKA,TOKA-111,5/14/2025,35,326,,,,LOPEM2,40,BRHO2,VUBR,2GA,L,,,,NA,,,S,3,0
SMA-11-01,TOKA,TOKA-111,5/14/2025,36,326,,,,PHAQ,30,PLLA,LOCO6,L,,,,,NA,,,S,,0
SMA-11-01,TOKA,TOKA-111,5/14/2025,37,326,,,,PHAQ,50,HYRA3,PLLA,VUBR,,,,,NA,,,S,,0
SMA-11-01,TOKA,TOKA-111,5/14/2025,38,326,,,,AVBA,40,PLLA,PHAQ,VISA,RUAC3,L,,,NA,,,S,,0
SMA-11-01,TOKA,TOKA-111,5/14/2025,39,326,,,,PHAQ,10,VISA,RUUR,BRHO2,L,,,,NA,,,S,,0
SMA-11-01,TOKA,TOKA-111,5/14/2025,40,326,,,,DAGL,40,VISA,RUUR,RUAC3,L,,,,NA,,,S,,0
SMA-11-01,TOKA,TOKA-111,5/14/2025,41,326,,,,PHAQ,30,RUCA3,RUUR,VUBR,L,,,,NA,,,S,,0
SMA-11-01,TOKA,TOKA-111,5/14/2025,42,326,,,,BRDI3,50,HOLA,,,,,,,NA,,,S,,0
SMA-11-01,TOKA,TOKA-111,5/14/2025,43,326,,,,NOPLANT,NA,,,,,,,,NA,,,S,,0
SMA-11-01,TOKA,TOKA-111,5/14/2025,44,326,,,,NOPLANT,NA,,,,,,,,NA,,,S,,0
SMA-11-01,TOKA,TOKA-111,5/14/2025,45,326,,,,DAGL,4,,,,,,,,NA,,,S,,0
SMA-11-01,TOKA,TOKA-111,5/14/2025,46,326,,,,NOPLANT,NA,L,,,,,,,NA,,,S,,0
SMA-11-01,TOKA,TOKA-111,5/14/2025,47,326,,,,NOPLANT,NA,L,,,,,,,NA,,,S,,0
SMA-11-01,TOKA,TOKA-111,5/14/2025,48,326,,,,PHAQ,30,BRHO2,PLLA,L,,,,,NA,,,S,,0
SMA-11-01,TOKA,TOKA-111,5/14/2025,49,326,,,,PHAQ,30,VUBR,BRHO2,L,,,,,NA,,,S,,0
SMA-11-01,TOKA,TOKA-111,5/14/2025,50,326,,,,PHAQ,40,VUBR,L,,,,,,NA,,,S,,0
SMA-11-01,TOKA,TOKA-111,5/14/2025,1,146,BAPI,TODI,,PHAQ,45,CLDO2,L,,,,,,NA,,,S,,0
SMA-11-01,TOKA,TOKA-111,5/14/2025,2,146,,,,PHAQ,35,GEDI,CLDO2,L,,,,,NA,,,S,,0
SMA-11-01,TOKA,TOKA-111,5/14/2025,3,146,,,,BRDI2,29,TODI,L,,,,,,NA,,,S,,0
SMA-11-01,TOKA,TOKA-111,5/14/2025,4,146,,,,PHAQ,10,TODI,PHAQ,L,,,,,NA,,,S,2,0
SMA-11-01,TOKA,TOKA-111,5/14/2025,5,146,BAPI,,,BRCA5,10,VUBR,BRHO2,L,,,,,NA,,,S,,0
SMA-11-01,TOKA,TOKA-111,5/14/2025,6,146,,,,AVBA,10,BRHO2,BRCA5,L,,,,,NA,,,S,,0
SMA-11-01,TOKA,TOKA-111,5/14/2025,7,146,,,,BRHO2,10,VUBR,AVBA,L,,,,,NA,,,S,,0
SMA-11-01,TOKA,TOKA-111,5/14/2025,8,146,,,,BRHO2,20,PLLA,BRMI2,,,,,,NA,,,S,,0
SMA-11-01,TOKA,TOKA-111,5/14/2025,9,146,,,,BRHO2,14,VUBR,BRMI2,NAPU4,L,,,,NA,,,S,,0
SMA-11-01,TOKA,TOKA-111,5/14/2025,10,146,,,,AVBA,16,VUBR,PLLA,L,,,,,NA,,,S,,0
SMA-11-01,TOKA,TOKA-111,5/14/2025,11,146,,,,NAPU4,35,PHAQ,L,,,,,,NA,,,S,,0
SMA-11-01,TOKA,TOKA-111,5/14/2025,12,146,,,,NAPU4,30,BAPI,DAGL,L,,,,,NA,,,S,,0
SMA-11-01,TOKA,TOKA-111,5/14/2025,13,146,BAPI,,,NAPU4,30,AVBA,TODI,L,,,,,NA,,,S,,0
SMA-11-01,TOKA,TOKA-111,5/14/2025,14,146,BAPI,TODI,,BRDI2,10,RUUR,L,,,,,,NA,,,S,,0
SMA-11-01,TOKA,TOKA-111,5/14/2025,15,146,,,,NAPU4,40,VUBR,PLLA,L,,,,,NA,,,S,,0
SMA-11-01,TOKA,TOKA-111,5/14/2025,16,146,,,,NAPU4,40,BRHO2,BRMI2,,,,,,NA,,,S,,0
SMA-11-01,TOKA,TOKA-111,5/14/2025,17,146,,,,DACA3,15,TRAN6,BRDI2,L,,,,,NA,,,S,,0
SMA-11-01,TOKA,TOKA-111,5/14/2025,18,146,,,,PLLA,10,BRHO2,DACA3,L,,,,,NA,,,S,,0
SMA-11-01,TOKA,TOKA-111,5/14/2025,19,146,,,,BRDI2,4,,,,,,,,NA,,,S,,0
SMA-11-01,TOKA,TOKA-111,5/14/2025,20,146,,,,BRHO2,3,L,,,,,,,NA,,,S,,0
SMA-11-01,TOKA,TOKA-111,5/14/2025,21,146,,,,VUBR,7,BRDI2,,,,,,,NA,,,S,,0
SMA-11-01,TOKA,TOKA-111,5/14/2025,22,146,,,,NOPLANT,NA,,,,,,,,NA,,,S,,0
SMA-11-01,TOKA,TOKA-111,5/14/2025,23,146,,,,LIBI5,4,BRDI2,,,,,,,NA,,,S,,0
SMA-11-01,TOKA,TOKA-111,5/14/2025,24,146,,,,TRAN6,4,,,,,,,,NA,,,S,,0
SMA-11-01,TOKA,TOKA-111,5/14/2025,25,146,,,,BRHO2,4,,,,,,,,NA,,,S,,0
SMA-11-01,TOKA,TOKA-111,5/14/2025,26,146,,,,JUOC2,10,,,,,,,,NA,,,S,,0
SMA-11-01,TOKA,TOKA-111,5/14/2025,27,146,,,,COSE4,50,BRHO2,L,,,,,,NA,,,S,,0
SMA-11-01,TOKA,TOKA-111,5/14/2025,28,146,,,,LOCO6,7,BRHO2,L,,,,,,NA,,,S,,0
SMA-11-01,TOKA,TOKA-111,5/14/2025,29,146,,,,VUBR,10,,,,,,,,NA,,,S,,0
SMA-11-01,TOKA,TOKA-111,5/14/2025,30,146,,,,VUBR,7,TRAN6,L,,,,,,NA,,,S,,0
SMA-11-01,TOKA,TOKA-111,5/14/2025,31,146,,,,VUBR,6,L,,,,,,,NA,,,S,,0
SMA-11-01,TOKA,TOKA-111,5/14/2025,32,146,,,,VUBR,10,L,,,,,,,NA,,,S,,0
SMA-11-01,TOKA,TOKA-111,5/14/2025,33,146,,,,DACA3,10,BRHO2,L,,,,,,NA,,,S,,0
SMA-11-01,TOKA,TOKA-111,5/14/2025,34,146,,,,NAPU4,15,BRHO2,BRDI2,L,,,,,NA,,,S,,0
SMA-11-01,TOKA,TOKA-111,5/14/2025,35,146,,,,NOPLANT,NA,L,,,,,,,NA,,,S,,0
SMA-11-01,TOKA,TOKA-111,5/14/2025,36,146,,,,PLLA,20,2GA,L,,,,,,NA,,,S,,0
SMA-11-01,TOKA,TOKA-111,5/14/2025,37,146,,,,VUBR,25,BRDI2,RUUR,AVBA,L,,,,NA,,,S,,0
SMA-11-01,TOKA,TOKA-111,5/14/2025,38,146,,,,BRDI2,10,RUUR,VUBR,L,,,,,NA,,,S,,0
SMA-11-01,TOKA,TOKA-111,5/14/2025,39,146,,,,VISA,5,BRHO2,BRDI2,RUUR,L,,,,NA,,,S,,0
SMA-11-01,TOKA,TOKA-111,5/14/2025,40,146,,,,NAPU4,5,BRDI2,L,,,,,,NA,,,S,,0
SMA-11-01,TOKA,TOKA-111,5/14/2025,41,146,,,,LIBI5,10,BRDI2,VUBR,PLLA,NAPU4,L,,,NA,,,S,,0
SMA-11-01,TOKA,TOKA-111,5/14/2025,42,146,,,,VUBR,20,NAPU4,PLLA,L,,,,,NA,,,S,,0
SMA-11-01,TOKA,TOKA-111,5/14/2025,43,146,,,,BRHO2,25,NAPU4,PLLA,VUBR,L,,,,NA,,,S,,0
SMA-11-01,TOKA,TOKA-111,5/14/2025,44,146,,,,PLLA,10,DACA3,L,,,,,,NA,,,S,,0
SMA-11-01,TOKA,TOKA-111,5/14/2025,45,146,,,,BRHO2,10,NAPU4,PLLA,L,,,,,NA,,,S,,0
SMA-11-01,TOKA,TOKA-111,5/14/2025,46,146,,,,BRHO2,15,TRAN6,VUBR,L,,,,,NA,,,S,,0
SMA-11-01,TOKA,TOKA-111,5/14/2025,47,146,,,,NAPU4,15,BRDI2,VUBR,L,,,,,NA,,,S,,0
SMA-11-01,TOKA,TOKA-111,5/14/2025,48,146,,,,PLLA,25,BRHO2,L,,,,,,NA,,,S,,0
SMA-11-01,TOKA,TOKA-111,5/14/2025,49,146,,,,VUBR,10,PLLA,TRAN6,L,,,,,NA,,,S,,0
SMA-11-01,TOKA,TOKA-111,5/14/2025,50,146,,,,NAPU4,10,BRHO2,BRDI2,L,,,,,NA,,,S,,0
SMA-11-01,TOKA,TOKA-117,5/15/2025,1,270,,,,AVENA,5,L,,,,,,,NA,,,EM,,0
SMA-11-01,TOKA,TOKA-117,5/15/2025,2,270,,,,AVENA,8,L,,,,,,,NA,,,EM,,0
SMA-11-01,TOKA,TOKA-117,5/15/2025,3,270,,,,NOPLANT,NA,L,,,,,,,NA,,,EM,,0
SMA-11-01,TOKA,TOKA-117,5/15/2025,4,270,,,,NOPLANT,NA,L,,,,,,,NA,,,EM,,0
SMA-11-01,TOKA,TOKA-117,5/15/2025,5,270,,,,AVENA,12,L,,,,,,,NA,,,EM,,0
SMA-11-01,TOKA,TOKA-117,5/15/2025,6,270,,,,NOPLANT,NA,L,,,,,,,NA,,,EM,,0
SMA-11-01,TOKA,TOKA-117,5/15/2025,7,270,,,,LOPEM2,15,AVENA,,,,,,,NA,,,EM,,0
SMA-11-01,TOKA,TOKA-117,5/15/2025,8,270,,,,LOPEM2,8,,,,,,,,NA,,,S,,0
SMA-11-01,TOKA,TOKA-117,5/15/2025,9,270,,,,VIHI,30,BRHO2,RUUR,L,,,,,NA,,,S,,0
SMA-11-01,TOKA,TOKA-117,5/15/2025,10,270,,,,LOPEM2,35,RUUR,,,,,,,NA,,,EM,,0
SMA-11-01,TOKA,TOKA-117,5/15/2025,11,270,,,,COMA2,30,VUBR,,,,,,,NA,,,AM,,0
SMA-11-01,TOKA,TOKA-117,5/15/2025,12,270,RUUR,,,LOPEM2,15,,,,,,,,NA,,,S,,0
SMA-11-01,TOKA,TOKA-117,5/15/2025,13,270,,,,CAPY2,45,,,,,,,,NA,,,S,,0
SMA-11-01,TOKA,TOKA-117,5/15/2025,14,270,,,,VUBR,40,CAPY2,,,,,,,NA,,,S,,0
SMA-11-01,TOKA,TOKA-117,5/15/2025,15,270,,,,COAR4,30,VUBR,PHAQ,CAPY2,,,,,NA,,,EM,,0
SMA-11-01,TOKA,TOKA-117,5/15/2025,16,270,,,,LOPEM2,25,RUUR,,,,,,,NA,,,S,,0
SMA-11-01,TOKA,TOKA-117,5/15/2025,17,270,,,,LOPEM2,38,VUBR,BRDI3,RUUR,L,,,,NA,,,S,,0
SMA-11-01,TOKA,TOKA-117,5/15/2025,18,270,,,,MAFA3,40,VELA,MASA,RUUR,L,,,,NA,,,S,,0
SMA-11-01,TOKA,TOKA-117,5/15/2025,19,270,,,,VUBR,30,RUUR,L,,,,,,NA,,,S,,0
SMA-11-01,TOKA,TOKA-117,5/15/2025,20,270,,,,LOPEM2,45,RUUR,GEDI,L,,,,,NA,,,S,,0
SMA-11-01,TOKA,TOKA-117,5/15/2025,21,270,,,,VISA,45,VUBR,RUUR,L,,,,,NA,,,S,,0
SMA-11-01,TOKA,TOKA-117,5/15/2025,22,270,,,,VUBR,45,GEDI,RUUR,SOAS,L,,,,NA,,,S,,0
SMA-11-01,TOKA,TOKA-117,5/15/2025,23,270,,,,LOPEM2,43,L,,,,,,,NA,,,S,,0
SMA-11-01,TOKA,TOKA-117,5/15/2025,24,270,,,,LOPEM2,38,BRHO2,RUUR,L,,,,,NA,,,S,,0
SMA-11-01,TOKA,TOKA-117,5/15/2025,25,270,,,,BRHO2,55,LOPEM2,BRMI2,RUUR,L,,,,NA,,,S,,0
SMA-11-01,TOKA,TOKA-117,5/15/2025,26,270,,,,LOPEM2,12,L,,,,,,,NA,,,S,,0
SMA-11-01,TOKA,TOKA-117,5/15/2025,27,270,,,,TRAN6,35,LOPEM2,RUUR,L,,,,,NA,,,S,,0
SMA-11-01,TOKA,TOKA-117,5/15/2025,28,270,,,,LOPEM2,38,VUBR,BRMI2,BRHO2,L,,,,NA,,,S,,0
SMA-11-01,TOKA,TOKA-117,5/15/2025,29,270,RUUR,,,LOPEM2,40,VIHI,VISA,BRHO2,L,,,,NA,,,S,,0
SMA-11-01,TOKA,TOKA-117,5/15/2025,30,270,,,,VUBR,45,VITE,LOPEM2,RUUR,L,,,,NA,,,S,,0
SMA-11-01,TOKA,TOKA-117,5/15/2025,31,270,,,,LOPEM2,58,BRCA5,VUBR,VITE,L,,,,NA,,,S,,0
SMA-11-01,TOKA,TOKA-117,5/15/2025,32,270,,,,BRCA5,60,VUBR,RUUR,L,,,,,NA,,,S,,0
SMA-11-01,TOKA,TOKA-117,5/15/2025,33,270,,,,LOPEM2,59,VUBR,RUUR,L,,,,,NA,,,S,,0
SMA-11-01,TOKA,TOKA-117,5/15/2025,34,270,,,,VUBR,45,RUUR,HOCA3,L,,,,,NA,,,S,,0
SMA-11-01,TOKA,TOKA-117,5/15/2025,35,270,,,,LIBI5,55,BRCA5,RUUR,GEDI,L,,,,NA,,,S,,0
SMA-11-01,TOKA,TOKA-117,5/15/2025,36,270,,,,VUBR,55,RUUR,BRCA5,L,,,,,NA,,,S,,0
SMA-11-01,TOKA,TOKA-117,5/15/2025,37,270,,,,PHAQ,45,LOPEM2,VUBR,RUUR,L,,,,NA,,,S,,0
SMA-11-01,TOKA,TOKA-117,5/15/2025,38,270,,,,PHAQ,55,BRCA5,TRCA5,RUUR,GEDI,L,,,NA,,,S,,0
SMA-11-01,TOKA,TOKA-117,5/15/2025,39,270,,,,BRCA5,55,VUBR,VITE,GEDI,RUUR,L,,,NA,,,S,,0
SMA-11-01,TOKA,TOKA-117,5/15/2025,40,270,,,,BRCA5,45,VISA,VUBR,VITE,RUUR,L,,,NA,,,S,,0
SMA-11-01,TOKA,TOKA-117,5/15/2025,41,270,RUUR,,,BRCA5,30,L,,,,,,,NA,,,S,,0
SMA-11-01,TOKA,TOKA-117,5/15/2025,42,270,,,,COMA2,55,VUBR,RUUR,L,,,,,NA,,,S,,0
SMA-11-01,TOKA,TOKA-117,5/15/2025,43,270,,,,COMA2,60,RUUR,L,,,,,,NA,,,S,,0
SMA-11-01,TOKA,TOKA-117,5/15/2025,44,270,RUUR,,,VUBR,18,L,,,,,,,NA,,,S,,0
SMA-11-01,TOKA,TOKA-117,5/15/2025,45,270,,,,LOPEM2,52,COMA2,VUBR,GEDI,RUUR,L,,,NA,,,S,,0
SMA-11-01,TOKA,TOKA-117,5/15/2025,46,270,,,,VUBR,32,RUUR,COMA2,L,,,,,NA,,,S,,0
SMA-11-01,TOKA,TOKA-117,5/15/2025,47,270,BAPI,,,LOPEM2,30,RUUR,L,,,,,,NA,,,S,,0
SMA-11-01,TOKA,TOKA-117,5/15/2025,48,270,,,,BRCA5,35,,VUBR,RUUR,L,,,,NA,,,S,,0
SMA-11-01,TOKA,TOKA-117,5/15/2025,49,270,,,,VISA,43,BRDI2,VUBR,RUUR,L,,,,NA,,,S,,0
SMA-11-01,TOKA,TOKA-117,5/15/2025,50,270,,,,LIBI5,35,BRCA5,VUBR,GEDI,L,,,,NA,,,S,,0
SMA-11-01,TOKA,TOKA-117,5/15/2025,1,90,,,,NOPLANT,NA,L,,,,,,,NA,,,EM,,0
SMA-11-01,TOKA,TOKA-117,5/15/2025,2,90,,,,LOPEM2,5,,,,,,,,NA,,,S,,0
SMA-11-01,TOKA,TOKA-117,5/15/2025,3,90,,,,NOPLANT,NA,L,,,,,,,NA,,,EM,,0
SMA-11-01,TOKA,TOKA-117,5/15/2025,4,90,,,,LOPEM2,12,L,,,,,,,NA,,,EM,,0
SMA-11-01,TOKA,TOKA-117,5/15/2025,5,90,,,,NOPLANT,NA,L,,,,,,,NA,,,EM,,0
SMA-11-01,TOKA,TOKA-117,5/15/2025,6,90,,,,NOPLANT,NA,L,,,,,,,NA,,,EM,,0
SMA-11-01,TOKA,TOKA-117,5/15/2025,7,90,,,,NOPLANT,NA,L,,,,,,,NA,,,EM,,0
SMA-11-01,TOKA,TOKA-117,5/15/2025,8,90,,,,NOPLANT,NA,L,,,,,,,NA,,,EM,,0
SMA-11-01,TOKA,TOKA-117,5/15/2025,9,90,,,,NOPLANT,NA,L,,,,,,,NA,,,EM,,0
SMA-11-01,TOKA,TOKA-117,5/15/2025,10,90,,,,NOPLANT,NA,,,,,,,,NA,,,AM,,0
SMA-11-01,TOKA,TOKA-117,5/15/2025,11,90,,,,LOPEM2,12,L,,,,,,,NA,,,EM,,0
SMA-11-01,TOKA,TOKA-117,5/15/2025,12,90,,,,NOPLANT,NA,L,,,,,,,NA,,,EM,,0
SMA-11-01,TOKA,TOKA-117,5/15/2025,13,90,,,,NOPLANT,NA,L,,,,,,,NA,,,EM,,0
SMA-11-01,TOKA,TOKA-117,5/15/2025,14,90,,,,NOPLANT,NA,L,,,,,,,NA,,,EM,,0
SMA-11-01,TOKA,TOKA-117,5/15/2025,15,90,,,,NOPLANT,NA,,,,,,,,NA,,,AM,,0
SMA-11-01,TOKA,TOKA-117,5/15/2025,16,90,,,,NOPLANT,NA,L,,,,,,,NA,,,EM,,0
SMA-11-01,TOKA,TOKA-117,5/15/2025,17,90,,,,AVENA,13,L,,,,,,,NA,,,EM,,0
SMA-11-01,TOKA,TOKA-117,5/15/2025,18,90,,,,NOPLANT,NA,L,,,,,,,NA,,,EM,,0
SMA-11-01,TOKA,TOKA-117,5/15/2025,19,90,,,,AVENA,1,,,,,,,,NA,,,S,,0
SMA-11-01,TOKA,TOKA-117,5/15/2025,20,90,,,,NOPLANT,NA,,,,,,,,NA,,,S,,0
SMA-11-01,TOKA,TOKA-117,5/15/2025,21,90,,,,NOPLANT,NA,,,,,,,,NA,,,S,,0
SMA-11-01,TOKA,TOKA-117,5/15/2025,22,90,,,,NOPLANT,NA,,,,,,,,NA,,,S,,0
SMA-11-01,TOKA,TOKA-117,5/15/2025,23,90,,,,LOPEM2,6,,,,,,,,NA,,,S,,0
SMA-11-01,TOKA,TOKA-117,5/15/2025,24,90,,,,JUPA2,22,VUBR,L,,,,,,NA,,,S,,0
SMA-11-01,TOKA,TOKA-117,5/15/2025,25,90,,,,NOPLANT,NA,,,,,,,,NA,,,S,,0
SMA-11-01,TOKA,TOKA-117,5/15/2025,26,90,,,,VUBR,6,RUUR,,,,,,,NA,,,S,,0
SMA-11-01,TOKA,TOKA-117,5/15/2025,27,90,RUUR,,,LOPEM2,12,L,,,,,,,NA,,,S,,0
SMA-11-01,TOKA,TOKA-117,5/15/2025,28,90,,,,LOPEM2,6,SOAS,,,,,,,NA,,,S,,0
SMA-11-01,TOKA,TOKA-117,5/15/2025,29,90,,,,LOPEM2,4,,,,,,,,NA,,,S,,0
SMA-11-01,TOKA,TOKA-117,5/15/2025,30,90,RUUR,,,LOPEM2,12,,,,,,,,NA,,,S,,0
SMA-11-01,TOKA,TOKA-117,5/15/2025,31,90,,,,LOPEM2,8,,,,,,,,NA,,,S,,0
SMA-11-01,TOKA,TOKA-117,5/15/2025,32,90,,,,BRCA5,22,BRDI3,,,,,,,NA,,,S,,0
SMA-11-01,TOKA,TOKA-117,5/15/2025,33,90,,,,BRHO2,20,CAPY2,RUUR,,,,,,NA,,,S,,0
SMA-11-01,TOKA,TOKA-117,5/15/2025,34,90,,,,COMA2,8,VUBR,L,,,,,,NA,,,S,,0
SMA-11-01,TOKA,TOKA-117,5/15/2025,35,90,,,,BRDI3,15,RUUR,L,,,,,,NA,,,S,,0
SMA-11-01,TOKA,TOKA-117,5/15/2025,36,90,,,,LIBI5,23,L,,,,,,,NA,,,S,,0
SMA-11-01,TOKA,TOKA-117,5/15/2025,37,90,RUUR,,,NOPLANT,NA,WL,,,,,,,NA,,,S,,0
SMA-11-01,TOKA,TOKA-117,5/15/2025,38,90,,,,ACMI2,25,LOPEM2,RUUR,L,,,,,NA,,,S,,0
SMA-11-01,TOKA,TOKA-117,5/15/2025,39,90,,,,LOPEM2,4,,,,,,,,NA,,,S,,0
SMA-11-01,TOKA,TOKA-117,5/15/2025,40,90,,,,NOPLANT,NA,WL,,,,,,,NA,,,S,,0
SMA-11-01,TOKA,TOKA-117,5/15/2025,41,90,,,,NOPLANT,NA,,,,,,,,NA,,,S,,0
SMA-11-01,TOKA,TOKA-117,5/15/2025,42,90,,,,NOPLANT,NA,L,,,,,,,NA,,,S,,0
SMA-11-01,TOKA,TOKA-117,5/15/2025,43,90,RUUR,,,NOPLANT,NA,L,,,,,,,NA,,,S,,0
SMA-11-01,TOKA,TOKA-117,5/15/2025,44,90,,,,VUBR,17,,,,,,,,NA,,,AM,,0
SMA-11-01,TOKA,TOKA-117,5/15/2025,45,90,,,,CAPY2,4,VUBR,,,,,,,NA,,,S,,0
SMA-11-01,TOKA,TOKA-117,5/15/2025,46,90,,,,LOPEM2,50,L,,,,,,,NA,,,S,,0
SMA-11-01,TOKA,TOKA-117,5/15/2025,47,90,,,,BRHO2,40,LOPEM2,,,,,,,NA,,,S,,0
SMA-11-01,TOKA,TOKA-117,5/15/2025,48,90,,,,BRHO2,33,LOPEM2,,,,,,,NA,,,AM,,0
SMA-11-01,TOKA,TOKA-117,5/15/2025,49,90,,,,BRHO2,41,LOPEM2,BRDI3,,,,,,NA,,,AM,,0
SMA-11-01,TOKA,TOKA-117,5/15/2025,50,90,,,,VUBR,30,VISA,CAPY2,RUUR,L,,,,NA,,,S,,0
SMA-11-01,TOKA,TOKA-137,7/16/2025,1,319,,,,CYEC,12,BRDI2,PLLA,AICA,,,,,NA,,,S,,0
SMA-11-01,TOKA,TOKA-137,7/16/2025,2,319,,,,CYEC,5,LOCO6,L,,,,,,NA,,,S,,0
SMA-11-01,TOKA,TOKA-137,7/16/2025,3,319,,,,NAPU4,18,2FA,,,,,,,NA,,,S,,0
SMA-11-01,TOKA,TOKA-137,7/16/2025,4,319,,,,NAPU4,20,PLLA,BRHO2,L,,,,,NA,,,S,,0
SMA-11-01,TOKA,TOKA-137,7/16/2025,5,319,,,,NAPU4,25,AICA,RUUR,PLLA,L,,,,NA,,,S,,0
SMA-11-01,TOKA,TOKA-137,7/16/2025,6,319,,,,NAPU4,40,BRDI2,CYEC,RUUR,L,,,,NA,,,S,,0
SMA-11-01,TOKA,TOKA-137,7/16/2025,7,319,,,,LIBI5,16,LOCO6,BAPI,L,,,,,NA,,,S,,0
SMA-11-01,TOKA,TOKA-137,7/16/2025,8,319,BAPI,,,BRDI2,20,NAPU4,PLLA,L,,,,,NA,,,S,,0
SMA-11-01,TOKA,TOKA-137,7/16/2025,9,319,,,,LOPEM2,19,BRDI2,LIBI5,CYEC,L,,,,NA,,,S,,0
SMA-11-01,TOKA,TOKA-137,7/16/2025,10,319,,,,LOPEM2,20,BRDI2,CYEC,BRCA5,L,,,,NA,,,S,,0
SMA-11-01,TOKA,TOKA-137,7/16/2025,11,319,,,,BRCA5,10,BRDI2,LIBI5,2GA,L,,,,NA,,,S,3,0
SMA-11-01,TOKA,TOKA-137,7/16/2025,12,319,,,,NAPU4,20,LOPEM2,PLLA,CYEC,L,,,,NA,,,S,,0
SMA-11-01,TOKA,TOKA-137,7/16/2025,13,319,,,,TRAN6,20,BRHO2,BRDI2,PLLA,L,,,,NA,,,S,,0
SMA-11-01,TOKA,TOKA-137,7/16/2025,14,319,,,,BRDI2,10,GAPH2,L,,,,,,NA,,,S,,0
SMA-11-01,TOKA,TOKA-137,7/16/2025,15,319,,,,BRCA5,19,CYEC,AICA,L,,,,,NA,,,S,,0
SMA-11-01,TOKA,TOKA-137,7/16/2025,16,319,,,,PSCA13,50,L,,,,,,,NA,,,S,,0
SMA-11-01,TOKA,TOKA-137,7/16/2025,17,319,,,,NOPLANT,NA,WL,,,,,,,NA,,,S,,0
SMA-11-01,TOKA,TOKA-137,7/16/2025,18,319,,,,BRCA5,9,AICA,NAPU4,PLLA,L,,,,NA,,,S,,0
SMA-11-01,TOKA,TOKA-137,7/16/2025,19,319,BAPI,,,BRDI2,19,AICA,L,,,,,,NA,,,S,,0
SMA-11-01,TOKA,TOKA-137,7/16/2025,20,319,,,,NAPU4,40,LIBI5,BRDI2,AICA,L,,,,NA,,,S,,0
SMA-11-01,TOKA,TOKA-137,7/16/2025,21,319,RUUR,,,NAPU4,15,BRDI2,L,,,,,,NA,,,S,,0
SMA-11-01,TOKA,TOKA-137,7/16/2025,22,319,,,,TRAN6,15,VISA,PLLA,L,,,,,NA,,,S,,0
SMA-11-01,TOKA,TOKA-137,7/16/2025,23,319,,,,NOPLANT,NA,L,,,,,,,NA,,,S,,0
SMA-11-01,TOKA,TOKA-137,7/16/2025,24,319,,,,NOPLANT,NA,,,,,,,,NA,,,S,,0
SMA-11-01,TOKA,TOKA-137,7/16/2025,25,319,,,,LIBI5,20,BRDI2,,,,,,,NA,,,S,,0
SMA-11-01,TOKA,TOKA-137,7/16/2025,26,319,,,,BRDI2,14,GALIU,AICA,,,,,,NA,,,S,,0
SMA-11-01,TOKA,TOKA-137,7/16/2025,27,319,BAPI,,,NAPU4,10,L,,,,,,,NA,,,S,,0
SMA-11-01,TOKA,TOKA-137,7/16/2025,28,319,,,,LIBI5,20,VUBR,L,,,,,,NA,,,S,,0
SMA-11-01,TOKA,TOKA-137,7/16/2025,29,319,,,,BRDI2,9,LOCO6,,,,,,,NA,,,S,,0
SMA-11-01,TOKA,TOKA-137,7/16/2025,30,319,,,,VUBR,12,LIBI5,CYEC,,,,,,NA,,,S,,0
SMA-11-01,TOKA,TOKA-137,7/16/2025,31,319,,,,VUBR,10,WL,,,,,,,NA,,,S,,0
SMA-11-01,TOKA,TOKA-137,7/16/2025,32,319,,,,NAPU4,5,LOCO6,,,,,,,NA,,,S,,0
SMA-11-01,TOKA,TOKA-137,7/16/2025,33,319,,,,CYEC,4,LOCO6,BRDI2,,,,,,NA,,,S,,0
SMA-11-01,TOKA,TOKA-137,7/16/2025,34,319,,,,PLLA,19,LIBI5,AICA,CYEC,BRDI2,L,,,NA,,,S,,0
SMA-11-01,TOKA,TOKA-137,7/16/2025,35,319,,,,NAPU4,15,PLLA,L,,,,,,NA,,,S,,0
SMA-11-01,TOKA,TOKA-137,7/16/2025,36,319,,,,LIBI5,15,NAPU4,CYEC,PLLA,L,,,,NA,,,S,,0
SMA-11-01,TOKA,TOKA-137,7/16/2025,37,319,,,,BRDI2,10,PLLA,AICA,CYEC,L,,,,NA,,,S,,0
SMA-11-01,TOKA,TOKA-137,7/16/2025,38,319,,,,LIBI5,10,HOLA,AICA,CYEC,L,,,,NA,,,S,,0
SMA-11-01,TOKA,TOKA-137,7/16/2025,39,319,RUUR,TODI,,NOPLANT,NA,L,,,,,,,NA,,,S,,0
SMA-11-01,TOKA,TOKA-137,7/16/2025,40,319,RUUR,,,AICA,10,L,,,,,,,NA,,,S,,0
SMA-11-01,TOKA,TOKA-137,7/16/2025,41,319,RUUR,,,CYEC,10,L,,,,,,,NA,,,S,,0
SMA-11-01,TOKA,TOKA-137,7/16/2025,42,319,BAPI,RUUR,,VITE,10,L,,,,,,,NA,,,S,,0
SMA-11-01,TOKA,TOKA-137,7/16/2025,43,319,,,,RYPI,50,BAPI,RUUR,AICA,PLLA,L,,,NA,,,S,2,0
SMA-11-01,TOKA,TOKA-137,7/16/2025,44,319,,,,BRDI2,20,VUBR,RUUR,L,,,,,NA,,,S,,0
SMA-11-01,TOKA,TOKA-137,7/16/2025,45,319,,,,BRCA5,12,ACMI2,L,,,,,,NA,,,S,,0
SMA-11-01,TOKA,TOKA-137,7/16/2025,46,319,,,,BRCA5,12,AICA,PLLA,TRIFO,L,,,,NA,,,S,,0
SMA-11-01,TOKA,TOKA-137,7/16/2025,47,319,,,,BRCA5,30,DAGL,RUUR,AICA,L,,,,NA,,,S,,0
SMA-11-01,TOKA,TOKA-137,7/16/2025,48,319,,,,BRCA5,60,AICA,GEDI,LIBI5,L,,,,NA,,,S,,0
SMA-11-01,TOKA,TOKA-137,7/16/2025,49,319,,,,PHAQ,12,PLLA,L,,,,,,NA,,,S,,0
SMA-11-01,TOKA,TOKA-137,7/16/2025,50,319,,,,HOLA,15,RUUR,BRCA5,L,,,,,NA,,,S,,0
SMA-11-01,TOKA,TOKA-137,7/16/2025,1,139,,,,BRCA5,105,BRHO2,NAPU4,PLLA,AICA,WL,,,NA,,,S,,0
SMA-11-01,TOKA,TOKA-137,7/16/2025,2,139,,,,DAGL,34,PLLA,AICA,BRDI2,L,,,,NA,,,S,,0
SMA-11-01,TOKA,TOKA-137,7/16/2025,3,139,,,,PLLA,20,BRDI2,DAGL,LIBI5,L,,,,NA,,,S,,0
SMA-11-01,TOKA,TOKA-137,7/16/2025,4,139,,,,BRCA5,30,PLLA,BRDI2,L,,,,,NA,,,S,,0
SMA-11-01,TOKA,TOKA-137,7/16/2025,5,139,,,,NAPU4,24,PLLA,AICA,L,,,,,NA,,,S,,0
SMA-11-01,TOKA,TOKA-137,7/16/2025,6,139,,,,BRDI2,30,LIBI5,BAPI,AICA,PLLA,CETE9,L,,NA,,,S,,0
SMA-11-01,TOKA,TOKA-137,7/16/2025,7,139,,,,BRCA5,20,RUUR,LEVU,L,,,,,NA,,,S,,0
SMA-11-01,TOKA,TOKA-137,7/16/2025,8,139,,,,LEVU,10,CETE9,L,,,,,,NA,,,S,,0
SMA-11-01,TOKA,TOKA-137,7/16/2025,9,139,,,,LIBI5,24,PLLA,BRCA5,L,,,,,NA,,,S,,0
SMA-11-01,TOKA,TOKA-137,7/16/2025,10,139,,,,LIBI5,20,SYCH4,PLLA,L,,,,,NA,,,S,,0
SMA-11-01,TOKA,TOKA-137,7/16/2025,11,139,,,,BRCA5,31,AICA,LEVU,L,,,,,NA,,,S,,0
SMA-11-01,TOKA,TOKA-137,7/16/2025,12,139,,,,AICA,20,LOPEM2,2FA,L,,,,,NA,,,S,,0
SMA-11-01,TOKA,TOKA-137,7/16/2025,13,139,,,,ACMI2,65,LEVU,BRCA5,L,,,,,NA,,,S,,0
SMA-11-01,TOKA,TOKA-137,7/16/2025,14,139,,,,MASA,30,BRCA5,L,,,,,,NA,,,S,,0
SMA-11-01,TOKA,TOKA-137,7/16/2025,15,139,,,,PLLA,20,2GA,AICA,LIBI5,LEVU,L,,,NA,,,S,,0
SMA-11-01,TOKA,TOKA-137,7/16/2025,16,139,,,,PLLA,10,AICA,L,,,,,,NA,,,S,,0
SMA-11-01,TOKA,TOKA-137,7/16/2025,17,139,,,,MASA,20,LIBI5,AICA,L,,,,,NA,,,S,,0
SMA-11-01,TOKA,TOKA-137,7/16/2025,18,139,,,,LIBI5,30,BETR,AICA,PLLA,MASA,RUUR,L,,NA,,,S,,0
SMA-11-01,TOKA,TOKA-137,7/16/2025,19,139,,,,MASA,25,RUUR,VUBR,L,,,,,NA,,,S,,0
SMA-11-01,TOKA,TOKA-137,7/16/2025,20,139,,,,VUBR,12,MASA,RUUR,L,,,,,NA,,,S,,0
SMA-11-01,TOKA,TOKA-137,7/16/2025,21,139,,,,MASA,30,BRMI2,LIBI5,L,,,,,NA,,,S,,0
SMA-11-01,TOKA,TOKA-137,7/16/2025,22,139,,,,MASA,20,RUUR,LIBI5,VUBR,L,,,,NA,,,S,,0
SMA-11-01,TOKA,TOKA-137,7/16/2025,23,139,BAPI,,,JUNCU,30,RUUR,L,,,,,,NA,,,S,,0
SMA-11-01,TOKA,TOKA-137,7/16/2025,24,139,,,,MASA,20,VUBR,RUUR,L,,,,,NA,,,S,,0
SMA-11-01,TOKA,TOKA-137,7/16/2025,25,139,,,,SYCH4,40,VUBR,MASA,L,,,,,NA,,,S,,0
SMA-11-01,TOKA,TOKA-137,7/16/2025,26,139,,,,ACMI2,60,RUUR,2GA,L,,,,,NA,,,S,,0
SMA-11-01,TOKA,TOKA-137,7/16/2025,27,139,,,,BRCA5,20,RUUR,ACMI2,L,,,,,NA,,,S,,0
SMA-11-01,TOKA,TOKA-137,7/16/2025,28,139,TODI,RUUR,,2GA,10,L,,,,,,,NA,,,S,,0
SMA-11-01,TOKA,TOKA-137,7/16/2025,29,139,RUUR,,,BRCA5,10,L,,,,,,,NA,,,S,,0
SMA-11-01,TOKA,TOKA-137,7/16/2025,30,139,TODI,,,BRCA5,30,RUUR,L,,,,,,NA,,,S,,0
SMA-11-01,TOKA,TOKA-137,7/16/2025,31,139,RUUR,,,NOPLANT,NA,L,,,,,,,NA,,,S,,0
SMA-11-01,TOKA,TOKA-137,7/16/2025,32,139,RUUR,,,NOPLANT,NA,L,,,,,,,NA,,,S,,0
SMA-11-01,TOKA,TOKA-137,7/16/2025,33,139,,,,SYCH4,50,VUBR,BRCA5,L,,,,,NA,,,S,,0
SMA-11-01,TOKA,TOKA-137,7/16/2025,34,139,,,,BRCA5,40,L,,,,,,,NA,,,S,,0
SMA-11-01,TOKA,TOKA-137,7/16/2025,35,139,,,,BRCA5,30,PLLA,L,,,,,,NA,,,S,,0
SMA-11-01,TOKA,TOKA-137,7/16/2025,36,139,,,,BRCA5,30,VUBR,RUUR,MASA,L,,,,NA,,,S,,0
SMA-11-01,TOKA,TOKA-137,7/16/2025,37,139,RUUR,BAPI,,NOPLANT,NA,L,,,,,,,NA,,,S,,0
SMA-11-01,TOKA,TOKA-137,7/16/2025,38,139,RUUR,,,NOPLANT,NA,L,,,,,,,NA,,,S,,0
SMA-11-01,TOKA,TOKA-137,7/16/2025,39,139,RUUR,BAPI,,NOPLANT,NA,L,,,,,,,NA,,,S,,0
SMA-11-01,TOKA,TOKA-137,7/16/2025,40,139,RUUR,,,NOPLANT,NA,L,,,,,,,NA,,,S,,0
SMA-11-01,TOKA,TOKA-137,7/16/2025,41,139,,,,PHAQ,25,LOPEM2,PHAQ,L,,,,,NA,,,S,2,0
SMA-11-01,TOKA,TOKA-137,7/16/2025,42,139,,,,BRCA5,30,MASA,PHAQ,L,,,,,NA,,,S,,0
SMA-11-01,TOKA,TOKA-137,7/16/2025,43,139,,,,BRCA5,100,PHAQ,MASA,L,,,,,NA,,,S,,0
SMA-11-01,TOKA,TOKA-137,7/16/2025,44,139,,,,BRCA5,100,PHAQ,L,,,,,,NA,,,S,,0
SMA-11-01,TOKA,TOKA-137,7/16/2025,45,139,,,,PHAQ,30,L,,,,,,,NA,,,S,,0
SMA-11-01,TOKA,TOKA-137,7/16/2025,46,139,,,,BRDI2,20,LIBI5,L,,,,,,NA,,,S,,0
SMA-11-01,TOKA,TOKA-137,7/16/2025,47,139,,,,PHAQ,10,TRAN6,LIBI5,L,,,,,NA,,,S,,0
SMA-11-01,TOKA,TOKA-137,7/16/2025,48,139,,,,PHAQ,10,L,,,,,,,NA,,,S,,0
SMA-11-01,TOKA,TOKA-137,7/16/2025,49,139,,,,NOPLANT,NA,L,,,,,,,NA,,,S,,0
SMA-11-01,TOKA,TOKA-137,7/16/2025,50,139,,,,LOPEM2,10,CYEC,L,,,,,,NA,,,S,,0
SMA-11-01,TOKA,TOKA-170,5/12/2025,1,105,,,,AVBA,24,VIVI,TRCA5,2GA,L,,,,NA,,,S,3,0
SMA-11-01,TOKA,TOKA-170,5/12/2025,2,105,,,,CRVET,34,VIVI,BRDI2,PLLA,HYPOC,L,,,NA,,,S,,0
SMA-11-01,TOKA,TOKA-170,5/12/2025,3,105,,,,HYPOC,44,AVBA,BRHO2,VIVI,BETR,CRVET,,,NA,,,S,,0
SMA-11-01,TOKA,TOKA-170,5/12/2025,4,105,,,,AVBA,14,BRDI2,CYEC,,,,,,NA,,,S,,0
SMA-11-01,TOKA,TOKA-170,5/12/2025,5,105,,,,CYEC,15,MASA,LIBI5,BRHO2,ANAR,,,,NA,,,S,,0
SMA-11-01,TOKA,TOKA-170,5/12/2025,6,105,,,,PLLA,30,BRHO2,MASA,HYPOC,L,,,,NA,,,S,,0
SMA-11-01,TOKA,TOKA-170,5/12/2025,7,105,,,,BRHO2,35,BRDI2,MASA,2GA,L,,,,NA,,,S,3,0
SMA-11-01,TOKA,TOKA-170,5/12/2025,8,105,,,,VIVI,45,2FA,BRHO2,BRDI2,MASA,L,,,NA,,,S,1,0
SMA-11-01,TOKA,TOKA-170,5/12/2025,9,105,,,,BRHO2,9,,TRSU3,L,,,,,NA,,,S,,0
SMA-11-01,TOKA,TOKA-170,5/12/2025,10,105,,,,CRVET,30,PLLA,BRHO2,TRCA5,TRHI4,HYPOC,L,,NA,,,S,,0
SMA-11-01,TOKA,TOKA-170,5/12/2025,11,105,,,,LOPEM2,9,CRVET,BRHO2,SHAR2,L,,,,NA,,,S,,0
SMA-11-01,TOKA,TOKA-170,5/12/2025,12,105,,,,BRDI2,20,TOAR,BETR,SHAR2,BRHO2,MASA,,,NA,,,S,,0
SMA-11-01,TOKA,TOKA-170,5/12/2025,13,105,,,,BRDI2,34,LUFO2,AVBA,TRAN6,SHAR2,BRDI2,,,NA,,,S,,0
SMA-11-01,TOKA,TOKA-170,5/12/2025,14,105,,,,AVBA,15,BRHO2,BRDI2,MASA,SHAR2,L,,,NA,,,S,,0
SMA-11-01,TOKA,TOKA-170,5/12/2025,15,105,,,,LUFO2,29,BRHO2,LOPEM2,HYPOC,GEDI,2GA,L,,NA,,,S,5,0
SMA-11-01,TOKA,TOKA-170,5/12/2025,16,105,,,,LOPEM2,44,GEDI,BRHO2,SHAR2,L,,,,NA,,,S,,0
SMA-11-01,TOKA,TOKA-170,5/12/2025,17,105,,,,ANAR,10,LIBI5,,,,,,,NA,,,S,,0
SMA-11-01,TOKA,TOKA-170,5/12/2025,18,105,,,,2FA,40,LUFO2,BRDI2,GEDI,MASA,,,,NA,,,S,,1
SMA-11-01,TOKA,TOKA-170,5/12/2025,19,105,,,,BRDI2,30,LOPEM2,SHAR2,CRVET,L,,,,NA,,,S,,0
SMA-11-01,TOKA,TOKA-170,5/12/2025,20,105,,,,AVBA,55,MASA,GEDI,ANAR,BRDI2,,,,NA,,,S,,0
SMA-11-01,TOKA,TOKA-170,5/12/2025,21,105,,,,2FA,40,AVBA,LUFO2,BRHO2,2GA,PLLA,,,NA,,,S,4,1
SMA-11-01,TOKA,TOKA-170,5/12/2025,22,105,BAPI,,,MASA,15,BRHO2,SHAR2,LUFO2,L,,,,NA,,,S,,0
SMA-11-01,TOKA,TOKA-170,5/12/2025,23,105,,,,BRDI3,70,BAPI,BRHO2,HYPOC,BRDI2,L,,,NA,,,S,,0
SMA-11-01,TOKA,TOKA-170,5/12/2025,24,105,BAPI,,,BRDI2,40,GEDI,VIVI,L,,,,,NA,,,S,,0
SMA-11-01,TOKA,TOKA-170,5/12/2025,25,105,BAPI,,,BRDI2,10,L,,,,,,,NA,,,S,,0
SMA-11-01,TOKA,TOKA-170,5/12/2025,26,105,BAPI,,,DAGL,50,L,,,,,,,NA,,,S,,0
SMA-11-01,TOKA,TOKA-170,5/12/2025,27,105,,,,BRHO2,45,VUBR,L,,,,,,NA,,,S,,0
SMA-11-01,TOKA,TOKA-170,5/12/2025,28,105,,,,AVBA,55,MASA,BRDI2,L,,,,,NA,,,S,,0
SMA-11-01,TOKA,TOKA-170,5/12/2025,29,105,,,,LUFO2,22,BRDI2,ANAR,MASA,,,,,NA,,,S,,0
SMA-11-01,TOKA,TOKA-170,5/12/2025,30,105,,,,VITE,21,ANAR,L,,,,,,NA,,,S,,0
SMA-11-01,TOKA,TOKA-170,5/12/2025,31,105,,,,NOPLANT,NA,,,,,,,,NA,,,S,,0
SMA-11-01,TOKA,TOKA-170,5/12/2025,32,105,,,,LUFO2,20,VUBR,L,,,,,,NA,,,S,,0
SMA-11-01,TOKA,TOKA-170,5/12/2025,33,105,BAPI,,,NOPLANT,NA,L,,,,,,,NA,,,S,,0
SMA-11-01,TOKA,TOKA-170,5/12/2025,34,105,BAPI,RUUR,,NOPLANT,NA,L,,,,,,,NA,,,S,,0
SMA-11-01,TOKA,TOKA-170,5/12/2025,35,105,BAPI,RUUR,,NOPLANT,NA,L,,,,,,,NA,,,S,,0
SMA-11-01,TOKA,TOKA-170,5/12/2025,36,105,BAPI,RUUR,,NOPLANT,NA,L,,,,,,,NA,,,S,,0
SMA-11-01,TOKA,TOKA-170,5/12/2025,37,105,BAPI,RUUR,,NOPLANT,NA,L,,,,,,,NA,,,S,,0
SMA-11-01,TOKA,TOKA-170,5/12/2025,38,105,BAPI,RUUR,,NOPLANT,NA,L,,,,,,,NA,,,S,,0
SMA-11-01,TOKA,TOKA-170,5/12/2025,39,105,BAPI,RUUR,,NOPLANT,NA,L,,,,,,,NA,,,S,,0
SMA-11-01,TOKA,TOKA-170,5/12/2025,40,105,BAPI,RUUR,,NOPLANT,NA,L,,,,,,,NA,,,S,,0
SMA-11-01,TOKA,TOKA-170,5/12/2025,41,105,BAPI,RUUR,,NOPLANT,NA,L,,,,,,,NA,,,S,,0
SMA-11-01,TOKA,TOKA-170,5/12/2025,42,105,BAPI,RUUR,,NOPLANT,NA,L,,,,,,,NA,,,S,,0
SMA-11-01,TOKA,TOKA-170,5/12/2025,43,105,BAPI,RUUR,,NOPLANT,NA,L,,,,,,,NA,,,S,,0
SMA-11-01,TOKA,TOKA-170,5/12/2025,44,105,BAPI,RUUR,,NOPLANT,NA,L,,,,,,,NA,,,S,,0
SMA-11-01,TOKA,TOKA-170,5/12/2025,45,105,BAPI,RUUR,,NOPLANT,NA,L,,,,,,,NA,,,S,,0
SMA-11-01,TOKA,TOKA-170,5/12/2025,46,105,BAPI,RUUR,,NOPLANT,NA,L,,,,,,,NA,,,S,,0
SMA-11-01,TOKA,TOKA-170,5/12/2025,47,105,BAPI,RUUR,,NOPLANT,NA,L,,,,,,,NA,,,S,,0
SMA-11-01,TOKA,TOKA-170,5/12/2025,48,105,BAPI,RUUR,,NOPLANT,NA,L,,,,,,,NA,,,S,,0
SMA-11-01,TOKA,TOKA-170,5/12/2025,49,105,BAPI,RUUR,,NOPLANT,NA,L,,,,,,,NA,,,S,,0
SMA-11-01,TOKA,TOKA-170,5/12/2025,50,105,BAPI,RUUR,,NOPLANT,NA,L,,,,,,,NA,,,S,,0
SMA-11-01,TOKA,TOKA-170,5/12/2025,1,285,,,,BRHO2,31,BRDI2,LIBI5,TRAN6,SHAR2,TRCA5,,,NA,,,S,,0
SMA-11-01,TOKA,TOKA-170,5/12/2025,2,285,,,,CRVET,20,BRHO2,PLLA,BRDI2,,,,,NA,,,S,,0
SMA-11-01,TOKA,TOKA-170,5/12/2025,3,285,,,,CYEC,7,LUFO2,GEDI,,,,,,NA,,,S,,0
SMA-11-01,TOKA,TOKA-170,5/12/2025,4,285,,,,AVBA,24,PLLA,BRDI2,L,,,,,NA,,,S,,0
SMA-11-01,TOKA,TOKA-170,5/12/2025,5,285,,,,CYEC,44,TRCA5,BRDI2,ANAR,L,,,,NA,,,S,,1
SMA-11-01,TOKA,TOKA-170,5/12/2025,6,285,,,,LAAN3,21,BRDI2,PLLA,L,,,,,NA,,,S,,0
SMA-11-01,TOKA,TOKA-170,5/12/2025,7,285,,,,BETR,21,AVBA,HYPOC,MASA,,,,,NA,,,S,,0
SMA-11-01,TOKA,TOKA-170,5/12/2025,8,285,,,,CYEC,23,BRHO2,BRDI2,HYPOC,CRVET,L,,,NA,,,S,,1
SMA-11-01,TOKA,TOKA-170,5/12/2025,9,285,,,,AVBA,41,PLLA,,,,,,,NA,,,S,,0
SMA-11-01,TOKA,TOKA-170,5/12/2025,10,285,,,,TRCA5,15,BRDI2,2GA,,,,,,NA,,,S,2,0
SMA-11-01,TOKA,TOKA-170,5/12/2025,11,285,,,,BRHO2,25,CRVET,2GA,,,,,,NA,,,S,2,0
SMA-11-01,TOKA,TOKA-170,5/12/2025,12,285,,,,PLLA,10,HYPOC,2GA,L,,,,,NA,,,S,2,0
SMA-11-01,TOKA,TOKA-170,5/12/2025,13,285,,,,PLLA,34,BRDI2,MASA,TRCA5,,,,,NA,,,S,,0
SMA-11-01,TOKA,TOKA-170,5/12/2025,14,285,BAPI,,,BRHO2,14,VUBR,PLLA,L,,,,,NA,,,S,,0
SMA-11-01,TOKA,TOKA-170,5/12/2025,15,285,BAPI,,,BRHO2,20,VIVI,L,,,,,,NA,,,S,,0
SMA-11-01,TOKA,TOKA-170,5/12/2025,16,285,BAPI,,,BRHO2,10,2GA,L,,,,,,NA,,,S,1,0
SMA-11-01,TOKA,TOKA-170,5/12/2025,17,285,,,,BRDI2,12,HYPOC,BRHO2,LIBI5,L,,,,NA,,,S,,0
SMA-11-01,TOKA,TOKA-170,5/12/2025,18,285,,,,PLLA,10,2GA,BRHO2,TOAR,L,,,,NA,,,S,2,0
SMA-11-01,TOKA,TOKA-170,5/12/2025,19,285,,,,NOPLANT,NA,L,,,,,,,NA,,,S,,0
SMA-11-01,TOKA,TOKA-170,5/12/2025,20,285,,,,LIBI5,10,BRHO2,TRHI4,L,,,,,NA,,,S,,0
SMA-11-01,TOKA,TOKA-170,5/12/2025,21,285,,,,BETR,10,BRHO2,DAPU3,TRCA5,BRDI2,L,,,NA,,,S,,0
SMA-11-01,TOKA,TOKA-170,5/12/2025,22,285,,,,CRVET,21,BRDI2,L,,,,,,NA,,,S,,0
SMA-11-01,TOKA,TOKA-170,5/12/2025,23,285,,,,2GA,10,CRVET,BRDI2,L,,,,,NA,,,S,,1
SMA-11-01,TOKA,TOKA-170,5/12/2025,24,285,,,,CYEC,9,PLLA,BRHO2,L,,,,,NA,,,S,,0
SMA-11-01,TOKA,TOKA-170,5/12/2025,25,285,,,,2GA,30,VUBR,MASA,BRHO2,L,,,,NA,,,S,,0
SMA-11-01,TOKA,TOKA-170,5/12/2025,26,285,,,,2FA,10,BRDI2,BRDI2,L,,,,,NA,,,S,2,1
SMA-11-01,TOKA,TOKA-170,5/12/2025,27,285,,,,BRDI2,10,PLLA,L,,,,,,NA,,,S,,0
SMA-11-01,TOKA,TOKA-170,5/12/2025,28,285,,,,BETR,25,PLLA,BRMI2,L,,,,,NA,,,S,,0
SMA-11-01,TOKA,TOKA-170,5/12/2025,29,285,,,,PLLA,10,BRDI2,L,,,,,,NA,,,S,,0
SMA-11-01,TOKA,TOKA-170,5/12/2025,30,285,,,,DAGL,15,HYRA3,L,,,,,,NA,,,S,,0
SMA-11-01,TOKA,TOKA-170,5/12/2025,31,285,,,,CYEC,12,,,,,,,,NA,,,AM,,0
SMA-11-01,TOKA,TOKA-170,5/12/2025,32,285,,,,BRDI2,12,L,,,,,,,NA,,,S,,0
SMA-11-01,TOKA,TOKA-170,5/12/2025,33,285,,,,AVBA,30,PLLA,MASA,BRDI2,,,,,NA,,,S,,0
SMA-11-01,TOKA,TOKA-170,5/12/2025,34,285,,,,BRHO2,20,BRDI2,HYRA3,,,,,,NA,,,S,,0
SMA-11-01,TOKA,TOKA-170,5/12/2025,35,285,BAPI,,,CYEC,25,L,,,,,,,NA,,,S,,0
SMA-11-01,TOKA,TOKA-170,5/12/2025,36,285,BAPI,,,BRHO2,18,SACR2,GEDI,L,,,,,NA,,,S,,0
SMA-11-01,TOKA,TOKA-170,5/12/2025,37,285,,,,BRHO2,20,HYGL2,L,,,,,,NA,,,S,,0
SMA-11-01,TOKA,TOKA-170,5/12/2025,38,285,,,,BRHO2,20,HYRA3,,,,,,,NA,,,S,,0
SMA-11-01,TOKA,TOKA-170,5/12/2025,39,285,,,,BRDI2,10,TRHI4,HYRA3,CYEC,,,,,NA,,,S,,0
SMA-11-01,TOKA,TOKA-170,5/12/2025,40,285,,,,NOPLANT,NA,L,,,,,,,NA,,,S,,0
SMA-11-01,TOKA,TOKA-170,5/12/2025,41,285,,,,CRVET,5,GEDI,L,,,,,,NA,,,S,,0
SMA-11-01,TOKA,TOKA-170,5/12/2025,42,285,,,,MASA,7,CRVET,,,,,,,NA,,,S,,0
SMA-11-01,TOKA,TOKA-170,5/12/2025,43,285,,,,MASA,12,TACA5,LOPEM2,L,,,,,NA,,,S,,0
SMA-11-01,TOKA,TOKA-170,5/12/2025,44,285,,,,PHAQ,22,BRMI2,MASA,TRHI4,L,,,,NA,,,S,,0
SMA-11-01,TOKA,TOKA-170,5/12/2025,45,285,,,,PHAQ,30,LOPEM2,PHAQ,,,,,,NA,,,S,2,0
SMA-11-01,TOKA,TOKA-170,5/12/2025,46,285,,,,LOPEM2,28,WL,,,,,,,NA,,,S,,0
SMA-11-01,TOKA,TOKA-170,5/12/2025,47,285,,,,LOPEM2,20,VITE,CRVET,L,,,,,NA,,,S,,0
SMA-11-01,TOKA,TOKA-170,5/12/2025,48,285,,,,TRDU2,12,BRDI2,BRDI2,,,,,,NA,,,S,2,0
SMA-11-01,TOKA,TOKA-170,5/12/2025,49,285,,,,CYEC,24,VISA,MASA,BRDI2,,,,,NA,,,S,,0
SMA-11-01,TOKA,TOKA-170,5/12/2025,50,285,,,,PLLA,8,L,,,,,,,NA,,,S,,0
SMA-11-01,TOKA,TOKA-FNR,5/13/2025,1,50,,,,PHAQ,35,VUBR,,,,,,,NA,,,S,,0
SMA-11-01,TOKA,TOKA-FNR,5/13/2025,2,50,,,,HOBR2,20,PHAQ,VUBR,L,,,,,NA,,,S,,0
SMA-11-01,TOKA,TOKA-FNR,5/13/2025,3,50,,,,RUCR,20,PHAQ,,,,,,,NA,,,S,,0
SMA-11-01,TOKA,TOKA-FNR,5/13/2025,4,50,,,,PHAQ,40,VUBR,,,,,,,NA,,,S,,0
SMA-11-01,TOKA,TOKA-FNR,5/13/2025,5,50,,,,PHAQ,45,LOPEM2,PHAQ,,,,,,NA,,,S,2,0
SMA-11-01,TOKA,TOKA-FNR,5/13/2025,6,50,,,,LOPEM2,10,VUBR,GEDI,L,,,,,NA,,,S,,0
SMA-11-01,TOKA,TOKA-FNR,5/13/2025,7,50,,,,LOPEM2,15,GEDI,PHAQ,PHAQ,L,,,,NA,,,S,3,0
SMA-11-01,TOKA,TOKA-FNR,5/13/2025,8,50,,,,LOPEM2,25,PHAQ,VUBR,L,,,,,NA,,,S,,0
SMA-11-01,TOKA,TOKA-FNR,5/13/2025,9,50,,,,PHAQ,25,,,,,,,,NA,,,S,,0
SMA-11-01,TOKA,TOKA-FNR,5/13/2025,10,50,,,,PHAQ,50,SCAR7,PHAQ,,,,,,NA,,,S,2,0
SMA-11-01,TOKA,TOKA-FNR,5/13/2025,11,50,,,,SCAR7,15,PHAQ,,,,,,,NA,,,S,1,0
SMA-11-01,TOKA,TOKA-FNR,5/13/2025,12,50,,,,PHAQ,50,PHAQ,,,,,,,NA,,,S,1,0
SMA-11-01,TOKA,TOKA-FNR,5/13/2025,13,50,,,,PHAQ,45,BRHO2,VUBR,PHAQ,,,,,NA,,,S,3,0
SMA-11-01,TOKA,TOKA-FNR,5/13/2025,14,50,,,,SCAR7,120,BRHO2,L,,,,,,NA,,,S,,0
SMA-11-01,TOKA,TOKA-FNR,5/13/2025,15,50,,,,BRHO2,30,LOPEM2,SCAR7,2GA,,,,,NA,,,S,3,0
SMA-11-01,TOKA,TOKA-FNR,5/13/2025,16,50,,,,HOMA2,40,LOPEM2,VISA,2GA,,,,,NA,,,S,3,0
SMA-11-01,TOKA,TOKA-FNR,5/13/2025,17,50,,,,PHAQ,45,HOMA2,HOBR2,BRHO2,PHAQ,,,,NA,,,S,4,0
SMA-11-01,TOKA,TOKA-FNR,5/13/2025,18,50,,,,VITE,25,PHAQ,PHAQ,,,,,,NA,,,S,2,0
SMA-11-01,TOKA,TOKA-FNR,5/13/2025,19,50,,,,PHAQ,55,LOPEM2,GEDI,VUBR,2GA,,,,NA,,,S,4,0
SMA-11-01,TOKA,TOKA-FNR,5/13/2025,20,50,,,,VUBR,52,PHAQ,HOMA2,BRHO2,LOPEM2,PHAQ,,,NA,,,S,5,0
SMA-11-01,TOKA,TOKA-FNR,5/13/2025,21,50,,,,PHAQ,50,VISA,LOPEM2,HOMA2,L,,,,NA,,,S,,0
SMA-11-01,TOKA,TOKA-FNR,5/13/2025,22,50,,,,PHAQ,45,VUBR,HOMA2,2GA,,,,,NA,,,S,3,0
SMA-11-01,TOKA,TOKA-FNR,5/13/2025,23,50,,,,LOPEM2,30,2GA,,,,,,,NA,,,S,1,0
SMA-11-01,TOKA,TOKA-FNR,5/13/2025,24,50,,,,HOMA2,10,LOCO6,2GA,,,,,,NA,,,S,2,0
SMA-11-01,TOKA,TOKA-FNR,5/13/2025,25,50,,,,LOPEM2,35,HOMA2,LOCO6,,,,,,NA,,,S,,0
SMA-11-01,TOKA,TOKA-FNR,5/13/2025,26,50,,,,PHAQ,55,LOCO6,PHAQ,L,,,,,NA,,,S,,0
SMA-11-01,TOKA,TOKA-FNR,5/13/2025,27,50,,,,PHAQ,25,BRCA5,L,,,,,,NA,,,S,,0
SMA-11-01,TOKA,TOKA-FNR,5/13/2025,28,50,,,,PHAQ,60,DAGL,BRCA5,L,,,,,NA,,,S,,0
SMA-11-01,TOKA,TOKA-FNR,5/13/2025,29,50,,,,PHAQ,45,BRHO2,PHAQ,L,,,,,NA,,,S,2,0
SMA-11-01,TOKA,TOKA-FNR,5/13/2025,30,50,,,,PHAQ,60,VUBR,PHAQ,L,,,,,NA,,,S,,1
SMA-11-01,TOKA,TOKA-FNR,5/13/2025,31,50,,,,BRHO2,30,PHAQ,PHAQ,,,,,,NA,,,S,1,0
SMA-11-01,TOKA,TOKA-FNR,5/13/2025,32,50,,,,DAGL,30,DAGL,PHAQ,L,,,,,NA,,,S,,1
SMA-11-01,TOKA,TOKA-FNR,5/13/2025,33,50,,,,PHAQ,35,HOMA2,GEDI,VISA,VUBR,L,,,NA,,,S,,1
SMA-11-01,TOKA,TOKA-FNR,5/13/2025,34,50,,,,PHAQ,10,BRHO2,PHAQ,L,,,,,NA,,,S,2,0
SMA-11-01,TOKA,TOKA-FNR,5/13/2025,35,50,,,,PHAQ,30,LOPEM2,BRHO2,GEDI,,,,,NA,,,S,,0
SMA-11-01,TOKA,TOKA-FNR,5/13/2025,36,50,,,,LOPEM2,20,BRHO2,PHAQ,PHAQ,,,,,NA,,,S,3,0
SMA-11-01,TOKA,TOKA-FNR,5/13/2025,37,50,,,,PHAQ,10,GEDI,VUBR,2GA,L,,,,NA,,,S,3,0
SMA-11-01,TOKA,TOKA-FNR,5/13/2025,38,50,,,,AVBA,55,LOPEM2,VUBR,BRHO2,GEDI,LOCO6,L,,NA,,,S,,0
SMA-11-01,TOKA,TOKA-FNR,5/13/2025,39,50,,,,PHAQ,45,BRCA5,PHAQ,L,,,,,NA,,,S,,0
SMA-11-01,TOKA,TOKA-FNR,5/13/2025,40,50,,,,BRCA5,45,PHAQ,BRHO2,,,,,,NA,,,S,,0
SMA-11-01,TOKA,TOKA-FNR,5/13/2025,41,50,,,,SCAR7,10,LOPEM2,VUBR,L,,,,,NA,,,S,,0
SMA-11-01,TOKA,TOKA-FNR,5/13/2025,42,50,,,,VUBR,20,SCAR7,PHAQ,GEDI,,,,,NA,,,S,,0
SMA-11-01,TOKA,TOKA-FNR,5/13/2025,43,50,,,,PHAQ,10,BRHO2,PHAQ,VUBR,L,,,,NA,,,S,2,0
SMA-11-01,TOKA,TOKA-FNR,5/13/2025,44,50,,,,PHAQ,55,PHAQ,L,,,,,,NA,,,S,1,0
SMA-11-01,TOKA,TOKA-FNR,5/13/2025,45,50,,,,PHAQ,40,PHAQ,,,,,,,NA,,,S,,0
SMA-11-01,TOKA,TOKA-FNR,5/13/2025,46,50,,,,PHAQ,50,,,,,,,,NA,,,S,,0
SMA-11-01,TOKA,TOKA-FNR,5/13/2025,47,50,,,,PHAQ,45,AVBA,GEDI,PHAQ,L,,,,NA,,,S,3,0
SMA-11-01,TOKA,TOKA-FNR,5/13/2025,48,50,,,,PHAQ,65,PHAQ,BRHO2,L,,,,,NA,,,S,1,0
SMA-11-01,TOKA,TOKA-FNR,5/13/2025,49,50,,,,AVBA,45,VUBR,PHAQ,PHAQ,L,,,,NA,,,S,3,0
SMA-11-01,TOKA,TOKA-FNR,5/13/2025,50,50,,,,PHAQ,40,VUBR,BRHO2,,,,,,NA,,,S,,0
SMA-11-01,TOKA,TOKA-FNR,5/13/2025,1,230,,,,HOBR2,10,PHAQ,,,,,,,NA,,,S,,0
SMA-11-01,TOKA,TOKA-FNR,5/13/2025,2,230,,,,PHAQ,20,HOBR2,L,,,,,,NA,,,S,,0
SMA-11-01,TOKA,TOKA-FNR,5/13/2025,3,230,,,,HOBR2,45,PHAQ,VUBR,LOPEM2,L,,,,NA,,,S,,0
SMA-11-01,TOKA,TOKA-FNR,5/13/2025,4,230,,,,LOPEM2,41,HOBR2,SCAR7,L,,,,,NA,,,S,,0
SMA-11-01,TOKA,TOKA-FNR,5/13/2025,5,230,,,,SCAR7,30,HOBR2,,,,,,,NA,,,S,,0
SMA-11-01,TOKA,TOKA-FNR,5/13/2025,6,230,,,,LOPEM2,10,SCAR7,L,,,,,,NA,,,S,,0
SMA-11-01,TOKA,TOKA-FNR,5/13/2025,7,230,,,,SCAR7,35,LOPEM2,HOBR2,L,,,,,NA,,,S,,0
SMA-11-01,TOKA,TOKA-FNR,5/13/2025,8,230,,,,LOPEM2,40,,,,,,,,NA,,,S,,0
SMA-11-01,TOKA,TOKA-FNR,5/13/2025,9,230,,,,LOPEM2,12,SCAR7,HOBR2,,,,,,NA,,,S,,0
SMA-11-01,TOKA,TOKA-FNR,5/13/2025,10,230,,,,SCAR7,45,LOPEM2,,,,,,,NA,,,S,,0
SMA-11-01,TOKA,TOKA-FNR,5/13/2025,11,230,,,,SCAR7,60,LOPEM2,,,,,,,NA,,,S,,0
SMA-11-01,TOKA,TOKA-FNR,5/13/2025,12,230,,,,SCAR7,30,LOPEM2,L,,,,,,NA,,,S,,0
SMA-11-01,TOKA,TOKA-FNR,5/13/2025,13,230,,,,LOPEM2,24,PHAQ,L,,,,,,NA,,,S,,0
SMA-11-01,TOKA,TOKA-FNR,5/13/2025,14,230,,,,SCAR7,10,DAGL,L,,,,,,NA,,,S,,0
SMA-11-01,TOKA,TOKA-FNR,5/13/2025,15,230,,,,SCAR7,15,BRHO2,HOMA2,L,,,,,NA,,,S,,0
SMA-11-01,TOKA,TOKA-FNR,5/13/2025,16,230,,,,PHAQ,45,PHAQ,L,,,,,,NA,,,S,1,0
SMA-11-01,TOKA,TOKA-FNR,5/13/2025,17,230,,,,HOBR2,15,PHAQ,,,,,,,NA,,,S,,0
SMA-11-01,TOKA,TOKA-FNR,5/13/2025,18,230,,,,PHAQ,20,HOBR2,L,,,,,,NA,,,S,,0
SMA-11-01,TOKA,TOKA-FNR,5/13/2025,19,230,,,,PHAQ,30,HOBR2,LOPEM2,PHAQ,,,,,NA,,,S,3,0
SMA-11-01,TOKA,TOKA-FNR,5/13/2025,20,230,,,,PHAQ,20,BRCA5,2GP,,,,,,NA,,,S,2,0
SMA-11-01,TOKA,TOKA-FNR,5/13/2025,21,230,,,,HOBR2,19,LOPEM2,L,,,,,,NA,,,S,,0
SMA-11-01,TOKA,TOKA-FNR,5/13/2025,22,230,,,,PHAQ,30,HOBR2,PHAQ,L,,,,,NA,,,S,2,0
SMA-11-01,TOKA,TOKA-FNR,5/13/2025,23,230,,,,HOBR2,25,LOPEM2,PHAQ,L,,,,,NA,,,S,2,0
SMA-11-01,TOKA,TOKA-FNR,5/13/2025,24,230,,,,HOBR2,10,LOPEM2,L,,,,,,NA,,,S,,0
SMA-11-01,TOKA,TOKA-FNR,5/13/2025,25,230,,,,SCAR7,50,LOCO6,L,,,,,,NA,,,S,,0
SMA-11-01,TOKA,TOKA-FNR,5/13/2025,26,230,,,,PHAQ,35,HOBR2,LOPEM2,PHAQ,,,,,NA,,,S,3,0
SMA-11-01,TOKA,TOKA-FNR,5/13/2025,27,230,,,,PHAQ,50,LOPEM2,PHAQ,L,,,,,NA,,,S,2,0
SMA-11-01,TOKA,TOKA-FNR,5/13/2025,28,230,,,,BRHO2,50,DAGL,L,,,,,,NA,,,S,,0
SMA-11-01,TOKA,TOKA-FNR,5/13/2025,29,230,,,,PHAQ,10,L,,,,,,,NA,,,S,,0
SMA-11-01,TOKA,TOKA-FNR,5/13/2025,30,230,,,,PHAQ,15,LOPEM2,L,,,,,,NA,,,S,,0
SMA-11-01,TOKA,TOKA-FNR,5/13/2025,31,230,,,,PHAQ,40,LOPEM2,PHAQ,L,,,,,NA,,,S,2,0
SMA-11-01,TOKA,TOKA-FNR,5/13/2025,32,230,,,,PHAQ,12,LOPEM2,BRHO2,PHAQ,,,,,NA,,,S,3,0
SMA-11-01,TOKA,TOKA-FNR,5/13/2025,33,230,,,,DAGL,30,LOPEM2,COAR4,L,,,,,NA,,,S,,0
SMA-11-01,TOKA,TOKA-FNR,5/13/2025,34,230,,,,DAGL,35,LOPEM2,DAGL,L,,,,,NA,,,S,2,0
SMA-11-01,TOKA,TOKA-FNR,5/13/2025,35,230,,,,LOPEM2,5,L,,,,,,,NA,,,S,,0
SMA-11-01,TOKA,TOKA-FNR,5/13/2025,36,230,,,,PHAQ,7,PHAQ,,,,,,,NA,,,S,1,0
SMA-11-01,TOKA,TOKA-FNR,5/13/2025,37,230,,,,PHAQ,30,GEDI,,,,,,,NA,,,S,,0
SMA-11-01,TOKA,TOKA-FNR,5/13/2025,38,230,,,,BRHO2,10,VUBR,PHAQ,,,,,,NA,,,S,,0
SMA-11-01,TOKA,TOKA-FNR,5/13/2025,39,230,,,,SCAR7,30,,,,,,,,NA,,,S,,0
SMA-11-01,TOKA,TOKA-FNR,5/13/2025,40,230,,,,SCAR7,10,VUBR,L,,,,,,NA,,,S,,0
SMA-11-01,TOKA,TOKA-FNR,5/13/2025,41,230,,,,PHAQ,30,VUBR,,,,,,,NA,,,S,,0
SMA-11-01,TOKA,TOKA-FNR,5/13/2025,42,230,,,,VUBR,45,BRHO2,LOPEM2,LOCO6,,,,,NA,,,S,,0
SMA-11-01,TOKA,TOKA-FNR,5/13/2025,43,230,,,,LOPEM2,24,VUBR,PHAQ,,,,,,NA,,,S,,0
SMA-11-01,TOKA,TOKA-FNR,5/13/2025,44,230,,,,LOPEM2,12,PHAQ,VUBR,LOCO6,L,,,,NA,,,S,,0
SMA-11-01,TOKA,TOKA-FNR,5/13/2025,45,230,,,,AVBA,25,VUBR,LOPEM2,COAR4,L,,,,NA,,,S,,0
SMA-11-01,TOKA,TOKA-FNR,5/13/2025,46,230,,,,PHAQ,12,LOPEM2,PHAQ,L,,,,,NA,,,S,2,0
SMA-11-01,TOKA,TOKA-FNR,5/13/2025,47,230,,,,SCAR7,10,LOCO6,COAR4,L,,,,,NA,,,S,,0
SMA-11-01,TOKA,TOKA-FNR,5/13/2025,48,230,,,,PIEC,12,PHAQ,LOPEM2,L,,,,,NA,,,S,,0
SMA-11-01,TOKA,TOKA-FNR,5/13/2025,49,230,,,,PHAQ,34,COAR4,BRHO2,L,,,,,NA,,,S,,0
SMA-11-01,TOKA,TOKA-FNR,5/13/2025,50,230,,,,PHAQ,24,L,,,,,,,NA,,,S,,0
